identifier,file,REMOTE_NAME,title,description,subject[0],subject[1],subject[2],subject[3],subject[4],subject[5],subject[6],subject[7],subject[8],subject[9],subject[10],subject[11],creator,date,mediatype,language
japan-internal-affairs-848h.114-regulations-governing-bechuanaland-2,"848H.114 Regulations Governing %D0, Bechuanaland, Traffic In Liquors And Habit-Forming Drugs., June 19th, 1942 1356.pdf",,"848H.114 Regulations Governing, Bechuanaland, Traffic In Liquors And Habit-Forming Drugs., June 19th, 1942 (File 1356)","This document is part of the Records Department of State Relating to Internal Affairs of Japan 1930-1949, decimal 894 collection. These are public domain documents from the U.S. State Department from Record Group 59 of the National Archives of the United States.<br /><br />See this for a file index of the collection: <a href=""https://archive.org/details/japan-internal-affairs-1930-1949"">Records Department of State Relating to Internal Affairs of Japan 1930-1949 Decimal 894 - File List</a>",japan,japanese history,us-japan relations,japanese empire,rg59,U.S. State Department,japan-internal-affairs,Bechuanaland,narcotics,liquor,regulations,law,U.S. State Department,1942-06-19,texts,eng
japan-internal-affairs-894.00-japan-political-affairs-17,"894.00 Japan, Political Affairs., August 1, 1931 - July 2, 1934 822-part-1.pdf",,"894.00 Japan, Political Affairs., August 1, 1931 - July 2, 1934 (File 822)","This document is part of the Records Department of State Relating to Internal Affairs of Japan 1930-1949, decimal 894 collection. These are public domain documents from the U.S. State Department from Record Group 59 of the National Archives of the United States.<br /><br />See this for a file index of the collection: <a href=""https://archive.org/details/japan-internal-affairs-1930-1949"">Records Department of State Relating to Internal Affairs of Japan 1930-1949 Decimal 894 - File List</a>",japan,japanese history,us-japan relations,japanese empire,rg59,U.S. State Department,japan-internal-affairs,politics,domestic politics,,,,U.S. State Department,1931-08-01,texts,eng
japan-internal-affairs-894.00-japan-political-affairs-17,"894.00 Japan, Political Affairs., August 1, 1931 - July 2, 1934 822-part-2.pdf",,,,,,,,,,,,,,,,,,,
japan-internal-affairs-894.00-japan-political-affairs-17,"894.00 Japan, Political Affairs., August 1, 1931 - July 2, 1934 822-part-3.pdf",,,,,,,,,,,,,,,,,,,
japan-internal-affairs-894.00-japan-political-affairs-19,"894.00 Japan, Political Affairs., December 12, 1933 - April 11, 1938 1015-part-1.pdf",,"894.00 Japan, Political Affairs., December 12, 1933 - April 11, 1938 (File 1015)","This document is part of the Records Department of State Relating to Internal Affairs of Japan 1930-1949, decimal 894 collection. These are public domain documents from the U.S. State Department from Record Group 59 of the National Archives of the United States.<br /><br />See this for a file index of the collection: <a href=""https://archive.org/details/japan-internal-affairs-1930-1949"">Records Department of State Relating to Internal Affairs of Japan 1930-1949 Decimal 894 - File List</a>",japan,japanese history,us-japan relations,japanese empire,rg59,U.S. State Department,japan-internal-affairs,politics,domestic politics,,,,U.S. State Department,1933-12-12,texts,eng
japan-internal-affairs-894.00-japan-political-affairs-19,"894.00 Japan, Political Affairs., December 12, 1933 - April 11, 1938 1015-part-2.pdf",,,,,,,,,,,,,,,,,,,
japan-internal-affairs-894.00-japan-political-affairs-16,"894.00 Japan, Political Affairs., February 8, 1930 - June 30, 1931 727.pdf",,"894.00 Japan, Political Affairs., February 8, 1930 - June 30, 1931 (File 727)","This document is part of the Records Department of State Relating to Internal Affairs of Japan 1930-1949, decimal 894 collection. These are public domain documents from the U.S. State Department from Record Group 59 of the National Archives of the United States.<br /><br />See this for a file index of the collection: <a href=""https://archive.org/details/japan-internal-affairs-1930-1949"">Records Department of State Relating to Internal Affairs of Japan 1930-1949 Decimal 894 - File List</a>",japan,japanese history,us-japan relations,japanese empire,rg59,U.S. State Department,japan-internal-affairs,politics,domestic politics,,,,U.S. State Department,1930-02-08,texts,eng
japan-internal-affairs-894.00-japan-political-affairs-15,"894.00 Japan, Political Affairs., January 25, 1930 - February 6, 1935 846-part-1.pdf",,"894.00 Japan, Political Affairs., January 25, 1930 - February 6, 1935 (File 846)","This document is part of the Records Department of State Relating to Internal Affairs of Japan 1930-1949, decimal 894 collection. These are public domain documents from the U.S. State Department from Record Group 59 of the National Archives of the United States.<br /><br />See this for a file index of the collection: <a href=""https://archive.org/details/japan-internal-affairs-1930-1949"">Records Department of State Relating to Internal Affairs of Japan 1930-1949 Decimal 894 - File List</a>",japan,japanese history,us-japan relations,japanese empire,rg59,U.S. State Department,japan-internal-affairs,politics,domestic politics,,,,U.S. State Department,1930-01-25,texts,eng
japan-internal-affairs-894.00-japan-political-affairs-15,"894.00 Japan, Political Affairs., January 25, 1930 - February 6, 1935 846-part-2.pdf",,,,,,,,,,,,,,,,,,,
japan-internal-affairs-894.00-japan-political-affairs-23,"894.00 Japan, Political Affairs., January 30, 1940 - February 17, 1941 1247-part-1.pdf",,"894.00 Japan, Political Affairs., January 30, 1940 - February 17, 1941 (File 1247)","This document is part of the Records Department of State Relating to Internal Affairs of Japan 1930-1949, decimal 894 collection. These are public domain documents from the U.S. State Department from Record Group 59 of the National Archives of the United States.<br /><br />See this for a file index of the collection: <a href=""https://archive.org/details/japan-internal-affairs-1930-1949"">Records Department of State Relating to Internal Affairs of Japan 1930-1949 Decimal 894 - File List</a>",japan,japanese history,us-japan relations,japanese empire,rg59,U.S. State Department,japan-internal-affairs,politics,domestic politics,,,,U.S. State Department,1940-01-30,texts,eng
japan-internal-affairs-894.00-japan-political-affairs-23,"894.00 Japan, Political Affairs., January 30, 1940 - February 17, 1941 1247-part-2.pdf",,,,,,,,,,,,,,,,,,,
japan-internal-affairs-894.00-japan-political-affairs-27,"894.00 Japan, Political Affairs., January 6, 1945 - November 25, 1946 1546-part-1.pdf",,"894.00 Japan, Political Affairs., January 6, 1945 - November 25, 1946 (File 1546)","This document is part of the Records Department of State Relating to Internal Affairs of Japan 1930-1949, decimal 894 collection. These are public domain documents from the U.S. State Department from Record Group 59 of the National Archives of the United States.<br /><br />See this for a file index of the collection: <a href=""https://archive.org/details/japan-internal-affairs-1930-1949"">Records Department of State Relating to Internal Affairs of Japan 1930-1949 Decimal 894 - File List</a>",japan,japanese history,us-japan relations,japanese empire,rg59,U.S. State Department,japan-internal-affairs,politics,domestic politics,,,,U.S. State Department,1945-01-06,texts,eng
japan-internal-affairs-894.00-japan-political-affairs-27,"894.00 Japan, Political Affairs., January 6, 1945 - November 25, 1946 1546-part-2.pdf",,,,,,,,,,,,,,,,,,,
japan-internal-affairs-894.00-japan-political-affairs-28,"894.00 Japan, Political Affairs., January 8, 1947 - July 9, 1948 1645-part-1.pdf",,"894.00 Japan, Political Affairs., January 8, 1947 - July 9, 1948 (File 1645)","This document is part of the Records Department of State Relating to Internal Affairs of Japan 1930-1949, decimal 894 collection. These are public domain documents from the U.S. State Department from Record Group 59 of the National Archives of the United States.<br /><br />See this for a file index of the collection: <a href=""https://archive.org/details/japan-internal-affairs-1930-1949"">Records Department of State Relating to Internal Affairs of Japan 1930-1949 Decimal 894 - File List</a>",japan,japanese history,us-japan relations,japanese empire,rg59,U.S. State Department,japan-internal-affairs,politics,domestic politics,,,,U.S. State Department,1947-01-08,texts,eng
japan-internal-affairs-894.00-japan-political-affairs-28,"894.00 Japan, Political Affairs., January 8, 1947 - July 9, 1948 1645-part-2.pdf",,,,,,,,,,,,,,,,,,,
japan-internal-affairs-894.00-japan-political-affairs-29,"894.00 Japan, Political Affairs., July 10, 1948 - June 30, 1949 1737-part-1.pdf",,"894.00 Japan, Political Affairs., July 10, 1948 - June 30, 1949 (File 1737)","This document is part of the Records Department of State Relating to Internal Affairs of Japan 1930-1949, decimal 894 collection. These are public domain documents from the U.S. State Department from Record Group 59 of the National Archives of the United States.<br /><br />See this for a file index of the collection: <a href=""https://archive.org/details/japan-internal-affairs-1930-1949"">Records Department of State Relating to Internal Affairs of Japan 1930-1949 Decimal 894 - File List</a>",japan,japanese history,us-japan relations,japanese empire,rg59,U.S. State Department,japan-internal-affairs,politics,domestic politics,,,,U.S. State Department,1948-07-10,texts,eng
japan-internal-affairs-894.00-japan-political-affairs-29,"894.00 Japan, Political Affairs., July 10, 1948 - June 30, 1949 1737-part-2.pdf",,,,,,,,,,,,,,,,,,,
japan-internal-affairs-894.00-japan-political-affairs-30,"894.00 Japan, Political Affairs., June 23, 1949 - December 29, 1949 1833-part-1.pdf",,"894.00 Japan, Political Affairs., June 23, 1949 - December 29, 1949 (File 1833)","This document is part of the Records Department of State Relating to Internal Affairs of Japan 1930-1949, decimal 894 collection. These are public domain documents from the U.S. State Department from Record Group 59 of the National Archives of the United States.<br /><br />See this for a file index of the collection: <a href=""https://archive.org/details/japan-internal-affairs-1930-1949"">Records Department of State Relating to Internal Affairs of Japan 1930-1949 Decimal 894 - File List</a>",japan,japanese history,us-japan relations,japanese empire,rg59,U.S. State Department,japan-internal-affairs,politics,domestic politics,,,,U.S. State Department,1949-06-23,texts,eng
japan-internal-affairs-894.00-japan-political-affairs-30,"894.00 Japan, Political Affairs., June 23, 1949 - December 29, 1949 1833-part-2.pdf",,,,,,,,,,,,,,,,,,,
japan-internal-affairs-894.00-japan-political-affairs-18,"894.00 Japan, Political Affairs., March 16, 1932 - November 7th, 1939 1146.pdf",,"894.00 Japan, Political Affairs., March 16, 1932 - November 7th, 1939 (File 1146)","This document is part of the Records Department of State Relating to Internal Affairs of Japan 1930-1949, decimal 894 collection. These are public domain documents from the U.S. State Department from Record Group 59 of the National Archives of the United States.<br /><br />See this for a file index of the collection: <a href=""https://archive.org/details/japan-internal-affairs-1930-1949"">Records Department of State Relating to Internal Affairs of Japan 1930-1949 Decimal 894 - File List</a>",japan,japanese history,us-japan relations,japanese empire,rg59,U.S. State Department,japan-internal-affairs,politics,domestic politics,,,,U.S. State Department,1932-03-16,texts,eng
japan-internal-affairs-894.00-japan-political-affairs-22,"894.00 Japan, Political Affairs., March 18, 1938 - December 28, 1939 1169-part-1.pdf",,"894.00 Japan, Political Affairs., March 18, 1938 - December 28, 1939 (File 1169)","This document is part of the Records Department of State Relating to Internal Affairs of Japan 1930-1949, decimal 894 collection. These are public domain documents from the U.S. State Department from Record Group 59 of the National Archives of the United States.<br /><br />See this for a file index of the collection: <a href=""https://archive.org/details/japan-internal-affairs-1930-1949"">Records Department of State Relating to Internal Affairs of Japan 1930-1949 Decimal 894 - File List</a>",japan,japanese history,us-japan relations,japanese empire,rg59,U.S. State Department,japan-internal-affairs,politics,domestic politics,,,,U.S. State Department,1938-03-18,texts,eng
japan-internal-affairs-894.00-japan-political-affairs-22,"894.00 Japan, Political Affairs., March 18, 1938 - December 28, 1939 1169-part-2.pdf",,,,,,,,,,,,,,,,,,,
japan-internal-affairs-894.00-japan-political-affairs-25,"894.00 Japan, Political Affairs., March 24, 1941 - September 23, 1941 1302.pdf",,"894.00 Japan, Political Affairs., March 24, 1941 - September 23, 1941 (File 1302)","This document is part of the Records Department of State Relating to Internal Affairs of Japan 1930-1949, decimal 894 collection. These are public domain documents from the U.S. State Department from Record Group 59 of the National Archives of the United States.<br /><br />See this for a file index of the collection: <a href=""https://archive.org/details/japan-internal-affairs-1930-1949"">Records Department of State Relating to Internal Affairs of Japan 1930-1949 Decimal 894 - File List</a>",japan,japanese history,us-japan relations,japanese empire,rg59,U.S. State Department,japan-internal-affairs,politics,domestic politics,,,,U.S. State Department,1941-03-24,texts,eng
japan-internal-affairs-894.00-japan-political-affairs-21,"894.00 Japan, Political Affairs., May 2, 1935 - March 17, 1938 1006-part-1.pdf",,"894.00 Japan, Political Affairs., May 2, 1935 - March 17, 1938 (File 1006)","This document is part of the Records Department of State Relating to Internal Affairs of Japan 1930-1949, decimal 894 collection. These are public domain documents from the U.S. State Department from Record Group 59 of the National Archives of the United States.<br /><br />See this for a file index of the collection: <a href=""https://archive.org/details/japan-internal-affairs-1930-1949"">Records Department of State Relating to Internal Affairs of Japan 1930-1949 Decimal 894 - File List</a>",japan,japanese history,us-japan relations,japanese empire,rg59,U.S. State Department,japan-internal-affairs,politics,domestic politics,,,,U.S. State Department,1935-05-02,texts,eng
japan-internal-affairs-894.00-japan-political-affairs-21,"894.00 Japan, Political Affairs., May 2, 1935 - March 17, 1938 1006-part-2.pdf",,,,,,,,,,,,,,,,,,,
japan-internal-affairs-894.00-japan-political-affairs-21,"894.00 Japan, Political Affairs., May 2, 1935 - March 17, 1938 1006-part-3.pdf",,,,,,,,,,,,,,,,,,,
japan-internal-affairs-894.00-japan-political-affairs-20,"894.00 Japan, Political Affairs., September 17, 1934 - January 18, 1938 997-part-1.pdf",,"894.00 Japan, Political Affairs., September 17, 1934 - January 18, 1938 (File 997)","This document is part of the Records Department of State Relating to Internal Affairs of Japan 1930-1949, decimal 894 collection. These are public domain documents from the U.S. State Department from Record Group 59 of the National Archives of the United States.<br /><br />See this for a file index of the collection: <a href=""https://archive.org/details/japan-internal-affairs-1930-1949"">Records Department of State Relating to Internal Affairs of Japan 1930-1949 Decimal 894 - File List</a>",japan,japanese history,us-japan relations,japanese empire,rg59,U.S. State Department,japan-internal-affairs,politics,domestic politics,,,,U.S. State Department,1934-09-17,texts,eng
japan-internal-affairs-894.00-japan-political-affairs-20,"894.00 Japan, Political Affairs., September 17, 1934 - January 18, 1938 997-part-2.pdf",,,,,,,,,,,,,,,,,,,
japan-internal-affairs-894.00-japan-political-affairs-24,"894.00 Japan, Political Affairs., September 6, 1940 - October 24, 1942 1367-part-1.pdf",,"894.00 Japan, Political Affairs., September 6, 1940 - October 24, 1942 (File 1367)","This document is part of the Records Department of State Relating to Internal Affairs of Japan 1930-1949, decimal 894 collection. These are public domain documents from the U.S. State Department from Record Group 59 of the National Archives of the United States.<br /><br />See this for a file index of the collection: <a href=""https://archive.org/details/japan-internal-affairs-1930-1949"">Records Department of State Relating to Internal Affairs of Japan 1930-1949 Decimal 894 - File List</a>",japan,japanese history,us-japan relations,japanese empire,rg59,U.S. State Department,japan-internal-affairs,politics,domestic politics,,,,U.S. State Department,1940-09-06,texts,eng
japan-internal-affairs-894.00-japan-political-affairs-24,"894.00 Japan, Political Affairs., September 6, 1940 - October 24, 1942 1367-part-2.pdf",,,,,,,,,,,,,,,,,,,
japan-internal-affairs-894.00-japan-political-affairs-26,"894.00 Japan, Political Affairs., September 9, 1942 - October 3, 1944 1453.pdf",,"894.00 Japan, Political Affairs., September 9, 1942 - October 3, 1944 (File 1453)","This document is part of the Records Department of State Relating to Internal Affairs of Japan 1930-1949, decimal 894 collection. These are public domain documents from the U.S. State Department from Record Group 59 of the National Archives of the United States.<br /><br />See this for a file index of the collection: <a href=""https://archive.org/details/japan-internal-affairs-1930-1949"">Records Department of State Relating to Internal Affairs of Japan 1930-1949 Decimal 894 - File List</a>",japan,japanese history,us-japan relations,japanese empire,rg59,U.S. State Department,japan-internal-affairs,politics,domestic politics,,,,U.S. State Department,1942-09-09,texts,eng
japan-internal-affairs-894.001-political-affairs-japan-5,"894.001 Political Affairs., Japan, Chief Executive. Sovereign. Visits., August 10, 1945 - February 5, 1948 1613.pdf",,"894.001 Political Affairs., Japan, Chief Executive. Sovereign. Visits., August 10, 1945 - February 5, 1948 (File 1613)","This document is part of the Records Department of State Relating to Internal Affairs of Japan 1930-1949, decimal 894 collection. These are public domain documents from the U.S. State Department from Record Group 59 of the National Archives of the United States.<br /><br />See this for a file index of the collection: <a href=""https://archive.org/details/japan-internal-affairs-1930-1949"">Records Department of State Relating to Internal Affairs of Japan 1930-1949 Decimal 894 - File List</a>",japan,japanese history,us-japan relations,japanese empire,rg59,U.S. State Department,japan-internal-affairs,head of state,emperor,politics,,,U.S. State Department,1945-08-10,texts,eng
japan-internal-affairs-894.0011-political-affairs-chief-9,"894.0011 Political Affairs., Chief Executive. Sovereign. Visits., Japan, Family., January 27, 1930 - November 29, 1935 883.pdf",,"894.0011 Political Affairs., Chief Executive. Sovereign. Visits., Japan, Family., January 27, 1930 - November 29, 1935 (File 883)","This document is part of the Records Department of State Relating to Internal Affairs of Japan 1930-1949, decimal 894 collection. These are public domain documents from the U.S. State Department from Record Group 59 of the National Archives of the United States.<br /><br />See this for a file index of the collection: <a href=""https://archive.org/details/japan-internal-affairs-1930-1949"">Records Department of State Relating to Internal Affairs of Japan 1930-1949 Decimal 894 - File List</a>",japan,japanese history,us-japan relations,japanese empire,rg59,U.S. State Department,japan-internal-affairs,imperial family,emperor,politics,,,U.S. State Department,1930-01-27,texts,eng
japan-internal-affairs-894.001h61-political-affairs-chief-4,"894.001H61 Political Affairs., Chief Executive. Sovereign. Visits Of Japan In Hirohito., April 29, 1930 - April 29, 1939 1097.pdf",,"894.001H61 Political Affairs., Chief Executive. Sovereign. Visits Of Japan In Hirohito., April 29, 1930 - April 29, 1939 (File 1097)","This document is part of the Records Department of State Relating to Internal Affairs of Japan 1930-1949, decimal 894 collection. These are public domain documents from the U.S. State Department from Record Group 59 of the National Archives of the United States.<br /><br />See this for a file index of the collection: <a href=""https://archive.org/details/japan-internal-affairs-1930-1949"">Records Department of State Relating to Internal Affairs of Japan 1930-1949 Decimal 894 - File List</a>",japan,japanese history,us-japan relations,japanese empire,rg59,U.S. State Department,japan-internal-affairs,Hirohito,emperor,politics,,,U.S. State Department,1930-04-29,texts,eng
japan-internal-affairs-894.002-political-affairs-japan-5,"894.002 Political Affairs., Japan, Cabinet. Ministry., January 12, 1945 - December 12, 1949 1806.pdf",,"894.002 Political Affairs., Japan, Cabinet. Ministry., January 12, 1945 - December 12, 1949 (File 1806)","This document is part of the Records Department of State Relating to Internal Affairs of Japan 1930-1949, decimal 894 collection. These are public domain documents from the U.S. State Department from Record Group 59 of the National Archives of the United States.<br /><br />See this for a file index of the collection: <a href=""https://archive.org/details/japan-internal-affairs-1930-1949"">Records Department of State Relating to Internal Affairs of Japan 1930-1949 Decimal 894 - File List</a>",japan,japanese history,us-japan relations,japanese empire,rg59,U.S. State Department,japan-internal-affairs,cabinet,politics,,,,U.S. State Department,1945-01-12,texts,eng
japan-internal-affairs-894.002-political-affairs-japan-4,"894.002 Political Affairs., Japan, Cabinet. Ministry., January 15, 1940 - December 20, 1944 1477.pdf",,"894.002 Political Affairs., Japan, Cabinet. Ministry., January 15, 1940 - December 20, 1944 (File 1477)","This document is part of the Records Department of State Relating to Internal Affairs of Japan 1930-1949, decimal 894 collection. These are public domain documents from the U.S. State Department from Record Group 59 of the National Archives of the United States.<br /><br />See this for a file index of the collection: <a href=""https://archive.org/details/japan-internal-affairs-1930-1949"">Records Department of State Relating to Internal Affairs of Japan 1930-1949 Decimal 894 - File List</a>",japan,japanese history,us-japan relations,japanese empire,rg59,U.S. State Department,japan-internal-affairs,cabinet,politics,,,,U.S. State Department,1940-01-15,texts,eng
japan-internal-affairs-894.002-political-affairs-japan-3,"894.002 Political Affairs., Japan, Cabinet. Ministry., October 3, 1930 - December 28, 1939 1170.pdf",,"894.002 Political Affairs., Japan, Cabinet. Ministry., October 3, 1930 - December 28, 1939 (File 1170)","This document is part of the Records Department of State Relating to Internal Affairs of Japan 1930-1949, decimal 894 collection. These are public domain documents from the U.S. State Department from Record Group 59 of the National Archives of the United States.<br /><br />See this for a file index of the collection: <a href=""https://archive.org/details/japan-internal-affairs-1930-1949"">Records Department of State Relating to Internal Affairs of Japan 1930-1949 Decimal 894 - File List</a>",japan,japanese history,us-japan relations,japanese empire,rg59,U.S. State Department,japan-internal-affairs,cabinet,politics,,,,U.S. State Department,1930-10-03,texts,eng
japan-internal-affairs-894.00b-japan-bolshevism-communism-5,"894.00B Japan, Bolshevism. Communism. Communistic Activities. Subversive Activities., February 10, 1930 - October 8, 1936 932.pdf",,"894.00B Japan, Bolshevism. Communism. Communistic Activities. Subversive Activities., February 10, 1930 - October 8, 1936 (File 932)","This document is part of the Records Department of State Relating to Internal Affairs of Japan 1930-1949, decimal 894 collection. These are public domain documents from the U.S. State Department from Record Group 59 of the National Archives of the United States.<br /><br />See this for a file index of the collection: <a href=""https://archive.org/details/japan-internal-affairs-1930-1949"">Records Department of State Relating to Internal Affairs of Japan 1930-1949 Decimal 894 - File List</a>",japan,japanese history,us-japan relations,japanese empire,rg59,U.S. State Department,japan-internal-affairs,subversion,communism,bolshevism,,,U.S. State Department,1930-02-10,texts,eng
japan-internal-affairs-894.00b-japan-bolshevism-communism-6,"894.00B Japan, Bolshevism. Communism. Communistic Activities. Subversive Activities., July 10, 1946 - December 21, 1949 1821-part-1.pdf",,"894.00B Japan, Bolshevism. Communism. Communistic Activities. Subversive Activities., July 10, 1946 - December 21, 1949 (File 1821)","This document is part of the Records Department of State Relating to Internal Affairs of Japan 1930-1949, decimal 894 collection. These are public domain documents from the U.S. State Department from Record Group 59 of the National Archives of the United States.<br /><br />See this for a file index of the collection: <a href=""https://archive.org/details/japan-internal-affairs-1930-1949"">Records Department of State Relating to Internal Affairs of Japan 1930-1949 Decimal 894 - File List</a>",japan,japanese history,us-japan relations,japanese empire,rg59,U.S. State Department,japan-internal-affairs,subversion,communism,bolshevism,,,U.S. State Department,1946-07-10,texts,eng
japan-internal-affairs-894.00b-japan-bolshevism-communism-6,"894.00B Japan, Bolshevism. Communism. Communistic Activities. Subversive Activities., July 10, 1946 - December 21, 1949 1821-part-2.pdf",,,,,,,,,,,,,,,,,,,
japan-internal-affairs-894.01-japan-government-mandates-7,"894.01 Japan, Government. Mandates, Recognition., January 2, 1940 - August 16, 1940 1207.pdf",,"894.01 Japan, Government. Mandates, Recognition., January 2, 1940 - August 16, 1940 (File 1207)","This document is part of the Records Department of State Relating to Internal Affairs of Japan 1930-1949, decimal 894 collection. These are public domain documents from the U.S. State Department from Record Group 59 of the National Archives of the United States.<br /><br />See this for a file index of the collection: <a href=""https://archive.org/details/japan-internal-affairs-1930-1949"">Records Department of State Relating to Internal Affairs of Japan 1930-1949 Decimal 894 - File List</a>",japan,japanese history,us-japan relations,japanese empire,rg59,U.S. State Department,japan-internal-affairs,diplomatic recognition,government,,,,U.S. State Department,1940-01-02,texts,eng
japan-internal-affairs-894.01-japan-government-mandates-9,"894.01 Japan, Government. Mandates, Recognition., July 10, 1944 - September 17, 1949 1763.pdf",,"894.01 Japan, Government. Mandates, Recognition., July 10, 1944 - September 17, 1949 (File 1763)","This document is part of the Records Department of State Relating to Internal Affairs of Japan 1930-1949, decimal 894 collection. These are public domain documents from the U.S. State Department from Record Group 59 of the National Archives of the United States.<br /><br />See this for a file index of the collection: <a href=""https://archive.org/details/japan-internal-affairs-1930-1949"">Records Department of State Relating to Internal Affairs of Japan 1930-1949 Decimal 894 - File List</a>",japan,japanese history,us-japan relations,japanese empire,rg59,U.S. State Department,japan-internal-affairs,diplomatic recognition,government,,,,U.S. State Department,1944-07-10,texts,eng
japan-internal-affairs-894.01-japan-government-mandates-8,"894.01 Japan, Government. Mandates, Recognition., March 4, 1941 - January 4, 1944 1410.pdf",,"894.01 Japan, Government. Mandates, Recognition., March 4, 1941 - January 4, 1944 (File 1410)","This document is part of the Records Department of State Relating to Internal Affairs of Japan 1930-1949, decimal 894 collection. These are public domain documents from the U.S. State Department from Record Group 59 of the National Archives of the United States.<br /><br />See this for a file index of the collection: <a href=""https://archive.org/details/japan-internal-affairs-1930-1949"">Records Department of State Relating to Internal Affairs of Japan 1930-1949 Decimal 894 - File List</a>",japan,japanese history,us-japan relations,japanese empire,rg59,U.S. State Department,japan-internal-affairs,diplomatic recognition,government,,,,U.S. State Department,1941-03-04,texts,eng
japan-internal-affairs-894.011-government-mandates-recognition-4,"894.011 Government. Mandates, Recognition., Japan, Constitution., November 7, 1945 - February 16, 1949 1695.pdf",,"894.011 Government. Mandates, Recognition., Japan, Constitution., November 7, 1945 - February 16, 1949 (File 1695)","This document is part of the Records Department of State Relating to Internal Affairs of Japan 1930-1949, decimal 894 collection. These are public domain documents from the U.S. State Department from Record Group 59 of the National Archives of the United States.<br /><br />See this for a file index of the collection: <a href=""https://archive.org/details/japan-internal-affairs-1930-1949"">Records Department of State Relating to Internal Affairs of Japan 1930-1949 Decimal 894 - File List</a>",japan,japanese history,us-japan relations,japanese empire,rg59,U.S. State Department,japan-internal-affairs,constitution,government,,,,U.S. State Department,1945-11-07,texts,eng
japan-internal-affairs-894.012-government-mandates-recognition-4,"894.012 Government. Mandates, Recognition., Japan, Citizenship. Divide As 130 To 139., July 13, 1940 - June 13, 1944 1429.pdf",,"894.012 Government. Mandates, Recognition., Japan, Citizenship. Divide As 130 To 139., July 13, 1940 - June 13, 1944 (File 1429)","This document is part of the Records Department of State Relating to Internal Affairs of Japan 1930-1949, decimal 894 collection. These are public domain documents from the U.S. State Department from Record Group 59 of the National Archives of the United States.<br /><br />See this for a file index of the collection: <a href=""https://archive.org/details/japan-internal-affairs-1930-1949"">Records Department of State Relating to Internal Affairs of Japan 1930-1949 Decimal 894 - File List</a>",japan,japanese history,us-japan relations,japanese empire,rg59,U.S. State Department,japan-internal-affairs,citizenship,government,,,,U.S. State Department,1940-07-13,texts,eng
japan-internal-affairs-894.012-government-mandates-recognition-5,"894.012 Government. Mandates, Recognition., Japan, Citizenship. Divide As 130 To 139., October 17, 1945 - August 25, 1949 1759.pdf",,"894.012 Government. Mandates, Recognition., Japan, Citizenship. Divide As 130 To 139., October 17, 1945 - August 25, 1949 (File 1759)","This document is part of the Records Department of State Relating to Internal Affairs of Japan 1930-1949, decimal 894 collection. These are public domain documents from the U.S. State Department from Record Group 59 of the National Archives of the United States.<br /><br />See this for a file index of the collection: <a href=""https://archive.org/details/japan-internal-affairs-1930-1949"">Records Department of State Relating to Internal Affairs of Japan 1930-1949 Decimal 894 - File List</a>",japan,japanese history,us-japan relations,japanese empire,rg59,U.S. State Department,japan-internal-affairs,citizenship,government,,,,U.S. State Department,1945-10-17,texts,eng
japan-internal-affairs-894.0128-government-mandates-recognition-5,"894.0128 Government. Mandates, Recognition., Citizenship. Divide As 130 To 139., Japan, Passports., April 1, 1947 - January 28, 1949 1688.pdf",,"894.0128 Government. Mandates, Recognition., Citizenship. Divide As 130 To 139., Japan, Passports., April 1, 1947 - January 28, 1949 (File 1688)","This document is part of the Records Department of State Relating to Internal Affairs of Japan 1930-1949, decimal 894 collection. These are public domain documents from the U.S. State Department from Record Group 59 of the National Archives of the United States.<br /><br />See this for a file index of the collection: <a href=""https://archive.org/details/japan-internal-affairs-1930-1949"">Records Department of State Relating to Internal Affairs of Japan 1930-1949 Decimal 894 - File List</a>",japan,japanese history,us-japan relations,japanese empire,rg59,U.S. State Department,japan-internal-affairs,passports,citizenship,government,,,U.S. State Department,1947-04-01,texts,eng
japan-internal-affairs-894.014-government-mandates-recognition-5,"894.014 Government. Mandates, Recognition., Japan, Territory. Maps, January 3, 1940 - December 20, 1944 1476.pdf",,"894.014 Government. Mandates, Recognition., Japan, Territory. Maps, January 3, 1940 - December 20, 1944 (File 1476)","This document is part of the Records Department of State Relating to Internal Affairs of Japan 1930-1949, decimal 894 collection. These are public domain documents from the U.S. State Department from Record Group 59 of the National Archives of the United States.<br /><br />See this for a file index of the collection: <a href=""https://archive.org/details/japan-internal-affairs-1930-1949"">Records Department of State Relating to Internal Affairs of Japan 1930-1949 Decimal 894 - File List</a>",japan,japanese history,us-japan relations,japanese empire,rg59,U.S. State Department,japan-internal-affairs,territory,government,,,,U.S. State Department,1940-01-03,texts,eng
japan-internal-affairs-894.014-government-mandates-recognition-6,"894.014 Government. Mandates, Recognition., Japan, Territory. Maps, January 6, 1945 - October 24th, 1949 1774.pdf",,"894.014 Government. Mandates, Recognition., Japan, Territory. Maps, January 6, 1945 - October 24th, 1949 (File 1774)","This document is part of the Records Department of State Relating to Internal Affairs of Japan 1930-1949, decimal 894 collection. These are public domain documents from the U.S. State Department from Record Group 59 of the National Archives of the United States.<br /><br />See this for a file index of the collection: <a href=""https://archive.org/details/japan-internal-affairs-1930-1949"">Records Department of State Relating to Internal Affairs of Japan 1930-1949 Decimal 894 - File List</a>",japan,japanese history,us-japan relations,japanese empire,rg59,U.S. State Department,japan-internal-affairs,territory,government,,,,U.S. State Department,1945-01-06,texts,eng
japan-internal-affairs-894.0146-government-mandates-recognition-4,"894.0146 Government. Mandates, Recognition., Territory. Maps, Japan, Territory Occupied By Foreign Military Forces., January 22, 1945 - February 18, 1949 1698.pdf",,"894.0146 Government. Mandates, Recognition., Territory. Maps, Japan, Territory Occupied By Foreign Military Forces., January 22, 1945 - February 18, 1949 (File 1698)","This document is part of the Records Department of State Relating to Internal Affairs of Japan 1930-1949, decimal 894 collection. These are public domain documents from the U.S. State Department from Record Group 59 of the National Archives of the United States.<br /><br />See this for a file index of the collection: <a href=""https://archive.org/details/japan-internal-affairs-1930-1949"">Records Department of State Relating to Internal Affairs of Japan 1930-1949 Decimal 894 - File List</a>",japan,japanese history,us-japan relations,japanese empire,rg59,U.S. State Department,japan-internal-affairs,occupation,territory,government,,,U.S. State Department,1945-01-22,texts,eng
japan-internal-affairs-894.017-government-mandates-recognition-5,"894.017 Government. Mandates, Recognition., Japan, Civil Service., July 24, 1948 - September 23, 1949 1765.pdf",,"894.017 Government. Mandates, Recognition., Japan, Civil Service., July 24, 1948 - September 23, 1949 (File 1765)","This document is part of the Records Department of State Relating to Internal Affairs of Japan 1930-1949, decimal 894 collection. These are public domain documents from the U.S. State Department from Record Group 59 of the National Archives of the United States.<br /><br />See this for a file index of the collection: <a href=""https://archive.org/details/japan-internal-affairs-1930-1949"">Records Department of State Relating to Internal Affairs of Japan 1930-1949 Decimal 894 - File List</a>",japan,japanese history,us-japan relations,japanese empire,rg59,U.S. State Department,japan-internal-affairs,civil service,government,,,,U.S. State Department,1948-07-24,texts,eng
japan-internal-affairs-894.01b-government-mandates-recognition,"894.01B Government. Mandates, Recognition., Japan, Agents., September 17, 1934 - May 10, 1939 1099.pdf",,"894.01B Government. Mandates, Recognition., Japan, Agents., September 17, 1934 - May 10, 1939 (File 1099)","This document is part of the Records Department of State Relating to Internal Affairs of Japan 1930-1949, decimal 894 collection. These are public domain documents from the U.S. State Department from Record Group 59 of the National Archives of the United States.<br /><br />See this for a file index of the collection: <a href=""https://archive.org/details/japan-internal-affairs-1930-1949"">Records Department of State Relating to Internal Affairs of Japan 1930-1949 Decimal 894 - File List</a>",japan,japanese history,us-japan relations,japanese empire,rg59,U.S. State Department,japan-internal-affairs,government,,,,,U.S. State Department,1934-09-17,texts,eng
japan-internal-affairs-894.01b11-government-mandates-recognition-5,"894.01B11 Government. Mandates, Recognition., Agents Of Japan In United States., December 28, 1939 - February 7th, 1941 1245.pdf",,"894.01B11 Government. Mandates, Recognition., Agents Of Japan In United States., December 28, 1939 - February 7th, 1941 (File 1245)","This document is part of the Records Department of State Relating to Internal Affairs of Japan 1930-1949, decimal 894 collection. These are public domain documents from the U.S. State Department from Record Group 59 of the National Archives of the United States.<br /><br />See this for a file index of the collection: <a href=""https://archive.org/details/japan-internal-affairs-1930-1949"">Records Department of State Relating to Internal Affairs of Japan 1930-1949 Decimal 894 - File List</a>",japan,japanese history,us-japan relations,japanese empire,rg59,U.S. State Department,japan-internal-affairs,United States,foreign agents,government,,,U.S. State Department,1939-12-28,texts,eng
japan-internal-affairs-894.01b11-government-mandates-recognition-4,"894.01B11 Government. Mandates, Recognition., Agents Of Japan In United States., May 8, 1939 - December 28, 1939 1167.pdf",,"894.01B11 Government. Mandates, Recognition., Agents Of Japan In United States., May 8, 1939 - December 28, 1939 (File 1167)","This document is part of the Records Department of State Relating to Internal Affairs of Japan 1930-1949, decimal 894 collection. These are public domain documents from the U.S. State Department from Record Group 59 of the National Archives of the United States.<br /><br />See this for a file index of the collection: <a href=""https://archive.org/details/japan-internal-affairs-1930-1949"">Records Department of State Relating to Internal Affairs of Japan 1930-1949 Decimal 894 - File List</a>",japan,japanese history,us-japan relations,japanese empire,rg59,U.S. State Department,japan-internal-affairs,United States,foreign agents,government,,,U.S. State Department,1939-05-08,texts,eng
japan-internal-affairs-894.021-executive-departments-of-6,"894.021 Executive Departments Of Government., Japan, Foreign Office., February 9, 1948 - August 5, 1949 1752.pdf",,"894.021 Executive Departments Of Government., Japan, Foreign Office., February 9, 1948 - August 5, 1949 (File 1752)","This document is part of the Records Department of State Relating to Internal Affairs of Japan 1930-1949, decimal 894 collection. These are public domain documents from the U.S. State Department from Record Group 59 of the National Archives of the United States.<br /><br />See this for a file index of the collection: <a href=""https://archive.org/details/japan-internal-affairs-1930-1949"">Records Department of State Relating to Internal Affairs of Japan 1930-1949 Decimal 894 - File List</a>",japan,japanese history,us-japan relations,japanese empire,rg59,U.S. State Department,japan-internal-affairs,foreign ministry,government,executive branch,,,U.S. State Department,1948-02-09,texts,eng
japan-internal-affairs-894.021-executive-departments-of-5,"894.021 Executive Departments Of Government., Japan, Foreign Office., June 27, 1930 - December 19, 1939 1160.pdf",,"894.021 Executive Departments Of Government., Japan, Foreign Office., June 27, 1930 - December 19, 1939 (File 1160)","This document is part of the Records Department of State Relating to Internal Affairs of Japan 1930-1949, decimal 894 collection. These are public domain documents from the U.S. State Department from Record Group 59 of the National Archives of the United States.<br /><br />See this for a file index of the collection: <a href=""https://archive.org/details/japan-internal-affairs-1930-1949"">Records Department of State Relating to Internal Affairs of Japan 1930-1949 Decimal 894 - File List</a>",japan,japanese history,us-japan relations,japanese empire,rg59,U.S. State Department,japan-internal-affairs,foreign ministry,government,executive branch,,,U.S. State Department,1930-06-27,texts,eng
japan-internal-affairs-894.03-japan-legislative-branch-4,"894.03 Japan, Legislative Branch Of Government., December 20, 1946 - March 3, 1948 1620.pdf",,"894.03 Japan, Legislative Branch Of Government., December 20, 1946 - March 3, 1948 (File 1620)","This document is part of the Records Department of State Relating to Internal Affairs of Japan 1930-1949, decimal 894 collection. These are public domain documents from the U.S. State Department from Record Group 59 of the National Archives of the United States.<br /><br />See this for a file index of the collection: <a href=""https://archive.org/details/japan-internal-affairs-1930-1949"">Records Department of State Relating to Internal Affairs of Japan 1930-1949 Decimal 894 - File List</a>",japan,japanese history,us-japan relations,japanese empire,rg59,U.S. State Department,japan-internal-affairs,National Diet,legislature,,,,U.S. State Department,1946-12-20,texts,eng
japan-internal-affairs-894.03-japan-legislative-branch-5,"894.03 Japan, Legislative Branch Of Government., March 15, 1948 - November 18, 1949 1787.pdf",,"894.03 Japan, Legislative Branch Of Government., March 15, 1948 - November 18, 1949 (File 1787)","This document is part of the Records Department of State Relating to Internal Affairs of Japan 1930-1949, decimal 894 collection. These are public domain documents from the U.S. State Department from Record Group 59 of the National Archives of the United States.<br /><br />See this for a file index of the collection: <a href=""https://archive.org/details/japan-internal-affairs-1930-1949"">Records Department of State Relating to Internal Affairs of Japan 1930-1949 Decimal 894 - File List</a>",japan,japanese history,us-japan relations,japanese empire,rg59,U.S. State Department,japan-internal-affairs,National Diet,legislature,,,,U.S. State Department,1948-03-15,texts,eng
japan-internal-affairs-894.032-legislative-branch-of-7,"894.032 Legislative Branch Of Government., Japan, Proceedings. Messages To The Parliament. Presidents Message To Congress., April 2, 1947 - November 14, 1949 1781.pdf",,"894.032 Legislative Branch Of Government., Japan, Proceedings. Messages To The Parliament. Presidents Message To Congress., April 2, 1947 - November 14, 1949 (File 1781)","This document is part of the Records Department of State Relating to Internal Affairs of Japan 1930-1949, decimal 894 collection. These are public domain documents from the U.S. State Department from Record Group 59 of the National Archives of the United States.<br /><br />See this for a file index of the collection: <a href=""https://archive.org/details/japan-internal-affairs-1930-1949"">Records Department of State Relating to Internal Affairs of Japan 1930-1949 Decimal 894 - File List</a>",japan,japanese history,us-japan relations,japanese empire,rg59,U.S. State Department,japan-internal-affairs,National Diet,legislature,,,,U.S. State Department,1947-04-02,texts,eng
japan-internal-affairs-894.032-legislative-branch-of-6,"894.032 Legislative Branch Of Government., Japan, Proceedings. Messages To The Parliament. Presidents Message To Congress., February 1, 1940 - August 16, 1944 1441.pdf",,"894.032 Legislative Branch Of Government., Japan, Proceedings. Messages To The Parliament. Presidents Message To Congress., February 1, 1940 - August 16, 1944 (File 1441)","This document is part of the Records Department of State Relating to Internal Affairs of Japan 1930-1949, decimal 894 collection. These are public domain documents from the U.S. State Department from Record Group 59 of the National Archives of the United States.<br /><br />See this for a file index of the collection: <a href=""https://archive.org/details/japan-internal-affairs-1930-1949"">Records Department of State Relating to Internal Affairs of Japan 1930-1949 Decimal 894 - File List</a>",japan,japanese history,us-japan relations,japanese empire,rg59,U.S. State Department,japan-internal-affairs,National Diet,legislature,,,,U.S. State Department,1940-02-01,texts,eng
japan-internal-affairs-894.032-legislative-branch-of-4,"894.032 Legislative Branch Of Government., Japan, Proceedings. Messages To The Parliament. Presidents Message To Congress., March 30, 1937 - September 5, 1937 968.pdf",,"894.032 Legislative Branch Of Government., Japan, Proceedings. Messages To The Parliament. Presidents Message To Congress., March 30, 1937 - September 5, 1937 (File 968)","This document is part of the Records Department of State Relating to Internal Affairs of Japan 1930-1949, decimal 894 collection. These are public domain documents from the U.S. State Department from Record Group 59 of the National Archives of the United States.<br /><br />See this for a file index of the collection: <a href=""https://archive.org/details/japan-internal-affairs-1930-1949"">Records Department of State Relating to Internal Affairs of Japan 1930-1949 Decimal 894 - File List</a>",japan,japanese history,us-japan relations,japanese empire,rg59,U.S. State Department,japan-internal-affairs,National Diet,legislature,,,,U.S. State Department,1937-03-30,texts,eng
japan-internal-affairs-894.032-legislative-branch-of-5,"894.032 Legislative Branch Of Government., Japan, Proceedings. Messages To The Parliament. Presidents Message To Congress., September 17, 1937 - November 11, 1939 1148.pdf",,"894.032 Legislative Branch Of Government., Japan, Proceedings. Messages To The Parliament. Presidents Message To Congress., September 17, 1937 - November 11, 1939 (File 1148)","This document is part of the Records Department of State Relating to Internal Affairs of Japan 1930-1949, decimal 894 collection. These are public domain documents from the U.S. State Department from Record Group 59 of the National Archives of the United States.<br /><br />See this for a file index of the collection: <a href=""https://archive.org/details/japan-internal-affairs-1930-1949"">Records Department of State Relating to Internal Affairs of Japan 1930-1949 Decimal 894 - File List</a>",japan,japanese history,us-japan relations,japanese empire,rg59,U.S. State Department,japan-internal-affairs,National Diet,legislature,,,,U.S. State Department,1937-09-17,texts,eng
japan-internal-affairs-894.0414-judicial-branch-of-3,"894.0414 Judicial Branch Of Government., National Courts., Japan, Attorneys. Practice Of Law., November 22, 1935 - October 19, 1938 1050.pdf",,"894.0414 Judicial Branch Of Government., National Courts., Japan, Attorneys. Practice Of Law., November 22, 1935 - October 19, 1938 (File 1050)","This document is part of the Records Department of State Relating to Internal Affairs of Japan 1930-1949, decimal 894 collection. These are public domain documents from the U.S. State Department from Record Group 59 of the National Archives of the United States.<br /><br />See this for a file index of the collection: <a href=""https://archive.org/details/japan-internal-affairs-1930-1949"">Records Department of State Relating to Internal Affairs of Japan 1930-1949 Decimal 894 - File List</a>",japan,japanese history,us-japan relations,japanese empire,rg59,U.S. State Department,japan-internal-affairs,lawyers,courts,law,judiciary,,U.S. State Department,1935-11-22,texts,eng
japan-internal-affairs-894.043-judicial-branch-of,"894.043 Judicial Branch Of Government., Japan, Jurisdiction., May 5, 1949 - September 9, 1949 1762.pdf",,"894.043 Judicial Branch Of Government., Japan, Jurisdiction., May 5, 1949 - September 9, 1949 (File 1762)","This document is part of the Records Department of State Relating to Internal Affairs of Japan 1930-1949, decimal 894 collection. These are public domain documents from the U.S. State Department from Record Group 59 of the National Archives of the United States.<br /><br />See this for a file index of the collection: <a href=""https://archive.org/details/japan-internal-affairs-1930-1949"">Records Department of State Relating to Internal Affairs of Japan 1930-1949 Decimal 894 - File List</a>",japan,japanese history,us-japan relations,japanese empire,rg59,U.S. State Department,japan-internal-affairs,law,judiciary,,,,U.S. State Department,1949-05-05,texts,eng
japan-internal-affairs-894.044-judicial-branch-of-5,"894.044 Judicial Branch Of Government., Japan, Laws. Statutes. Ordnances. Decrees. Codes. Procedures., January 19, 1946 - July 20, 1949 1742.pdf",,"894.044 Judicial Branch Of Government., Japan, Laws. Statutes. Ordnances. Decrees. Codes. Procedures., January 19, 1946 - July 20, 1949 (File 1742)","This document is part of the Records Department of State Relating to Internal Affairs of Japan 1930-1949, decimal 894 collection. These are public domain documents from the U.S. State Department from Record Group 59 of the National Archives of the United States.<br /><br />See this for a file index of the collection: <a href=""https://archive.org/details/japan-internal-affairs-1930-1949"">Records Department of State Relating to Internal Affairs of Japan 1930-1949 Decimal 894 - File List</a>",japan,japanese history,us-japan relations,japanese empire,rg59,U.S. State Department,japan-internal-affairs,legislation,law,judiciary,,,U.S. State Department,1946-01-19,texts,eng
japan-internal-affairs-894.105-public-order-safety-4,"894.105 Public Order, Safety, Health, And Works. Charities And Philanthropic Organizations., Japan, Police Organization., October 14, 1947 - October 20, 1949 1773.pdf",,"894.105 Public Order, Safety, Health, And Works. Charities And Philanthropic Organizations., Japan, Police Organization., October 14, 1947 - October 20, 1949 (File 1773)","This document is part of the Records Department of State Relating to Internal Affairs of Japan 1930-1949, decimal 894 collection. These are public domain documents from the U.S. State Department from Record Group 59 of the National Archives of the United States.<br /><br />See this for a file index of the collection: <a href=""https://archive.org/details/japan-internal-affairs-1930-1949"">Records Department of State Relating to Internal Affairs of Japan 1930-1949 Decimal 894 - File List</a>",japan,japanese history,us-japan relations,japanese empire,rg59,U.S. State Department,japan-internal-affairs,police,public order,,,,U.S. State Department,1947-10-14,texts,eng
japan-internal-affairs-894.108-public-order-safety-2,"894.108 Public Order, Safety, Health, And Works. Charities And Philanthropic Organizations., Japan, Crime. Criminal Organizations. Suspects., January 27, 1930 - February 26, 1930 695.pdf",,"894.108 Public Order, Safety, Health, And Works. Charities And Philanthropic Organizations., Japan, Crime. Criminal Organizations. Suspects., January 27, 1930 - February 26, 1930 (File 695)","This document is part of the Records Department of State Relating to Internal Affairs of Japan 1930-1949, decimal 894 collection. These are public domain documents from the U.S. State Department from Record Group 59 of the National Archives of the United States.<br /><br />See this for a file index of the collection: <a href=""https://archive.org/details/japan-internal-affairs-1930-1949"">Records Department of State Relating to Internal Affairs of Japan 1930-1949 Decimal 894 - File List</a>",japan,japanese history,us-japan relations,japanese empire,rg59,U.S. State Department,japan-internal-affairs,criminal law,crime,public order,,,U.S. State Department,1930-01-27,texts,eng
japan-internal-affairs-894.111-regulations-governing-japan-11,"894.111 Regulations Governing %D0, Japan, Residence, Trade, Travel, And Foreign Courier Travel., April 12, 1949 - November 16, 1949 1786.pdf",,"894.111 Regulations Governing, Japan, Residence, Trade, Travel, And Foreign Courier Travel., April 12, 1949 - November 16, 1949 (File 1786)","This document is part of the Records Department of State Relating to Internal Affairs of Japan 1930-1949, decimal 894 collection. These are public domain documents from the U.S. State Department from Record Group 59 of the National Archives of the United States.<br /><br />See this for a file index of the collection: <a href=""https://archive.org/details/japan-internal-affairs-1930-1949"">Records Department of State Relating to Internal Affairs of Japan 1930-1949 Decimal 894 - File List</a>",japan,japanese history,us-japan relations,japanese empire,rg59,U.S. State Department,japan-internal-affairs,travel,residence,regulations,law,,U.S. State Department,1949-04-12,texts,eng
japan-internal-affairs-894.111-regulations-governing-japan-5,"894.111 Regulations Governing %D0, Japan, Residence, Trade, Travel, And Foreign Courier Travel., April 16, 1940 - June 19, 1940 1196.pdf",,"894.111 Regulations Governing, Japan, Residence, Trade, Travel, And Foreign Courier Travel., April 16, 1940 - June 19, 1940 (File 1196)","This document is part of the Records Department of State Relating to Internal Affairs of Japan 1930-1949, decimal 894 collection. These are public domain documents from the U.S. State Department from Record Group 59 of the National Archives of the United States.<br /><br />See this for a file index of the collection: <a href=""https://archive.org/details/japan-internal-affairs-1930-1949"">Records Department of State Relating to Internal Affairs of Japan 1930-1949 Decimal 894 - File List</a>",japan,japanese history,us-japan relations,japanese empire,rg59,U.S. State Department,japan-internal-affairs,travel,residence,regulations,law,,U.S. State Department,1940-04-16,texts,eng
japan-internal-affairs-894.111-regulations-governing-japan-4,"894.111 Regulations Governing %D0, Japan, Residence, Trade, Travel, And Foreign Courier Travel., August 28, 1930 - April 10, 1934 812.pdf",,"894.111 Regulations Governing, Japan, Residence, Trade, Travel, And Foreign Courier Travel., August 28, 1930 - April 10, 1934 (File 812)","This document is part of the Records Department of State Relating to Internal Affairs of Japan 1930-1949, decimal 894 collection. These are public domain documents from the U.S. State Department from Record Group 59 of the National Archives of the United States.<br /><br />See this for a file index of the collection: <a href=""https://archive.org/details/japan-internal-affairs-1930-1949"">Records Department of State Relating to Internal Affairs of Japan 1930-1949 Decimal 894 - File List</a>",japan,japanese history,us-japan relations,japanese empire,rg59,U.S. State Department,japan-internal-affairs,travel,residence,regulations,law,,U.S. State Department,1930-08-28,texts,eng
japan-internal-affairs-894.111-regulations-governing-japan-9,"894.111 Regulations Governing %D0, Japan, Residence, Trade, Travel, And Foreign Courier Travel., December 11, 1947 - July 19, 1948 1646-part-1.pdf",,"894.111 Regulations Governing, Japan, Residence, Trade, Travel, And Foreign Courier Travel., December 11, 1947 - July 19, 1948 (File 1646)","This document is part of the Records Department of State Relating to Internal Affairs of Japan 1930-1949, decimal 894 collection. These are public domain documents from the U.S. State Department from Record Group 59 of the National Archives of the United States.<br /><br />See this for a file index of the collection: <a href=""https://archive.org/details/japan-internal-affairs-1930-1949"">Records Department of State Relating to Internal Affairs of Japan 1930-1949 Decimal 894 - File List</a>",japan,japanese history,us-japan relations,japanese empire,rg59,U.S. State Department,japan-internal-affairs,travel,residence,regulations,law,,U.S. State Department,1947-12-11,texts,eng
japan-internal-affairs-894.111-regulations-governing-japan-9,"894.111 Regulations Governing %D0, Japan, Residence, Trade, Travel, And Foreign Courier Travel., December 11, 1947 - July 19, 1948 1646-part-2.pdf",,,,,,,,,,,,,,,,,,,
japan-internal-affairs-894.111-regulations-governing-japan-8,"894.111 Regulations Governing %D0, Japan, Residence, Trade, Travel, And Foreign Courier Travel., January 29, 1947 - December 9, 1947 1607-part-1.pdf",,"894.111 Regulations Governing, Japan, Residence, Trade, Travel, And Foreign Courier Travel., January 29, 1947 - December 9, 1947 (File 1607)","This document is part of the Records Department of State Relating to Internal Affairs of Japan 1930-1949, decimal 894 collection. These are public domain documents from the U.S. State Department from Record Group 59 of the National Archives of the United States.<br /><br />See this for a file index of the collection: <a href=""https://archive.org/details/japan-internal-affairs-1930-1949"">Records Department of State Relating to Internal Affairs of Japan 1930-1949 Decimal 894 - File List</a>",japan,japanese history,us-japan relations,japanese empire,rg59,U.S. State Department,japan-internal-affairs,travel,residence,regulations,law,,U.S. State Department,1947-01-29,texts,eng
japan-internal-affairs-894.111-regulations-governing-japan-8,"894.111 Regulations Governing %D0, Japan, Residence, Trade, Travel, And Foreign Courier Travel., January 29, 1947 - December 9, 1947 1607-part-2.pdf",,,,,,,,,,,,,,,,,,,
japan-internal-affairs-894.111-regulations-governing-japan-10,"894.111 Regulations Governing %D0, Japan, Residence, Trade, Travel, And Foreign Courier Travel., July 20, 1948 - April 11, 1949 1713-part-1.pdf",,"894.111 Regulations Governing, Japan, Residence, Trade, Travel, And Foreign Courier Travel., July 20, 1948 - April 11, 1949 (File 1713)","This document is part of the Records Department of State Relating to Internal Affairs of Japan 1930-1949, decimal 894 collection. These are public domain documents from the U.S. State Department from Record Group 59 of the National Archives of the United States.<br /><br />See this for a file index of the collection: <a href=""https://archive.org/details/japan-internal-affairs-1930-1949"">Records Department of State Relating to Internal Affairs of Japan 1930-1949 Decimal 894 - File List</a>",japan,japanese history,us-japan relations,japanese empire,rg59,U.S. State Department,japan-internal-affairs,travel,residence,regulations,law,,U.S. State Department,1948-07-20,texts,eng
japan-internal-affairs-894.111-regulations-governing-japan-10,"894.111 Regulations Governing %D0, Japan, Residence, Trade, Travel, And Foreign Courier Travel., July 20, 1948 - April 11, 1949 1713-part-2.pdf",,,,,,,,,,,,,,,,,,,
japan-internal-affairs-894.111-regulations-governing-japan-7,"894.111 Regulations Governing %D0, Japan, Residence, Trade, Travel, And Foreign Courier Travel., March 27, 1946 - January 28, 1947 1558.pdf",,"894.111 Regulations Governing, Japan, Residence, Trade, Travel, And Foreign Courier Travel., March 27, 1946 - January 28, 1947 (File 1558)","This document is part of the Records Department of State Relating to Internal Affairs of Japan 1930-1949, decimal 894 collection. These are public domain documents from the U.S. State Department from Record Group 59 of the National Archives of the United States.<br /><br />See this for a file index of the collection: <a href=""https://archive.org/details/japan-internal-affairs-1930-1949"">Records Department of State Relating to Internal Affairs of Japan 1930-1949 Decimal 894 - File List</a>",japan,japanese history,us-japan relations,japanese empire,rg59,U.S. State Department,japan-internal-affairs,travel,residence,regulations,law,,U.S. State Department,1946-03-27,texts,eng
japan-internal-affairs-894.111-regulations-governing-japan-6,"894.111 Regulations Governing %D0, Japan, Residence, Trade, Travel, And Foreign Courier Travel., May 28, 1945 - November 16, 1949 1785.pdf",,"894.111 Regulations Governing, Japan, Residence, Trade, Travel, And Foreign Courier Travel., May 28, 1945 - November 16, 1949 (File 1785)","This document is part of the Records Department of State Relating to Internal Affairs of Japan 1930-1949, decimal 894 collection. These are public domain documents from the U.S. State Department from Record Group 59 of the National Archives of the United States.<br /><br />See this for a file index of the collection: <a href=""https://archive.org/details/japan-internal-affairs-1930-1949"">Records Department of State Relating to Internal Affairs of Japan 1930-1949 Decimal 894 - File List</a>",japan,japanese history,us-japan relations,japanese empire,rg59,U.S. State Department,japan-internal-affairs,travel,residence,regulations,law,,U.S. State Department,1945-05-28,texts,eng
japan-internal-affairs-894.11101-regulations-governing-residence-3,"894.11101 Regulations Governing %D0, Residence, Trade, Travel, And Foreign Courier Travel., Japan, Fees. Refund. Agreements Between The United States And Foregoing Countries Concerning Visa Fees Are Recorded As 811.11101 Waivers ., June 21, 1095.pdf","894.11101 Regulations Governing %D0, Residence, Trade, Travel, And Foreign Courier Travel., Japan, Fees. Refund. Agreements Between The United States And Foregoing Countries Concerning Visa Fees Are Recorded As 811.11101 1095.pdf","894.11101 Regulations Governing, Residence, Trade, Travel, And Foreign Courier Travel., Japan, Fees. Refund. Agreements Between The United States And Foregoing Countries Concerning Visa Fees Are Recorded As 811.11101 Waivers ., June 21 (File 1095)","This document is part of the Records Department of State Relating to Internal Affairs of Japan 1930-1949, decimal 894 collection. These are public domain documents from the U.S. State Department from Record Group 59 of the National Archives of the United States.<br /><br />See this for a file index of the collection: <a href=""https://archive.org/details/japan-internal-affairs-1930-1949"">Records Department of State Relating to Internal Affairs of Japan 1930-1949 Decimal 894 - File List</a>",japan,japanese history,us-japan relations,japanese empire,rg59,U.S. State Department,japan-internal-affairs,United States,visas,travel,residence,regulations,U.S. State Department,,texts,eng
japan-internal-affairs-894.113-regulations-governing-japan-3,"894.113 Regulations Governing %D0, Japan, Firearms. Sporting Arms. Ammunition. Explosives. Manufacture. Transportation. Importation. Possession. Use. Sale., January 30, 1931 - March 28, 1932 742.pdf",,"894.113 Regulations Governing, Japan, Firearms. Sporting Arms. Ammunition. Explosives. Manufacture. Transportation. Importation. Possession. Use. Sale., January 30, 1931 - March 28, 1932 (File 742)","This document is part of the Records Department of State Relating to Internal Affairs of Japan 1930-1949, decimal 894 collection. These are public domain documents from the U.S. State Department from Record Group 59 of the National Archives of the United States.<br /><br />See this for a file index of the collection: <a href=""https://archive.org/details/japan-internal-affairs-1930-1949"">Records Department of State Relating to Internal Affairs of Japan 1930-1949 Decimal 894 - File List</a>",japan,japanese history,us-japan relations,japanese empire,rg59,U.S. State Department,japan-internal-affairs,firearms,weapons,regulations,law,,U.S. State Department,1931-01-30,texts,eng
japan-internal-affairs-894.114-regulations-governing-japan-7,"894.114 Regulations Governing %D0, Japan, Traffic In Liquors And Habit-Forming Drugs. Each Subdivision Will Be Made A Separate Case., August 1, 1947 - April 7, 1948 1626.pdf",,"894.114 Regulations Governing, Japan, Traffic In Liquors And Habit-Forming Drugs. Each Subdivision Will Be Made A Separate Case., August 1, 1947 - April 7, 1948 (File 1626)","This document is part of the Records Department of State Relating to Internal Affairs of Japan 1930-1949, decimal 894 collection. These are public domain documents from the U.S. State Department from Record Group 59 of the National Archives of the United States.<br /><br />See this for a file index of the collection: <a href=""https://archive.org/details/japan-internal-affairs-1930-1949"">Records Department of State Relating to Internal Affairs of Japan 1930-1949 Decimal 894 - File List</a>",japan,japanese history,us-japan relations,japanese empire,rg59,U.S. State Department,japan-internal-affairs,narcotics,liquor,regulations,law,,U.S. State Department,1947-08-01,texts,eng
japan-internal-affairs-894.114-regulations-governing-japan-8,"894.114 Regulations Governing %D0, Japan, Traffic In Liquors And Habit-Forming Drugs. Each Subdivision Will Be Made A Separate Case., August 7, 1947 - December 8, 1949 1802.pdf",,"894.114 Regulations Governing, Japan, Traffic In Liquors And Habit-Forming Drugs. Each Subdivision Will Be Made A Separate Case., August 7, 1947 - December 8, 1949 (File 1802)","This document is part of the Records Department of State Relating to Internal Affairs of Japan 1930-1949, decimal 894 collection. These are public domain documents from the U.S. State Department from Record Group 59 of the National Archives of the United States.<br /><br />See this for a file index of the collection: <a href=""https://archive.org/details/japan-internal-affairs-1930-1949"">Records Department of State Relating to Internal Affairs of Japan 1930-1949 Decimal 894 - File List</a>",japan,japanese history,us-japan relations,japanese empire,rg59,U.S. State Department,japan-internal-affairs,narcotics,liquor,regulations,law,,U.S. State Department,1947-08-07,texts,eng
japan-internal-affairs-894.114-regulations-governing-japan-6,"894.114 Regulations Governing %D0, Japan, Traffic In Liquors And Habit-Forming Drugs. Each Subdivision Will Be Made A Separate Case., March 20, 1939 - December 13, 1944 1473.pdf",,"894.114 Regulations Governing, Japan, Traffic In Liquors And Habit-Forming Drugs. Each Subdivision Will Be Made A Separate Case., March 20, 1939 - December 13, 1944 (File 1473)","This document is part of the Records Department of State Relating to Internal Affairs of Japan 1930-1949, decimal 894 collection. These are public domain documents from the U.S. State Department from Record Group 59 of the National Archives of the United States.<br /><br />See this for a file index of the collection: <a href=""https://archive.org/details/japan-internal-affairs-1930-1949"">Records Department of State Relating to Internal Affairs of Japan 1930-1949 Decimal 894 - File List</a>",japan,japanese history,us-japan relations,japanese empire,rg59,U.S. State Department,japan-internal-affairs,narcotics,liquor,regulations,law,,U.S. State Department,1939-03-20,texts,eng
japan-internal-affairs-894.114-regulations-governing-japan-5,"894.114 Regulations Governing %D0, Japan, Traffic In Liquors And Habit-Forming Drugs. Each Subdivision Will Be Made A Separate Case., March 22, 1935 - February 16, 1939 1074.pdf",,"894.114 Regulations Governing, Japan, Traffic In Liquors And Habit-Forming Drugs. Each Subdivision Will Be Made A Separate Case., March 22, 1935 - February 16, 1939 (File 1074)","This document is part of the Records Department of State Relating to Internal Affairs of Japan 1930-1949, decimal 894 collection. These are public domain documents from the U.S. State Department from Record Group 59 of the National Archives of the United States.<br /><br />See this for a file index of the collection: <a href=""https://archive.org/details/japan-internal-affairs-1930-1949"">Records Department of State Relating to Internal Affairs of Japan 1930-1949 Decimal 894 - File List</a>",japan,japanese history,us-japan relations,japanese empire,rg59,U.S. State Department,japan-internal-affairs,narcotics,liquor,regulations,law,,U.S. State Department,1935-03-22,texts,eng
japan-internal-affairs-894.114-regulations-governing-japan-4,"894.114 Regulations Governing %D0, Japan, Traffic In Liquors And Habit-Forming Drugs. Each Subdivision Will Be Made A Separate Case., May 6, 1930 - March 19, 1935 854.pdf",,"894.114 Regulations Governing, Japan, Traffic In Liquors And Habit-Forming Drugs. Each Subdivision Will Be Made A Separate Case., May 6, 1930 - March 19, 1935 (File 854)","This document is part of the Records Department of State Relating to Internal Affairs of Japan 1930-1949, decimal 894 collection. These are public domain documents from the U.S. State Department from Record Group 59 of the National Archives of the United States.<br /><br />See this for a file index of the collection: <a href=""https://archive.org/details/japan-internal-affairs-1930-1949"">Records Department of State Relating to Internal Affairs of Japan 1930-1949 Decimal 894 - File List</a>",japan,japanese history,us-japan relations,japanese empire,rg59,U.S. State Department,japan-internal-affairs,narcotics,liquor,regulations,law,,U.S. State Department,1930-05-06,texts,eng
japan-internal-affairs-894.12-japan-public-health-3,"894.12 Japan, Public Health. Hospitals. Hospital Service., August 29, 1947 - November 23, 1948 1676.pdf",,"894.12 Japan, Public Health. Hospitals. Hospital Service., August 29, 1947 - November 23, 1948 (File 1676)","This document is part of the Records Department of State Relating to Internal Affairs of Japan 1930-1949, decimal 894 collection. These are public domain documents from the U.S. State Department from Record Group 59 of the National Archives of the United States.<br /><br />See this for a file index of the collection: <a href=""https://archive.org/details/japan-internal-affairs-1930-1949"">Records Department of State Relating to Internal Affairs of Japan 1930-1949 Decimal 894 - File List</a>",japan,japanese history,us-japan relations,japanese empire,rg59,U.S. State Department,japan-internal-affairs,hospitals,public health,,,,U.S. State Department,1947-08-29,texts,eng
japan-internal-affairs-894.12-japan-public-health-2,"894.12 Japan, Public Health. Hospitals. Hospital Service., September 22, 1930 - December 15, 1937 987.pdf",,"894.12 Japan, Public Health. Hospitals. Hospital Service., September 22, 1930 - December 15, 1937 (File 987)","This document is part of the Records Department of State Relating to Internal Affairs of Japan 1930-1949, decimal 894 collection. These are public domain documents from the U.S. State Department from Record Group 59 of the National Archives of the United States.<br /><br />See this for a file index of the collection: <a href=""https://archive.org/details/japan-internal-affairs-1930-1949"">Records Department of State Relating to Internal Affairs of Japan 1930-1949 Decimal 894 - File List</a>",japan,japanese history,us-japan relations,japanese empire,rg59,U.S. State Department,japan-internal-affairs,hospitals,public health,,,,U.S. State Department,1930-09-22,texts,eng
japan-internal-affairs-894.1221-public-health-hospitals-3,"894.1221 Public Health. Hospitals. Hospital Service., Vital Statistics., Japan, Birth., September 24, 1945 - July 22, 1946 1529.pdf",,"894.1221 Public Health. Hospitals. Hospital Service., Vital Statistics., Japan, Birth., September 24, 1945 - July 22, 1946 (File 1529)","This document is part of the Records Department of State Relating to Internal Affairs of Japan 1930-1949, decimal 894 collection. These are public domain documents from the U.S. State Department from Record Group 59 of the National Archives of the United States.<br /><br />See this for a file index of the collection: <a href=""https://archive.org/details/japan-internal-affairs-1930-1949"">Records Department of State Relating to Internal Affairs of Japan 1930-1949 Decimal 894 - File List</a>",japan,japanese history,us-japan relations,japanese empire,rg59,U.S. State Department,japan-internal-affairs,births,vital statistics,hospitals,public health,,U.S. State Department,1945-09-24,texts,eng
japan-internal-affairs-894.20-military-affairs-army-11,"894.20 Military Affairs. Army. Army Posts. Fortifications. Defenses. Military Instructors Advisers. ** Country In Which Serving., April 26, 1940 - May 3, 1940 1188.pdf",,"894.20 Military Affairs. Army. Army Posts. Fortifications. Defenses. Military Instructors Advisers. ** Country In Which Serving., April 26, 1940 - May 3, 1940 (File 1188)","This document is part of the Records Department of State Relating to Internal Affairs of Japan 1930-1949, decimal 894 collection. These are public domain documents from the U.S. State Department from Record Group 59 of the National Archives of the United States.<br /><br />See this for a file index of the collection: <a href=""https://archive.org/details/japan-internal-affairs-1930-1949"">Records Department of State Relating to Internal Affairs of Japan 1930-1949 Decimal 894 - File List</a>",japan,japanese history,us-japan relations,japanese empire,rg59,U.S. State Department,japan-internal-affairs,army,military affairs,,,,U.S. State Department,1940-04-26,texts,eng
japan-internal-affairs-894.20-military-affairs-army-12,"894.20 Military Affairs. Army. Army Posts. Fortifications. Defenses. Military Instructors Advisers. ** Country In Which Serving., April 5, 1945 - December 23, 1949 1825.pdf",,"894.20 Military Affairs. Army. Army Posts. Fortifications. Defenses. Military Instructors Advisers. ** Country In Which Serving., April 5, 1945 - December 23, 1949 (File 1825)","This document is part of the Records Department of State Relating to Internal Affairs of Japan 1930-1949, decimal 894 collection. These are public domain documents from the U.S. State Department from Record Group 59 of the National Archives of the United States.<br /><br />See this for a file index of the collection: <a href=""https://archive.org/details/japan-internal-affairs-1930-1949"">Records Department of State Relating to Internal Affairs of Japan 1930-1949 Decimal 894 - File List</a>",japan,japanese history,us-japan relations,japanese empire,rg59,U.S. State Department,japan-internal-affairs,army,military affairs,,,,U.S. State Department,1945-04-05,texts,eng
japan-internal-affairs-894.20-military-affairs-army-7,"894.20 Military Affairs. Army. Army Posts. Fortifications. Defenses. Military Instructors Advisers. ** Country In Which Serving., August 20, 1934 - March 1, 1939 1082.pdf",,"894.20 Military Affairs. Army. Army Posts. Fortifications. Defenses. Military Instructors Advisers. ** Country In Which Serving., August 20, 1934 - March 1, 1939 (File 1082)","This document is part of the Records Department of State Relating to Internal Affairs of Japan 1930-1949, decimal 894 collection. These are public domain documents from the U.S. State Department from Record Group 59 of the National Archives of the United States.<br /><br />See this for a file index of the collection: <a href=""https://archive.org/details/japan-internal-affairs-1930-1949"">Records Department of State Relating to Internal Affairs of Japan 1930-1949 Decimal 894 - File List</a>",japan,japanese history,us-japan relations,japanese empire,rg59,U.S. State Department,japan-internal-affairs,army,military affairs,,,,U.S. State Department,1934-08-20,texts,eng
japan-internal-affairs-894.20-military-affairs-army-9,"894.20 Military Affairs. Army. Army Posts. Fortifications. Defenses. Military Instructors Advisers. ** Country In Which Serving., July 12, 1938 - May 6, 1940 1190.pdf",,"894.20 Military Affairs. Army. Army Posts. Fortifications. Defenses. Military Instructors Advisers. ** Country In Which Serving., July 12, 1938 - May 6, 1940 (File 1190)","This document is part of the Records Department of State Relating to Internal Affairs of Japan 1930-1949, decimal 894 collection. These are public domain documents from the U.S. State Department from Record Group 59 of the National Archives of the United States.<br /><br />See this for a file index of the collection: <a href=""https://archive.org/details/japan-internal-affairs-1930-1949"">Records Department of State Relating to Internal Affairs of Japan 1930-1949 Decimal 894 - File List</a>",japan,japanese history,us-japan relations,japanese empire,rg59,U.S. State Department,japan-internal-affairs,army,military affairs,,,,U.S. State Department,1938-07-12,texts,eng
japan-internal-affairs-894.20-military-affairs-army-10,"894.20 Military Affairs. Army. Army Posts. Fortifications. Defenses. Military Instructors Advisers. ** Country In Which Serving., March 19, 1940 - February 10, 1942 1331.pdf",,"894.20 Military Affairs. Army. Army Posts. Fortifications. Defenses. Military Instructors Advisers. ** Country In Which Serving., March 19, 1940 - February 10, 1942 (File 1331)","This document is part of the Records Department of State Relating to Internal Affairs of Japan 1930-1949, decimal 894 collection. These are public domain documents from the U.S. State Department from Record Group 59 of the National Archives of the United States.<br /><br />See this for a file index of the collection: <a href=""https://archive.org/details/japan-internal-affairs-1930-1949"">Records Department of State Relating to Internal Affairs of Japan 1930-1949 Decimal 894 - File List</a>",japan,japanese history,us-japan relations,japanese empire,rg59,U.S. State Department,japan-internal-affairs,army,military affairs,,,,U.S. State Department,1940-03-19,texts,eng
japan-internal-affairs-894.20-military-affairs-army-8,"894.20 Military Affairs. Army. Army Posts. Fortifications. Defenses. Military Instructors Advisers. ** Country In Which Serving., March 5, 1936 - June 10, 1938 1022.pdf",,"894.20 Military Affairs. Army. Army Posts. Fortifications. Defenses. Military Instructors Advisers. ** Country In Which Serving., March 5, 1936 - June 10, 1938 (File 1022)","This document is part of the Records Department of State Relating to Internal Affairs of Japan 1930-1949, decimal 894 collection. These are public domain documents from the U.S. State Department from Record Group 59 of the National Archives of the United States.<br /><br />See this for a file index of the collection: <a href=""https://archive.org/details/japan-internal-affairs-1930-1949"">Records Department of State Relating to Internal Affairs of Japan 1930-1949 Decimal 894 - File List</a>",japan,japanese history,us-japan relations,japanese empire,rg59,U.S. State Department,japan-internal-affairs,army,military affairs,,,,U.S. State Department,1936-03-05,texts,eng
japan-internal-affairs-894.20-military-affairs-army-6,"894.20 Military Affairs. Army. Army Posts. Fortifications. Defenses. Military Instructors Advisers. ** Country In Which Serving., May 5, 1930 - February 17, 1936 896.pdf",,"894.20 Military Affairs. Army. Army Posts. Fortifications. Defenses. Military Instructors Advisers. ** Country In Which Serving., May 5, 1930 - February 17, 1936 (File 896)","This document is part of the Records Department of State Relating to Internal Affairs of Japan 1930-1949, decimal 894 collection. These are public domain documents from the U.S. State Department from Record Group 59 of the National Archives of the United States.<br /><br />See this for a file index of the collection: <a href=""https://archive.org/details/japan-internal-affairs-1930-1949"">Records Department of State Relating to Internal Affairs of Japan 1930-1949 Decimal 894 - File List</a>",japan,japanese history,us-japan relations,japanese empire,rg59,U.S. State Department,japan-internal-affairs,army,military affairs,,,,U.S. State Department,1930-05-05,texts,eng
japan-internal-affairs-894.20200-military-affairs-army-5,"894.20200 Military Affairs. Army. Army Posts. Fortifications. Defenses. Military Instructors Advisers. ** Country In Which Serving., Military Activities Of Japan In The World Including Gathering Of Information. Espionage. Propaganda., Janua 1515.pdf","894.20200 Military Affairs. Army. Army Posts. Fortifications. Defenses. Military Instructors Advisers. ** Country In Which Serving., Military Activities Of Japan In The World Including Gathering Of Information. Espionage 1515.pdf","894.20200 Military Affairs. Army. Army Posts. Fortifications. Defenses. Military Instructors Advisers. ** Country In Which Serving., Military Activities Of Japan In The World Including Gathering Of Information. Espionage. Propaganda., Janua (File 1515)","This document is part of the Records Department of State Relating to Internal Affairs of Japan 1930-1949, decimal 894 collection. These are public domain documents from the U.S. State Department from Record Group 59 of the National Archives of the United States.<br /><br />See this for a file index of the collection: <a href=""https://archive.org/details/japan-internal-affairs-1930-1949"">Records Department of State Relating to Internal Affairs of Japan 1930-1949 Decimal 894 - File List</a>",japan,japanese history,us-japan relations,japanese empire,rg59,U.S. State Department,japan-internal-affairs,propaganda,espionage,army,military affairs,,U.S. State Department,,texts,eng
japan-internal-affairs-894.20200-military-affairs-army-3,"894.20200 Military Affairs. Army. Army Posts. Fortifications. Defenses. Military Instructors Advisers. ** Country In Which Serving., Military Activities Of Japan In The World Including Gathering Of Information. Espionage. Propaganda., March 1383.pdf","894.20200 Military Affairs. Army. Army Posts. Fortifications. Defenses. Military Instructors Advisers. ** Country In Which Serving., Military Activities Of Japan In The World Including Gathering Of Information. Espionage 1383.pdf","894.20200 Military Affairs. Army. Army Posts. Fortifications. Defenses. Military Instructors Advisers. ** Country In Which Serving., Military Activities Of Japan In The World Including Gathering Of Information. Espionage. Propaganda., March (File 1383)","This document is part of the Records Department of State Relating to Internal Affairs of Japan 1930-1949, decimal 894 collection. These are public domain documents from the U.S. State Department from Record Group 59 of the National Archives of the United States.<br /><br />See this for a file index of the collection: <a href=""https://archive.org/details/japan-internal-affairs-1930-1949"">Records Department of State Relating to Internal Affairs of Japan 1930-1949 Decimal 894 - File List</a>",japan,japanese history,us-japan relations,japanese empire,rg59,U.S. State Department,japan-internal-affairs,propaganda,espionage,army,military affairs,,U.S. State Department,,texts,eng
japan-internal-affairs-894.20200-military-affairs-army-4,"894.20200 Military Affairs. Army. Army Posts. Fortifications. Defenses. Military Instructors Advisers. ** Country In Which Serving., Military Activities Of Japan In The World Including Gathering Of Information. Espionage. Propaganda., May 6 1464.pdf","894.20200 Military Affairs. Army. Army Posts. Fortifications. Defenses. Military Instructors Advisers. ** Country In Which Serving., Military Activities Of Japan In The World Including Gathering Of Information. Espionage 1464.pdf","894.20200 Military Affairs. Army. Army Posts. Fortifications. Defenses. Military Instructors Advisers. ** Country In Which Serving., Military Activities Of Japan In The World Including Gathering Of Information. Espionage. Propaganda., May 6 (File 1464)","This document is part of the Records Department of State Relating to Internal Affairs of Japan 1930-1949, decimal 894 collection. These are public domain documents from the U.S. State Department from Record Group 59 of the National Archives of the United States.<br /><br />See this for a file index of the collection: <a href=""https://archive.org/details/japan-internal-affairs-1930-1949"">Records Department of State Relating to Internal Affairs of Japan 1930-1949 Decimal 894 - File List</a>",japan,japanese history,us-japan relations,japanese empire,rg59,U.S. State Department,japan-internal-affairs,propaganda,espionage,army,military affairs,,U.S. State Department,,texts,eng
japan-internal-affairs-894.20210-military-affairs-army-3,"894.20210 Military Affairs. Army. Army Posts. Fortifications. Defenses. Military Instructors Advisers. ** Country In Which Serving., Military Activities Of Japan In America. Pan-America Including Gathering Of Information. Espionage. Propaga 1155.pdf","894.20210 Military Affairs. Army. Army Posts. Fortifications. Defenses. Military Instructors Advisers. ** Country In Which Serving., Military Activities Of Japan In America. Pan-America Including Gathering Of Information 1155.pdf","894.20210 Military Affairs. Army. Army Posts. Fortifications. Defenses. Military Instructors Advisers. ** Country In Which Serving., Military Activities Of Japan In America. Pan-America Including Gathering Of Information. Espionage. Propaga (File 1155)","This document is part of the Records Department of State Relating to Internal Affairs of Japan 1930-1949, decimal 894 collection. These are public domain documents from the U.S. State Department from Record Group 59 of the National Archives of the United States.<br /><br />See this for a file index of the collection: <a href=""https://archive.org/details/japan-internal-affairs-1930-1949"">Records Department of State Relating to Internal Affairs of Japan 1930-1949 Decimal 894 - File List</a>",japan,japanese history,us-japan relations,japanese empire,rg59,U.S. State Department,japan-internal-affairs,Latin America,espionage,army,military affairs,,U.S. State Department,,texts,eng
japan-internal-affairs-894.20210-military-affairs-army-4,"894.20210 Military Affairs. Army. Army Posts. Fortifications. Defenses. Military Instructors Advisers. ** Country In Which Serving., Military Activities Of Japan In America. Pan-America Including Gathering Of Information. Espionage. Propaga 1352.pdf","894.20210 Military Affairs. Army. Army Posts. Fortifications. Defenses. Military Instructors Advisers. ** Country In Which Serving., Military Activities Of Japan In America. Pan-America Including Gathering Of Information 1352.pdf","894.20210 Military Affairs. Army. Army Posts. Fortifications. Defenses. Military Instructors Advisers. ** Country In Which Serving., Military Activities Of Japan In America. Pan-America Including Gathering Of Information. Espionage. Propaga (File 1352)","This document is part of the Records Department of State Relating to Internal Affairs of Japan 1930-1949, decimal 894 collection. These are public domain documents from the U.S. State Department from Record Group 59 of the National Archives of the United States.<br /><br />See this for a file index of the collection: <a href=""https://archive.org/details/japan-internal-affairs-1930-1949"">Records Department of State Relating to Internal Affairs of Japan 1930-1949 Decimal 894 - File List</a>",japan,japanese history,us-japan relations,japanese empire,rg59,U.S. State Department,japan-internal-affairs,Latin America,espionage,army,military affairs,,U.S. State Department,,texts,eng
japan-internal-affairs-894.20210-military-affairs-army-5,"894.20210 Military Affairs. Army. Army Posts. Fortifications. Defenses. Military Instructors Advisers. ** Country In Which Serving., Military Activities Of Japan In America. Pan-America Including Gathering Of Information. Espionage. Propaga 1466.pdf","894.20210 Military Affairs. Army. Army Posts. Fortifications. Defenses. Military Instructors Advisers. ** Country In Which Serving., Military Activities Of Japan In America. Pan-America Including Gathering Of Information 1466.pdf","894.20210 Military Affairs. Army. Army Posts. Fortifications. Defenses. Military Instructors Advisers. ** Country In Which Serving., Military Activities Of Japan In America. Pan-America Including Gathering Of Information. Espionage. Propaga (File 1466)","This document is part of the Records Department of State Relating to Internal Affairs of Japan 1930-1949, decimal 894 collection. These are public domain documents from the U.S. State Department from Record Group 59 of the National Archives of the United States.<br /><br />See this for a file index of the collection: <a href=""https://archive.org/details/japan-internal-affairs-1930-1949"">Records Department of State Relating to Internal Affairs of Japan 1930-1949 Decimal 894 - File List</a>",japan,japanese history,us-japan relations,japanese empire,rg59,U.S. State Department,japan-internal-affairs,Latin America,espionage,army,military affairs,,U.S. State Department,,texts,eng
japan-internal-affairs-894.20210-military-affairs-army-6,"894.20210 Military Affairs. Army. Army Posts. Fortifications. Defenses. Military Instructors Advisers. ** Country In Which Serving., Military Activities Of Japan In America. Pan-America Including Gathering Of Information. Espionage. Propaga 1502.pdf","894.20210 Military Affairs. Army. Army Posts. Fortifications. Defenses. Military Instructors Advisers. ** Country In Which Serving., Military Activities Of Japan In America. Pan-America Including Gathering Of Information 1502.pdf","894.20210 Military Affairs. Army. Army Posts. Fortifications. Defenses. Military Instructors Advisers. ** Country In Which Serving., Military Activities Of Japan In America. Pan-America Including Gathering Of Information. Espionage. Propaga (File 1502)","This document is part of the Records Department of State Relating to Internal Affairs of Japan 1930-1949, decimal 894 collection. These are public domain documents from the U.S. State Department from Record Group 59 of the National Archives of the United States.<br /><br />See this for a file index of the collection: <a href=""https://archive.org/details/japan-internal-affairs-1930-1949"">Records Department of State Relating to Internal Affairs of Japan 1930-1949 Decimal 894 - File List</a>",japan,japanese history,us-japan relations,japanese empire,rg59,U.S. State Department,japan-internal-affairs,Latin America,espionage,army,military affairs,,U.S. State Department,,texts,eng
japan-internal-affairs-894.20211-military-affairs-army-4,"894.20211 Military Affairs. Army. Army Posts. Fortifications. Defenses. Military Instructors Advisers. ** Country In Which Serving., Military Activities Of Japan In United States Including Gathering Of Information. Espionage. Propaganda., J 1624.pdf","894.20211 Military Affairs. Army. Army Posts. Fortifications. Defenses. Military Instructors Advisers. ** Country In Which Serving., Military Activities Of Japan In United States Including Gathering Of Information. Espion 1624.pdf","894.20211 Military Affairs. Army. Army Posts. Fortifications. Defenses. Military Instructors Advisers. ** Country In Which Serving., Military Activities Of Japan In United States Including Gathering Of Information. Espionage. Propaganda., J (File 1624)","This document is part of the Records Department of State Relating to Internal Affairs of Japan 1930-1949, decimal 894 collection. These are public domain documents from the U.S. State Department from Record Group 59 of the National Archives of the United States.<br /><br />See this for a file index of the collection: <a href=""https://archive.org/details/japan-internal-affairs-1930-1949"">Records Department of State Relating to Internal Affairs of Japan 1930-1949 Decimal 894 - File List</a>",japan,japanese history,us-japan relations,japanese empire,rg59,U.S. State Department,japan-internal-affairs,United States,propaganda,espionage,army,military affairs,U.S. State Department,,texts,eng
japan-internal-affairs-894.20211-military-affairs-army-3,"894.20211 Military Affairs. Army. Army Posts. Fortifications. Defenses. Military Instructors Advisers. ** Country In Which Serving., Military Activities Of Japan In United States Including Gathering Of Information. Espionage. Propaganda., M 1073.pdf","894.20211 Military Affairs. Army. Army Posts. Fortifications. Defenses. Military Instructors Advisers. ** Country In Which Serving., Military Activities Of Japan In United States Including Gathering Of Information. Espion 1073.pdf","894.20211 Military Affairs. Army. Army Posts. Fortifications. Defenses. Military Instructors Advisers. ** Country In Which Serving., Military Activities Of Japan In United States Including Gathering Of Information. Espionage. Propaganda., M (File 1073)","This document is part of the Records Department of State Relating to Internal Affairs of Japan 1930-1949, decimal 894 collection. These are public domain documents from the U.S. State Department from Record Group 59 of the National Archives of the United States.<br /><br />See this for a file index of the collection: <a href=""https://archive.org/details/japan-internal-affairs-1930-1949"">Records Department of State Relating to Internal Affairs of Japan 1930-1949 Decimal 894 - File List</a>",japan,japanese history,us-japan relations,japanese empire,rg59,U.S. State Department,japan-internal-affairs,United States,propaganda,espionage,army,military affairs,U.S. State Department,,texts,eng
japan-internal-affairs-894.20211-military-affairs-army-2,"894.20211 Military Affairs. Army. Army Posts. Fortifications. Defenses. Military Instructors Advisers. ** Country In Which Serving., Military Activities Of Japan In United States Including Gathering Of Information. Espionage. Propaganda., O 1071.pdf","894.20211 Military Affairs. Army. Army Posts. Fortifications. Defenses. Military Instructors Advisers. ** Country In Which Serving., Military Activities Of Japan In United States Including Gathering Of Information. Espion 1071.pdf","894.20211 Military Affairs. Army. Army Posts. Fortifications. Defenses. Military Instructors Advisers. ** Country In Which Serving., Military Activities Of Japan In United States Including Gathering Of Information. Espionage. Propaganda., O (File 1071)","This document is part of the Records Department of State Relating to Internal Affairs of Japan 1930-1949, decimal 894 collection. These are public domain documents from the U.S. State Department from Record Group 59 of the National Archives of the United States.<br /><br />See this for a file index of the collection: <a href=""https://archive.org/details/japan-internal-affairs-1930-1949"">Records Department of State Relating to Internal Affairs of Japan 1930-1949 Decimal 894 - File List</a>",japan,japanese history,us-japan relations,japanese empire,rg59,U.S. State Department,japan-internal-affairs,United States,propaganda,espionage,army,military affairs,U.S. State Department,,texts,eng
japan-internal-affairs-894.20211a-military-affairs-army-3,"894.20211A Military Affairs. Army. Army Posts. Fortifications. Defenses. Military Instructors Advisers. ** Country In Which Serving., Military Activities Of Japan In Hawaii Including Gathering Of Information. Espionage. Propaganda., Decembe 861.pdf","894.20211A Military Affairs. Army. Army Posts. Fortifications. Defenses. Military Instructors Advisers. ** Country In Which Serving., Military Activities Of Japan In Hawaii Including Gathering Of Information. Espionage. Pr 861.pdf","894.20211A Military Affairs. Army. Army Posts. Fortifications. Defenses. Military Instructors Advisers. ** Country In Which Serving., Military Activities Of Japan In Hawaii Including Gathering Of Information. Espionage. Propaganda., Decembe (File 861)","This document is part of the Records Department of State Relating to Internal Affairs of Japan 1930-1949, decimal 894 collection. These are public domain documents from the U.S. State Department from Record Group 59 of the National Archives of the United States.<br /><br />See this for a file index of the collection: <a href=""https://archive.org/details/japan-internal-affairs-1930-1949"">Records Department of State Relating to Internal Affairs of Japan 1930-1949 Decimal 894 - File List</a>",japan,japanese history,us-japan relations,japanese empire,rg59,U.S. State Department,japan-internal-affairs,Hawaii,propaganda,espionage,army,military affairs,U.S. State Department,,texts,eng
japan-internal-affairs-894.20211a-military-affairs-army-4,"894.20211A Military Affairs. Army. Army Posts. Fortifications. Defenses. Military Instructors Advisers. ** Country In Which Serving., Military Activities Of Japan In Hawaii Including Gathering Of Information. Espionage. Propaganda., March 2 898.pdf","894.20211A Military Affairs. Army. Army Posts. Fortifications. Defenses. Military Instructors Advisers. ** Country In Which Serving., Military Activities Of Japan In Hawaii Including Gathering Of Information. Espionage. Pr 898.pdf","894.20211A Military Affairs. Army. Army Posts. Fortifications. Defenses. Military Instructors Advisers. ** Country In Which Serving., Military Activities Of Japan In Hawaii Including Gathering Of Information. Espionage. Propaganda., March 2 (File 898)","This document is part of the Records Department of State Relating to Internal Affairs of Japan 1930-1949, decimal 894 collection. These are public domain documents from the U.S. State Department from Record Group 59 of the National Archives of the United States.<br /><br />See this for a file index of the collection: <a href=""https://archive.org/details/japan-internal-affairs-1930-1949"">Records Department of State Relating to Internal Affairs of Japan 1930-1949 Decimal 894 - File List</a>",japan,japanese history,us-japan relations,japanese empire,rg59,U.S. State Department,japan-internal-affairs,Hawaii,propaganda,espionage,army,military affairs,U.S. State Department,,texts,eng
japan-internal-affairs-894.20211a-military-affairs-army-5,"894.20211A Military Affairs. Army. Army Posts. Fortifications. Defenses. Military Instructors Advisers. ** Country In Which Serving., Military Activities Of Japan In Hawaii Including Gathering Of Information. Espionage. Propaganda., March 9 1110.pdf","894.20211A Military Affairs. Army. Army Posts. Fortifications. Defenses. Military Instructors Advisers. ** Country In Which Serving., Military Activities Of Japan In Hawaii Including Gathering Of Information. Espionage. P 1110.pdf","894.20211A Military Affairs. Army. Army Posts. Fortifications. Defenses. Military Instructors Advisers. ** Country In Which Serving., Military Activities Of Japan In Hawaii Including Gathering Of Information. Espionage. Propaganda., March 9 (File 1110)","This document is part of the Records Department of State Relating to Internal Affairs of Japan 1930-1949, decimal 894 collection. These are public domain documents from the U.S. State Department from Record Group 59 of the National Archives of the United States.<br /><br />See this for a file index of the collection: <a href=""https://archive.org/details/japan-internal-affairs-1930-1949"">Records Department of State Relating to Internal Affairs of Japan 1930-1949 Decimal 894 - File List</a>",japan,japanese history,us-japan relations,japanese empire,rg59,U.S. State Department,japan-internal-affairs,Hawaii,propaganda,espionage,army,military affairs,U.S. State Department,,texts,eng
japan-internal-affairs-894.20212-military-affairs-army-5,"894.20212 Military Affairs. Army. Army Posts. Fortifications. Defenses. Military Instructors Advisers. ** Country In Which Serving., Military Activities Of Japan In Mexico Including Gathering Of Information. Espionage. Propaganda., January  1712.pdf","894.20212 Military Affairs. Army. Army Posts. Fortifications. Defenses. Military Instructors Advisers. ** Country In Which Serving., Military Activities Of Japan In Mexico Including Gathering Of Information. Espionage. Pr 1712.pdf","894.20212 Military Affairs. Army. Army Posts. Fortifications. Defenses. Military Instructors Advisers. ** Country In Which Serving., Military Activities Of Japan In Mexico Including Gathering Of Information. Espionage. Propaganda., January (File 1712)","This document is part of the Records Department of State Relating to Internal Affairs of Japan 1930-1949, decimal 894 collection. These are public domain documents from the U.S. State Department from Record Group 59 of the National Archives of the United States.<br /><br />See this for a file index of the collection: <a href=""https://archive.org/details/japan-internal-affairs-1930-1949"">Records Department of State Relating to Internal Affairs of Japan 1930-1949 Decimal 894 - File List</a>",japan,japanese history,us-japan relations,japanese empire,rg59,U.S. State Department,japan-internal-affairs,Mexico,propaganda,espionage,army,military affairs,U.S. State Department,,texts,eng
japan-internal-affairs-894.20212-military-affairs-army-3,"894.20212 Military Affairs. Army. Army Posts. Fortifications. Defenses. Military Instructors Advisers. ** Country In Which Serving., Military Activities Of Japan In Mexico Including Gathering Of Information. Espionage. Propaganda., January  894.pdf","894.20212 Military Affairs. Army. Army Posts. Fortifications. Defenses. Military Instructors Advisers. ** Country In Which Serving., Military Activities Of Japan In Mexico Including Gathering Of Information. Espionage. Pro 894.pdf","894.20212 Military Affairs. Army. Army Posts. Fortifications. Defenses. Military Instructors Advisers. ** Country In Which Serving., Military Activities Of Japan In Mexico Including Gathering Of Information. Espionage. Propaganda., January (File 894)","This document is part of the Records Department of State Relating to Internal Affairs of Japan 1930-1949, decimal 894 collection. These are public domain documents from the U.S. State Department from Record Group 59 of the National Archives of the United States.<br /><br />See this for a file index of the collection: <a href=""https://archive.org/details/japan-internal-affairs-1930-1949"">Records Department of State Relating to Internal Affairs of Japan 1930-1949 Decimal 894 - File List</a>",japan,japanese history,us-japan relations,japanese empire,rg59,U.S. State Department,japan-internal-affairs,Mexico,propaganda,espionage,army,military affairs,U.S. State Department,,texts,eng
japan-internal-affairs-894.20212-military-affairs-army-4,"894.20212 Military Affairs. Army. Army Posts. Fortifications. Defenses. Military Instructors Advisers. ** Country In Which Serving., Military Activities Of Japan In Mexico Including Gathering Of Information. Espionage. Propaganda., June 7,  1129.pdf","894.20212 Military Affairs. Army. Army Posts. Fortifications. Defenses. Military Instructors Advisers. ** Country In Which Serving., Military Activities Of Japan In Mexico Including Gathering Of Information. Espionage. Pr 1129.pdf","894.20212 Military Affairs. Army. Army Posts. Fortifications. Defenses. Military Instructors Advisers. ** Country In Which Serving., Military Activities Of Japan In Mexico Including Gathering Of Information. Espionage. Propaganda., June 7 (File 1129)","This document is part of the Records Department of State Relating to Internal Affairs of Japan 1930-1949, decimal 894 collection. These are public domain documents from the U.S. State Department from Record Group 59 of the National Archives of the United States.<br /><br />See this for a file index of the collection: <a href=""https://archive.org/details/japan-internal-affairs-1930-1949"">Records Department of State Relating to Internal Affairs of Japan 1930-1949 Decimal 894 - File List</a>",japan,japanese history,us-japan relations,japanese empire,rg59,U.S. State Department,japan-internal-affairs,Mexico,propaganda,espionage,army,military affairs,U.S. State Department,,texts,eng
japan-internal-affairs-894.20218-military-affairs-army-3,"894.20218 Military Affairs. Army. Army Posts. Fortifications. Defenses. Military Instructors Advisers. ** Country In Which Serving., Military Activities Of Japan In Costa Rica Including Gathering Of Information. Espionage. Propaganda., Marc 784.pdf","894.20218 Military Affairs. Army. Army Posts. Fortifications. Defenses. Military Instructors Advisers. ** Country In Which Serving., Military Activities Of Japan In Costa Rica Including Gathering Of Information. Espionage 784.pdf","894.20218 Military Affairs. Army. Army Posts. Fortifications. Defenses. Military Instructors Advisers. ** Country In Which Serving., Military Activities Of Japan In Costa Rica Including Gathering Of Information. Espionage. Propaganda., Marc (File 784)","This document is part of the Records Department of State Relating to Internal Affairs of Japan 1930-1949, decimal 894 collection. These are public domain documents from the U.S. State Department from Record Group 59 of the National Archives of the United States.<br /><br />See this for a file index of the collection: <a href=""https://archive.org/details/japan-internal-affairs-1930-1949"">Records Department of State Relating to Internal Affairs of Japan 1930-1949 Decimal 894 - File List</a>",japan,japanese history,us-japan relations,japanese empire,rg59,U.S. State Department,japan-internal-affairs,Costa Rica,propaganda,espionage,army,military affairs,U.S. State Department,,texts,eng
japan-internal-affairs-894.20219-military-affairs-army-3,"894.20219 Military Affairs. Army. Army Posts. Fortifications. Defenses. Military Instructors Advisers. ** Country In Which Serving., Military Activities Of Japan In Panama Including Gathering Of Information. Espionage. Propaganda., April 26 1174.pdf","894.20219 Military Affairs. Army. Army Posts. Fortifications. Defenses. Military Instructors Advisers. ** Country In Which Serving., Military Activities Of Japan In Panama Including Gathering Of Information. Espionage. Pr 1174.pdf","894.20219 Military Affairs. Army. Army Posts. Fortifications. Defenses. Military Instructors Advisers. ** Country In Which Serving., Military Activities Of Japan In Panama Including Gathering Of Information. Espionage. Propaganda., April 26 (File 1174)","This document is part of the Records Department of State Relating to Internal Affairs of Japan 1930-1949, decimal 894 collection. These are public domain documents from the U.S. State Department from Record Group 59 of the National Archives of the United States.<br /><br />See this for a file index of the collection: <a href=""https://archive.org/details/japan-internal-affairs-1930-1949"">Records Department of State Relating to Internal Affairs of Japan 1930-1949 Decimal 894 - File List</a>",japan,japanese history,us-japan relations,japanese empire,rg59,U.S. State Department,japan-internal-affairs,Panama,propaganda,espionage,army,military affairs,U.S. State Department,,texts,eng
japan-internal-affairs-894.20222-military-affairs-army-2,"894.20222 Military Affairs. Army. Army Posts. Fortifications. Defenses. Military Instructors Advisers. ** Country In Which Serving., Military Activities Of Japan In Ecuador Including Gathering Of Information. Espionage. Propaganda., March 2 1144.pdf","894.20222 Military Affairs. Army. Army Posts. Fortifications. Defenses. Military Instructors Advisers. ** Country In Which Serving., Military Activities Of Japan In Ecuador Including Gathering Of Information. Espionage. P 1144.pdf","894.20222 Military Affairs. Army. Army Posts. Fortifications. Defenses. Military Instructors Advisers. ** Country In Which Serving., Military Activities Of Japan In Ecuador Including Gathering Of Information. Espionage. Propaganda., March 2 (File 1144)","This document is part of the Records Department of State Relating to Internal Affairs of Japan 1930-1949, decimal 894 collection. These are public domain documents from the U.S. State Department from Record Group 59 of the National Archives of the United States.<br /><br />See this for a file index of the collection: <a href=""https://archive.org/details/japan-internal-affairs-1930-1949"">Records Department of State Relating to Internal Affairs of Japan 1930-1949 Decimal 894 - File List</a>",japan,japanese history,us-japan relations,japanese empire,rg59,U.S. State Department,japan-internal-affairs,Ecuador,propaganda,espionage,army,military affairs,U.S. State Department,,texts,eng
japan-internal-affairs-894.20223-military-affairs-army-2,"894.20223 Military Affairs. Army. Army Posts. Fortifications. Defenses. Military Instructors Advisers. ** Country In Which Serving., Military Activities Of Japan In Peru Including Gathering Of Information. Espionage. Propaganda., Februa 768-part-1.pdf","894.20223 Military Affairs. Army. Army Posts. Fortifications. Defenses. Military Instructors Advisers. ** Country In Which Serving., Military Activities Of Japan In Peru Including Gathering Of Information. Espionage 768-part-1.pdf","894.20223 Military Affairs. Army. Army Posts. Fortifications. Defenses. Military Instructors Advisers. ** Country In Which Serving., Military Activities Of Japan In Peru Including Gathering Of Information. Espionage. Propaganda., February 6 (File 768)","This document is part of the Records Department of State Relating to Internal Affairs of Japan 1930-1949, decimal 894 collection. These are public domain documents from the U.S. State Department from Record Group 59 of the National Archives of the United States.<br /><br />See this for a file index of the collection: <a href=""https://archive.org/details/japan-internal-affairs-1930-1949"">Records Department of State Relating to Internal Affairs of Japan 1930-1949 Decimal 894 - File List</a>",japan,japanese history,us-japan relations,japanese empire,rg59,U.S. State Department,japan-internal-affairs,Peru,propaganda,espionage,army,military affairs,U.S. State Department,,texts,eng
japan-internal-affairs-894.20223-military-affairs-army-2,"894.20223 Military Affairs. Army. Army Posts. Fortifications. Defenses. Military Instructors Advisers. ** Country In Which Serving., Military Activities Of Japan In Peru Including Gathering Of Information. Espionage. Propaganda., Februa 768-part-2.pdf","894.20223 Military Affairs. Army. Army Posts. Fortifications. Defenses. Military Instructors Advisers. ** Country In Which Serving., Military Activities Of Japan In Peru Including Gathering Of Information. Espionage 768-part-2.pdf",,,,,,,,,,,,,,,,,,
japan-internal-affairs-894.20223-military-affairs-army-3,"894.20223 Military Affairs. Army. Army Posts. Fortifications. Defenses. Military Instructors Advisers. ** Country In Which Serving., Military Activities Of Japan In Peru Including Gathering Of Information. Espionage. Propaganda., January 18 1723.pdf","894.20223 Military Affairs. Army. Army Posts. Fortifications. Defenses. Military Instructors Advisers. ** Country In Which Serving., Military Activities Of Japan In Peru Including Gathering Of Information. Espionage. Prop 1723.pdf","894.20223 Military Affairs. Army. Army Posts. Fortifications. Defenses. Military Instructors Advisers. ** Country In Which Serving., Military Activities Of Japan In Peru Including Gathering Of Information. Espionage. Propaganda., January 18 (File 1723)","This document is part of the Records Department of State Relating to Internal Affairs of Japan 1930-1949, decimal 894 collection. These are public domain documents from the U.S. State Department from Record Group 59 of the National Archives of the United States.<br /><br />See this for a file index of the collection: <a href=""https://archive.org/details/japan-internal-affairs-1930-1949"">Records Department of State Relating to Internal Affairs of Japan 1930-1949 Decimal 894 - File List</a>",japan,japanese history,us-japan relations,japanese empire,rg59,U.S. State Department,japan-internal-affairs,Peru,propaganda,espionage,army,military affairs,U.S. State Department,,texts,eng
japan-internal-affairs-894.20224-military-affairs-army,"894.20224 Military Affairs. Army. Army Posts. Fortifications. Defenses. Military Instructors Advisers. ** Country In Which Serving., Military Activities Of Japan In Bolivia Including Gathering Of Information. Espionage. Propaganda., Novembe 1513.pdf","894.20224 Military Affairs. Army. Army Posts. Fortifications. Defenses. Military Instructors Advisers. ** Country In Which Serving., Military Activities Of Japan In Bolivia Including Gathering Of Information. Espionage. P 1513.pdf","894.20224 Military Affairs. Army. Army Posts. Fortifications. Defenses. Military Instructors Advisers. ** Country In Which Serving., Military Activities Of Japan In Bolivia Including Gathering Of Information. Espionage. Propaganda., Novembe (File 1513)","This document is part of the Records Department of State Relating to Internal Affairs of Japan 1930-1949, decimal 894 collection. These are public domain documents from the U.S. State Department from Record Group 59 of the National Archives of the United States.<br /><br />See this for a file index of the collection: <a href=""https://archive.org/details/japan-internal-affairs-1930-1949"">Records Department of State Relating to Internal Affairs of Japan 1930-1949 Decimal 894 - File List</a>",japan,japanese history,us-japan relations,japanese empire,rg59,U.S. State Department,japan-internal-affairs,Bolivia,propaganda,espionage,army,military affairs,U.S. State Department,,texts,eng
japan-internal-affairs-894.20225-military-affairs-army-3,"894.20225 Military Affairs. Army. Army Posts. Fortifications. Defenses. Military Instructors Advisers. ** Country In Which Serving., Military Activities Of Japan In Chile Including Gathering Of Information. Espionage. Propaganda., December  1226.pdf","894.20225 Military Affairs. Army. Army Posts. Fortifications. Defenses. Military Instructors Advisers. ** Country In Which Serving., Military Activities Of Japan In Chile Including Gathering Of Information. Espionage. Pro 1226.pdf","894.20225 Military Affairs. Army. Army Posts. Fortifications. Defenses. Military Instructors Advisers. ** Country In Which Serving., Military Activities Of Japan In Chile Including Gathering Of Information. Espionage. Propaganda., December (File 1226)","This document is part of the Records Department of State Relating to Internal Affairs of Japan 1930-1949, decimal 894 collection. These are public domain documents from the U.S. State Department from Record Group 59 of the National Archives of the United States.<br /><br />See this for a file index of the collection: <a href=""https://archive.org/details/japan-internal-affairs-1930-1949"">Records Department of State Relating to Internal Affairs of Japan 1930-1949 Decimal 894 - File List</a>",japan,japanese history,us-japan relations,japanese empire,rg59,U.S. State Department,japan-internal-affairs,Chile,propaganda,espionage,army,military affairs,U.S. State Department,,texts,eng
japan-internal-affairs-894.20232-military-affairs-army-3,"894.20232 Military Affairs. Army. Army Posts. Fortifications. Defenses. Military Instructors Advisers. ** Country In Which Serving., Military Activities Of Japan In Brazil Including Gathering Of Information. Espionage. Propaganda., January  1681.pdf","894.20232 Military Affairs. Army. Army Posts. Fortifications. Defenses. Military Instructors Advisers. ** Country In Which Serving., Military Activities Of Japan In Brazil Including Gathering Of Information. Espionage. Pr 1681.pdf","894.20232 Military Affairs. Army. Army Posts. Fortifications. Defenses. Military Instructors Advisers. ** Country In Which Serving., Military Activities Of Japan In Brazil Including Gathering Of Information. Espionage. Propaganda., January (File 1681)","This document is part of the Records Department of State Relating to Internal Affairs of Japan 1930-1949, decimal 894 collection. These are public domain documents from the U.S. State Department from Record Group 59 of the National Archives of the United States.<br /><br />See this for a file index of the collection: <a href=""https://archive.org/details/japan-internal-affairs-1930-1949"">Records Department of State Relating to Internal Affairs of Japan 1930-1949 Decimal 894 - File List</a>",japan,japanese history,us-japan relations,japanese empire,rg59,U.S. State Department,japan-internal-affairs,Brazil,propaganda,espionage,army,military affairs,U.S. State Department,,texts,eng
japan-internal-affairs-894.20232-military-affairs-army-2,"894.20232 Military Affairs. Army. Army Posts. Fortifications. Defenses. Military Instructors Advisers. ** Country In Which Serving., Military Activities Of Japan In Brazil Including Gathering Of Information. Espionage. Propaganda., May 17,  1121.pdf","894.20232 Military Affairs. Army. Army Posts. Fortifications. Defenses. Military Instructors Advisers. ** Country In Which Serving., Military Activities Of Japan In Brazil Including Gathering Of Information. Espionage. Pr 1121.pdf","894.20232 Military Affairs. Army. Army Posts. Fortifications. Defenses. Military Instructors Advisers. ** Country In Which Serving., Military Activities Of Japan In Brazil Including Gathering Of Information. Espionage. Propaganda., May 17 (File 1121)","This document is part of the Records Department of State Relating to Internal Affairs of Japan 1930-1949, decimal 894 collection. These are public domain documents from the U.S. State Department from Record Group 59 of the National Archives of the United States.<br /><br />See this for a file index of the collection: <a href=""https://archive.org/details/japan-internal-affairs-1930-1949"">Records Department of State Relating to Internal Affairs of Japan 1930-1949 Decimal 894 - File List</a>",japan,japanese history,us-japan relations,japanese empire,rg59,U.S. State Department,japan-internal-affairs,Brazil,propaganda,espionage,army,military affairs,U.S. State Department,,texts,eng
japan-internal-affairs-894.20235-military-affairs-army-3,"894.20235 Military Affairs. Army. Army Posts. Fortifications. Defenses. Military Instructors Advisers. ** Country In Which Serving., Military Activities Of Japan In Argentina Including Gathering Of Information. Espionage. Propaganda., Febru 1590.pdf","894.20235 Military Affairs. Army. Army Posts. Fortifications. Defenses. Military Instructors Advisers. ** Country In Which Serving., Military Activities Of Japan In Argentina Including Gathering Of Information. Espionage 1590.pdf","894.20235 Military Affairs. Army. Army Posts. Fortifications. Defenses. Military Instructors Advisers. ** Country In Which Serving., Military Activities Of Japan In Argentina Including Gathering Of Information. Espionage. Propaganda., Febru (File 1590)","This document is part of the Records Department of State Relating to Internal Affairs of Japan 1930-1949, decimal 894 collection. These are public domain documents from the U.S. State Department from Record Group 59 of the National Archives of the United States.<br /><br />See this for a file index of the collection: <a href=""https://archive.org/details/japan-internal-affairs-1930-1949"">Records Department of State Relating to Internal Affairs of Japan 1930-1949 Decimal 894 - File List</a>",japan,japanese history,us-japan relations,japanese empire,rg59,U.S. State Department,japan-internal-affairs,Argentina,propaganda,espionage,army,military affairs,U.S. State Department,,texts,eng
japan-internal-affairs-894.20237-military-affairs-army-2,"894.20237 Military Affairs. Army. Army Posts. Fortifications. Defenses. Military Instructors Advisers. ** Country In Which Serving., Military Activities Of Japan In Cuba Including Gathering Of Information. Espionage. Propaganda., March 7, 1 996.pdf","894.20237 Military Affairs. Army. Army Posts. Fortifications. Defenses. Military Instructors Advisers. ** Country In Which Serving., Military Activities Of Japan In Cuba Including Gathering Of Information. Espionage. Propa 996.pdf","894.20237 Military Affairs. Army. Army Posts. Fortifications. Defenses. Military Instructors Advisers. ** Country In Which Serving., Military Activities Of Japan In Cuba Including Gathering Of Information. Espionage. Propaganda., March 7, 1 (File 996)","This document is part of the Records Department of State Relating to Internal Affairs of Japan 1930-1949, decimal 894 collection. These are public domain documents from the U.S. State Department from Record Group 59 of the National Archives of the United States.<br /><br />See this for a file index of the collection: <a href=""https://archive.org/details/japan-internal-affairs-1930-1949"">Records Department of State Relating to Internal Affairs of Japan 1930-1949 Decimal 894 - File List</a>",japan,japanese history,us-japan relations,japanese empire,rg59,U.S. State Department,japan-internal-affairs,Cuba,propaganda,espionage,army,military affairs,U.S. State Department,,texts,eng
japan-internal-affairs-894.20240-military-affairs-army-3,"894.20240 Military Affairs. Army. Army Posts. Fortifications. Defenses. Military Instructors Advisers. ** Country In Which Serving., Military Activities Of Japan In Europe Including Gathering Of Information. Espionage. Propaganda., February 1506.pdf","894.20240 Military Affairs. Army. Army Posts. Fortifications. Defenses. Military Instructors Advisers. ** Country In Which Serving., Military Activities Of Japan In Europe Including Gathering Of Information. Espionage. Pr 1506.pdf","894.20240 Military Affairs. Army. Army Posts. Fortifications. Defenses. Military Instructors Advisers. ** Country In Which Serving., Military Activities Of Japan In Europe Including Gathering Of Information. Espionage. Propaganda., February (File 1506)","This document is part of the Records Department of State Relating to Internal Affairs of Japan 1930-1949, decimal 894 collection. These are public domain documents from the U.S. State Department from Record Group 59 of the National Archives of the United States.<br /><br />See this for a file index of the collection: <a href=""https://archive.org/details/japan-internal-affairs-1930-1949"">Records Department of State Relating to Internal Affairs of Japan 1930-1949 Decimal 894 - File List</a>",japan,japanese history,us-japan relations,japanese empire,rg59,U.S. State Department,japan-internal-affairs,Europe,propaganda,espionage,army,military affairs,U.S. State Department,,texts,eng
japan-internal-affairs-894.20256d-military-affairs-army-5,"894.20256D Military Affairs. Army. Army Posts. Fortifications. Defenses. Military Instructors Advisers. ** Country In Which Serving., Military Activities Of Japan In Netherlands Indies Including Gathering Of Information. Espionage. Propagan 1395.pdf","894.20256D Military Affairs. Army. Army Posts. Fortifications. Defenses. Military Instructors Advisers. ** Country In Which Serving., Military Activities Of Japan In Netherlands Indies Including Gathering Of Information 1395.pdf","894.20256D Military Affairs. Army. Army Posts. Fortifications. Defenses. Military Instructors Advisers. ** Country In Which Serving., Military Activities Of Japan In Netherlands Indies Including Gathering Of Information. Espionage. Propagan (File 1395)","This document is part of the Records Department of State Relating to Internal Affairs of Japan 1930-1949, decimal 894 collection. These are public domain documents from the U.S. State Department from Record Group 59 of the National Archives of the United States.<br /><br />See this for a file index of the collection: <a href=""https://archive.org/details/japan-internal-affairs-1930-1949"">Records Department of State Relating to Internal Affairs of Japan 1930-1949 Decimal 894 - File List</a>",japan,japanese history,us-japan relations,japanese empire,rg59,U.S. State Department,japan-internal-affairs,Dutch East Indies,espionage,army,military affairs,,U.S. State Department,,texts,eng
japan-internal-affairs-894.20261-military-affairs-army-4,"894.20261 Military Affairs. Army. Army Posts. Fortifications. Defenses. Military Instructors Advisers. ** Country In Which Serving., Military Activities Of Japan In Union Of Soviet Socialist Republics Including Gathering Of Information. Esp 1399.pdf","894.20261 Military Affairs. Army. Army Posts. Fortifications. Defenses. Military Instructors Advisers. ** Country In Which Serving., Military Activities Of Japan In Union Of Soviet Socialist Republics Including Gathering 1399.pdf","894.20261 Military Affairs. Army. Army Posts. Fortifications. Defenses. Military Instructors Advisers. ** Country In Which Serving., Military Activities Of Japan In Union Of Soviet Socialist Republics Including Gathering Of Information. Esp (File 1399)","This document is part of the Records Department of State Relating to Internal Affairs of Japan 1930-1949, decimal 894 collection. These are public domain documents from the U.S. State Department from Record Group 59 of the National Archives of the United States.<br /><br />See this for a file index of the collection: <a href=""https://archive.org/details/japan-internal-affairs-1930-1949"">Records Department of State Relating to Internal Affairs of Japan 1930-1949 Decimal 894 - File List</a>",japan,japanese history,us-japan relations,japanese empire,rg59,U.S. State Department,japan-internal-affairs,Soviet Union,socialism,army,military affairs,,U.S. State Department,,texts,eng
japan-internal-affairs-894.20262-military-affairs-army-3,"894.20262 Military Affairs. Army. Army Posts. Fortifications. Defenses. Military Instructors Advisers. ** Country In Which Serving., Military Activities Of Japan In Germany Including Gathering Of Information. Espionage. Propaganda., January 792.pdf","894.20262 Military Affairs. Army. Army Posts. Fortifications. Defenses. Military Instructors Advisers. ** Country In Which Serving., Military Activities Of Japan In Germany Including Gathering Of Information. Espionage. Pr 792.pdf","894.20262 Military Affairs. Army. Army Posts. Fortifications. Defenses. Military Instructors Advisers. ** Country In Which Serving., Military Activities Of Japan In Germany Including Gathering Of Information. Espionage. Propaganda., January (File 792)","This document is part of the Records Department of State Relating to Internal Affairs of Japan 1930-1949, decimal 894 collection. These are public domain documents from the U.S. State Department from Record Group 59 of the National Archives of the United States.<br /><br />See this for a file index of the collection: <a href=""https://archive.org/details/japan-internal-affairs-1930-1949"">Records Department of State Relating to Internal Affairs of Japan 1930-1949 Decimal 894 - File List</a>",japan,japanese history,us-japan relations,japanese empire,rg59,U.S. State Department,japan-internal-affairs,Germany,propaganda,espionage,army,military affairs,U.S. State Department,,texts,eng
japan-internal-affairs-894.20292-military-affairs-army-3,"894.20292 Military Affairs. Army. Army Posts. Fortifications. Defenses. Military Instructors Advisers. ** Country In Which Serving., Military Activities Of Japan In Thailand Including Gathering Of Information. Espionage. Propaganda., March  1362.pdf","894.20292 Military Affairs. Army. Army Posts. Fortifications. Defenses. Military Instructors Advisers. ** Country In Which Serving., Military Activities Of Japan In Thailand Including Gathering Of Information. Espionage 1362.pdf","894.20292 Military Affairs. Army. Army Posts. Fortifications. Defenses. Military Instructors Advisers. ** Country In Which Serving., Military Activities Of Japan In Thailand Including Gathering Of Information. Espionage. Propaganda., March (File 1362)","This document is part of the Records Department of State Relating to Internal Affairs of Japan 1930-1949, decimal 894 collection. These are public domain documents from the U.S. State Department from Record Group 59 of the National Archives of the United States.<br /><br />See this for a file index of the collection: <a href=""https://archive.org/details/japan-internal-affairs-1930-1949"">Records Department of State Relating to Internal Affairs of Japan 1930-1949 Decimal 894 - File List</a>",japan,japanese history,us-japan relations,japanese empire,rg59,U.S. State Department,japan-internal-affairs,Thailand,propaganda,espionage,army,military affairs,U.S. State Department,,texts,eng
japan-internal-affairs-894.20293-military-affairs-army-5,"894.20293 Military Affairs. Army. Army Posts. Fortifications. Defenses. Military Instructors Advisers. ** Country In Which Serving., Military Activities Of Japan In China Including Gathering Of Information. Espionage. Propaganda., Febr 1793-part-1.pdf","894.20293 Military Affairs. Army. Army Posts. Fortifications. Defenses. Military Instructors Advisers. ** Country In Which Serving., Military Activities Of Japan In China Including Gathering Of Information. Espiona 1793-part-1.pdf","894.20293 Military Affairs. Army. Army Posts. Fortifications. Defenses. Military Instructors Advisers. ** Country In Which Serving., Military Activities Of Japan In China Including Gathering Of Information. Espionage. Propaganda., February (File 1793)","This document is part of the Records Department of State Relating to Internal Affairs of Japan 1930-1949, decimal 894 collection. These are public domain documents from the U.S. State Department from Record Group 59 of the National Archives of the United States.<br /><br />See this for a file index of the collection: <a href=""https://archive.org/details/japan-internal-affairs-1930-1949"">Records Department of State Relating to Internal Affairs of Japan 1930-1949 Decimal 894 - File List</a>",japan,japanese history,us-japan relations,japanese empire,rg59,U.S. State Department,japan-internal-affairs,China,propaganda,espionage,army,military affairs,U.S. State Department,,texts,eng
japan-internal-affairs-894.20293-military-affairs-army-5,"894.20293 Military Affairs. Army. Army Posts. Fortifications. Defenses. Military Instructors Advisers. ** Country In Which Serving., Military Activities Of Japan In China Including Gathering Of Information. Espionage. Propaganda., Febr 1793-part-2.pdf","894.20293 Military Affairs. Army. Army Posts. Fortifications. Defenses. Military Instructors Advisers. ** Country In Which Serving., Military Activities Of Japan In China Including Gathering Of Information. Espiona 1793-part-2.pdf",,,,,,,,,,,,,,,,,,
japan-internal-affairs-894.20293-military-affairs-army-3,"894.20293 Military Affairs. Army. Army Posts. Fortifications. Defenses. Military Instructors Advisers. ** Country In Which Serving., Military Activities Of Japan In China Including Gathering Of Information. Espionage. Propaganda., June 30,  1116.pdf","894.20293 Military Affairs. Army. Army Posts. Fortifications. Defenses. Military Instructors Advisers. ** Country In Which Serving., Military Activities Of Japan In China Including Gathering Of Information. Espionage. Pro 1116.pdf","894.20293 Military Affairs. Army. Army Posts. Fortifications. Defenses. Military Instructors Advisers. ** Country In Which Serving., Military Activities Of Japan In China Including Gathering Of Information. Espionage. Propaganda., June 30 (File 1116)","This document is part of the Records Department of State Relating to Internal Affairs of Japan 1930-1949, decimal 894 collection. These are public domain documents from the U.S. State Department from Record Group 59 of the National Archives of the United States.<br /><br />See this for a file index of the collection: <a href=""https://archive.org/details/japan-internal-affairs-1930-1949"">Records Department of State Relating to Internal Affairs of Japan 1930-1949 Decimal 894 - File List</a>",japan,japanese history,us-japan relations,japanese empire,rg59,U.S. State Department,japan-internal-affairs,China,propaganda,espionage,army,military affairs,U.S. State Department,,texts,eng
japan-internal-affairs-894.20293-military-affairs-army-4,"894.20293 Military Affairs. Army. Army Posts. Fortifications. Defenses. Military Instructors Advisers. ** Country In Which Serving., Military Activities Of Japan In China Including Gathering Of Information. Espionage. Propaganda., September 1437.pdf","894.20293 Military Affairs. Army. Army Posts. Fortifications. Defenses. Military Instructors Advisers. ** Country In Which Serving., Military Activities Of Japan In China Including Gathering Of Information. Espionage. Pro 1437.pdf","894.20293 Military Affairs. Army. Army Posts. Fortifications. Defenses. Military Instructors Advisers. ** Country In Which Serving., Military Activities Of Japan In China Including Gathering Of Information. Espionage. Propaganda., September (File 1437)","This document is part of the Records Department of State Relating to Internal Affairs of Japan 1930-1949, decimal 894 collection. These are public domain documents from the U.S. State Department from Record Group 59 of the National Archives of the United States.<br /><br />See this for a file index of the collection: <a href=""https://archive.org/details/japan-internal-affairs-1930-1949"">Records Department of State Relating to Internal Affairs of Japan 1930-1949 Decimal 894 - File List</a>",japan,japanese history,us-japan relations,japanese empire,rg59,U.S. State Department,japan-internal-affairs,China,propaganda,espionage,army,military affairs,U.S. State Department,,texts,eng
japan-internal-affairs-894.2222-personnel-organization-discipline-4,"894.2222 Personnel. Organization. Discipline. Mutiny. Compulsory Military Service., Enlisted Men., Conscription. Draft. For Treaties, Conventions, Arrangements, Ect., Add Country Number , Using Smaller Number Of Country For **., October 3 1232.pdf","894.2222 Personnel. Organization. Discipline. Mutiny. Compulsory Military Service., Enlisted Men., Conscription. Draft. For Treaties, Conventions, Arrangements, Ect., Add Country Number , Using Smaller Number Of Country F 1232.pdf","894.2222 Personnel. Organization. Discipline. Mutiny. Compulsory Military Service., Enlisted Men., Conscription. Draft. For Treaties, Conventions, Arrangements, Ect., Add Country Number, Using Smaller Number Of Country For **., October 3 (File 1232)","This document is part of the Records Department of State Relating to Internal Affairs of Japan 1930-1949, decimal 894 collection. These are public domain documents from the U.S. State Department from Record Group 59 of the National Archives of the United States.<br /><br />See this for a file index of the collection: <a href=""https://archive.org/details/japan-internal-affairs-1930-1949"">Records Department of State Relating to Internal Affairs of Japan 1930-1949 Decimal 894 - File List</a>",japan,japanese history,us-japan relations,japanese empire,rg59,U.S. State Department,japan-internal-affairs,enlistment,conscription,military personnel,military discipline,,U.S. State Department,,texts,eng
japan-internal-affairs-894.23-movement-of-troops-3,"894.23 Movement Of Troops. Rules, Ect., Regarding Visits Of Foreign Military Bodies, 800.213**., November 29, 1931 - November 28, 1938 1059.pdf",,"894.23 Movement Of Troops. Rules, Ect., Regarding Visits Of Foreign Military Bodies, 800.213**., November 29, 1931 - November 28, 1938 (File 1059)","This document is part of the Records Department of State Relating to Internal Affairs of Japan 1930-1949, decimal 894 collection. These are public domain documents from the U.S. State Department from Record Group 59 of the National Archives of the United States.<br /><br />See this for a file index of the collection: <a href=""https://archive.org/details/japan-internal-affairs-1930-1949"">Records Department of State Relating to Internal Affairs of Japan 1930-1949 Decimal 894 - File List</a>",japan,japanese history,us-japan relations,japanese empire,rg59,U.S. State Department,japan-internal-affairs,troop movements,military visits,,,,U.S. State Department,1931-11-29,texts,eng
japan-internal-affairs-894.23-movement-of-troops-4,"894.23 Movement Of Troops. Rules, Ect., Regarding Visits Of Foreign Military Bodies, 800.213**., October 26, 1940 - September 30, 1941 1303.pdf",,"894.23 Movement Of Troops. Rules, Ect., Regarding Visits Of Foreign Military Bodies, 800.213**., October 26, 1940 - September 30, 1941 (File 1303)","This document is part of the Records Department of State Relating to Internal Affairs of Japan 1930-1949, decimal 894 collection. These are public domain documents from the U.S. State Department from Record Group 59 of the National Archives of the United States.<br /><br />See this for a file index of the collection: <a href=""https://archive.org/details/japan-internal-affairs-1930-1949"">Records Department of State Relating to Internal Affairs of Japan 1930-1949 Decimal 894 - File List</a>",japan,japanese history,us-japan relations,japanese empire,rg59,U.S. State Department,japan-internal-affairs,troop movements,military visits,,,,U.S. State Department,1940-10-26,texts,eng
japan-internal-affairs-894.24-japan-equipment-and-7,"894.24 Japan, Equipment And Supplies., February 9, 1932 - March 2, 1938 1003.pdf",,"894.24 Japan, Equipment And Supplies., February 9, 1932 - March 2, 1938 (File 1003)","This document is part of the Records Department of State Relating to Internal Affairs of Japan 1930-1949, decimal 894 collection. These are public domain documents from the U.S. State Department from Record Group 59 of the National Archives of the United States.<br /><br />See this for a file index of the collection: <a href=""https://archive.org/details/japan-internal-affairs-1930-1949"">Records Department of State Relating to Internal Affairs of Japan 1930-1949 Decimal 894 - File List</a>",japan,japanese history,us-japan relations,japanese empire,rg59,U.S. State Department,japan-internal-affairs,military supplies,logistics,,,,U.S. State Department,1932-02-09,texts,eng
japan-internal-affairs-894.24-japan-equipment-and-16,"894.24 Japan, Equipment And Supplies., January 30, 1941 - July 11, 1941 1283-part-1.pdf",,"894.24 Japan, Equipment And Supplies., January 30, 1941 - July 11, 1941 (File 1283)","This document is part of the Records Department of State Relating to Internal Affairs of Japan 1930-1949, decimal 894 collection. These are public domain documents from the U.S. State Department from Record Group 59 of the National Archives of the United States.<br /><br />See this for a file index of the collection: <a href=""https://archive.org/details/japan-internal-affairs-1930-1949"">Records Department of State Relating to Internal Affairs of Japan 1930-1949 Decimal 894 - File List</a>",japan,japanese history,us-japan relations,japanese empire,rg59,U.S. State Department,japan-internal-affairs,military supplies,logistics,,,,U.S. State Department,1941-01-30,texts,eng
japan-internal-affairs-894.24-japan-equipment-and-16,"894.24 Japan, Equipment And Supplies., January 30, 1941 - July 11, 1941 1283-part-2.pdf",,,,,,,,,,,,,,,,,,,
japan-internal-affairs-894.24-japan-equipment-and-18,"894.24 Japan, Equipment And Supplies., January 4, 1945 - October 7, 1946 1534.pdf",,"894.24 Japan, Equipment And Supplies., January 4, 1945 - October 7, 1946 (File 1534)","This document is part of the Records Department of State Relating to Internal Affairs of Japan 1930-1949, decimal 894 collection. These are public domain documents from the U.S. State Department from Record Group 59 of the National Archives of the United States.<br /><br />See this for a file index of the collection: <a href=""https://archive.org/details/japan-internal-affairs-1930-1949"">Records Department of State Relating to Internal Affairs of Japan 1930-1949 Decimal 894 - File List</a>",japan,japanese history,us-japan relations,japanese empire,rg59,U.S. State Department,japan-internal-affairs,military supplies,logistics,,,,U.S. State Department,1945-01-04,texts,eng
japan-internal-affairs-894.24-japan-equipment-and-17,"894.24 Japan, Equipment And Supplies., July 15, 1941 - October 28, 1944 1460-part-1.pdf",,"894.24 Japan, Equipment And Supplies., July 15, 1941 - October 28, 1944 (File 1460)","This document is part of the Records Department of State Relating to Internal Affairs of Japan 1930-1949, decimal 894 collection. These are public domain documents from the U.S. State Department from Record Group 59 of the National Archives of the United States.<br /><br />See this for a file index of the collection: <a href=""https://archive.org/details/japan-internal-affairs-1930-1949"">Records Department of State Relating to Internal Affairs of Japan 1930-1949 Decimal 894 - File List</a>",japan,japanese history,us-japan relations,japanese empire,rg59,U.S. State Department,japan-internal-affairs,military supplies,logistics,,,,U.S. State Department,1941-07-15,texts,eng
japan-internal-affairs-894.24-japan-equipment-and-17,"894.24 Japan, Equipment And Supplies., July 15, 1941 - October 28, 1944 1460-part-2.pdf",,,,,,,,,,,,,,,,,,,
japan-internal-affairs-894.24-japan-equipment-and-14,"894.24 Japan, Equipment And Supplies., July 23rd, 1940 - June 24, 1941 1277.pdf",,"894.24 Japan, Equipment And Supplies., July 23rd, 1940 - June 24, 1941 (File 1277)","This document is part of the Records Department of State Relating to Internal Affairs of Japan 1930-1949, decimal 894 collection. These are public domain documents from the U.S. State Department from Record Group 59 of the National Archives of the United States.<br /><br />See this for a file index of the collection: <a href=""https://archive.org/details/japan-internal-affairs-1930-1949"">Records Department of State Relating to Internal Affairs of Japan 1930-1949 Decimal 894 - File List</a>",japan,japanese history,us-japan relations,japanese empire,rg59,U.S. State Department,japan-internal-affairs,military supplies,logistics,,,,U.S. State Department,1940-07-23,texts,eng
japan-internal-affairs-894.24-japan-equipment-and-8,"894.24 Japan, Equipment And Supplies., March 14, 1938 - October 31, 1938 1052-part-1.pdf",,"894.24 Japan, Equipment And Supplies., March 14, 1938 - October 31, 1938 (File 1052)","This document is part of the Records Department of State Relating to Internal Affairs of Japan 1930-1949, decimal 894 collection. These are public domain documents from the U.S. State Department from Record Group 59 of the National Archives of the United States.<br /><br />See this for a file index of the collection: <a href=""https://archive.org/details/japan-internal-affairs-1930-1949"">Records Department of State Relating to Internal Affairs of Japan 1930-1949 Decimal 894 - File List</a>",japan,japanese history,us-japan relations,japanese empire,rg59,U.S. State Department,japan-internal-affairs,military supplies,logistics,,,,U.S. State Department,1938-03-14,texts,eng
japan-internal-affairs-894.24-japan-equipment-and-8,"894.24 Japan, Equipment And Supplies., March 14, 1938 - October 31, 1938 1052-part-2.pdf",,,,,,,,,,,,,,,,,,,
japan-internal-affairs-894.24-japan-equipment-and-12,"894.24 Japan, Equipment And Supplies., May 18, 1940 - October 22, 1940 1221-part-1.pdf",,"894.24 Japan, Equipment And Supplies., May 18, 1940 - October 22, 1940 (File 1221)","This document is part of the Records Department of State Relating to Internal Affairs of Japan 1930-1949, decimal 894 collection. These are public domain documents from the U.S. State Department from Record Group 59 of the National Archives of the United States.<br /><br />See this for a file index of the collection: <a href=""https://archive.org/details/japan-internal-affairs-1930-1949"">Records Department of State Relating to Internal Affairs of Japan 1930-1949 Decimal 894 - File List</a>",japan,japanese history,us-japan relations,japanese empire,rg59,U.S. State Department,japan-internal-affairs,military supplies,logistics,,,,U.S. State Department,1940-05-18,texts,eng
japan-internal-affairs-894.24-japan-equipment-and-12,"894.24 Japan, Equipment And Supplies., May 18, 1940 - October 22, 1940 1221-part-2.pdf",,,,,,,,,,,,,,,,,,,
japan-internal-affairs-894.24-japan-equipment-and-13,"894.24 Japan, Equipment And Supplies., May 23, 1940 - August 14, 1940 1206.pdf",,"894.24 Japan, Equipment And Supplies., May 23, 1940 - August 14, 1940 (File 1206)","This document is part of the Records Department of State Relating to Internal Affairs of Japan 1930-1949, decimal 894 collection. These are public domain documents from the U.S. State Department from Record Group 59 of the National Archives of the United States.<br /><br />See this for a file index of the collection: <a href=""https://archive.org/details/japan-internal-affairs-1930-1949"">Records Department of State Relating to Internal Affairs of Japan 1930-1949 Decimal 894 - File List</a>",japan,japanese history,us-japan relations,japanese empire,rg59,U.S. State Department,japan-internal-affairs,military supplies,logistics,,,,U.S. State Department,1940-05-23,texts,eng
japan-internal-affairs-894.24-japan-equipment-and-11,"894.24 Japan, Equipment And Supplies., May 23rd, 1939 - December 29, 1939 1171.pdf",,"894.24 Japan, Equipment And Supplies., May 23rd, 1939 - December 29, 1939 (File 1171)","This document is part of the Records Department of State Relating to Internal Affairs of Japan 1930-1949, decimal 894 collection. These are public domain documents from the U.S. State Department from Record Group 59 of the National Archives of the United States.<br /><br />See this for a file index of the collection: <a href=""https://archive.org/details/japan-internal-affairs-1930-1949"">Records Department of State Relating to Internal Affairs of Japan 1930-1949 Decimal 894 - File List</a>",japan,japanese history,us-japan relations,japanese empire,rg59,U.S. State Department,japan-internal-affairs,military supplies,logistics,,,,U.S. State Department,1939-05-23,texts,eng
japan-internal-affairs-894.24-japan-equipment-and-10,"894.24 Japan, Equipment And Supplies., November 22, 1938 - May 1, 1939 1098-part-1.pdf",,"894.24 Japan, Equipment And Supplies., November 22, 1938 - May 1, 1939 (File 1098)","This document is part of the Records Department of State Relating to Internal Affairs of Japan 1930-1949, decimal 894 collection. These are public domain documents from the U.S. State Department from Record Group 59 of the National Archives of the United States.<br /><br />See this for a file index of the collection: <a href=""https://archive.org/details/japan-internal-affairs-1930-1949"">Records Department of State Relating to Internal Affairs of Japan 1930-1949 Decimal 894 - File List</a>",japan,japanese history,us-japan relations,japanese empire,rg59,U.S. State Department,japan-internal-affairs,military supplies,logistics,,,,U.S. State Department,1938-11-22,texts,eng
japan-internal-affairs-894.24-japan-equipment-and-10,"894.24 Japan, Equipment And Supplies., November 22, 1938 - May 1, 1939 1098-part-2.pdf",,,,,,,,,,,,,,,,,,,
japan-internal-affairs-894.24-japan-equipment-and-15,"894.24 Japan, Equipment And Supplies., October 2, 1940 - February 27, 1941 1248.pdf",,"894.24 Japan, Equipment And Supplies., October 2, 1940 - February 27, 1941 (File 1248)","This document is part of the Records Department of State Relating to Internal Affairs of Japan 1930-1949, decimal 894 collection. These are public domain documents from the U.S. State Department from Record Group 59 of the National Archives of the United States.<br /><br />See this for a file index of the collection: <a href=""https://archive.org/details/japan-internal-affairs-1930-1949"">Records Department of State Relating to Internal Affairs of Japan 1930-1949 Decimal 894 - File List</a>",japan,japanese history,us-japan relations,japanese empire,rg59,U.S. State Department,japan-internal-affairs,military supplies,logistics,,,,U.S. State Department,1940-10-02,texts,eng
japan-internal-affairs-894.24-japan-equipment-and-9,"894.24 Japan, Equipment And Supplies., October 24, 1938 - November 19, 1938 1056.pdf",,"894.24 Japan, Equipment And Supplies., October 24, 1938 - November 19, 1938 (File 1056)","This document is part of the Records Department of State Relating to Internal Affairs of Japan 1930-1949, decimal 894 collection. These are public domain documents from the U.S. State Department from Record Group 59 of the National Archives of the United States.<br /><br />See this for a file index of the collection: <a href=""https://archive.org/details/japan-internal-affairs-1930-1949"">Records Department of State Relating to Internal Affairs of Japan 1930-1949 Decimal 894 - File List</a>",japan,japanese history,us-japan relations,japanese empire,rg59,U.S. State Department,japan-internal-affairs,military supplies,logistics,,,,U.S. State Department,1938-10-24,texts,eng
japan-internal-affairs-894.248-equipment-and-supplies-3,"894.248 Equipment And Supplies., Japan, Aircraft. Accidents.Landing Fields. Stations., February 19, 1932 - February 21, 1939 1077.pdf",,"894.248 Equipment And Supplies., Japan, Aircraft. Accidents.Landing Fields. Stations., February 19, 1932 - February 21, 1939 (File 1077)","This document is part of the Records Department of State Relating to Internal Affairs of Japan 1930-1949, decimal 894 collection. These are public domain documents from the U.S. State Department from Record Group 59 of the National Archives of the United States.<br /><br />See this for a file index of the collection: <a href=""https://archive.org/details/japan-internal-affairs-1930-1949"">Records Department of State Relating to Internal Affairs of Japan 1930-1949 Decimal 894 - File List</a>",japan,japanese history,us-japan relations,japanese empire,rg59,U.S. State Department,japan-internal-affairs,airfields,aircraft,military supplies,logistics,,U.S. State Department,1932-02-19,texts,eng
japan-internal-affairs-894.248-equipment-and-supplies-4,"894.248 Equipment And Supplies., Japan, Aircraft. Accidents.Landing Fields. Stations., January 2, 1940 - March 21, 1944 1420.pdf",,"894.248 Equipment And Supplies., Japan, Aircraft. Accidents.Landing Fields. Stations., January 2, 1940 - March 21, 1944 (File 1420)","This document is part of the Records Department of State Relating to Internal Affairs of Japan 1930-1949, decimal 894 collection. These are public domain documents from the U.S. State Department from Record Group 59 of the National Archives of the United States.<br /><br />See this for a file index of the collection: <a href=""https://archive.org/details/japan-internal-affairs-1930-1949"">Records Department of State Relating to Internal Affairs of Japan 1930-1949 Decimal 894 - File List</a>",japan,japanese history,us-japan relations,japanese empire,rg59,U.S. State Department,japan-internal-affairs,airfields,aircraft,military supplies,logistics,,U.S. State Department,1940-01-02,texts,eng
japan-internal-affairs-894.30-naval-affairs-navy-6,"894.30 Naval Affairs. Navy Naval Vessels. Naval Instructors Advisers. ** Country In Which Serving., July 27, 1947 - December 5, 1949 1798.pdf",,"894.30 Naval Affairs. Navy Naval Vessels. Naval Instructors Advisers. ** Country In Which Serving., July 27, 1947 - December 5, 1949 (File 1798)","This document is part of the Records Department of State Relating to Internal Affairs of Japan 1930-1949, decimal 894 collection. These are public domain documents from the U.S. State Department from Record Group 59 of the National Archives of the United States.<br /><br />See this for a file index of the collection: <a href=""https://archive.org/details/japan-internal-affairs-1930-1949"">Records Department of State Relating to Internal Affairs of Japan 1930-1949 Decimal 894 - File List</a>",japan,japanese history,us-japan relations,japanese empire,rg59,U.S. State Department,japan-internal-affairs,navy,naval affairs,naval vessels,,,U.S. State Department,1947-07-27,texts,eng
japan-internal-affairs-894.30-naval-affairs-navy-4,"894.30 Naval Affairs. Navy Naval Vessels. Naval Instructors Advisers. ** Country In Which Serving., October 12, 1931 - December 6, 1932 763.pdf",,"894.30 Naval Affairs. Navy Naval Vessels. Naval Instructors Advisers. ** Country In Which Serving., October 12, 1931 - December 6, 1932 (File 763)","This document is part of the Records Department of State Relating to Internal Affairs of Japan 1930-1949, decimal 894 collection. These are public domain documents from the U.S. State Department from Record Group 59 of the National Archives of the United States.<br /><br />See this for a file index of the collection: <a href=""https://archive.org/details/japan-internal-affairs-1930-1949"">Records Department of State Relating to Internal Affairs of Japan 1930-1949 Decimal 894 - File List</a>",japan,japanese history,us-japan relations,japanese empire,rg59,U.S. State Department,japan-internal-affairs,navy,naval affairs,naval vessels,,,U.S. State Department,1931-10-12,texts,eng
japan-internal-affairs-894.30-naval-affairs-navy-5,"894.30 Naval Affairs. Navy Naval Vessels. Naval Instructors Advisers. ** Country In Which Serving., September 13, 1945 - July 22, 1947 1587.pdf",,"894.30 Naval Affairs. Navy Naval Vessels. Naval Instructors Advisers. ** Country In Which Serving., September 13, 1945 - July 22, 1947 (File 1587)","This document is part of the Records Department of State Relating to Internal Affairs of Japan 1930-1949, decimal 894 collection. These are public domain documents from the U.S. State Department from Record Group 59 of the National Archives of the United States.<br /><br />See this for a file index of the collection: <a href=""https://archive.org/details/japan-internal-affairs-1930-1949"">Records Department of State Relating to Internal Affairs of Japan 1930-1949 Decimal 894 - File List</a>",japan,japanese history,us-japan relations,japanese empire,rg59,U.S. State Department,japan-internal-affairs,navy,naval affairs,naval vessels,,,U.S. State Department,1945-09-13,texts,eng
japan-internal-affairs-894.32-japan-personnel-organization-5,"894.32 Japan, Personnel. Organization. Discipline. Mutiny. Compulsory Naval Services., April 9, 1941 1257.pdf",,"894.32 Japan, Personnel. Organization. Discipline. Mutiny. Compulsory Naval Services., April 9, 1941 (File 1257)","This document is part of the Records Department of State Relating to Internal Affairs of Japan 1930-1949, decimal 894 collection. These are public domain documents from the U.S. State Department from Record Group 59 of the National Archives of the United States.<br /><br />See this for a file index of the collection: <a href=""https://archive.org/details/japan-internal-affairs-1930-1949"">Records Department of State Relating to Internal Affairs of Japan 1930-1949 Decimal 894 - File List</a>",japan,japanese history,us-japan relations,japanese empire,rg59,U.S. State Department,japan-internal-affairs,navy,naval personnel,military discipline,,,U.S. State Department,1941-04-09,texts,eng
japan-internal-affairs-894.32-japan-personnel-organization-6,"894.32 Japan, Personnel. Organization. Discipline. Mutiny. Compulsory Naval Services., September 30, 1941 1304.pdf",,"894.32 Japan, Personnel. Organization. Discipline. Mutiny. Compulsory Naval Services., September 30, 1941 (File 1304)","This document is part of the Records Department of State Relating to Internal Affairs of Japan 1930-1949, decimal 894 collection. These are public domain documents from the U.S. State Department from Record Group 59 of the National Archives of the United States.<br /><br />See this for a file index of the collection: <a href=""https://archive.org/details/japan-internal-affairs-1930-1949"">Records Department of State Relating to Internal Affairs of Japan 1930-1949 Decimal 894 - File List</a>",japan,japanese history,us-japan relations,japanese empire,rg59,U.S. State Department,japan-internal-affairs,navy,naval personnel,military discipline,,,U.S. State Department,1941-09-30,texts,eng
japan-internal-affairs-894.33-movements-of-naval-4,"894.33 Movements Of Naval Vessels. Rules, Ect., Regarding Visits Of Foreign Naval Vessels, 800.33**., May 16, 1940 - November 15, 1943 1401.pdf",,"894.33 Movements Of Naval Vessels. Rules, Ect., Regarding Visits Of Foreign Naval Vessels, 800.33**., May 16, 1940 - November 15, 1943 (File 1401)","This document is part of the Records Department of State Relating to Internal Affairs of Japan 1930-1949, decimal 894 collection. These are public domain documents from the U.S. State Department from Record Group 59 of the National Archives of the United States.<br /><br />See this for a file index of the collection: <a href=""https://archive.org/details/japan-internal-affairs-1930-1949"">Records Department of State Relating to Internal Affairs of Japan 1930-1949 Decimal 894 - File List</a>",japan,japanese history,us-japan relations,japanese empire,rg59,U.S. State Department,japan-internal-affairs,naval visits,navy,,,,U.S. State Department,1940-05-16,texts,eng
japan-internal-affairs-894.3311-visits-of-vessels-8,"894.3311 Visits Of Vessels And Aircraft Of Japan To Ports Of United States., January 4, 1940 - July 10, 1941 1282.pdf",,"894.3311 Visits Of Vessels And Aircraft Of Japan To Ports Of United States., January 4, 1940 - July 10, 1941 (File 1282)","This document is part of the Records Department of State Relating to Internal Affairs of Japan 1930-1949, decimal 894 collection. These are public domain documents from the U.S. State Department from Record Group 59 of the National Archives of the United States.<br /><br />See this for a file index of the collection: <a href=""https://archive.org/details/japan-internal-affairs-1930-1949"">Records Department of State Relating to Internal Affairs of Japan 1930-1949 Decimal 894 - File List</a>",japan,japanese history,us-japan relations,japanese empire,rg59,U.S. State Department,japan-internal-affairs,United States,naval visits,,,,U.S. State Department,1940-01-04,texts,eng
japan-internal-affairs-894.3311-visits-of-vessels-6,"894.3311 Visits Of Vessels And Aircraft Of Japan To Ports Of United States., January 7, 1930 - May 20, 1936 912.pdf",,"894.3311 Visits Of Vessels And Aircraft Of Japan To Ports Of United States., January 7, 1930 - May 20, 1936 (File 912)","This document is part of the Records Department of State Relating to Internal Affairs of Japan 1930-1949, decimal 894 collection. These are public domain documents from the U.S. State Department from Record Group 59 of the National Archives of the United States.<br /><br />See this for a file index of the collection: <a href=""https://archive.org/details/japan-internal-affairs-1930-1949"">Records Department of State Relating to Internal Affairs of Japan 1930-1949 Decimal 894 - File List</a>",japan,japanese history,us-japan relations,japanese empire,rg59,U.S. State Department,japan-internal-affairs,United States,naval visits,,,,U.S. State Department,1930-01-07,texts,eng
japan-internal-affairs-894.3311-visits-of-vessels-7,"894.3311 Visits Of Vessels And Aircraft Of Japan To Ports Of United States., May 21, 1936 - January 3, 1940 1172-part-1.pdf",,"894.3311 Visits Of Vessels And Aircraft Of Japan To Ports Of United States., May 21, 1936 - January 3, 1940 (File 1172)","This document is part of the Records Department of State Relating to Internal Affairs of Japan 1930-1949, decimal 894 collection. These are public domain documents from the U.S. State Department from Record Group 59 of the National Archives of the United States.<br /><br />See this for a file index of the collection: <a href=""https://archive.org/details/japan-internal-affairs-1930-1949"">Records Department of State Relating to Internal Affairs of Japan 1930-1949 Decimal 894 - File List</a>",japan,japanese history,us-japan relations,japanese empire,rg59,U.S. State Department,japan-internal-affairs,United States,naval visits,,,,U.S. State Department,1936-05-21,texts,eng
japan-internal-affairs-894.3311-visits-of-vessels-7,"894.3311 Visits Of Vessels And Aircraft Of Japan To Ports Of United States., May 21, 1936 - January 3, 1940 1172-part-2.pdf",,,,,,,,,,,,,,,,,,,
japan-internal-affairs-894.3311b-visits-of-vessels-3,"894.3311B Visits Of Vessels And Aircraft Of Japan To Ports Of Philippine Islands., February 4, 1931 - January 3, 1940 1173.pdf",,"894.3311B Visits Of Vessels And Aircraft Of Japan To Ports Of Philippine Islands., February 4, 1931 - January 3, 1940 (File 1173)","This document is part of the Records Department of State Relating to Internal Affairs of Japan 1930-1949, decimal 894 collection. These are public domain documents from the U.S. State Department from Record Group 59 of the National Archives of the United States.<br /><br />See this for a file index of the collection: <a href=""https://archive.org/details/japan-internal-affairs-1930-1949"">Records Department of State Relating to Internal Affairs of Japan 1930-1949 Decimal 894 - File List</a>",japan,japanese history,us-japan relations,japanese empire,rg59,U.S. State Department,japan-internal-affairs,Philippines,naval visits,,,,U.S. State Department,1931-02-04,texts,eng
japan-internal-affairs-894.3311b-visits-of-vessels-4,"894.3311B Visits Of Vessels And Aircraft Of Japan To Ports Of Philippine Islands., January 6, 1940 - June 4, 1941 1269.pdf",,"894.3311B Visits Of Vessels And Aircraft Of Japan To Ports Of Philippine Islands., January 6, 1940 - June 4, 1941 (File 1269)","This document is part of the Records Department of State Relating to Internal Affairs of Japan 1930-1949, decimal 894 collection. These are public domain documents from the U.S. State Department from Record Group 59 of the National Archives of the United States.<br /><br />See this for a file index of the collection: <a href=""https://archive.org/details/japan-internal-affairs-1930-1949"">Records Department of State Relating to Internal Affairs of Japan 1930-1949 Decimal 894 - File List</a>",japan,japanese history,us-japan relations,japanese empire,rg59,U.S. State Department,japan-internal-affairs,Philippines,naval visits,,,,U.S. State Department,1940-01-06,texts,eng
japan-internal-affairs-894.3393-visits-of-vessels-4,"894.3393 Visits Of Vessels And Aircraft Of Japan To Ports Of China., February 10, 1932 - April 3, 1939 1091.pdf",,"894.3393 Visits Of Vessels And Aircraft Of Japan To Ports Of China., February 10, 1932 - April 3, 1939 (File 1091)","This document is part of the Records Department of State Relating to Internal Affairs of Japan 1930-1949, decimal 894 collection. These are public domain documents from the U.S. State Department from Record Group 59 of the National Archives of the United States.<br /><br />See this for a file index of the collection: <a href=""https://archive.org/details/japan-internal-affairs-1930-1949"">Records Department of State Relating to Internal Affairs of Japan 1930-1949 Decimal 894 - File List</a>",japan,japanese history,us-japan relations,japanese empire,rg59,U.S. State Department,japan-internal-affairs,China,naval visits,,,,U.S. State Department,1932-02-10,texts,eng
japan-internal-affairs-894.34-japan-equipment-and-5,"894.34 Japan, Equipment And Supplies. Included Construction, Purchase And Sale Of Vessels. Repairs To Foreign Naval Vessels., February 11, 1940 - March 11, 1944 1418.pdf",,"894.34 Japan, Equipment And Supplies. Included Construction, Purchase And Sale Of Vessels. Repairs To Foreign Naval Vessels., February 11, 1940 - March 11, 1944 (File 1418)","This document is part of the Records Department of State Relating to Internal Affairs of Japan 1930-1949, decimal 894 collection. These are public domain documents from the U.S. State Department from Record Group 59 of the National Archives of the United States.<br /><br />See this for a file index of the collection: <a href=""https://archive.org/details/japan-internal-affairs-1930-1949"">Records Department of State Relating to Internal Affairs of Japan 1930-1949 Decimal 894 - File List</a>",japan,japanese history,us-japan relations,japanese empire,rg59,U.S. State Department,japan-internal-affairs,navy,warships,military supplies,logistics,,U.S. State Department,1940-02-11,texts,eng
japan-internal-affairs-894.34-japan-equipment-and-4,"894.34 Japan, Equipment And Supplies. Included Construction, Purchase And Sale Of Vessels. Repairs To Foreign Naval Vessels., May 5, 1930 - December 26, 1939 1165.pdf",,"894.34 Japan, Equipment And Supplies. Included Construction, Purchase And Sale Of Vessels. Repairs To Foreign Naval Vessels., May 5, 1930 - December 26, 1939 (File 1165)","This document is part of the Records Department of State Relating to Internal Affairs of Japan 1930-1949, decimal 894 collection. These are public domain documents from the U.S. State Department from Record Group 59 of the National Archives of the United States.<br /><br />See this for a file index of the collection: <a href=""https://archive.org/details/japan-internal-affairs-1930-1949"">Records Department of State Relating to Internal Affairs of Japan 1930-1949 Decimal 894 - File List</a>",japan,japanese history,us-japan relations,japanese empire,rg59,U.S. State Department,japan-internal-affairs,navy,warships,military supplies,logistics,,U.S. State Department,1930-05-05,texts,eng
japan-internal-affairs-894.3472-equipment-and-supplies-4,"894.3472 Equipment And Supplies. Included Construction, Purchase And Sale Of Vessels. Repairs To Foreign Naval Vessels., Fuel., Japan, Oil., March 8, 1940 - August 3, 1940 1201.pdf",,"894.3472 Equipment And Supplies. Included Construction, Purchase And Sale Of Vessels. Repairs To Foreign Naval Vessels., Fuel., Japan, Oil., March 8, 1940 - August 3, 1940 (File 1201)","This document is part of the Records Department of State Relating to Internal Affairs of Japan 1930-1949, decimal 894 collection. These are public domain documents from the U.S. State Department from Record Group 59 of the National Archives of the United States.<br /><br />See this for a file index of the collection: <a href=""https://archive.org/details/japan-internal-affairs-1930-1949"">Records Department of State Relating to Internal Affairs of Japan 1930-1949 Decimal 894 - File List</a>",japan,japanese history,us-japan relations,japanese empire,rg59,U.S. State Department,japan-internal-affairs,oil,fuel,navy,warships,military supplies,U.S. State Department,1940-03-08,texts,eng
japan-internal-affairs-894.4016-social-matters-people-5,"894.4016 Social Matters., People., Japan, Race Problems. Racial Disturbances, Their Suppression. Massacres. Pogroms., October 2, 1946 - November 2, 1949 1775.pdf",,"894.4016 Social Matters., People., Japan, Race Problems. Racial Disturbances, Their Suppression. Massacres. Pogroms., October 2, 1946 - November 2, 1949 (File 1775)","This document is part of the Records Department of State Relating to Internal Affairs of Japan 1930-1949, decimal 894 collection. These are public domain documents from the U.S. State Department from Record Group 59 of the National Archives of the United States.<br /><br />See this for a file index of the collection: <a href=""https://archive.org/details/japan-internal-affairs-1930-1949"">Records Department of State Relating to Internal Affairs of Japan 1930-1949 Decimal 894 - File List</a>",japan,japanese history,us-japan relations,japanese empire,rg59,U.S. State Department,japan-internal-affairs,race relations,people,society,social conditions,,U.S. State Department,1946-10-02,texts,eng
japan-internal-affairs-894.402-social-matters-japan-4,"894.402 Social Matters., Japan, Language., February 24, 1941 - November 28, 1944 1469.pdf",,"894.402 Social Matters., Japan, Language., February 24, 1941 - November 28, 1944 (File 1469)","This document is part of the Records Department of State Relating to Internal Affairs of Japan 1930-1949, decimal 894 collection. These are public domain documents from the U.S. State Department from Record Group 59 of the National Archives of the United States.<br /><br />See this for a file index of the collection: <a href=""https://archive.org/details/japan-internal-affairs-1930-1949"">Records Department of State Relating to Internal Affairs of Japan 1930-1949 Decimal 894 - File List</a>",japan,japanese history,us-japan relations,japanese empire,rg59,U.S. State Department,japan-internal-affairs,language,society,social conditions,,,U.S. State Department,1941-02-24,texts,eng
japan-internal-affairs-894.402-social-matters-japan-5,"894.402 Social Matters., Japan, Language., March 23, 1945 - January 7, 1949 1683.pdf",,"894.402 Social Matters., Japan, Language., March 23, 1945 - January 7, 1949 (File 1683)","This document is part of the Records Department of State Relating to Internal Affairs of Japan 1930-1949, decimal 894 collection. These are public domain documents from the U.S. State Department from Record Group 59 of the National Archives of the United States.<br /><br />See this for a file index of the collection: <a href=""https://archive.org/details/japan-internal-affairs-1930-1949"">Records Department of State Relating to Internal Affairs of Japan 1930-1949 Decimal 894 - File List</a>",japan,japanese history,us-japan relations,japanese empire,rg59,U.S. State Department,japan-internal-affairs,language,society,social conditions,,,U.S. State Department,1945-03-23,texts,eng
japan-internal-affairs-894.402-social-matters-japan-3,"894.402 Social Matters., Japan, Language., November 30, 1931 - August 3, 1940 1202.pdf",,"894.402 Social Matters., Japan, Language., November 30, 1931 - August 3, 1940 (File 1202)","This document is part of the Records Department of State Relating to Internal Affairs of Japan 1930-1949, decimal 894 collection. These are public domain documents from the U.S. State Department from Record Group 59 of the National Archives of the United States.<br /><br />See this for a file index of the collection: <a href=""https://archive.org/details/japan-internal-affairs-1930-1949"">Records Department of State Relating to Internal Affairs of Japan 1930-1949 Decimal 894 - File List</a>",japan,japanese history,us-japan relations,japanese empire,rg59,U.S. State Department,japan-internal-affairs,language,society,social conditions,,,U.S. State Department,1931-11-30,texts,eng
japan-internal-affairs-894.403-social-matters-japan-2,"894.403 Social Matters., Japan, Fine Arts., April 18, 1930 - May 21, 1936 913.pdf",,"894.403 Social Matters., Japan, Fine Arts., April 18, 1930 - May 21, 1936 (File 913)","This document is part of the Records Department of State Relating to Internal Affairs of Japan 1930-1949, decimal 894 collection. These are public domain documents from the U.S. State Department from Record Group 59 of the National Archives of the United States.<br /><br />See this for a file index of the collection: <a href=""https://archive.org/details/japan-internal-affairs-1930-1949"">Records Department of State Relating to Internal Affairs of Japan 1930-1949 Decimal 894 - File List</a>",japan,japanese history,us-japan relations,japanese empire,rg59,U.S. State Department,japan-internal-affairs,arts,society,social conditions,,,U.S. State Department,1930-04-18,texts,eng
japan-internal-affairs-894.403-social-matters-japan-3,"894.403 Social Matters., Japan, Fine Arts., September 29, 1947 - August 25, 1949 1758.pdf",,"894.403 Social Matters., Japan, Fine Arts., September 29, 1947 - August 25, 1949 (File 1758)","This document is part of the Records Department of State Relating to Internal Affairs of Japan 1930-1949, decimal 894 collection. These are public domain documents from the U.S. State Department from Record Group 59 of the National Archives of the United States.<br /><br />See this for a file index of the collection: <a href=""https://archive.org/details/japan-internal-affairs-1930-1949"">Records Department of State Relating to Internal Affairs of Japan 1930-1949 Decimal 894 - File List</a>",japan,japanese history,us-japan relations,japanese empire,rg59,U.S. State Department,japan-internal-affairs,arts,society,social conditions,,,U.S. State Department,1947-09-29,texts,eng
japan-internal-affairs-894.404-social-matters-japan-4,"894.404 Social Matters., Japan, Religion. Church., August 24, 1940 - November 21, 1944 1463.pdf",,"894.404 Social Matters., Japan, Religion. Church., August 24, 1940 - November 21, 1944 (File 1463)","This document is part of the Records Department of State Relating to Internal Affairs of Japan 1930-1949, decimal 894 collection. These are public domain documents from the U.S. State Department from Record Group 59 of the National Archives of the United States.<br /><br />See this for a file index of the collection: <a href=""https://archive.org/details/japan-internal-affairs-1930-1949"">Records Department of State Relating to Internal Affairs of Japan 1930-1949 Decimal 894 - File List</a>",japan,japanese history,us-japan relations,japanese empire,rg59,U.S. State Department,japan-internal-affairs,religion,society,social conditions,,,U.S. State Department,1940-08-24,texts,eng
japan-internal-affairs-894.404-social-matters-japan-3,"894.404 Social Matters., Japan, Religion. Church., February 13, 1932 - July 12, 1939 1111.pdf",,"894.404 Social Matters., Japan, Religion. Church., February 13, 1932 - July 12, 1939 (File 1111)","This document is part of the Records Department of State Relating to Internal Affairs of Japan 1930-1949, decimal 894 collection. These are public domain documents from the U.S. State Department from Record Group 59 of the National Archives of the United States.<br /><br />See this for a file index of the collection: <a href=""https://archive.org/details/japan-internal-affairs-1930-1949"">Records Department of State Relating to Internal Affairs of Japan 1930-1949 Decimal 894 - File List</a>",japan,japanese history,us-japan relations,japanese empire,rg59,U.S. State Department,japan-internal-affairs,religion,society,social conditions,,,U.S. State Department,1932-02-13,texts,eng
japan-internal-affairs-894.404-social-matters-japan-5,"894.404 Social Matters., Japan, Religion. Church., January 6, 1945 - August 22, 1949 1757.pdf",,"894.404 Social Matters., Japan, Religion. Church., January 6, 1945 - August 22, 1949 (File 1757)","This document is part of the Records Department of State Relating to Internal Affairs of Japan 1930-1949, decimal 894 collection. These are public domain documents from the U.S. State Department from Record Group 59 of the National Archives of the United States.<br /><br />See this for a file index of the collection: <a href=""https://archive.org/details/japan-internal-affairs-1930-1949"">Records Department of State Relating to Internal Affairs of Japan 1930-1949 Decimal 894 - File List</a>",japan,japanese history,us-japan relations,japanese empire,rg59,U.S. State Department,japan-internal-affairs,religion,society,social conditions,,,U.S. State Department,1945-01-06,texts,eng
japan-internal-affairs-894.405-social-matters-japan,"894.405 Social Matters., Japan, Manners And Customs., October 14, 1947 - July 8, 1948 1644.pdf",,"894.405 Social Matters., Japan, Manners And Customs., October 14, 1947 - July 8, 1948 (File 1644)","This document is part of the Records Department of State Relating to Internal Affairs of Japan 1930-1949, decimal 894 collection. These are public domain documents from the U.S. State Department from Record Group 59 of the National Archives of the United States.<br /><br />See this for a file index of the collection: <a href=""https://archive.org/details/japan-internal-affairs-1930-1949"">Records Department of State Relating to Internal Affairs of Japan 1930-1949 Decimal 894 - File List</a>",japan,japanese history,us-japan relations,japanese empire,rg59,U.S. State Department,japan-internal-affairs,society,social conditions,,,,U.S. State Department,1947-10-14,texts,eng
japan-internal-affairs-894.4061-social-matters-amusements-4,"894.4061 Social Matters., Amusements. Sports. Recreation. Where A Group Of Amusements Occur In A Subdivision The Name Of The Particular Subject Will Be Placed After The Case Number., Japan, Public Entertainment. Concerts. Panoramas. Motion  1408.pdf","894.4061 Social Matters., Amusements. Sports. Recreation. Where A Group Of Amusements Occur In A Subdivision The Name Of The Particular Subject Will Be Placed After The Case Number., Japan, Public Entertainment. Concerts 1408.pdf","894.4061 Social Matters., Amusements. Sports. Recreation. Where A Group Of Amusements Occur In A Subdivision The Name Of The Particular Subject Will Be Placed After The Case Number., Japan, Public Entertainment. Concerts. Panoramas. Motion (File 1408)","This document is part of the Records Department of State Relating to Internal Affairs of Japan 1930-1949, decimal 894 collection. These are public domain documents from the U.S. State Department from Record Group 59 of the National Archives of the United States.<br /><br />See this for a file index of the collection: <a href=""https://archive.org/details/japan-internal-affairs-1930-1949"">Records Department of State Relating to Internal Affairs of Japan 1930-1949 Decimal 894 - File List</a>",japan,japanese history,us-japan relations,japanese empire,rg59,U.S. State Department,japan-internal-affairs,entertainment,recreation,society,social conditions,,U.S. State Department,,texts,eng
japan-internal-affairs-894.4061-social-matters-amusements-5,"894.4061 Social Matters., Amusements. Sports. Recreation. Where A Group Of Amusements Occur In A Subdivision The Name Of The Particular Subject Will Be Placed After The Case Number., Japan, Public Entertainment. Concerts. Panoramas. Motion  1705.pdf","894.4061 Social Matters., Amusements. Sports. Recreation. Where A Group Of Amusements Occur In A Subdivision The Name Of The Particular Subject Will Be Placed After The Case Number., Japan, Public Entertainment. Concerts 1705.pdf","894.4061 Social Matters., Amusements. Sports. Recreation. Where A Group Of Amusements Occur In A Subdivision The Name Of The Particular Subject Will Be Placed After The Case Number., Japan, Public Entertainment. Concerts. Panoramas. Motion (File 1705)","This document is part of the Records Department of State Relating to Internal Affairs of Japan 1930-1949, decimal 894 collection. These are public domain documents from the U.S. State Department from Record Group 59 of the National Archives of the United States.<br /><br />See this for a file index of the collection: <a href=""https://archive.org/details/japan-internal-affairs-1930-1949"">Records Department of State Relating to Internal Affairs of Japan 1930-1949 Decimal 894 - File List</a>",japan,japanese history,us-japan relations,japanese empire,rg59,U.S. State Department,japan-internal-affairs,entertainment,recreation,society,social conditions,,U.S. State Department,,texts,eng
japan-internal-affairs-894.4061-social-matters-amusements-3,"894.4061 Social Matters., Amusements. Sports. Recreation. Where A Group Of Amusements Occur In A Subdivision The Name Of The Particular Subject Will Be Placed After The Case Number., Japan, Public Entertainment. Concerts. Panoramas. Motion  769.pdf","894.4061 Social Matters., Amusements. Sports. Recreation. Where A Group Of Amusements Occur In A Subdivision The Name Of The Particular Subject Will Be Placed After The Case Number., Japan, Public Entertainment. Concerts 769.pdf","894.4061 Social Matters., Amusements. Sports. Recreation. Where A Group Of Amusements Occur In A Subdivision The Name Of The Particular Subject Will Be Placed After The Case Number., Japan, Public Entertainment. Concerts. Panoramas. Motion (File 769)","This document is part of the Records Department of State Relating to Internal Affairs of Japan 1930-1949, decimal 894 collection. These are public domain documents from the U.S. State Department from Record Group 59 of the National Archives of the United States.<br /><br />See this for a file index of the collection: <a href=""https://archive.org/details/japan-internal-affairs-1930-1949"">Records Department of State Relating to Internal Affairs of Japan 1930-1949 Decimal 894 - File List</a>",japan,japanese history,us-japan relations,japanese empire,rg59,U.S. State Department,japan-internal-affairs,entertainment,recreation,society,social conditions,,U.S. State Department,,texts,eng
japan-internal-affairs-894.40634-social-matters-amusements-2,"894.40634 Social Matters., Amusements. Sports. Recreation. Where A Group Of Amusements Occur In A Subdivision The Name Of The Particular Subject Will Be Placed After The Case Number., Outdoor Sports. Olympic Games. Aircraft And Automobile R 919.pdf","894.40634 Social Matters., Amusements. Sports. Recreation. Where A Group Of Amusements Occur In A Subdivision The Name Of The Particular Subject Will Be Placed After The Case Number., Outdoor Sports. Olympic Games. Aircraf 919.pdf","894.40634 Social Matters., Amusements. Sports. Recreation. Where A Group Of Amusements Occur In A Subdivision The Name Of The Particular Subject Will Be Placed After The Case Number., Outdoor Sports. Olympic Games. Aircraft And Automobile R (File 919)","This document is part of the Records Department of State Relating to Internal Affairs of Japan 1930-1949, decimal 894 collection. These are public domain documents from the U.S. State Department from Record Group 59 of the National Archives of the United States.<br /><br />See this for a file index of the collection: <a href=""https://archive.org/details/japan-internal-affairs-1930-1949"">Records Department of State Relating to Internal Affairs of Japan 1930-1949 Decimal 894 - File List</a>",japan,japanese history,us-japan relations,japanese empire,rg59,U.S. State Department,japan-internal-affairs,sports,olympics,recreation,society,social conditions,U.S. State Department,,texts,eng
japan-internal-affairs-894.413-history-monuments-statues-5,"894.413 History., Monuments, Statues, And Memorials. Arranged Alphabetically. Japanin Which Erected., March 14, 1947 - October 7, 1949 1770.pdf",,"894.413 History., Monuments, Statues, And Memorials. Arranged Alphabetically. Japanin Which Erected., March 14, 1947 - October 7, 1949 (File 1770)","This document is part of the Records Department of State Relating to Internal Affairs of Japan 1930-1949, decimal 894 collection. These are public domain documents from the U.S. State Department from Record Group 59 of the National Archives of the United States.<br /><br />See this for a file index of the collection: <a href=""https://archive.org/details/japan-internal-affairs-1930-1949"">Records Department of State Relating to Internal Affairs of Japan 1930-1949 Decimal 894 - File List</a>",japan,japanese history,us-japan relations,japanese empire,rg59,U.S. State Department,japan-internal-affairs,monuments,history,,,,U.S. State Department,1947-03-14,texts,eng
japan-internal-affairs-894.413-history-monuments-statues-4,"894.413 History., Monuments, Statues, And Memorials. Arranged Alphabetically. Japanin Which Erected., September 5, 1930 - November 13, 1930 712.pdf",,"894.413 History., Monuments, Statues, And Memorials. Arranged Alphabetically. Japanin Which Erected., September 5, 1930 - November 13, 1930 (File 712)","This document is part of the Records Department of State Relating to Internal Affairs of Japan 1930-1949, decimal 894 collection. These are public domain documents from the U.S. State Department from Record Group 59 of the National Archives of the United States.<br /><br />See this for a file index of the collection: <a href=""https://archive.org/details/japan-internal-affairs-1930-1949"">Records Department of State Relating to Internal Affairs of Japan 1930-1949 Decimal 894 - File List</a>",japan,japanese history,us-japan relations,japanese empire,rg59,U.S. State Department,japan-internal-affairs,monuments,history,,,,U.S. State Department,1930-09-05,texts,eng
japan-internal-affairs-894.414-history-japan-public-4,"894.414 History., Japan, Public Records., July 16, 1945 - October 26, 1945 1495.pdf",,"894.414 History., Japan, Public Records., July 16, 1945 - October 26, 1945 (File 1495)","This document is part of the Records Department of State Relating to Internal Affairs of Japan 1930-1949, decimal 894 collection. These are public domain documents from the U.S. State Department from Record Group 59 of the National Archives of the United States.<br /><br />See this for a file index of the collection: <a href=""https://archive.org/details/japan-internal-affairs-1930-1949"">Records Department of State Relating to Internal Affairs of Japan 1930-1949 Decimal 894 - File List</a>",japan,japanese history,us-japan relations,japanese empire,rg59,U.S. State Department,japan-internal-affairs,archives,history,,,,U.S. State Department,1945-07-16,texts,eng
japan-internal-affairs-894.414-history-japan-public-6,"894.414 History., Japan, Public Records., July 16, 1946 - October 4, 1949 1768.pdf",,"894.414 History., Japan, Public Records., July 16, 1946 - October 4, 1949 (File 1768)","This document is part of the Records Department of State Relating to Internal Affairs of Japan 1930-1949, decimal 894 collection. These are public domain documents from the U.S. State Department from Record Group 59 of the National Archives of the United States.<br /><br />See this for a file index of the collection: <a href=""https://archive.org/details/japan-internal-affairs-1930-1949"">Records Department of State Relating to Internal Affairs of Japan 1930-1949 Decimal 894 - File List</a>",japan,japanese history,us-japan relations,japanese empire,rg59,U.S. State Department,japan-internal-affairs,archives,history,,,,U.S. State Department,1946-07-16,texts,eng
japan-internal-affairs-894.414-history-japan-public-5,"894.414 History., Japan, Public Records., October 27, 1945 - July 12, 1946 1528-part-1.pdf",,"894.414 History., Japan, Public Records., October 27, 1945 - July 12, 1946 (File 1528)","This document is part of the Records Department of State Relating to Internal Affairs of Japan 1930-1949, decimal 894 collection. These are public domain documents from the U.S. State Department from Record Group 59 of the National Archives of the United States.<br /><br />See this for a file index of the collection: <a href=""https://archive.org/details/japan-internal-affairs-1930-1949"">Records Department of State Relating to Internal Affairs of Japan 1930-1949 Decimal 894 - File List</a>",japan,japanese history,us-japan relations,japanese empire,rg59,U.S. State Department,japan-internal-affairs,archives,history,,,,U.S. State Department,1945-10-27,texts,eng
japan-internal-affairs-894.414-history-japan-public-5,"894.414 History., Japan, Public Records., October 27, 1945 - July 12, 1946 1528-part-2.pdf",,,,,,,,,,,,,,,,,,,
japan-internal-affairs-894.415-history-commemorative-celebrations-4,"894.415 History., Commemorative Celebrations. Celebrations Outside Home Country Are Carried In 8**.46., July 25, 1932 - May 19, 1934 816.pdf",,"894.415 History., Commemorative Celebrations. Celebrations Outside Home Country Are Carried In 8**.46., July 25, 1932 - May 19, 1934 (File 816)","This document is part of the Records Department of State Relating to Internal Affairs of Japan 1930-1949, decimal 894 collection. These are public domain documents from the U.S. State Department from Record Group 59 of the National Archives of the United States.<br /><br />See this for a file index of the collection: <a href=""https://archive.org/details/japan-internal-affairs-1930-1949"">Records Department of State Relating to Internal Affairs of Japan 1930-1949 Decimal 894 - File List</a>",japan,japanese history,us-japan relations,japanese empire,rg59,U.S. State Department,japan-internal-affairs,commemorations,history,,,,U.S. State Department,1932-07-25,texts,eng
japan-internal-affairs-894.42-japan-education-correspondence-4,"894.42 Japan, Education. Correspondence Schools., April 8, 1948 - May 22, 1948 1636.pdf",,"894.42 Japan, Education. Correspondence Schools., April 8, 1948 - May 22, 1948 (File 1636)","This document is part of the Records Department of State Relating to Internal Affairs of Japan 1930-1949, decimal 894 collection. These are public domain documents from the U.S. State Department from Record Group 59 of the National Archives of the United States.<br /><br />See this for a file index of the collection: <a href=""https://archive.org/details/japan-internal-affairs-1930-1949"">Records Department of State Relating to Internal Affairs of Japan 1930-1949 Decimal 894 - File List</a>",japan,japanese history,us-japan relations,japanese empire,rg59,U.S. State Department,japan-internal-affairs,schools,education,,,,U.S. State Department,1948-04-08,texts,eng
japan-internal-affairs-894.42-japan-education-correspondence-6,"894.42 Japan, Education. Correspondence Schools., July 26, 1948 - October 5, 1948 1664-part-1.pdf",,"894.42 Japan, Education. Correspondence Schools., July 26, 1948 - October 5, 1948 (File 1664)","This document is part of the Records Department of State Relating to Internal Affairs of Japan 1930-1949, decimal 894 collection. These are public domain documents from the U.S. State Department from Record Group 59 of the National Archives of the United States.<br /><br />See this for a file index of the collection: <a href=""https://archive.org/details/japan-internal-affairs-1930-1949"">Records Department of State Relating to Internal Affairs of Japan 1930-1949 Decimal 894 - File List</a>",japan,japanese history,us-japan relations,japanese empire,rg59,U.S. State Department,japan-internal-affairs,schools,education,,,,U.S. State Department,1948-07-26,texts,eng
japan-internal-affairs-894.42-japan-education-correspondence-6,"894.42 Japan, Education. Correspondence Schools., July 26, 1948 - October 5, 1948 1664-part-2.pdf",,,,,,,,,,,,,,,,,,,
japan-internal-affairs-894.42-japan-education-correspondence-3,"894.42 Japan, Education. Correspondence Schools., March 4, 1945 - March 29, 1948 1623-part-1.pdf",,"894.42 Japan, Education. Correspondence Schools., March 4, 1945 - March 29, 1948 (File 1623)","This document is part of the Records Department of State Relating to Internal Affairs of Japan 1930-1949, decimal 894 collection. These are public domain documents from the U.S. State Department from Record Group 59 of the National Archives of the United States.<br /><br />See this for a file index of the collection: <a href=""https://archive.org/details/japan-internal-affairs-1930-1949"">Records Department of State Relating to Internal Affairs of Japan 1930-1949 Decimal 894 - File List</a>",japan,japanese history,us-japan relations,japanese empire,rg59,U.S. State Department,japan-internal-affairs,schools,education,,,,U.S. State Department,1945-03-04,texts,eng
japan-internal-affairs-894.42-japan-education-correspondence-3,"894.42 Japan, Education. Correspondence Schools., March 4, 1945 - March 29, 1948 1623-part-2.pdf",,,,,,,,,,,,,,,,,,,
japan-internal-affairs-894.42-japan-education-correspondence-5,"894.42 Japan, Education. Correspondence Schools., May 25, 1948 - June 25, 1948 1643.pdf",,"894.42 Japan, Education. Correspondence Schools., May 25, 1948 - June 25, 1948 (File 1643)","This document is part of the Records Department of State Relating to Internal Affairs of Japan 1930-1949, decimal 894 collection. These are public domain documents from the U.S. State Department from Record Group 59 of the National Archives of the United States.<br /><br />See this for a file index of the collection: <a href=""https://archive.org/details/japan-internal-affairs-1930-1949"">Records Department of State Relating to Internal Affairs of Japan 1930-1949 Decimal 894 - File List</a>",japan,japanese history,us-japan relations,japanese empire,rg59,U.S. State Department,japan-internal-affairs,schools,education,,,,U.S. State Department,1948-05-25,texts,eng
japan-internal-affairs-894.42-japan-education-correspondence-7,"894.42 Japan, Education. Correspondence Schools., November 16, 1948 - December 23, 1949 1824.pdf",,"894.42 Japan, Education. Correspondence Schools., November 16, 1948 - December 23, 1949 (File 1824)","This document is part of the Records Department of State Relating to Internal Affairs of Japan 1930-1949, decimal 894 collection. These are public domain documents from the U.S. State Department from Record Group 59 of the National Archives of the United States.<br /><br />See this for a file index of the collection: <a href=""https://archive.org/details/japan-internal-affairs-1930-1949"">Records Department of State Relating to Internal Affairs of Japan 1930-1949 Decimal 894 - File List</a>",japan,japanese history,us-japan relations,japanese empire,rg59,U.S. State Department,japan-internal-affairs,schools,education,,,,U.S. State Department,1948-11-16,texts,eng
japan-internal-affairs-894.4212-education-correspondence-schools-3,"894.4212 Education. Correspondence Schools., Academic., Japan, Higher., January 20, 1948 - December 17, 1949 1817.pdf",,"894.4212 Education. Correspondence Schools., Academic., Japan, Higher., January 20, 1948 - December 17, 1949 (File 1817)","This document is part of the Records Department of State Relating to Internal Affairs of Japan 1930-1949, decimal 894 collection. These are public domain documents from the U.S. State Department from Record Group 59 of the National Archives of the United States.<br /><br />See this for a file index of the collection: <a href=""https://archive.org/details/japan-internal-affairs-1930-1949"">Records Department of State Relating to Internal Affairs of Japan 1930-1949 Decimal 894 - File List</a>",japan,japanese history,us-japan relations,japanese empire,rg59,U.S. State Department,japan-internal-affairs,higher education,academia,schools,education,,U.S. State Department,1948-01-20,texts,eng
japan-internal-affairs-894.427-education-correspondence-schools-2,"894.427 Education. Correspondence Schools., Japan, Cultural Relations. Exchange Of Professors And Students., March 25, 1940 - March 22, 1943 1382.pdf",,"894.427 Education. Correspondence Schools., Japan, Cultural Relations. Exchange Of Professors And Students., March 25, 1940 - March 22, 1943 (File 1382)","This document is part of the Records Department of State Relating to Internal Affairs of Japan 1930-1949, decimal 894 collection. These are public domain documents from the U.S. State Department from Record Group 59 of the National Archives of the United States.<br /><br />See this for a file index of the collection: <a href=""https://archive.org/details/japan-internal-affairs-1930-1949"">Records Department of State Relating to Internal Affairs of Japan 1930-1949 Decimal 894 - File List</a>",japan,japanese history,us-japan relations,japanese empire,rg59,U.S. State Department,japan-internal-affairs,cultural relations,student exchange,schools,education,,U.S. State Department,1940-03-25,texts,eng
japan-internal-affairs-894.42711-education-correspondence-schools-4,"894.42711 Education. Correspondence Schools., Cultural Relations. Exchange Of Professors And Students. Attendance At Schools Of Japan Of Student Of United States. Admission And Visa Of Passports Of Official Students. Permission To Visit Sch 1039.pdf","894.42711 Education. Correspondence Schools., Cultural Relations. Exchange Of Professors And Students. Attendance At Schools Of Japan Of Student Of United States. Admission And Visa Of Passports Of Official Students. Perm 1039.pdf","894.42711 Education. Correspondence Schools., Cultural Relations. Exchange Of Professors And Students. Attendance At Schools Of Japan Of Student Of United States. Admission And Visa Of Passports Of Official Students. Permission To Visit Sch (File 1039)","This document is part of the Records Department of State Relating to Internal Affairs of Japan 1930-1949, decimal 894 collection. These are public domain documents from the U.S. State Department from Record Group 59 of the National Archives of the United States.<br /><br />See this for a file index of the collection: <a href=""https://archive.org/details/japan-internal-affairs-1930-1949"">Records Department of State Relating to Internal Affairs of Japan 1930-1949 Decimal 894 - File List</a>",japan,japanese history,us-japan relations,japanese empire,rg59,U.S. State Department,japan-internal-affairs,United States,passports,visas,cultural relations,student exchange,U.S. State Department,,texts,eng
japan-internal-affairs-894.42711-education-correspondence-schools-5,"894.42711 Education. Correspondence Schools., Cultural Relations. Exchange Of Professors And Students. Attendance At Schools Of Japan Of Student Of United States. Admission And Visa Of Passports Of Official Students. Permission To Visit Sch 1275.pdf","894.42711 Education. Correspondence Schools., Cultural Relations. Exchange Of Professors And Students. Attendance At Schools Of Japan Of Student Of United States. Admission And Visa Of Passports Of Official Students. Perm 1275.pdf","894.42711 Education. Correspondence Schools., Cultural Relations. Exchange Of Professors And Students. Attendance At Schools Of Japan Of Student Of United States. Admission And Visa Of Passports Of Official Students. Permission To Visit Sch (File 1275)","This document is part of the Records Department of State Relating to Internal Affairs of Japan 1930-1949, decimal 894 collection. These are public domain documents from the U.S. State Department from Record Group 59 of the National Archives of the United States.<br /><br />See this for a file index of the collection: <a href=""https://archive.org/details/japan-internal-affairs-1930-1949"">Records Department of State Relating to Internal Affairs of Japan 1930-1949 Decimal 894 - File List</a>",japan,japanese history,us-japan relations,japanese empire,rg59,U.S. State Department,japan-internal-affairs,United States,passports,visas,cultural relations,student exchange,U.S. State Department,,texts,eng
japan-internal-affairs-894.42a-education-correspondence-schools,"894.42A Education. Correspondence Schools., Japan, Educational Adviser., January 14, 1946 - June 25, 1946 1527.pdf",,"894.42A Education. Correspondence Schools., Japan, Educational Adviser., January 14, 1946 - June 25, 1946 (File 1527)","This document is part of the Records Department of State Relating to Internal Affairs of Japan 1930-1949, decimal 894 collection. These are public domain documents from the U.S. State Department from Record Group 59 of the National Archives of the United States.<br /><br />See this for a file index of the collection: <a href=""https://archive.org/details/japan-internal-affairs-1930-1949"">Records Department of State Relating to Internal Affairs of Japan 1930-1949 Decimal 894 - File List</a>",japan,japanese history,us-japan relations,japanese empire,rg59,U.S. State Department,japan-internal-affairs,advisers,schools,education,,,U.S. State Department,1946-01-14,texts,eng
japan-internal-affairs-894.43-japan-societies-arranged-4,"894.43 Japan, Societies. Arranged Alphabetically., April 22, 1932 - January 16, 1934 798.pdf",,"894.43 Japan, Societies. Arranged Alphabetically., April 22, 1932 - January 16, 1934 (File 798)","This document is part of the Records Department of State Relating to Internal Affairs of Japan 1930-1949, decimal 894 collection. These are public domain documents from the U.S. State Department from Record Group 59 of the National Archives of the United States.<br /><br />See this for a file index of the collection: <a href=""https://archive.org/details/japan-internal-affairs-1930-1949"">Records Department of State Relating to Internal Affairs of Japan 1930-1949 Decimal 894 - File List</a>",japan,japanese history,us-japan relations,japanese empire,rg59,U.S. State Department,japan-internal-affairs,societies,associations,,,,U.S. State Department,1932-04-22,texts,eng
japan-internal-affairs-894.44-special-mention-of-4,"894.44 Special Mention Of Citizens Or Subjects Of Japan Not Otherwise Classifiable. Arranged Alphabetically., February 27, 1940 - August 6, 1940 1205.pdf",,"894.44 Special Mention Of Citizens Or Subjects Of Japan Not Otherwise Classifiable. Arranged Alphabetically., February 27, 1940 - August 6, 1940 (File 1205)","This document is part of the Records Department of State Relating to Internal Affairs of Japan 1930-1949, decimal 894 collection. These are public domain documents from the U.S. State Department from Record Group 59 of the National Archives of the United States.<br /><br />See this for a file index of the collection: <a href=""https://archive.org/details/japan-internal-affairs-1930-1949"">Records Department of State Relating to Internal Affairs of Japan 1930-1949 Decimal 894 - File List</a>",japan,japanese history,us-japan relations,japanese empire,rg59,U.S. State Department,japan-internal-affairs,biography,japanese citizens,,,,U.S. State Department,1940-02-27,texts,eng
japan-internal-affairs-894.44-special-mention-of-3,"894.44 Special Mention Of Citizens Or Subjects Of Japan Not Otherwise Classifiable. Arranged Alphabetically., June 1, 1932 - December 21, 1933 797.pdf",,"894.44 Special Mention Of Citizens Or Subjects Of Japan Not Otherwise Classifiable. Arranged Alphabetically., June 1, 1932 - December 21, 1933 (File 797)","This document is part of the Records Department of State Relating to Internal Affairs of Japan 1930-1949, decimal 894 collection. These are public domain documents from the U.S. State Department from Record Group 59 of the National Archives of the United States.<br /><br />See this for a file index of the collection: <a href=""https://archive.org/details/japan-internal-affairs-1930-1949"">Records Department of State Relating to Internal Affairs of Japan 1930-1949 Decimal 894 - File List</a>",japan,japanese history,us-japan relations,japanese empire,rg59,U.S. State Department,japan-internal-affairs,biography,japanese citizens,,,,U.S. State Department,1932-06-01,texts,eng
japan-internal-affairs-894.461-entertainment-in-japan-2,"894.461 Entertainment In Japan., Japan, By The Country Or Its Officers. New Years Reception., October 26, 1932 - July 5, 1934 823.pdf",,"894.461 Entertainment In Japan., Japan, By The Country Or Its Officers. New Years Reception., October 26, 1932 - July 5, 1934 (File 823)","This document is part of the Records Department of State Relating to Internal Affairs of Japan 1930-1949, decimal 894 collection. These are public domain documents from the U.S. State Department from Record Group 59 of the National Archives of the United States.<br /><br />See this for a file index of the collection: <a href=""https://archive.org/details/japan-internal-affairs-1930-1949"">Records Department of State Relating to Internal Affairs of Japan 1930-1949 Decimal 894 - File List</a>",japan,japanese history,us-japan relations,japanese empire,rg59,U.S. State Department,japan-internal-affairs,new year,diplomatic receptions,social events,,,U.S. State Department,1932-10-26,texts,eng
japan-internal-affairs-894.48-japan-calamities-disasters-4,"894.48 Japan, Calamities. Disasters. Earthquake. Hurricane. Fire. Flood. Famine. Disease. Relief Measures., January 19, 1940 - March 13, 1940 1183.pdf",,"894.48 Japan, Calamities. Disasters. Earthquake. Hurricane. Fire. Flood. Famine. Disease. Relief Measures., January 19, 1940 - March 13, 1940 (File 1183)","This document is part of the Records Department of State Relating to Internal Affairs of Japan 1930-1949, decimal 894 collection. These are public domain documents from the U.S. State Department from Record Group 59 of the National Archives of the United States.<br /><br />See this for a file index of the collection: <a href=""https://archive.org/details/japan-internal-affairs-1930-1949"">Records Department of State Relating to Internal Affairs of Japan 1930-1949 Decimal 894 - File List</a>",japan,japanese history,us-japan relations,japanese empire,rg59,U.S. State Department,japan-internal-affairs,relief,disasters,,,,U.S. State Department,1940-01-19,texts,eng
japan-internal-affairs-894.48-japan-calamities-disasters-3,"894.48 Japan, Calamities. Disasters. Earthquake. Hurricane. Fire. Flood. Famine. Disease. Relief Measures., November 29, 1930 - July 30, 1938 1038.pdf",,"894.48 Japan, Calamities. Disasters. Earthquake. Hurricane. Fire. Flood. Famine. Disease. Relief Measures., November 29, 1930 - July 30, 1938 (File 1038)","This document is part of the Records Department of State Relating to Internal Affairs of Japan 1930-1949, decimal 894 collection. These are public domain documents from the U.S. State Department from Record Group 59 of the National Archives of the United States.<br /><br />See this for a file index of the collection: <a href=""https://archive.org/details/japan-internal-affairs-1930-1949"">Records Department of State Relating to Internal Affairs of Japan 1930-1949 Decimal 894 - File List</a>",japan,japanese history,us-japan relations,japanese empire,rg59,U.S. State Department,japan-internal-affairs,relief,disasters,,,,U.S. State Department,1930-11-29,texts,eng
japan-internal-affairs-894.48-japan-calamities-disasters-5,"894.48 Japan, Calamities. Disasters. Earthquake. Hurricane. Fire. Flood. Famine. Disease. Relief Measures., October 29, 1945 - March 19, 1946 1510.pdf",,"894.48 Japan, Calamities. Disasters. Earthquake. Hurricane. Fire. Flood. Famine. Disease. Relief Measures., October 29, 1945 - March 19, 1946 (File 1510)","This document is part of the Records Department of State Relating to Internal Affairs of Japan 1930-1949, decimal 894 collection. These are public domain documents from the U.S. State Department from Record Group 59 of the National Archives of the United States.<br /><br />See this for a file index of the collection: <a href=""https://archive.org/details/japan-internal-affairs-1930-1949"">Records Department of State Relating to Internal Affairs of Japan 1930-1949 Decimal 894 - File List</a>",japan,japanese history,us-japan relations,japanese empire,rg59,U.S. State Department,japan-internal-affairs,relief,disasters,,,,U.S. State Department,1945-10-29,texts,eng
japan-internal-affairs-894.48b-calamities-disasters-japan-2,"894.48B Calamities. Disasters., Japan, Tokyo Earthquake, 1923., March 25, 1930 - February 25, 1931 722.pdf",,"894.48B Calamities. Disasters., Japan, Tokyo Earthquake, 1923., March 25, 1930 - February 25, 1931 (File 722)","This document is part of the Records Department of State Relating to Internal Affairs of Japan 1930-1949, decimal 894 collection. These are public domain documents from the U.S. State Department from Record Group 59 of the National Archives of the United States.<br /><br />See this for a file index of the collection: <a href=""https://archive.org/details/japan-internal-affairs-1930-1949"">Records Department of State Relating to Internal Affairs of Japan 1930-1949 Decimal 894 - File List</a>",japan,japanese history,us-japan relations,japanese empire,rg59,U.S. State Department,japan-internal-affairs,Great Kanto Earthquake,Tokyo,disasters,,,U.S. State Department,1930-03-25,texts,eng
japan-internal-affairs-894.48h-calamities-disasters-japan,"894.48H Calamities. Disasters., Japan, Iwate Earthquake, 1932., March 3, 1933 - November 22, 1934 839.pdf",,"894.48H Calamities. Disasters., Japan, Iwate Earthquake, 1932., March 3, 1933 - November 22, 1934 (File 839)","This document is part of the Records Department of State Relating to Internal Affairs of Japan 1930-1949, decimal 894 collection. These are public domain documents from the U.S. State Department from Record Group 59 of the National Archives of the United States.<br /><br />See this for a file index of the collection: <a href=""https://archive.org/details/japan-internal-affairs-1930-1949"">Records Department of State Relating to Internal Affairs of Japan 1930-1949 Decimal 894 - File List</a>",japan,japanese history,us-japan relations,japanese empire,rg59,U.S. State Department,japan-internal-affairs,disasters,,,,,U.S. State Department,1933-03-03,texts,eng
japan-internal-affairs-894.50-japan-economic-matters-17,"894.50 Japan, Economic Matters., December 4, 1948 - December 3, 1949 1797-part-1.pdf",,"894.50 Japan, Economic Matters., December 4, 1948 - December 3, 1949 (File 1797)","This document is part of the Records Department of State Relating to Internal Affairs of Japan 1930-1949, decimal 894 collection. These are public domain documents from the U.S. State Department from Record Group 59 of the National Archives of the United States.<br /><br />See this for a file index of the collection: <a href=""https://archive.org/details/japan-internal-affairs-1930-1949"">Records Department of State Relating to Internal Affairs of Japan 1930-1949 Decimal 894 - File List</a>",japan,japanese history,us-japan relations,japanese empire,rg59,U.S. State Department,japan-internal-affairs,economy,economic conditions,,,,U.S. State Department,1948-12-04,texts,eng
japan-internal-affairs-894.50-japan-economic-matters-17,"894.50 Japan, Economic Matters., December 4, 1948 - December 3, 1949 1797-part-2.pdf",,,,,,,,,,,,,,,,,,,
japan-internal-affairs-894.50-japan-economic-matters-18,"894.50 Japan, Economic Matters., December 7, 1949 - December 30, 1949 1836.pdf",,"894.50 Japan, Economic Matters., December 7, 1949 - December 30, 1949 (File 1836)","This document is part of the Records Department of State Relating to Internal Affairs of Japan 1930-1949, decimal 894 collection. These are public domain documents from the U.S. State Department from Record Group 59 of the National Archives of the United States.<br /><br />See this for a file index of the collection: <a href=""https://archive.org/details/japan-internal-affairs-1930-1949"">Records Department of State Relating to Internal Affairs of Japan 1930-1949 Decimal 894 - File List</a>",japan,japanese history,us-japan relations,japanese empire,rg59,U.S. State Department,japan-internal-affairs,economy,economic conditions,,,,U.S. State Department,1949-12-07,texts,eng
japan-internal-affairs-894.50-japan-economic-matters-11,"894.50 Japan, Economic Matters., February 15, 1940 - June 3, 1942 1351.pdf",,"894.50 Japan, Economic Matters., February 15, 1940 - June 3, 1942 (File 1351)","This document is part of the Records Department of State Relating to Internal Affairs of Japan 1930-1949, decimal 894 collection. These are public domain documents from the U.S. State Department from Record Group 59 of the National Archives of the United States.<br /><br />See this for a file index of the collection: <a href=""https://archive.org/details/japan-internal-affairs-1930-1949"">Records Department of State Relating to Internal Affairs of Japan 1930-1949 Decimal 894 - File List</a>",japan,japanese history,us-japan relations,japanese empire,rg59,U.S. State Department,japan-internal-affairs,economy,economic conditions,,,,U.S. State Department,1940-02-15,texts,eng
japan-internal-affairs-894.50-japan-economic-matters-15,"894.50 Japan, Economic Matters., January 2, 1945 - September 20, 1945 1492.pdf",,"894.50 Japan, Economic Matters., January 2, 1945 - September 20, 1945 (File 1492)","This document is part of the Records Department of State Relating to Internal Affairs of Japan 1930-1949, decimal 894 collection. These are public domain documents from the U.S. State Department from Record Group 59 of the National Archives of the United States.<br /><br />See this for a file index of the collection: <a href=""https://archive.org/details/japan-internal-affairs-1930-1949"">Records Department of State Relating to Internal Affairs of Japan 1930-1949 Decimal 894 - File List</a>",japan,japanese history,us-japan relations,japanese empire,rg59,U.S. State Department,japan-internal-affairs,economy,economic conditions,,,,U.S. State Department,1945-01-02,texts,eng
japan-internal-affairs-894.50-japan-economic-matters-9,"894.50 Japan, Economic Matters., July 21, 1930 - April 7, 1932 745.pdf",,"894.50 Japan, Economic Matters., July 21, 1930 - April 7, 1932 (File 745)","This document is part of the Records Department of State Relating to Internal Affairs of Japan 1930-1949, decimal 894 collection. These are public domain documents from the U.S. State Department from Record Group 59 of the National Archives of the United States.<br /><br />See this for a file index of the collection: <a href=""https://archive.org/details/japan-internal-affairs-1930-1949"">Records Department of State Relating to Internal Affairs of Japan 1930-1949 Decimal 894 - File List</a>",japan,japanese history,us-japan relations,japanese empire,rg59,U.S. State Department,japan-internal-affairs,economy,economic conditions,,,,U.S. State Department,1930-07-21,texts,eng
japan-internal-affairs-894.50-japan-economic-matters-13,"894.50 Japan, Economic Matters., July 28, 1943 - February 18, 1944 1415-part-1.pdf",,"894.50 Japan, Economic Matters., July 28, 1943 - February 18, 1944 (File 1415)","This document is part of the Records Department of State Relating to Internal Affairs of Japan 1930-1949, decimal 894 collection. These are public domain documents from the U.S. State Department from Record Group 59 of the National Archives of the United States.<br /><br />See this for a file index of the collection: <a href=""https://archive.org/details/japan-internal-affairs-1930-1949"">Records Department of State Relating to Internal Affairs of Japan 1930-1949 Decimal 894 - File List</a>",japan,japanese history,us-japan relations,japanese empire,rg59,U.S. State Department,japan-internal-affairs,economy,economic conditions,,,,U.S. State Department,1943-07-28,texts,eng
japan-internal-affairs-894.50-japan-economic-matters-13,"894.50 Japan, Economic Matters., July 28, 1943 - February 18, 1944 1415-part-2.pdf",,,,,,,,,,,,,,,,,,,
japan-internal-affairs-894.50-japan-economic-matters-14,"894.50 Japan, Economic Matters., June 22, 1944 - December 29, 1944 1482.pdf",,"894.50 Japan, Economic Matters., June 22, 1944 - December 29, 1944 (File 1482)","This document is part of the Records Department of State Relating to Internal Affairs of Japan 1930-1949, decimal 894 collection. These are public domain documents from the U.S. State Department from Record Group 59 of the National Archives of the United States.<br /><br />See this for a file index of the collection: <a href=""https://archive.org/details/japan-internal-affairs-1930-1949"">Records Department of State Relating to Internal Affairs of Japan 1930-1949 Decimal 894 - File List</a>",japan,japanese history,us-japan relations,japanese empire,rg59,U.S. State Department,japan-internal-affairs,economy,economic conditions,,,,U.S. State Department,1944-06-22,texts,eng
japan-internal-affairs-894.50-japan-economic-matters-10,"894.50 Japan, Economic Matters., March 26, 1932 - October 16, 1939 1136.pdf",,"894.50 Japan, Economic Matters., March 26, 1932 - October 16, 1939 (File 1136)","This document is part of the Records Department of State Relating to Internal Affairs of Japan 1930-1949, decimal 894 collection. These are public domain documents from the U.S. State Department from Record Group 59 of the National Archives of the United States.<br /><br />See this for a file index of the collection: <a href=""https://archive.org/details/japan-internal-affairs-1930-1949"">Records Department of State Relating to Internal Affairs of Japan 1930-1949 Decimal 894 - File List</a>",japan,japanese history,us-japan relations,japanese empire,rg59,U.S. State Department,japan-internal-affairs,economy,economic conditions,,,,U.S. State Department,1932-03-26,texts,eng
japan-internal-affairs-894.50-japan-economic-matters-16,"894.50 Japan, Economic Matters., September 21, 1945 - November 24, 1948 1677-part-1.pdf",,"894.50 Japan, Economic Matters., September 21, 1945 - November 24, 1948 (File 1677)","This document is part of the Records Department of State Relating to Internal Affairs of Japan 1930-1949, decimal 894 collection. These are public domain documents from the U.S. State Department from Record Group 59 of the National Archives of the United States.<br /><br />See this for a file index of the collection: <a href=""https://archive.org/details/japan-internal-affairs-1930-1949"">Records Department of State Relating to Internal Affairs of Japan 1930-1949 Decimal 894 - File List</a>",japan,japanese history,us-japan relations,japanese empire,rg59,U.S. State Department,japan-internal-affairs,economy,economic conditions,,,,U.S. State Department,1945-09-21,texts,eng
japan-internal-affairs-894.50-japan-economic-matters-16,"894.50 Japan, Economic Matters., September 21, 1945 - November 24, 1948 1677-part-2.pdf",,,,,,,,,,,,,,,,,,,
japan-internal-affairs-894.50-japan-economic-matters-12,"894.50 Japan, Economic Matters., September 4, 1942 - June 1943 1390-part-1.pdf",,"894.50 Japan, Economic Matters., September 4, 1942 - June 1943 (File 1390)","This document is part of the Records Department of State Relating to Internal Affairs of Japan 1930-1949, decimal 894 collection. These are public domain documents from the U.S. State Department from Record Group 59 of the National Archives of the United States.<br /><br />See this for a file index of the collection: <a href=""https://archive.org/details/japan-internal-affairs-1930-1949"">Records Department of State Relating to Internal Affairs of Japan 1930-1949 Decimal 894 - File List</a>",japan,japanese history,us-japan relations,japanese empire,rg59,U.S. State Department,japan-internal-affairs,economy,economic conditions,,,,U.S. State Department,1942-09-04,texts,eng
japan-internal-affairs-894.50-japan-economic-matters-12,"894.50 Japan, Economic Matters., September 4, 1942 - June 1943 1390-part-2.pdf",,,,,,,,,,,,,,,,,,,
japan-internal-affairs-894.501-economic-matters-japan-2,"894.501 Economic Matters., Japan, Statistics, General., June 29, 1946 - October 21, 1948 1671.pdf",,"894.501 Economic Matters., Japan, Statistics, General., June 29, 1946 - October 21, 1948 (File 1671)","This document is part of the Records Department of State Relating to Internal Affairs of Japan 1930-1949, decimal 894 collection. These are public domain documents from the U.S. State Department from Record Group 59 of the National Archives of the United States.<br /><br />See this for a file index of the collection: <a href=""https://archive.org/details/japan-internal-affairs-1930-1949"">Records Department of State Relating to Internal Affairs of Japan 1930-1949 Decimal 894 - File List</a>",japan,japanese history,us-japan relations,japanese empire,rg59,U.S. State Department,japan-internal-affairs,statistics,economy,economic conditions,,,U.S. State Department,1946-06-29,texts,eng
japan-internal-affairs-894.5011-economic-matters-statistics-4,"894.5011 Economic Matters., Statistics, General., Japan, Census., October 1, 1948 - July 8, 1949 1740.pdf",,"894.5011 Economic Matters., Statistics, General., Japan, Census., October 1, 1948 - July 8, 1949 (File 1740)","This document is part of the Records Department of State Relating to Internal Affairs of Japan 1930-1949, decimal 894 collection. These are public domain documents from the U.S. State Department from Record Group 59 of the National Archives of the United States.<br /><br />See this for a file index of the collection: <a href=""https://archive.org/details/japan-internal-affairs-1930-1949"">Records Department of State Relating to Internal Affairs of Japan 1930-1949 Decimal 894 - File List</a>",japan,japanese history,us-japan relations,japanese empire,rg59,U.S. State Department,japan-internal-affairs,census,statistics,economy,economic conditions,,U.S. State Department,1948-10-01,texts,eng
japan-internal-affairs-894.5017-economic-matters-statistics-6,"894.5017 Economic Matters., Statistics, General., Japan, Cost Of Living., April 6, 1949 - December 30, 1949 1834.pdf",,"894.5017 Economic Matters., Statistics, General., Japan, Cost Of Living., April 6, 1949 - December 30, 1949 (File 1834)","This document is part of the Records Department of State Relating to Internal Affairs of Japan 1930-1949, decimal 894 collection. These are public domain documents from the U.S. State Department from Record Group 59 of the National Archives of the United States.<br /><br />See this for a file index of the collection: <a href=""https://archive.org/details/japan-internal-affairs-1930-1949"">Records Department of State Relating to Internal Affairs of Japan 1930-1949 Decimal 894 - File List</a>",japan,japanese history,us-japan relations,japanese empire,rg59,U.S. State Department,japan-internal-affairs,cost of living,statistics,economy,economic conditions,,U.S. State Department,1949-04-06,texts,eng
japan-internal-affairs-894.5018-economic-matters-statistics-4,"894.5018 Economic Matters., Statistics, General., Japan, Food Conditions. Food Shortage., February 9, 1945 - December 7, 1949 1800.pdf",,"894.5018 Economic Matters., Statistics, General., Japan, Food Conditions. Food Shortage., February 9, 1945 - December 7, 1949 (File 1800)","This document is part of the Records Department of State Relating to Internal Affairs of Japan 1930-1949, decimal 894 collection. These are public domain documents from the U.S. State Department from Record Group 59 of the National Archives of the United States.<br /><br />See this for a file index of the collection: <a href=""https://archive.org/details/japan-internal-affairs-1930-1949"">Records Department of State Relating to Internal Affairs of Japan 1930-1949 Decimal 894 - File List</a>",japan,japanese history,us-japan relations,japanese empire,rg59,U.S. State Department,japan-internal-affairs,food shortage,statistics,economy,economic conditions,,U.S. State Department,1945-02-09,texts,eng
japan-internal-affairs-894.5018-economic-matters-statistics-3,"894.5018 Economic Matters., Statistics, General., Japan, Food Conditions. Food Shortage., March 5, 1941 - January 16, 1942 1322.pdf",,"894.5018 Economic Matters., Statistics, General., Japan, Food Conditions. Food Shortage., March 5, 1941 - January 16, 1942 (File 1322)","This document is part of the Records Department of State Relating to Internal Affairs of Japan 1930-1949, decimal 894 collection. These are public domain documents from the U.S. State Department from Record Group 59 of the National Archives of the United States.<br /><br />See this for a file index of the collection: <a href=""https://archive.org/details/japan-internal-affairs-1930-1949"">Records Department of State Relating to Internal Affairs of Japan 1930-1949 Decimal 894 - File List</a>",japan,japanese history,us-japan relations,japanese empire,rg59,U.S. State Department,japan-internal-affairs,food shortage,statistics,economy,economic conditions,,U.S. State Department,1941-03-05,texts,eng
japan-internal-affairs-894.5034-economic-matters-capital-5,"894.5034 Economic Matters., Capital., Japan, Corporations, Other Businesses. Formulation. Regulation. Bond Issues. Stock Certificates., February 10, 1930 - December 28, 1935 885.pdf",,"894.5034 Economic Matters., Capital., Japan, Corporations, Other Businesses. Formulation. Regulation. Bond Issues. Stock Certificates., February 10, 1930 - December 28, 1935 (File 885)","This document is part of the Records Department of State Relating to Internal Affairs of Japan 1930-1949, decimal 894 collection. These are public domain documents from the U.S. State Department from Record Group 59 of the National Archives of the United States.<br /><br />See this for a file index of the collection: <a href=""https://archive.org/details/japan-internal-affairs-1930-1949"">Records Department of State Relating to Internal Affairs of Japan 1930-1949 Decimal 894 - File List</a>",japan,japanese history,us-japan relations,japanese empire,rg59,U.S. State Department,japan-internal-affairs,corporations,economy,economic conditions,,,U.S. State Department,1930-02-10,texts,eng
japan-internal-affairs-894.5034-economic-matters-capital-6,"894.5034 Economic Matters., Capital., Japan, Corporations, Other Businesses. Formulation. Regulation. Bond Issues. Stock Certificates., February 7, 1945 - June 7, 1948 1639.pdf",,"894.5034 Economic Matters., Capital., Japan, Corporations, Other Businesses. Formulation. Regulation. Bond Issues. Stock Certificates., February 7, 1945 - June 7, 1948 (File 1639)","This document is part of the Records Department of State Relating to Internal Affairs of Japan 1930-1949, decimal 894 collection. These are public domain documents from the U.S. State Department from Record Group 59 of the National Archives of the United States.<br /><br />See this for a file index of the collection: <a href=""https://archive.org/details/japan-internal-affairs-1930-1949"">Records Department of State Relating to Internal Affairs of Japan 1930-1949 Decimal 894 - File List</a>",japan,japanese history,us-japan relations,japanese empire,rg59,U.S. State Department,japan-internal-affairs,corporations,economy,economic conditions,,,U.S. State Department,1945-02-07,texts,eng
japan-internal-affairs-894.504-economic-matters-japan-7,"894.504 Economic Matters., Japan, Labor., April 26, 1945 - November 16, 1949 1782-part-1.pdf",,"894.504 Economic Matters., Japan, Labor., April 26, 1945 - November 16, 1949 (File 1782)","This document is part of the Records Department of State Relating to Internal Affairs of Japan 1930-1949, decimal 894 collection. These are public domain documents from the U.S. State Department from Record Group 59 of the National Archives of the United States.<br /><br />See this for a file index of the collection: <a href=""https://archive.org/details/japan-internal-affairs-1930-1949"">Records Department of State Relating to Internal Affairs of Japan 1930-1949 Decimal 894 - File List</a>",japan,japanese history,us-japan relations,japanese empire,rg59,U.S. State Department,japan-internal-affairs,labor,economy,economic conditions,,,U.S. State Department,1945-04-26,texts,eng
japan-internal-affairs-894.504-economic-matters-japan-7,"894.504 Economic Matters., Japan, Labor., April 26, 1945 - November 16, 1949 1782-part-2.pdf",,,,,,,,,,,,,,,,,,,
japan-internal-affairs-894.504-economic-matters-japan-6,"894.504 Economic Matters., Japan, Labor., February 8, 1930 - March 27, 1940 1184.pdf",,"894.504 Economic Matters., Japan, Labor., February 8, 1930 - March 27, 1940 (File 1184)","This document is part of the Records Department of State Relating to Internal Affairs of Japan 1930-1949, decimal 894 collection. These are public domain documents from the U.S. State Department from Record Group 59 of the National Archives of the United States.<br /><br />See this for a file index of the collection: <a href=""https://archive.org/details/japan-internal-affairs-1930-1949"">Records Department of State Relating to Internal Affairs of Japan 1930-1949 Decimal 894 - File List</a>",japan,japanese history,us-japan relations,japanese empire,rg59,U.S. State Department,japan-internal-affairs,labor,economy,economic conditions,,,U.S. State Department,1930-02-08,texts,eng
japan-internal-affairs-894.5041-economic-matters-labor-4,"894.5041 Economic Matters., Labor., Japan, Hours. Wages., February 8, 1930 - December 14, 1939 1158.pdf",,"894.5041 Economic Matters., Labor., Japan, Hours. Wages., February 8, 1930 - December 14, 1939 (File 1158)","This document is part of the Records Department of State Relating to Internal Affairs of Japan 1930-1949, decimal 894 collection. These are public domain documents from the U.S. State Department from Record Group 59 of the National Archives of the United States.<br /><br />See this for a file index of the collection: <a href=""https://archive.org/details/japan-internal-affairs-1930-1949"">Records Department of State Relating to Internal Affairs of Japan 1930-1949 Decimal 894 - File List</a>",japan,japanese history,us-japan relations,japanese empire,rg59,U.S. State Department,japan-internal-affairs,wages,labor,economy,economic conditions,,U.S. State Department,1930-02-08,texts,eng
japan-internal-affairs-894.5043-economic-matters-labor-6,"894.5043 Economic Matters., Labor., Japan, Organization. Unions., December 6, 1946 - April 8, 1948 1627.pdf",,"894.5043 Economic Matters., Labor., Japan, Organization. Unions., December 6, 1946 - April 8, 1948 (File 1627)","This document is part of the Records Department of State Relating to Internal Affairs of Japan 1930-1949, decimal 894 collection. These are public domain documents from the U.S. State Department from Record Group 59 of the National Archives of the United States.<br /><br />See this for a file index of the collection: <a href=""https://archive.org/details/japan-internal-affairs-1930-1949"">Records Department of State Relating to Internal Affairs of Japan 1930-1949 Decimal 894 - File List</a>",japan,japanese history,us-japan relations,japanese empire,rg59,U.S. State Department,japan-internal-affairs,labor unions,labor,economy,economic conditions,,U.S. State Department,1946-12-06,texts,eng
japan-internal-affairs-894.5043-economic-matters-labor-7,"894.5043 Economic Matters., Labor., Japan, Organization. Unions., February 1, 1947 - May 25, 1948 1637.pdf",,"894.5043 Economic Matters., Labor., Japan, Organization. Unions., February 1, 1947 - May 25, 1948 (File 1637)","This document is part of the Records Department of State Relating to Internal Affairs of Japan 1930-1949, decimal 894 collection. These are public domain documents from the U.S. State Department from Record Group 59 of the National Archives of the United States.<br /><br />See this for a file index of the collection: <a href=""https://archive.org/details/japan-internal-affairs-1930-1949"">Records Department of State Relating to Internal Affairs of Japan 1930-1949 Decimal 894 - File List</a>",japan,japanese history,us-japan relations,japanese empire,rg59,U.S. State Department,japan-internal-affairs,labor unions,labor,economy,economic conditions,,U.S. State Department,1947-02-01,texts,eng
japan-internal-affairs-894.5043-economic-matters-labor-5,"894.5043 Economic Matters., Labor., Japan, Organization. Unions., September 1, 1945 - March 26, 1946 1512.pdf",,"894.5043 Economic Matters., Labor., Japan, Organization. Unions., September 1, 1945 - March 26, 1946 (File 1512)","This document is part of the Records Department of State Relating to Internal Affairs of Japan 1930-1949, decimal 894 collection. These are public domain documents from the U.S. State Department from Record Group 59 of the National Archives of the United States.<br /><br />See this for a file index of the collection: <a href=""https://archive.org/details/japan-internal-affairs-1930-1949"">Records Department of State Relating to Internal Affairs of Japan 1930-1949 Decimal 894 - File List</a>",japan,japanese history,us-japan relations,japanese empire,rg59,U.S. State Department,japan-internal-affairs,labor unions,labor,economy,economic conditions,,U.S. State Department,1945-09-01,texts,eng
japan-internal-affairs-894.5043-economic-matters-labor-8,"894.5043 Economic Matters., Labor., Japan, Organization. Unions., September 4, 1948 1657.pdf",,"894.5043 Economic Matters., Labor., Japan, Organization. Unions., September 4, 1948 (File 1657)","This document is part of the Records Department of State Relating to Internal Affairs of Japan 1930-1949, decimal 894 collection. These are public domain documents from the U.S. State Department from Record Group 59 of the National Archives of the United States.<br /><br />See this for a file index of the collection: <a href=""https://archive.org/details/japan-internal-affairs-1930-1949"">Records Department of State Relating to Internal Affairs of Japan 1930-1949 Decimal 894 - File List</a>",japan,japanese history,us-japan relations,japanese empire,rg59,U.S. State Department,japan-internal-affairs,labor unions,labor,economy,economic conditions,,U.S. State Department,1948-09-04,texts,eng
japan-internal-affairs-894.5044-economic-matters-labor-4,"894.5044 Economic Matters., Labor., Japan, Relations With Employers., July 17, 1934 - September 3, 1936 924.pdf",,"894.5044 Economic Matters., Labor., Japan, Relations With Employers., July 17, 1934 - September 3, 1936 (File 924)","This document is part of the Records Department of State Relating to Internal Affairs of Japan 1930-1949, decimal 894 collection. These are public domain documents from the U.S. State Department from Record Group 59 of the National Archives of the United States.<br /><br />See this for a file index of the collection: <a href=""https://archive.org/details/japan-internal-affairs-1930-1949"">Records Department of State Relating to Internal Affairs of Japan 1930-1949 Decimal 894 - File List</a>",japan,japanese history,us-japan relations,japanese empire,rg59,U.S. State Department,japan-internal-affairs,labor relations,labor,economy,economic conditions,,U.S. State Department,1934-07-17,texts,eng
japan-internal-affairs-894.5045-economic-matters-labor-7,"894.5045 Economic Matters., Labor., Japan, Strikes And Lockouts., December 3, 1946 - July 21, 1949 1743.pdf",,"894.5045 Economic Matters., Labor., Japan, Strikes And Lockouts., December 3, 1946 - July 21, 1949 (File 1743)","This document is part of the Records Department of State Relating to Internal Affairs of Japan 1930-1949, decimal 894 collection. These are public domain documents from the U.S. State Department from Record Group 59 of the National Archives of the United States.<br /><br />See this for a file index of the collection: <a href=""https://archive.org/details/japan-internal-affairs-1930-1949"">Records Department of State Relating to Internal Affairs of Japan 1930-1949 Decimal 894 - File List</a>",japan,japanese history,us-japan relations,japanese empire,rg59,U.S. State Department,japan-internal-affairs,strikes,labor,economy,economic conditions,,U.S. State Department,1946-12-03,texts,eng
japan-internal-affairs-894.51-japan-financial-conditions-11,"894.51 Japan, Financial Conditions. Budget. Dept. Bond Issues. Loans. Public Securities. Credits., April 18, 1938 - December 28, 1939 1166.pdf",,"894.51 Japan, Financial Conditions. Budget. Dept. Bond Issues. Loans. Public Securities. Credits., April 18, 1938 - December 28, 1939 (File 1166)","This document is part of the Records Department of State Relating to Internal Affairs of Japan 1930-1949, decimal 894 collection. These are public domain documents from the U.S. State Department from Record Group 59 of the National Archives of the United States.<br /><br />See this for a file index of the collection: <a href=""https://archive.org/details/japan-internal-affairs-1930-1949"">Records Department of State Relating to Internal Affairs of Japan 1930-1949 Decimal 894 - File List</a>",japan,japanese history,us-japan relations,japanese empire,rg59,U.S. State Department,japan-internal-affairs,loans,budget,finance,,,U.S. State Department,1938-04-18,texts,eng
japan-internal-affairs-894.51-japan-financial-conditions-7,"894.51 Japan, Financial Conditions. Budget. Dept. Bond Issues. Loans. Public Securities. Credits., January 13, 1930 - January 19, 1932 733.pdf",,"894.51 Japan, Financial Conditions. Budget. Dept. Bond Issues. Loans. Public Securities. Credits., January 13, 1930 - January 19, 1932 (File 733)","This document is part of the Records Department of State Relating to Internal Affairs of Japan 1930-1949, decimal 894 collection. These are public domain documents from the U.S. State Department from Record Group 59 of the National Archives of the United States.<br /><br />See this for a file index of the collection: <a href=""https://archive.org/details/japan-internal-affairs-1930-1949"">Records Department of State Relating to Internal Affairs of Japan 1930-1949 Decimal 894 - File List</a>",japan,japanese history,us-japan relations,japanese empire,rg59,U.S. State Department,japan-internal-affairs,loans,budget,finance,,,U.S. State Department,1930-01-13,texts,eng
japan-internal-affairs-894.51-japan-financial-conditions-12,"894.51 Japan, Financial Conditions. Budget. Dept. Bond Issues. Loans. Public Securities. Credits., January 13, 1940 - September 7, 1940 1209.pdf",,"894.51 Japan, Financial Conditions. Budget. Dept. Bond Issues. Loans. Public Securities. Credits., January 13, 1940 - September 7, 1940 (File 1209)","This document is part of the Records Department of State Relating to Internal Affairs of Japan 1930-1949, decimal 894 collection. These are public domain documents from the U.S. State Department from Record Group 59 of the National Archives of the United States.<br /><br />See this for a file index of the collection: <a href=""https://archive.org/details/japan-internal-affairs-1930-1949"">Records Department of State Relating to Internal Affairs of Japan 1930-1949 Decimal 894 - File List</a>",japan,japanese history,us-japan relations,japanese empire,rg59,U.S. State Department,japan-internal-affairs,loans,budget,finance,,,U.S. State Department,1940-01-13,texts,eng
japan-internal-affairs-894.51-japan-financial-conditions-8,"894.51 Japan, Financial Conditions. Budget. Dept. Bond Issues. Loans. Public Securities. Credits., January 15, 1932 - March 10, 1932 741.pdf",,"894.51 Japan, Financial Conditions. Budget. Dept. Bond Issues. Loans. Public Securities. Credits., January 15, 1932 - March 10, 1932 (File 741)","This document is part of the Records Department of State Relating to Internal Affairs of Japan 1930-1949, decimal 894 collection. These are public domain documents from the U.S. State Department from Record Group 59 of the National Archives of the United States.<br /><br />See this for a file index of the collection: <a href=""https://archive.org/details/japan-internal-affairs-1930-1949"">Records Department of State Relating to Internal Affairs of Japan 1930-1949 Decimal 894 - File List</a>",japan,japanese history,us-japan relations,japanese empire,rg59,U.S. State Department,japan-internal-affairs,loans,budget,finance,,,U.S. State Department,1932-01-15,texts,eng
japan-internal-affairs-894.51-japan-financial-conditions-10,"894.51 Japan, Financial Conditions. Budget. Dept. Bond Issues. Loans. Public Securities. Credits., January 16, 1938 - April 26, 1938 1017.pdf",,"894.51 Japan, Financial Conditions. Budget. Dept. Bond Issues. Loans. Public Securities. Credits., January 16, 1938 - April 26, 1938 (File 1017)","This document is part of the Records Department of State Relating to Internal Affairs of Japan 1930-1949, decimal 894 collection. These are public domain documents from the U.S. State Department from Record Group 59 of the National Archives of the United States.<br /><br />See this for a file index of the collection: <a href=""https://archive.org/details/japan-internal-affairs-1930-1949"">Records Department of State Relating to Internal Affairs of Japan 1930-1949 Decimal 894 - File List</a>",japan,japanese history,us-japan relations,japanese empire,rg59,U.S. State Department,japan-internal-affairs,loans,budget,finance,,,U.S. State Department,1938-01-16,texts,eng
japan-internal-affairs-894.51-japan-financial-conditions-14,"894.51 Japan, Financial Conditions. Budget. Dept. Bond Issues. Loans. Public Securities. Credits., January 2, 1945 - November 22, 1948 1675.pdf",,"894.51 Japan, Financial Conditions. Budget. Dept. Bond Issues. Loans. Public Securities. Credits., January 2, 1945 - November 22, 1948 (File 1675)","This document is part of the Records Department of State Relating to Internal Affairs of Japan 1930-1949, decimal 894 collection. These are public domain documents from the U.S. State Department from Record Group 59 of the National Archives of the United States.<br /><br />See this for a file index of the collection: <a href=""https://archive.org/details/japan-internal-affairs-1930-1949"">Records Department of State Relating to Internal Affairs of Japan 1930-1949 Decimal 894 - File List</a>",japan,japanese history,us-japan relations,japanese empire,rg59,U.S. State Department,japan-internal-affairs,loans,budget,finance,,,U.S. State Department,1945-01-02,texts,eng
japan-internal-affairs-894.51-japan-financial-conditions-16,"894.51 Japan, Financial Conditions. Budget. Dept. Bond Issues. Loans. Public Securities. Credits., July 11, 1947 - July 25, 1949 1747.pdf",,"894.51 Japan, Financial Conditions. Budget. Dept. Bond Issues. Loans. Public Securities. Credits., July 11, 1947 - July 25, 1949 (File 1747)","This document is part of the Records Department of State Relating to Internal Affairs of Japan 1930-1949, decimal 894 collection. These are public domain documents from the U.S. State Department from Record Group 59 of the National Archives of the United States.<br /><br />See this for a file index of the collection: <a href=""https://archive.org/details/japan-internal-affairs-1930-1949"">Records Department of State Relating to Internal Affairs of Japan 1930-1949 Decimal 894 - File List</a>",japan,japanese history,us-japan relations,japanese empire,rg59,U.S. State Department,japan-internal-affairs,loans,budget,finance,,,U.S. State Department,1947-07-11,texts,eng
japan-internal-affairs-894.51-japan-financial-conditions-15,"894.51 Japan, Financial Conditions. Budget. Dept. Bond Issues. Loans. Public Securities. Credits., July 9, 1947 - November 26, 1948 1678.pdf",,"894.51 Japan, Financial Conditions. Budget. Dept. Bond Issues. Loans. Public Securities. Credits., July 9, 1947 - November 26, 1948 (File 1678)","This document is part of the Records Department of State Relating to Internal Affairs of Japan 1930-1949, decimal 894 collection. These are public domain documents from the U.S. State Department from Record Group 59 of the National Archives of the United States.<br /><br />See this for a file index of the collection: <a href=""https://archive.org/details/japan-internal-affairs-1930-1949"">Records Department of State Relating to Internal Affairs of Japan 1930-1949 Decimal 894 - File List</a>",japan,japanese history,us-japan relations,japanese empire,rg59,U.S. State Department,japan-internal-affairs,loans,budget,finance,,,U.S. State Department,1947-07-09,texts,eng
japan-internal-affairs-894.51-japan-financial-conditions-9,"894.51 Japan, Financial Conditions. Budget. Dept. Bond Issues. Loans. Public Securities. Credits., March 26, 1932 - January 11, 1938 995-part-1.pdf",,"894.51 Japan, Financial Conditions. Budget. Dept. Bond Issues. Loans. Public Securities. Credits., March 26, 1932 - January 11, 1938 (File 995)","This document is part of the Records Department of State Relating to Internal Affairs of Japan 1930-1949, decimal 894 collection. These are public domain documents from the U.S. State Department from Record Group 59 of the National Archives of the United States.<br /><br />See this for a file index of the collection: <a href=""https://archive.org/details/japan-internal-affairs-1930-1949"">Records Department of State Relating to Internal Affairs of Japan 1930-1949 Decimal 894 - File List</a>",japan,japanese history,us-japan relations,japanese empire,rg59,U.S. State Department,japan-internal-affairs,loans,budget,finance,,,U.S. State Department,1932-03-26,texts,eng
japan-internal-affairs-894.51-japan-financial-conditions-9,"894.51 Japan, Financial Conditions. Budget. Dept. Bond Issues. Loans. Public Securities. Credits., March 26, 1932 - January 11, 1938 995-part-2.pdf",,,,,,,,,,,,,,,,,,,
japan-internal-affairs-894.51-japan-financial-conditions-13,"894.51 Japan, Financial Conditions. Budget. Dept. Bond Issues. Loans. Public Securities. Credits., September 11, 1940 - December 19, 1944 1475-part-1.pdf",,"894.51 Japan, Financial Conditions. Budget. Dept. Bond Issues. Loans. Public Securities. Credits., September 11, 1940 - December 19, 1944 (File 1475)","This document is part of the Records Department of State Relating to Internal Affairs of Japan 1930-1949, decimal 894 collection. These are public domain documents from the U.S. State Department from Record Group 59 of the National Archives of the United States.<br /><br />See this for a file index of the collection: <a href=""https://archive.org/details/japan-internal-affairs-1930-1949"">Records Department of State Relating to Internal Affairs of Japan 1930-1949 Decimal 894 - File List</a>",japan,japanese history,us-japan relations,japanese empire,rg59,U.S. State Department,japan-internal-affairs,loans,budget,finance,,,U.S. State Department,1940-09-11,texts,eng
japan-internal-affairs-894.51-japan-financial-conditions-13,"894.51 Japan, Financial Conditions. Budget. Dept. Bond Issues. Loans. Public Securities. Credits., September 11, 1940 - December 19, 1944 1475-part-2.pdf",,,,,,,,,,,,,,,,,,,
japan-internal-affairs-894.512-financial-conditions-budget-5,"894.512 Financial Conditions. Budget. Dept. Bond Issues. Loans. Public Securities. Credits., Taxation. Processing Tax. For Treaties, Conventions, Arrangements, Ect., Add Country Number %A0%A0, Using Smaller Number Of Country For **., January 1736.pdf","894.512 Financial Conditions. Budget. Dept. Bond Issues. Loans. Public Securities. Credits., Taxation. Processing Tax. For Treaties, Conventions, Arrangements, Ect., Add Country Number %A0%A0, Using Smaller Number Of Coun 1736.pdf","894.512 Financial Conditions. Budget. Dept. Bond Issues. Loans. Public Securities. Credits., Taxation. Processing Tax. For Treaties, Conventions, Arrangements, Ect., Add Country Number, Using Smaller Number Of Country For **., January 16 (File 1736)","This document is part of the Records Department of State Relating to Internal Affairs of Japan 1930-1949, decimal 894 collection. These are public domain documents from the U.S. State Department from Record Group 59 of the National Archives of the United States.<br /><br />See this for a file index of the collection: <a href=""https://archive.org/details/japan-internal-affairs-1930-1949"">Records Department of State Relating to Internal Affairs of Japan 1930-1949 Decimal 894 - File List</a>",japan,japanese history,us-japan relations,japanese empire,rg59,U.S. State Department,japan-internal-affairs,taxation,loans,budget,finance,,U.S. State Department,,texts,eng
japan-internal-affairs-894.512-financial-conditions-budget-6,"894.512 Financial Conditions. Budget. Dept. Bond Issues. Loans. Public Securities. Credits., Taxation. Processing Tax. For Treaties, Conventions, Arrangements, Ect., Add Country Number %A0%A0, Using Smaller Number Of Country For **., July 8 1820.pdf","894.512 Financial Conditions. Budget. Dept. Bond Issues. Loans. Public Securities. Credits., Taxation. Processing Tax. For Treaties, Conventions, Arrangements, Ect., Add Country Number %A0%A0, Using Smaller Number Of Coun 1820.pdf","894.512 Financial Conditions. Budget. Dept. Bond Issues. Loans. Public Securities. Credits., Taxation. Processing Tax. For Treaties, Conventions, Arrangements, Ect., Add Country Number, Using Smaller Number Of Country For **., July 8, 19 (File 1820)","This document is part of the Records Department of State Relating to Internal Affairs of Japan 1930-1949, decimal 894 collection. These are public domain documents from the U.S. State Department from Record Group 59 of the National Archives of the United States.<br /><br />See this for a file index of the collection: <a href=""https://archive.org/details/japan-internal-affairs-1930-1949"">Records Department of State Relating to Internal Affairs of Japan 1930-1949 Decimal 894 - File List</a>",japan,japanese history,us-japan relations,japanese empire,rg59,U.S. State Department,japan-internal-affairs,taxation,loans,budget,finance,,U.S. State Department,,texts,eng
japan-internal-affairs-894.512-financial-conditions-budget-4,"894.512 Financial Conditions. Budget. Dept. Bond Issues. Loans. Public Securities. Credits., Taxation. Processing Tax. For Treaties, Conventions, Arrangements, Ect., Add Country Number %A0%A0, Using Smaller Number Of Country For **., October 1037.pdf","894.512 Financial Conditions. Budget. Dept. Bond Issues. Loans. Public Securities. Credits., Taxation. Processing Tax. For Treaties, Conventions, Arrangements, Ect., Add Country Number %A0%A0, Using Smaller Number Of Coun 1037.pdf","894.512 Financial Conditions. Budget. Dept. Bond Issues. Loans. Public Securities. Credits., Taxation. Processing Tax. For Treaties, Conventions, Arrangements, Ect., Add Country Number, Using Smaller Number Of Country For **., October 6 (File 1037)","This document is part of the Records Department of State Relating to Internal Affairs of Japan 1930-1949, decimal 894 collection. These are public domain documents from the U.S. State Department from Record Group 59 of the National Archives of the United States.<br /><br />See this for a file index of the collection: <a href=""https://archive.org/details/japan-internal-affairs-1930-1949"">Records Department of State Relating to Internal Affairs of Japan 1930-1949 Decimal 894 - File List</a>",japan,japanese history,us-japan relations,japanese empire,rg59,U.S. State Department,japan-internal-affairs,taxation,loans,budget,finance,,U.S. State Department,,texts,eng
japan-internal-affairs-894.5123-financial-conditions-budget-5,"894.5123 Financial Conditions. Budget. Dept. Bond Issues. Loans. Public Securities. Credits., Taxation. Processing Tax. For Treaties, Conventions, Arrangements, Ect., Add Country Number , Using Smaller Number Of Country For **., Japan, In 1804.pdf","894.5123 Financial Conditions. Budget. Dept. Bond Issues. Loans. Public Securities. Credits., Taxation. Processing Tax. For Treaties, Conventions, Arrangements, Ect., Add Country Number , Using Smaller Number Of Country F 1804.pdf","894.5123 Financial Conditions. Budget. Dept. Bond Issues. Loans. Public Securities. Credits., Taxation. Processing Tax. For Treaties, Conventions, Arrangements, Ect., Add Country Number, Using Smaller Number Of Country For **., Japan, In (File 1804)","This document is part of the Records Department of State Relating to Internal Affairs of Japan 1930-1949, decimal 894 collection. These are public domain documents from the U.S. State Department from Record Group 59 of the National Archives of the United States.<br /><br />See this for a file index of the collection: <a href=""https://archive.org/details/japan-internal-affairs-1930-1949"">Records Department of State Relating to Internal Affairs of Japan 1930-1949 Decimal 894 - File List</a>",japan,japanese history,us-japan relations,japanese empire,rg59,U.S. State Department,japan-internal-affairs,taxation,loans,budget,finance,,U.S. State Department,,texts,eng
japan-internal-affairs-894.5123-financial-conditions-budget-4,"894.5123 Financial Conditions. Budget. Dept. Bond Issues. Loans. Public Securities. Credits., Taxation. Processing Tax. For Treaties, Conventions, Arrangements, Ect., Add Country Number , Using Smaller Number Of Country For **., Japan, In 975.pdf","894.5123 Financial Conditions. Budget. Dept. Bond Issues. Loans. Public Securities. Credits., Taxation. Processing Tax. For Treaties, Conventions, Arrangements, Ect., Add Country Number , Using Smaller Number Of Country Fo 975.pdf","894.5123 Financial Conditions. Budget. Dept. Bond Issues. Loans. Public Securities. Credits., Taxation. Processing Tax. For Treaties, Conventions, Arrangements, Ect., Add Country Number, Using Smaller Number Of Country For **., Japan, In (File 975)","This document is part of the Records Department of State Relating to Internal Affairs of Japan 1930-1949, decimal 894 collection. These are public domain documents from the U.S. State Department from Record Group 59 of the National Archives of the United States.<br /><br />See this for a file index of the collection: <a href=""https://archive.org/details/japan-internal-affairs-1930-1949"">Records Department of State Relating to Internal Affairs of Japan 1930-1949 Decimal 894 - File List</a>",japan,japanese history,us-japan relations,japanese empire,rg59,U.S. State Department,japan-internal-affairs,taxation,loans,budget,finance,,U.S. State Department,,texts,eng
japan-internal-affairs-894.515-financial-conditions-budget-4,"894.515 Financial Conditions. Budget. Dept. Bond Issues. Loans. Public Securities. Credits., Japan, Monetary System. Coinage. Currency. Mint. Bullion., January 13, 1930 - November 14, 1939 1149.pdf",,"894.515 Financial Conditions. Budget. Dept. Bond Issues. Loans. Public Securities. Credits., Japan, Monetary System. Coinage. Currency. Mint. Bullion., January 13, 1930 - November 14, 1939 (File 1149)","This document is part of the Records Department of State Relating to Internal Affairs of Japan 1930-1949, decimal 894 collection. These are public domain documents from the U.S. State Department from Record Group 59 of the National Archives of the United States.<br /><br />See this for a file index of the collection: <a href=""https://archive.org/details/japan-internal-affairs-1930-1949"">Records Department of State Relating to Internal Affairs of Japan 1930-1949 Decimal 894 - File List</a>",japan,japanese history,us-japan relations,japanese empire,rg59,U.S. State Department,japan-internal-affairs,currency,loans,budget,finance,,U.S. State Department,1930-01-13,texts,eng
japan-internal-affairs-894.515-financial-conditions-budget-5,"894.515 Financial Conditions. Budget. Dept. Bond Issues. Loans. Public Securities. Credits., Japan, Monetary System. Coinage. Currency. Mint. Bullion., January 29, 1940 - September 25, 1944 1452.pdf",,"894.515 Financial Conditions. Budget. Dept. Bond Issues. Loans. Public Securities. Credits., Japan, Monetary System. Coinage. Currency. Mint. Bullion., January 29, 1940 - September 25, 1944 (File 1452)","This document is part of the Records Department of State Relating to Internal Affairs of Japan 1930-1949, decimal 894 collection. These are public domain documents from the U.S. State Department from Record Group 59 of the National Archives of the United States.<br /><br />See this for a file index of the collection: <a href=""https://archive.org/details/japan-internal-affairs-1930-1949"">Records Department of State Relating to Internal Affairs of Japan 1930-1949 Decimal 894 - File List</a>",japan,japanese history,us-japan relations,japanese empire,rg59,U.S. State Department,japan-internal-affairs,currency,loans,budget,finance,,U.S. State Department,1940-01-29,texts,eng
japan-internal-affairs-894.515-financial-conditions-budget-6,"894.515 Financial Conditions. Budget. Dept. Bond Issues. Loans. Public Securities. Credits., Japan, Monetary System. Coinage. Currency. Mint. Bullion., January 4, 1945 - June 4, 1949 1728.pdf",,"894.515 Financial Conditions. Budget. Dept. Bond Issues. Loans. Public Securities. Credits., Japan, Monetary System. Coinage. Currency. Mint. Bullion., January 4, 1945 - June 4, 1949 (File 1728)","This document is part of the Records Department of State Relating to Internal Affairs of Japan 1930-1949, decimal 894 collection. These are public domain documents from the U.S. State Department from Record Group 59 of the National Archives of the United States.<br /><br />See this for a file index of the collection: <a href=""https://archive.org/details/japan-internal-affairs-1930-1949"">Records Department of State Relating to Internal Affairs of Japan 1930-1949 Decimal 894 - File List</a>",japan,japanese history,us-japan relations,japanese empire,rg59,U.S. State Department,japan-internal-affairs,currency,loans,budget,finance,,U.S. State Department,1945-01-04,texts,eng
japan-internal-affairs-894.5151-financial-conditions-budget-5,"894.5151 Financial Conditions. Budget. Dept. Bond Issues. Loans. Public Securities. Credits., Monetary System. Coinage. Currency. Mint. Bullion., Japan, Exchange., December 2, 1931 - September 23, 1937 969.pdf",,"894.5151 Financial Conditions. Budget. Dept. Bond Issues. Loans. Public Securities. Credits., Monetary System. Coinage. Currency. Mint. Bullion., Japan, Exchange., December 2, 1931 - September 23, 1937 (File 969)","This document is part of the Records Department of State Relating to Internal Affairs of Japan 1930-1949, decimal 894 collection. These are public domain documents from the U.S. State Department from Record Group 59 of the National Archives of the United States.<br /><br />See this for a file index of the collection: <a href=""https://archive.org/details/japan-internal-affairs-1930-1949"">Records Department of State Relating to Internal Affairs of Japan 1930-1949 Decimal 894 - File List</a>",japan,japanese history,us-japan relations,japanese empire,rg59,U.S. State Department,japan-internal-affairs,foreign exchange,currency,loans,budget,finance,U.S. State Department,1931-12-02,texts,eng
japan-internal-affairs-894.5151-financial-conditions-budget-8,"894.5151 Financial Conditions. Budget. Dept. Bond Issues. Loans. Public Securities. Credits., Monetary System. Coinage. Currency. Mint. Bullion., Japan, Exchange., January 3, 1945 - January 15, 1949 1684.pdf",,"894.5151 Financial Conditions. Budget. Dept. Bond Issues. Loans. Public Securities. Credits., Monetary System. Coinage. Currency. Mint. Bullion., Japan, Exchange., January 3, 1945 - January 15, 1949 (File 1684)","This document is part of the Records Department of State Relating to Internal Affairs of Japan 1930-1949, decimal 894 collection. These are public domain documents from the U.S. State Department from Record Group 59 of the National Archives of the United States.<br /><br />See this for a file index of the collection: <a href=""https://archive.org/details/japan-internal-affairs-1930-1949"">Records Department of State Relating to Internal Affairs of Japan 1930-1949 Decimal 894 - File List</a>",japan,japanese history,us-japan relations,japanese empire,rg59,U.S. State Department,japan-internal-affairs,foreign exchange,currency,loans,budget,finance,U.S. State Department,1945-01-03,texts,eng
japan-internal-affairs-894.5151-financial-conditions-budget-7,"894.5151 Financial Conditions. Budget. Dept. Bond Issues. Loans. Public Securities. Credits., Monetary System. Coinage. Currency. Mint. Bullion., Japan, Exchange., January 5th, 1940 - December 19, 1944 1474.pdf",,"894.5151 Financial Conditions. Budget. Dept. Bond Issues. Loans. Public Securities. Credits., Monetary System. Coinage. Currency. Mint. Bullion., Japan, Exchange., January 5th, 1940 - December 19, 1944 (File 1474)","This document is part of the Records Department of State Relating to Internal Affairs of Japan 1930-1949, decimal 894 collection. These are public domain documents from the U.S. State Department from Record Group 59 of the National Archives of the United States.<br /><br />See this for a file index of the collection: <a href=""https://archive.org/details/japan-internal-affairs-1930-1949"">Records Department of State Relating to Internal Affairs of Japan 1930-1949 Decimal 894 - File List</a>",japan,japanese history,us-japan relations,japanese empire,rg59,U.S. State Department,japan-internal-affairs,foreign exchange,currency,loans,budget,finance,U.S. State Department,1940-01-05,texts,eng
japan-internal-affairs-894.5151-financial-conditions-budget-6,"894.5151 Financial Conditions. Budget. Dept. Bond Issues. Loans. Public Securities. Credits., Monetary System. Coinage. Currency. Mint. Bullion., Japan, Exchange., September 22, 1937 - December 22, 1939 1163.pdf",,"894.5151 Financial Conditions. Budget. Dept. Bond Issues. Loans. Public Securities. Credits., Monetary System. Coinage. Currency. Mint. Bullion., Japan, Exchange., September 22, 1937 - December 22, 1939 (File 1163)","This document is part of the Records Department of State Relating to Internal Affairs of Japan 1930-1949, decimal 894 collection. These are public domain documents from the U.S. State Department from Record Group 59 of the National Archives of the United States.<br /><br />See this for a file index of the collection: <a href=""https://archive.org/details/japan-internal-affairs-1930-1949"">Records Department of State Relating to Internal Affairs of Japan 1930-1949 Decimal 894 - File List</a>",japan,japanese history,us-japan relations,japanese empire,rg59,U.S. State Department,japan-internal-affairs,foreign exchange,currency,loans,budget,finance,U.S. State Department,1937-09-22,texts,eng
japan-internal-affairs-894.516-financial-conditions-budget-6,"894.516 Financial Conditions. Budget. Dept. Bond Issues. Loans. Public Securities. Credits., Japan, Banks. Banking., February 18, 1947 - June 4, 1947 1574.pdf",,"894.516 Financial Conditions. Budget. Dept. Bond Issues. Loans. Public Securities. Credits., Japan, Banks. Banking., February 18, 1947 - June 4, 1947 (File 1574)","This document is part of the Records Department of State Relating to Internal Affairs of Japan 1930-1949, decimal 894 collection. These are public domain documents from the U.S. State Department from Record Group 59 of the National Archives of the United States.<br /><br />See this for a file index of the collection: <a href=""https://archive.org/details/japan-internal-affairs-1930-1949"">Records Department of State Relating to Internal Affairs of Japan 1930-1949 Decimal 894 - File List</a>",japan,japanese history,us-japan relations,japanese empire,rg59,U.S. State Department,japan-internal-affairs,banking,loans,budget,finance,,U.S. State Department,1947-02-18,texts,eng
japan-internal-affairs-894.516-financial-conditions-budget-7,"894.516 Financial Conditions. Budget. Dept. Bond Issues. Loans. Public Securities. Credits., Japan, Banks. Banking., June 14, 1947 - August 2, 1949 1751.pdf",,"894.516 Financial Conditions. Budget. Dept. Bond Issues. Loans. Public Securities. Credits., Japan, Banks. Banking., June 14, 1947 - August 2, 1949 (File 1751)","This document is part of the Records Department of State Relating to Internal Affairs of Japan 1930-1949, decimal 894 collection. These are public domain documents from the U.S. State Department from Record Group 59 of the National Archives of the United States.<br /><br />See this for a file index of the collection: <a href=""https://archive.org/details/japan-internal-affairs-1930-1949"">Records Department of State Relating to Internal Affairs of Japan 1930-1949 Decimal 894 - File List</a>",japan,japanese history,us-japan relations,japanese empire,rg59,U.S. State Department,japan-internal-affairs,banking,loans,budget,finance,,U.S. State Department,1947-06-14,texts,eng
japan-internal-affairs-894.52-japan-lands-january,"894.52 Japan, Lands., January 30, 1933 - October 12, 1937 971.pdf",,"894.52 Japan, Lands., January 30, 1933 - October 12, 1937 (File 971)","This document is part of the Records Department of State Relating to Internal Affairs of Japan 1930-1949, decimal 894 collection. These are public domain documents from the U.S. State Department from Record Group 59 of the National Archives of the United States.<br /><br />See this for a file index of the collection: <a href=""https://archive.org/details/japan-internal-affairs-1930-1949"">Records Department of State Relating to Internal Affairs of Japan 1930-1949 Decimal 894 - File List</a>",japan,japanese history,us-japan relations,japanese empire,rg59,U.S. State Department,japan-internal-affairs,land,property rights,,,,U.S. State Department,1933-01-30,texts,eng
japan-internal-affairs-894.52-japan-lands-november,"894.52 Japan, Lands., November 12, 1946 - November 25, 1949 1792.pdf",,"894.52 Japan, Lands., November 12, 1946 - November 25, 1949 (File 1792)","This document is part of the Records Department of State Relating to Internal Affairs of Japan 1930-1949, decimal 894 collection. These are public domain documents from the U.S. State Department from Record Group 59 of the National Archives of the United States.<br /><br />See this for a file index of the collection: <a href=""https://archive.org/details/japan-internal-affairs-1930-1949"">Records Department of State Relating to Internal Affairs of Japan 1930-1949 Decimal 894 - File List</a>",japan,japanese history,us-japan relations,japanese empire,rg59,U.S. State Department,japan-internal-affairs,land,property rights,,,,U.S. State Department,1946-11-12,texts,eng
japan-internal-affairs-894.54-japan-intellectual-and-4,"894.54 Japan, Intellectual And Industrial Property. Applications For Patents And Copyrights, Registration Of Particular Trade Marks, And Contests Arising Therefrom Are Arranged Alphabetically Under The Respective Numbers., July 8, 1936 - De 939.pdf","894.54 Japan, Intellectual And Industrial Property. Applications For Patents And Copyrights, Registration Of Particular Trade Marks, And Contests Arising Therefrom Are Arranged Alphabetically Under The Respective Numbers 939.pdf","894.54 Japan, Intellectual And Industrial Property. Applications For Patents And Copyrights, Registration Of Particular Trade Marks, And Contests Arising Therefrom Are Arranged Alphabetically Under The Respective Numbers., July 8, 1936 - De (File 939)","This document is part of the Records Department of State Relating to Internal Affairs of Japan 1930-1949, decimal 894 collection. These are public domain documents from the U.S. State Department from Record Group 59 of the National Archives of the United States.<br /><br />See this for a file index of the collection: <a href=""https://archive.org/details/japan-internal-affairs-1930-1949"">Records Department of State Relating to Internal Affairs of Japan 1930-1949 Decimal 894 - File List</a>",japan,japanese history,us-japan relations,japanese empire,rg59,U.S. State Department,japan-internal-affairs,patents,intellectual property,,,,U.S. State Department,1936-07-08,texts,eng
japan-internal-affairs-894.542-intellectual-and-industrial-4,"894.542 Intellectual And Industrial Property. Applications For Patents And Copyrights, Registration Of Particular Trade Marks, And Contests Arising Therefrom Are Arranged Alphabetically Under The Respective Numbers., Patents. ** Country In  1656.pdf","894.542 Intellectual And Industrial Property. Applications For Patents And Copyrights, Registration Of Particular Trade Marks, And Contests Arising Therefrom Are Arranged Alphabetically Under The Respective Numbers., Pate 1656.pdf","894.542 Intellectual And Industrial Property. Applications For Patents And Copyrights, Registration Of Particular Trade Marks, And Contests Arising Therefrom Are Arranged Alphabetically Under The Respective Numbers., Patents. ** Country In (File 1656)","This document is part of the Records Department of State Relating to Internal Affairs of Japan 1930-1949, decimal 894 collection. These are public domain documents from the U.S. State Department from Record Group 59 of the National Archives of the United States.<br /><br />See this for a file index of the collection: <a href=""https://archive.org/details/japan-internal-affairs-1930-1949"">Records Department of State Relating to Internal Affairs of Japan 1930-1949 Decimal 894 - File List</a>",japan,japanese history,us-japan relations,japanese empire,rg59,U.S. State Department,japan-internal-affairs,patents,intellectual property,,,,U.S. State Department,,texts,eng
japan-internal-affairs-894.542-intellectual-and-industrial-5,"894.542 Intellectual And Industrial Property. Applications For Patents And Copyrights, Registration Of Particular Trade Marks, And Contests Arising Therefrom Are Arranged Alphabetically Under The Respective Numbers., Patents. ** Country In  1819.pdf","894.542 Intellectual And Industrial Property. Applications For Patents And Copyrights, Registration Of Particular Trade Marks, And Contests Arising Therefrom Are Arranged Alphabetically Under The Respective Numbers., Pate 1819.pdf","894.542 Intellectual And Industrial Property. Applications For Patents And Copyrights, Registration Of Particular Trade Marks, And Contests Arising Therefrom Are Arranged Alphabetically Under The Respective Numbers., Patents. ** Country In (File 1819)","This document is part of the Records Department of State Relating to Internal Affairs of Japan 1930-1949, decimal 894 collection. These are public domain documents from the U.S. State Department from Record Group 59 of the National Archives of the United States.<br /><br />See this for a file index of the collection: <a href=""https://archive.org/details/japan-internal-affairs-1930-1949"">Records Department of State Relating to Internal Affairs of Japan 1930-1949 Decimal 894 - File List</a>",japan,japanese history,us-japan relations,japanese empire,rg59,U.S. State Department,japan-internal-affairs,patents,intellectual property,,,,U.S. State Department,,texts,eng
japan-internal-affairs-894.542-intellectual-and-industrial-3,"894.542 Intellectual And Industrial Property. Applications For Patents And Copyrights, Registration Of Particular Trade Marks, And Contests Arising Therefrom Are Arranged Alphabetically Under The Respective Numbers., Patents. ** Country In  927.pdf","894.542 Intellectual And Industrial Property. Applications For Patents And Copyrights, Registration Of Particular Trade Marks, And Contests Arising Therefrom Are Arranged Alphabetically Under The Respective Numbers., Paten 927.pdf","894.542 Intellectual And Industrial Property. Applications For Patents And Copyrights, Registration Of Particular Trade Marks, And Contests Arising Therefrom Are Arranged Alphabetically Under The Respective Numbers., Patents. ** Country In (File 927)","This document is part of the Records Department of State Relating to Internal Affairs of Japan 1930-1949, decimal 894 collection. These are public domain documents from the U.S. State Department from Record Group 59 of the National Archives of the United States.<br /><br />See this for a file index of the collection: <a href=""https://archive.org/details/japan-internal-affairs-1930-1949"">Records Department of State Relating to Internal Affairs of Japan 1930-1949 Decimal 894 - File List</a>",japan,japanese history,us-japan relations,japanese empire,rg59,U.S. State Department,japan-internal-affairs,patents,intellectual property,,,,U.S. State Department,,texts,eng
japan-internal-affairs-894.543-intellectual-and-industrial-6,"894.543 Intellectual And Industrial Property. Applications For Patents And Copyrights, Registration Of Particular Trade Marks, And Contests Arising Therefrom Are Arranged Alphabetically Under The Respective Numbers., Trade-Marks. Trade Name 1211.pdf","894.543 Intellectual And Industrial Property. Applications For Patents And Copyrights, Registration Of Particular Trade Marks, And Contests Arising Therefrom Are Arranged Alphabetically Under The Respective Numbers., Trad 1211.pdf","894.543 Intellectual And Industrial Property. Applications For Patents And Copyrights, Registration Of Particular Trade Marks, And Contests Arising Therefrom Are Arranged Alphabetically Under The Respective Numbers., Trade-Marks. Trade Name (File 1211)","This document is part of the Records Department of State Relating to Internal Affairs of Japan 1930-1949, decimal 894 collection. These are public domain documents from the U.S. State Department from Record Group 59 of the National Archives of the United States.<br /><br />See this for a file index of the collection: <a href=""https://archive.org/details/japan-internal-affairs-1930-1949"">Records Department of State Relating to Internal Affairs of Japan 1930-1949 Decimal 894 - File List</a>",japan,japanese history,us-japan relations,japanese empire,rg59,U.S. State Department,japan-internal-affairs,trademarks,patents,intellectual property,,,U.S. State Department,,texts,eng
japan-internal-affairs-894.543-intellectual-and-industrial-7,"894.543 Intellectual And Industrial Property. Applications For Patents And Copyrights, Registration Of Particular Trade Marks, And Contests Arising Therefrom Are Arranged Alphabetically Under The Respective Numbers., Trade-Marks. Trade Name 1810.pdf","894.543 Intellectual And Industrial Property. Applications For Patents And Copyrights, Registration Of Particular Trade Marks, And Contests Arising Therefrom Are Arranged Alphabetically Under The Respective Numbers., Trad 1810.pdf","894.543 Intellectual And Industrial Property. Applications For Patents And Copyrights, Registration Of Particular Trade Marks, And Contests Arising Therefrom Are Arranged Alphabetically Under The Respective Numbers., Trade-Marks. Trade Name (File 1810)","This document is part of the Records Department of State Relating to Internal Affairs of Japan 1930-1949, decimal 894 collection. These are public domain documents from the U.S. State Department from Record Group 59 of the National Archives of the United States.<br /><br />See this for a file index of the collection: <a href=""https://archive.org/details/japan-internal-affairs-1930-1949"">Records Department of State Relating to Internal Affairs of Japan 1930-1949 Decimal 894 - File List</a>",japan,japanese history,us-japan relations,japanese empire,rg59,U.S. State Department,japan-internal-affairs,trademarks,patents,intellectual property,,,U.S. State Department,,texts,eng
japan-internal-affairs-894.543-intellectual-and-industrial-4,"894.543 Intellectual And Industrial Property. Applications For Patents And Copyrights, Registration Of Particular Trade Marks, And Contests Arising Therefrom Are Arranged Alphabetically Under The Respective Numbers., Trade-Marks. Trade Name 954.pdf","894.543 Intellectual And Industrial Property. Applications For Patents And Copyrights, Registration Of Particular Trade Marks, And Contests Arising Therefrom Are Arranged Alphabetically Under The Respective Numbers., Trade 954.pdf","894.543 Intellectual And Industrial Property. Applications For Patents And Copyrights, Registration Of Particular Trade Marks, And Contests Arising Therefrom Are Arranged Alphabetically Under The Respective Numbers., Trade-Marks. Trade Name (File 954)","This document is part of the Records Department of State Relating to Internal Affairs of Japan 1930-1949, decimal 894 collection. These are public domain documents from the U.S. State Department from Record Group 59 of the National Archives of the United States.<br /><br />See this for a file index of the collection: <a href=""https://archive.org/details/japan-internal-affairs-1930-1949"">Records Department of State Relating to Internal Affairs of Japan 1930-1949 Decimal 894 - File List</a>",japan,japanese history,us-japan relations,japanese empire,rg59,U.S. State Department,japan-internal-affairs,trademarks,patents,intellectual property,,,U.S. State Department,,texts,eng
japan-internal-affairs-894.543-intellectual-and-industrial-5,"894.543 Intellectual And Industrial Property. Applications For Patents And Copyrights, Registration Of Particular Trade Marks, And Contests Arising Therefrom Are Arranged Alphabetically Under The Respective Numbers., Trade-Marks. Trade Name 957.pdf","894.543 Intellectual And Industrial Property. Applications For Patents And Copyrights, Registration Of Particular Trade Marks, And Contests Arising Therefrom Are Arranged Alphabetically Under The Respective Numbers., Trade 957.pdf","894.543 Intellectual And Industrial Property. Applications For Patents And Copyrights, Registration Of Particular Trade Marks, And Contests Arising Therefrom Are Arranged Alphabetically Under The Respective Numbers., Trade-Marks. Trade Name (File 957)","This document is part of the Records Department of State Relating to Internal Affairs of Japan 1930-1949, decimal 894 collection. These are public domain documents from the U.S. State Department from Record Group 59 of the National Archives of the United States.<br /><br />See this for a file index of the collection: <a href=""https://archive.org/details/japan-internal-affairs-1930-1949"">Records Department of State Relating to Internal Affairs of Japan 1930-1949 Decimal 894 - File List</a>",japan,japanese history,us-japan relations,japanese empire,rg59,U.S. State Department,japan-internal-affairs,trademarks,patents,intellectual property,,,U.S. State Department,,texts,eng
japan-internal-affairs-894.544-intellectual-and-industrial-2,"894.544 Intellectual And Industrial Property. Applications For Patents And Copyrights, Registration Of Particular Trade Marks, And Contests Arising Therefrom Are Arranged Alphabetically Under The Respective Numbers., Copyrights. ** Country  1047.pdf","894.544 Intellectual And Industrial Property. Applications For Patents And Copyrights, Registration Of Particular Trade Marks, And Contests Arising Therefrom Are Arranged Alphabetically Under The Respective Numbers., Copy 1047.pdf","894.544 Intellectual And Industrial Property. Applications For Patents And Copyrights, Registration Of Particular Trade Marks, And Contests Arising Therefrom Are Arranged Alphabetically Under The Respective Numbers., Copyrights. ** Country (File 1047)","This document is part of the Records Department of State Relating to Internal Affairs of Japan 1930-1949, decimal 894 collection. These are public domain documents from the U.S. State Department from Record Group 59 of the National Archives of the United States.<br /><br />See this for a file index of the collection: <a href=""https://archive.org/details/japan-internal-affairs-1930-1949"">Records Department of State Relating to Internal Affairs of Japan 1930-1949 Decimal 894 - File List</a>",japan,japanese history,us-japan relations,japanese empire,rg59,U.S. State Department,japan-internal-affairs,copyright,patents,intellectual property,,,U.S. State Department,,texts,eng
japan-internal-affairs-894.544-intellectual-and-industrial-3,"894.544 Intellectual And Industrial Property. Applications For Patents And Copyrights, Registration Of Particular Trade Marks, And Contests Arising Therefrom Are Arranged Alphabetically Under The Respective Numbers., Copyrights. ** Country  1332.pdf","894.544 Intellectual And Industrial Property. Applications For Patents And Copyrights, Registration Of Particular Trade Marks, And Contests Arising Therefrom Are Arranged Alphabetically Under The Respective Numbers., Copy 1332.pdf","894.544 Intellectual And Industrial Property. Applications For Patents And Copyrights, Registration Of Particular Trade Marks, And Contests Arising Therefrom Are Arranged Alphabetically Under The Respective Numbers., Copyrights. ** Country (File 1332)","This document is part of the Records Department of State Relating to Internal Affairs of Japan 1930-1949, decimal 894 collection. These are public domain documents from the U.S. State Department from Record Group 59 of the National Archives of the United States.<br /><br />See this for a file index of the collection: <a href=""https://archive.org/details/japan-internal-affairs-1930-1949"">Records Department of State Relating to Internal Affairs of Japan 1930-1949 Decimal 894 - File List</a>",japan,japanese history,us-japan relations,japanese empire,rg59,U.S. State Department,japan-internal-affairs,copyright,patents,intellectual property,,,U.S. State Department,,texts,eng
japan-internal-affairs-894.544-intellectual-and-industrial-4,"894.544 Intellectual And Industrial Property. Applications For Patents And Copyrights, Registration Of Particular Trade Marks, And Contests Arising Therefrom Are Arranged Alphabetically Under The Respective Numbers., Copyrights. ** Country  1673.pdf","894.544 Intellectual And Industrial Property. Applications For Patents And Copyrights, Registration Of Particular Trade Marks, And Contests Arising Therefrom Are Arranged Alphabetically Under The Respective Numbers., Copy 1673.pdf","894.544 Intellectual And Industrial Property. Applications For Patents And Copyrights, Registration Of Particular Trade Marks, And Contests Arising Therefrom Are Arranged Alphabetically Under The Respective Numbers., Copyrights. ** Country (File 1673)","This document is part of the Records Department of State Relating to Internal Affairs of Japan 1930-1949, decimal 894 collection. These are public domain documents from the U.S. State Department from Record Group 59 of the National Archives of the United States.<br /><br />See this for a file index of the collection: <a href=""https://archive.org/details/japan-internal-affairs-1930-1949"">Records Department of State Relating to Internal Affairs of Japan 1930-1949 Decimal 894 - File List</a>",japan,japanese history,us-japan relations,japanese empire,rg59,U.S. State Department,japan-internal-affairs,copyright,patents,intellectual property,,,U.S. State Department,,texts,eng
japan-internal-affairs-894.55-japan-immigration-head-2,"894.55 Japan, Immigration. Head Tax., March 31, 1931 - June 19, 1939 1105.pdf",,"894.55 Japan, Immigration. Head Tax., March 31, 1931 - June 19, 1939 (File 1105)","This document is part of the Records Department of State Relating to Internal Affairs of Japan 1930-1949, decimal 894 collection. These are public domain documents from the U.S. State Department from Record Group 59 of the National Archives of the United States.<br /><br />See this for a file index of the collection: <a href=""https://archive.org/details/japan-internal-affairs-1930-1949"">Records Department of State Relating to Internal Affairs of Japan 1930-1949 Decimal 894 - File List</a>",japan,japanese history,us-japan relations,japanese empire,rg59,U.S. State Department,japan-internal-affairs,head tax,immigration,migration,,,U.S. State Department,1931-03-31,texts,eng
japan-internal-affairs-894.56-japan-emigration-october,"894.56 Japan, Emigration., October 16, 1930 - May 11, 1939 1100.pdf",,"894.56 Japan, Emigration., October 16, 1930 - May 11, 1939 (File 1100)","This document is part of the Records Department of State Relating to Internal Affairs of Japan 1930-1949, decimal 894 collection. These are public domain documents from the U.S. State Department from Record Group 59 of the National Archives of the United States.<br /><br />See this for a file index of the collection: <a href=""https://archive.org/details/japan-internal-affairs-1930-1949"">Records Department of State Relating to Internal Affairs of Japan 1930-1949 Decimal 894 - File List</a>",japan,japanese history,us-japan relations,japanese empire,rg59,U.S. State Department,japan-internal-affairs,emigration,migration,,,,U.S. State Department,1930-10-16,texts,eng
japan-internal-affairs-894.60-japan-industrial-matters-3,"894.60 Japan, Industrial Matters., April 7, 1930 - May 17, 1937 951.pdf",,"894.60 Japan, Industrial Matters., April 7, 1930 - May 17, 1937 (File 951)","This document is part of the Records Department of State Relating to Internal Affairs of Japan 1930-1949, decimal 894 collection. These are public domain documents from the U.S. State Department from Record Group 59 of the National Archives of the United States.<br /><br />See this for a file index of the collection: <a href=""https://archive.org/details/japan-internal-affairs-1930-1949"">Records Department of State Relating to Internal Affairs of Japan 1930-1949 Decimal 894 - File List</a>",japan,japanese history,us-japan relations,japanese empire,rg59,U.S. State Department,japan-internal-affairs,industry,economy,,,,U.S. State Department,1930-04-07,texts,eng
japan-internal-affairs-894.60-japan-industrial-matters-7,"894.60 Japan, Industrial Matters., August 28, 1947 - December 27, 1949 1831.pdf",,"894.60 Japan, Industrial Matters., August 28, 1947 - December 27, 1949 (File 1831)","This document is part of the Records Department of State Relating to Internal Affairs of Japan 1930-1949, decimal 894 collection. These are public domain documents from the U.S. State Department from Record Group 59 of the National Archives of the United States.<br /><br />See this for a file index of the collection: <a href=""https://archive.org/details/japan-internal-affairs-1930-1949"">Records Department of State Relating to Internal Affairs of Japan 1930-1949 Decimal 894 - File List</a>",japan,japanese history,us-japan relations,japanese empire,rg59,U.S. State Department,japan-internal-affairs,industry,economy,,,,U.S. State Department,1947-08-28,texts,eng
japan-internal-affairs-894.60-japan-industrial-matters-6,"894.60 Japan, Industrial Matters., December 26, 1945 - June 26, 1947 1578.pdf",,"894.60 Japan, Industrial Matters., December 26, 1945 - June 26, 1947 (File 1578)","This document is part of the Records Department of State Relating to Internal Affairs of Japan 1930-1949, decimal 894 collection. These are public domain documents from the U.S. State Department from Record Group 59 of the National Archives of the United States.<br /><br />See this for a file index of the collection: <a href=""https://archive.org/details/japan-internal-affairs-1930-1949"">Records Department of State Relating to Internal Affairs of Japan 1930-1949 Decimal 894 - File List</a>",japan,japanese history,us-japan relations,japanese empire,rg59,U.S. State Department,japan-internal-affairs,industry,economy,,,,U.S. State Department,1945-12-26,texts,eng
japan-internal-affairs-894.60-japan-industrial-matters-5,"894.60 Japan, Industrial Matters., January 9, 1945 - December 21, 1945 1501.pdf",,"894.60 Japan, Industrial Matters., January 9, 1945 - December 21, 1945 (File 1501)","This document is part of the Records Department of State Relating to Internal Affairs of Japan 1930-1949, decimal 894 collection. These are public domain documents from the U.S. State Department from Record Group 59 of the National Archives of the United States.<br /><br />See this for a file index of the collection: <a href=""https://archive.org/details/japan-internal-affairs-1930-1949"">Records Department of State Relating to Internal Affairs of Japan 1930-1949 Decimal 894 - File List</a>",japan,japanese history,us-japan relations,japanese empire,rg59,U.S. State Department,japan-internal-affairs,industry,economy,,,,U.S. State Department,1945-01-09,texts,eng
japan-internal-affairs-894.60-japan-industrial-matters-4,"894.60 Japan, Industrial Matters., November 20, 1940 - December 6, 1944 1472.pdf",,"894.60 Japan, Industrial Matters., November 20, 1940 - December 6, 1944 (File 1472)","This document is part of the Records Department of State Relating to Internal Affairs of Japan 1930-1949, decimal 894 collection. These are public domain documents from the U.S. State Department from Record Group 59 of the National Archives of the United States.<br /><br />See this for a file index of the collection: <a href=""https://archive.org/details/japan-internal-affairs-1930-1949"">Records Department of State Relating to Internal Affairs of Japan 1930-1949 Decimal 894 - File List</a>",japan,japanese history,us-japan relations,japanese empire,rg59,U.S. State Department,japan-internal-affairs,industry,economy,,,,U.S. State Department,1940-11-20,texts,eng
japan-internal-affairs-894.602-industrial-matters-japan-6,"894.602 Industrial Matters., Japan, Monopolies. Concessions. Franchise. Contracts. Bounties. Subsidies. Cartels. Where Practicable, Concession, Ect., Are Classified Under Their Specific Subjects., August 25, 1949 - December 27, 1949 1829.pdf","894.602 Industrial Matters., Japan, Monopolies. Concessions. Franchise. Contracts. Bounties. Subsidies. Cartels. Where Practicable, Concession, Ect., Are Classified Under Their Specific Subjects., August 25, 1949 - Decemb 1829.pdf","894.602 Industrial Matters., Japan, Monopolies. Concessions. Franchise. Contracts. Bounties. Subsidies. Cartels. Where Practicable, Concession, Ect., Are Classified Under Their Specific Subjects., August 25, 1949 - December 27, 1949 (File 1829)","This document is part of the Records Department of State Relating to Internal Affairs of Japan 1930-1949, decimal 894 collection. These are public domain documents from the U.S. State Department from Record Group 59 of the National Archives of the United States.<br /><br />See this for a file index of the collection: <a href=""https://archive.org/details/japan-internal-affairs-1930-1949"">Records Department of State Relating to Internal Affairs of Japan 1930-1949 Decimal 894 - File List</a>",japan,japanese history,us-japan relations,japanese empire,rg59,U.S. State Department,japan-internal-affairs,subsidies,concessions,monopolies,industry,economy,U.S. State Department,1949-08-25,texts,eng
japan-internal-affairs-894.602-industrial-matters-japan-5,"894.602 Industrial Matters., Japan, Monopolies. Concessions. Franchise. Contracts. Bounties. Subsidies. Cartels. Where Practicable, Concession, Ect., Are Classified Under Their Specific Subjects., March 16, 1945 - August 6, 1949 1754-part-1.pdf","894.602 Industrial Matters., Japan, Monopolies. Concessions. Franchise. Contracts. Bounties. Subsidies. Cartels. Where Practicable, Concession, Ect., Are Classified Under Their Specific Subjects., March 16, 1945 - 1754-part-1.pdf","894.602 Industrial Matters., Japan, Monopolies. Concessions. Franchise. Contracts. Bounties. Subsidies. Cartels. Where Practicable, Concession, Ect., Are Classified Under Their Specific Subjects., March 16, 1945 - August 6, 1949 (File 1754)","This document is part of the Records Department of State Relating to Internal Affairs of Japan 1930-1949, decimal 894 collection. These are public domain documents from the U.S. State Department from Record Group 59 of the National Archives of the United States.<br /><br />See this for a file index of the collection: <a href=""https://archive.org/details/japan-internal-affairs-1930-1949"">Records Department of State Relating to Internal Affairs of Japan 1930-1949 Decimal 894 - File List</a>",japan,japanese history,us-japan relations,japanese empire,rg59,U.S. State Department,japan-internal-affairs,subsidies,concessions,monopolies,industry,economy,U.S. State Department,1945-03-16,texts,eng
japan-internal-affairs-894.602-industrial-matters-japan-5,"894.602 Industrial Matters., Japan, Monopolies. Concessions. Franchise. Contracts. Bounties. Subsidies. Cartels. Where Practicable, Concession, Ect., Are Classified Under Their Specific Subjects., March 16, 1945 - August 6, 1949 1754-part-2.pdf","894.602 Industrial Matters., Japan, Monopolies. Concessions. Franchise. Contracts. Bounties. Subsidies. Cartels. Where Practicable, Concession, Ect., Are Classified Under Their Specific Subjects., March 16, 1945 - 1754-part-2.pdf",,,,,,,,,,,,,,,,,,
japan-internal-affairs-894.607-industrial-matters-japan-5,"894.607 Industrial Matters., Japan, Expositions. Exhibitions. Included All Expositions Of Whatever Character., January 17, 1931 - May 13, 1935 864.pdf",,"894.607 Industrial Matters., Japan, Expositions. Exhibitions. Included All Expositions Of Whatever Character., January 17, 1931 - May 13, 1935 (File 864)","This document is part of the Records Department of State Relating to Internal Affairs of Japan 1930-1949, decimal 894 collection. These are public domain documents from the U.S. State Department from Record Group 59 of the National Archives of the United States.<br /><br />See this for a file index of the collection: <a href=""https://archive.org/details/japan-internal-affairs-1930-1949"">Records Department of State Relating to Internal Affairs of Japan 1930-1949 Decimal 894 - File List</a>",japan,japanese history,us-japan relations,japanese empire,rg59,U.S. State Department,japan-internal-affairs,expositions,industry,economy,,,U.S. State Department,1931-01-17,texts,eng
japan-internal-affairs-894.61-japan-agriculture-august,"894.61 Japan, Agriculture., August 1, 1930 - August 17, 1938 1041.pdf",,"894.61 Japan, Agriculture., August 1, 1930 - August 17, 1938 (File 1041)","This document is part of the Records Department of State Relating to Internal Affairs of Japan 1930-1949, decimal 894 collection. These are public domain documents from the U.S. State Department from Record Group 59 of the National Archives of the United States.<br /><br />See this for a file index of the collection: <a href=""https://archive.org/details/japan-internal-affairs-1930-1949"">Records Department of State Relating to Internal Affairs of Japan 1930-1949 Decimal 894 - File List</a>",japan,japanese history,us-japan relations,japanese empire,rg59,U.S. State Department,japan-internal-affairs,agriculture,farming,,,,U.S. State Department,1930-08-01,texts,eng
japan-internal-affairs-894.61-japan-agriculture-february,"894.61 Japan, Agriculture., February 9, 1945 - December 23, 1949 1822.pdf",,"894.61 Japan, Agriculture., February 9, 1945 - December 23, 1949 (File 1822)","This document is part of the Records Department of State Relating to Internal Affairs of Japan 1930-1949, decimal 894 collection. These are public domain documents from the U.S. State Department from Record Group 59 of the National Archives of the United States.<br /><br />See this for a file index of the collection: <a href=""https://archive.org/details/japan-internal-affairs-1930-1949"">Records Department of State Relating to Internal Affairs of Japan 1930-1949 Decimal 894 - File List</a>",japan,japanese history,us-japan relations,japanese empire,rg59,U.S. State Department,japan-internal-affairs,agriculture,farming,,,,U.S. State Department,1945-02-09,texts,eng
japan-internal-affairs-894.61321-agriculture-field-crops-2,"894.61321 Agriculture., Field Crops. Seeds., Fibers., Japan, Cotton., February 7, 1946 - November 8, 1949 1778.pdf",,"894.61321 Agriculture., Field Crops. Seeds., Fibers., Japan, Cotton., February 7, 1946 - November 8, 1949 (File 1778)","This document is part of the Records Department of State Relating to Internal Affairs of Japan 1930-1949, decimal 894 collection. These are public domain documents from the U.S. State Department from Record Group 59 of the National Archives of the United States.<br /><br />See this for a file index of the collection: <a href=""https://archive.org/details/japan-internal-affairs-1930-1949"">Records Department of State Relating to Internal Affairs of Japan 1930-1949 Decimal 894 - File List</a>",japan,japanese history,us-japan relations,japanese empire,rg59,U.S. State Department,japan-internal-affairs,cotton,crops,agriculture,,,U.S. State Department,1946-02-07,texts,eng
japan-internal-affairs-894.622-animal-husbandry-japan,"894.622 Animal Husbandry., Japan, Domestic Animals. Ill-Treatment., April 24, 1946 - February 17, 1948 1617.pdf",,"894.622 Animal Husbandry., Japan, Domestic Animals. Ill-Treatment., April 24, 1946 - February 17, 1948 (File 1617)","This document is part of the Records Department of State Relating to Internal Affairs of Japan 1930-1949, decimal 894 collection. These are public domain documents from the U.S. State Department from Record Group 59 of the National Archives of the United States.<br /><br />See this for a file index of the collection: <a href=""https://archive.org/details/japan-internal-affairs-1930-1949"">Records Department of State Relating to Internal Affairs of Japan 1930-1949 Decimal 894 - File List</a>",japan,japanese history,us-japan relations,japanese empire,rg59,U.S. State Department,japan-internal-affairs,animal husbandry,,,,,U.S. State Department,1946-04-24,texts,eng
japan-internal-affairs-894.6225-animal-husbandry-domestic-4,"894.6225 Animal Husbandry., Domestic Animals. Ill-Treatment., Japan, Silk Culture., March 21, 1940 - April 29, 1941 1263.pdf",,"894.6225 Animal Husbandry., Domestic Animals. Ill-Treatment., Japan, Silk Culture., March 21, 1940 - April 29, 1941 (File 1263)","This document is part of the Records Department of State Relating to Internal Affairs of Japan 1930-1949, decimal 894 collection. These are public domain documents from the U.S. State Department from Record Group 59 of the National Archives of the United States.<br /><br />See this for a file index of the collection: <a href=""https://archive.org/details/japan-internal-affairs-1930-1949"">Records Department of State Relating to Internal Affairs of Japan 1930-1949 Decimal 894 - File List</a>",japan,japanese history,us-japan relations,japanese empire,rg59,U.S. State Department,japan-internal-affairs,sericulture,silk,animal husbandry,,,U.S. State Department,1940-03-21,texts,eng
japan-internal-affairs-894.627-animal-husbandry-japan-4,"894.627 Animal Husbandry., Japan, Fur Seals., November 15, 1948 - June 21, 1949 1733.pdf",,"894.627 Animal Husbandry., Japan, Fur Seals., November 15, 1948 - June 21, 1949 (File 1733)","This document is part of the Records Department of State Relating to Internal Affairs of Japan 1930-1949, decimal 894 collection. These are public domain documents from the U.S. State Department from Record Group 59 of the National Archives of the United States.<br /><br />See this for a file index of the collection: <a href=""https://archive.org/details/japan-internal-affairs-1930-1949"">Records Department of State Relating to Internal Affairs of Japan 1930-1949 Decimal 894 - File List</a>",japan,japanese history,us-japan relations,japanese empire,rg59,U.S. State Department,japan-internal-affairs,fur seals,animal husbandry,,,,U.S. State Department,1948-11-15,texts,eng
japan-internal-affairs-894.628-animal-husbandry-japan-13,"894.628 Animal Husbandry., Japan, Fisheries. Sponges. Sponge Fisheries.,  459.pdf",,"894.628 Animal Husbandry., Japan, Fisheries. Sponges. Sponge Fisheries. (File 459)","This document is part of the Records Department of State Relating to Internal Affairs of Japan 1930-1949, decimal 894 collection. These are public domain documents from the U.S. State Department from Record Group 59 of the National Archives of the United States.<br /><br />See this for a file index of the collection: <a href=""https://archive.org/details/japan-internal-affairs-1930-1949"">Records Department of State Relating to Internal Affairs of Japan 1930-1949 Decimal 894 - File List</a>",japan,japanese history,us-japan relations,japanese empire,rg59,U.S. State Department,japan-internal-affairs,fisheries,animal husbandry,,,,U.S. State Department,,texts,eng
japan-internal-affairs-894.628-animal-husbandry-japan-8,"894.628 Animal Husbandry., Japan, Fisheries. Sponges. Sponge Fisheries., April 24, 1940 - March 30, 1942 1341.pdf",,"894.628 Animal Husbandry., Japan, Fisheries. Sponges. Sponge Fisheries., April 24, 1940 - March 30, 1942 (File 1341)","This document is part of the Records Department of State Relating to Internal Affairs of Japan 1930-1949, decimal 894 collection. These are public domain documents from the U.S. State Department from Record Group 59 of the National Archives of the United States.<br /><br />See this for a file index of the collection: <a href=""https://archive.org/details/japan-internal-affairs-1930-1949"">Records Department of State Relating to Internal Affairs of Japan 1930-1949 Decimal 894 - File List</a>",japan,japanese history,us-japan relations,japanese empire,rg59,U.S. State Department,japan-internal-affairs,fisheries,animal husbandry,,,,U.S. State Department,1940-04-24,texts,eng
japan-internal-affairs-894.628-animal-husbandry-japan-7,"894.628 Animal Husbandry., Japan, Fisheries. Sponges. Sponge Fisheries., December 2, 1936 - May 24, 1939 1101.pdf",,"894.628 Animal Husbandry., Japan, Fisheries. Sponges. Sponge Fisheries., December 2, 1936 - May 24, 1939 (File 1101)","This document is part of the Records Department of State Relating to Internal Affairs of Japan 1930-1949, decimal 894 collection. These are public domain documents from the U.S. State Department from Record Group 59 of the National Archives of the United States.<br /><br />See this for a file index of the collection: <a href=""https://archive.org/details/japan-internal-affairs-1930-1949"">Records Department of State Relating to Internal Affairs of Japan 1930-1949 Decimal 894 - File List</a>",japan,japanese history,us-japan relations,japanese empire,rg59,U.S. State Department,japan-internal-affairs,fisheries,animal husbandry,,,,U.S. State Department,1936-12-02,texts,eng
japan-internal-affairs-894.628-animal-husbandry-japan-12,"894.628 Animal Husbandry., Japan, Fisheries. Sponges. Sponge Fisheries., February 3, 1947 - June 20, 1949 1732.pdf",,"894.628 Animal Husbandry., Japan, Fisheries. Sponges. Sponge Fisheries., February 3, 1947 - June 20, 1949 (File 1732)","This document is part of the Records Department of State Relating to Internal Affairs of Japan 1930-1949, decimal 894 collection. These are public domain documents from the U.S. State Department from Record Group 59 of the National Archives of the United States.<br /><br />See this for a file index of the collection: <a href=""https://archive.org/details/japan-internal-affairs-1930-1949"">Records Department of State Relating to Internal Affairs of Japan 1930-1949 Decimal 894 - File List</a>",japan,japanese history,us-japan relations,japanese empire,rg59,U.S. State Department,japan-internal-affairs,fisheries,animal husbandry,,,,U.S. State Department,1947-02-03,texts,eng
japan-internal-affairs-894.628-animal-husbandry-japan-9,"894.628 Animal Husbandry., Japan, Fisheries. Sponges. Sponge Fisheries., January 30, 1945 - November 7, 1946 1542-part-1.pdf",,"894.628 Animal Husbandry., Japan, Fisheries. Sponges. Sponge Fisheries., January 30, 1945 - November 7, 1946 (File 1542)","This document is part of the Records Department of State Relating to Internal Affairs of Japan 1930-1949, decimal 894 collection. These are public domain documents from the U.S. State Department from Record Group 59 of the National Archives of the United States.<br /><br />See this for a file index of the collection: <a href=""https://archive.org/details/japan-internal-affairs-1930-1949"">Records Department of State Relating to Internal Affairs of Japan 1930-1949 Decimal 894 - File List</a>",japan,japanese history,us-japan relations,japanese empire,rg59,U.S. State Department,japan-internal-affairs,fisheries,animal husbandry,,,,U.S. State Department,1945-01-30,texts,eng
japan-internal-affairs-894.628-animal-husbandry-japan-9,"894.628 Animal Husbandry., Japan, Fisheries. Sponges. Sponge Fisheries., January 30, 1945 - November 7, 1946 1542-part-2.pdf",,,,,,,,,,,,,,,,,,,
japan-internal-affairs-894.628-animal-husbandry-japan-6,"894.628 Animal Husbandry., Japan, Fisheries. Sponges. Sponge Fisheries., July 8, 1930 - September 24, 1936 928-part-1.pdf",,"894.628 Animal Husbandry., Japan, Fisheries. Sponges. Sponge Fisheries., July 8, 1930 - September 24, 1936 (File 928)","This document is part of the Records Department of State Relating to Internal Affairs of Japan 1930-1949, decimal 894 collection. These are public domain documents from the U.S. State Department from Record Group 59 of the National Archives of the United States.<br /><br />See this for a file index of the collection: <a href=""https://archive.org/details/japan-internal-affairs-1930-1949"">Records Department of State Relating to Internal Affairs of Japan 1930-1949 Decimal 894 - File List</a>",japan,japanese history,us-japan relations,japanese empire,rg59,U.S. State Department,japan-internal-affairs,fisheries,animal husbandry,,,,U.S. State Department,1930-07-08,texts,eng
japan-internal-affairs-894.628-animal-husbandry-japan-6,"894.628 Animal Husbandry., Japan, Fisheries. Sponges. Sponge Fisheries., July 8, 1930 - September 24, 1936 928-part-2.pdf",,,,,,,,,,,,,,,,,,,
japan-internal-affairs-894.628-animal-husbandry-japan-10,"894.628 Animal Husbandry., Japan, Fisheries. Sponges. Sponge Fisheries., March 1, 1945 - October 17, 1945 1494.pdf",,"894.628 Animal Husbandry., Japan, Fisheries. Sponges. Sponge Fisheries., March 1, 1945 - October 17, 1945 (File 1494)","This document is part of the Records Department of State Relating to Internal Affairs of Japan 1930-1949, decimal 894 collection. These are public domain documents from the U.S. State Department from Record Group 59 of the National Archives of the United States.<br /><br />See this for a file index of the collection: <a href=""https://archive.org/details/japan-internal-affairs-1930-1949"">Records Department of State Relating to Internal Affairs of Japan 1930-1949 Decimal 894 - File List</a>",japan,japanese history,us-japan relations,japanese empire,rg59,U.S. State Department,japan-internal-affairs,fisheries,animal husbandry,,,,U.S. State Department,1945-03-01,texts,eng
japan-internal-affairs-894.628-animal-husbandry-japan-11,"894.628 Animal Husbandry., Japan, Fisheries. Sponges. Sponge Fisheries., November 8, 1946 - June 20, 1949 1731-part-1.pdf",,"894.628 Animal Husbandry., Japan, Fisheries. Sponges. Sponge Fisheries., November 8, 1946 - June 20, 1949 (File 1731)","This document is part of the Records Department of State Relating to Internal Affairs of Japan 1930-1949, decimal 894 collection. These are public domain documents from the U.S. State Department from Record Group 59 of the National Archives of the United States.<br /><br />See this for a file index of the collection: <a href=""https://archive.org/details/japan-internal-affairs-1930-1949"">Records Department of State Relating to Internal Affairs of Japan 1930-1949 Decimal 894 - File List</a>",japan,japanese history,us-japan relations,japanese empire,rg59,U.S. State Department,japan-internal-affairs,fisheries,animal husbandry,,,,U.S. State Department,1946-11-08,texts,eng
japan-internal-affairs-894.628-animal-husbandry-japan-11,"894.628 Animal Husbandry., Japan, Fisheries. Sponges. Sponge Fisheries., November 8, 1946 - June 20, 1949 1731-part-2.pdf",,,,,,,,,,,,,,,,,,,
japan-internal-affairs-894.6342-mines-mining-concessions-2,"894.6342 Mines. Mining. Concessions., Precious Metals And Precious Stones., Japan, Silver.,  377.pdf",,"894.6342 Mines. Mining. Concessions., Precious Metals And Precious Stones., Japan, Silver. (File 377)","This document is part of the Records Department of State Relating to Internal Affairs of Japan 1930-1949, decimal 894 collection. These are public domain documents from the U.S. State Department from Record Group 59 of the National Archives of the United States.<br /><br />See this for a file index of the collection: <a href=""https://archive.org/details/japan-internal-affairs-1930-1949"">Records Department of State Relating to Internal Affairs of Japan 1930-1949 Decimal 894 - File List</a>",japan,japanese history,us-japan relations,japanese empire,rg59,U.S. State Department,japan-internal-affairs,silver,metals,precious metals,concessions,mining,U.S. State Department,,texts,eng
japan-internal-affairs-894.6351-mines-mining-concessions-4,"894.6351 Mines. Mining. Concessions., Base Metals., Japan, Iron., October 4, 1946 - May 20, 1949 1727.pdf",,"894.6351 Mines. Mining. Concessions., Base Metals., Japan, Iron., October 4, 1946 - May 20, 1949 (File 1727)","This document is part of the Records Department of State Relating to Internal Affairs of Japan 1930-1949, decimal 894 collection. These are public domain documents from the U.S. State Department from Record Group 59 of the National Archives of the United States.<br /><br />See this for a file index of the collection: <a href=""https://archive.org/details/japan-internal-affairs-1930-1949"">Records Department of State Relating to Internal Affairs of Japan 1930-1949 Decimal 894 - File List</a>",japan,japanese history,us-japan relations,japanese empire,rg59,U.S. State Department,japan-internal-affairs,iron,metals,concessions,mining,,U.S. State Department,1946-10-04,texts,eng
japan-internal-affairs-894.6354-mines-mining-concessions-6,"894.6354 Mines. Mining. Concessions., Base Metals., Japan, Tin., April 22, 1946 - May 5, 1949 1721.pdf",,"894.6354 Mines. Mining. Concessions., Base Metals., Japan, Tin., April 22, 1946 - May 5, 1949 (File 1721)","This document is part of the Records Department of State Relating to Internal Affairs of Japan 1930-1949, decimal 894 collection. These are public domain documents from the U.S. State Department from Record Group 59 of the National Archives of the United States.<br /><br />See this for a file index of the collection: <a href=""https://archive.org/details/japan-internal-affairs-1930-1949"">Records Department of State Relating to Internal Affairs of Japan 1930-1949 Decimal 894 - File List</a>",japan,japanese history,us-japan relations,japanese empire,rg59,U.S. State Department,japan-internal-affairs,tin,metals,concessions,mining,,U.S. State Department,1946-04-22,texts,eng
japan-internal-affairs-894.6359-mines-mining-concessions-3,"894.6359 Mines. Mining. Concessions., Base Metals., Japan, Other Base Metals., March 5, 1946 - December 18, 1949 1818.pdf",,"894.6359 Mines. Mining. Concessions., Base Metals., Japan, Other Base Metals., March 5, 1946 - December 18, 1949 (File 1818)","This document is part of the Records Department of State Relating to Internal Affairs of Japan 1930-1949, decimal 894 collection. These are public domain documents from the U.S. State Department from Record Group 59 of the National Archives of the United States.<br /><br />See this for a file index of the collection: <a href=""https://archive.org/details/japan-internal-affairs-1930-1949"">Records Department of State Relating to Internal Affairs of Japan 1930-1949 Decimal 894 - File List</a>",japan,japanese history,us-japan relations,japanese empire,rg59,U.S. State Department,japan-internal-affairs,metals,concessions,mining,,,U.S. State Department,1946-03-05,texts,eng
japan-internal-affairs-894.6362-mines-mining-concessions-3,"894.6362 Mines. Mining. Concessions., Carbon. Graphite., Japan, Coal., November 7, 1945 - November 21, 1949 1789.pdf",,"894.6362 Mines. Mining. Concessions., Carbon. Graphite., Japan, Coal., November 7, 1945 - November 21, 1949 (File 1789)","This document is part of the Records Department of State Relating to Internal Affairs of Japan 1930-1949, decimal 894 collection. These are public domain documents from the U.S. State Department from Record Group 59 of the National Archives of the United States.<br /><br />See this for a file index of the collection: <a href=""https://archive.org/details/japan-internal-affairs-1930-1949"">Records Department of State Relating to Internal Affairs of Japan 1930-1949 Decimal 894 - File List</a>",japan,japanese history,us-japan relations,japanese empire,rg59,U.S. State Department,japan-internal-affairs,coal,concessions,mining,,,U.S. State Department,1945-11-07,texts,eng
japan-internal-affairs-894.6363-mines-mining-concessions-7,"894.6363 Mines. Mining. Concessions., Carbon. Graphite., Japan, Petroleum., April 4, 1946 - December 16, 1949 1814.pdf",,"894.6363 Mines. Mining. Concessions., Carbon. Graphite., Japan, Petroleum., April 4, 1946 - December 16, 1949 (File 1814)","This document is part of the Records Department of State Relating to Internal Affairs of Japan 1930-1949, decimal 894 collection. These are public domain documents from the U.S. State Department from Record Group 59 of the National Archives of the United States.<br /><br />See this for a file index of the collection: <a href=""https://archive.org/details/japan-internal-affairs-1930-1949"">Records Department of State Relating to Internal Affairs of Japan 1930-1949 Decimal 894 - File List</a>",japan,japanese history,us-japan relations,japanese empire,rg59,U.S. State Department,japan-internal-affairs,petroleum,oil,concessions,mining,,U.S. State Department,1946-04-04,texts,eng
japan-internal-affairs-894.6363-mines-mining-concessions-5,"894.6363 Mines. Mining. Concessions., Carbon. Graphite., Japan, Petroleum., January 7, 1935 - October 25, 1939 1141-part-1.pdf",,"894.6363 Mines. Mining. Concessions., Carbon. Graphite., Japan, Petroleum., January 7, 1935 - October 25, 1939 (File 1141)","This document is part of the Records Department of State Relating to Internal Affairs of Japan 1930-1949, decimal 894 collection. These are public domain documents from the U.S. State Department from Record Group 59 of the National Archives of the United States.<br /><br />See this for a file index of the collection: <a href=""https://archive.org/details/japan-internal-affairs-1930-1949"">Records Department of State Relating to Internal Affairs of Japan 1930-1949 Decimal 894 - File List</a>",japan,japanese history,us-japan relations,japanese empire,rg59,U.S. State Department,japan-internal-affairs,petroleum,oil,concessions,mining,,U.S. State Department,1935-01-07,texts,eng
japan-internal-affairs-894.6363-mines-mining-concessions-5,"894.6363 Mines. Mining. Concessions., Carbon. Graphite., Japan, Petroleum., January 7, 1935 - October 25, 1939 1141-part-2.pdf",,,,,,,,,,,,,,,,,,,
japan-internal-affairs-894.6363-mines-mining-concessions-6,"894.6363 Mines. Mining. Concessions., Carbon. Graphite., Japan, Petroleum., October 19, 1940 - July 19, 1941 1287.pdf",,"894.6363 Mines. Mining. Concessions., Carbon. Graphite., Japan, Petroleum., October 19, 1940 - July 19, 1941 (File 1287)","This document is part of the Records Department of State Relating to Internal Affairs of Japan 1930-1949, decimal 894 collection. These are public domain documents from the U.S. State Department from Record Group 59 of the National Archives of the United States.<br /><br />See this for a file index of the collection: <a href=""https://archive.org/details/japan-internal-affairs-1930-1949"">Records Department of State Relating to Internal Affairs of Japan 1930-1949 Decimal 894 - File List</a>",japan,japanese history,us-japan relations,japanese empire,rg59,U.S. State Department,japan-internal-affairs,petroleum,oil,concessions,mining,,U.S. State Department,1940-10-19,texts,eng
japan-internal-affairs-894.6363-mines-mining-concessions-4,"894.6363 Mines. Mining. Concessions., Carbon. Graphite., Japan, Petroleum., September 22, 1932 - January 3rd, 1935 842-part-1.pdf",,"894.6363 Mines. Mining. Concessions., Carbon. Graphite., Japan, Petroleum., September 22, 1932 - January 3rd, 1935 (File 842)","This document is part of the Records Department of State Relating to Internal Affairs of Japan 1930-1949, decimal 894 collection. These are public domain documents from the U.S. State Department from Record Group 59 of the National Archives of the United States.<br /><br />See this for a file index of the collection: <a href=""https://archive.org/details/japan-internal-affairs-1930-1949"">Records Department of State Relating to Internal Affairs of Japan 1930-1949 Decimal 894 - File List</a>",japan,japanese history,us-japan relations,japanese empire,rg59,U.S. State Department,japan-internal-affairs,petroleum,oil,concessions,mining,,U.S. State Department,1932-09-22,texts,eng
japan-internal-affairs-894.6363-mines-mining-concessions-4,"894.6363 Mines. Mining. Concessions., Carbon. Graphite., Japan, Petroleum., September 22, 1932 - January 3rd, 1935 842-part-2.pdf",,,,,,,,,,,,,,,,,,,
japan-internal-affairs-894.642-engineering-japan-marine-5,"894.642 Engineering., Japan, Marine. Shipbuilding., September 6, 1946 - December 8, 1949 1801.pdf",,"894.642 Engineering., Japan, Marine. Shipbuilding., September 6, 1946 - December 8, 1949 (File 1801)","This document is part of the Records Department of State Relating to Internal Affairs of Japan 1930-1949, decimal 894 collection. These are public domain documents from the U.S. State Department from Record Group 59 of the National Archives of the United States.<br /><br />See this for a file index of the collection: <a href=""https://archive.org/details/japan-internal-affairs-1930-1949"">Records Department of State Relating to Internal Affairs of Japan 1930-1949 Decimal 894 - File List</a>",japan,japanese history,us-japan relations,japanese empire,rg59,U.S. State Department,japan-internal-affairs,shipbuilding,engineering,,,,U.S. State Department,1946-09-06,texts,eng
japan-internal-affairs-894.646-engineering-japan-power,"894.646 Engineering., Japan, Power., September 18, 1946 - April 22, 1949 1716.pdf",,"894.646 Engineering., Japan, Power., September 18, 1946 - April 22, 1949 (File 1716)","This document is part of the Records Department of State Relating to Internal Affairs of Japan 1930-1949, decimal 894 collection. These are public domain documents from the U.S. State Department from Record Group 59 of the National Archives of the United States.<br /><br />See this for a file index of the collection: <a href=""https://archive.org/details/japan-internal-affairs-1930-1949"">Records Department of State Relating to Internal Affairs of Japan 1930-1949 Decimal 894 - File List</a>",japan,japanese history,us-japan relations,japanese empire,rg59,U.S. State Department,japan-internal-affairs,engineering,,,,,U.S. State Department,1946-09-18,texts,eng
japan-internal-affairs-894.6461-engineering-power-japan-3,"894.6461 Engineering., Power., Japan, Water., May 2nd, 1934 - September 4, 1945 1491.pdf",,"894.6461 Engineering., Power., Japan, Water., May 2nd, 1934 - September 4, 1945 (File 1491)","This document is part of the Records Department of State Relating to Internal Affairs of Japan 1930-1949, decimal 894 collection. These are public domain documents from the U.S. State Department from Record Group 59 of the National Archives of the United States.<br /><br />See this for a file index of the collection: <a href=""https://archive.org/details/japan-internal-affairs-1930-1949"">Records Department of State Relating to Internal Affairs of Japan 1930-1949 Decimal 894 - File List</a>",japan,japanese history,us-japan relations,japanese empire,rg59,U.S. State Department,japan-internal-affairs,hydroelectric power,engineering,,,,U.S. State Department,1934-05-02,texts,eng
japan-internal-affairs-894.6463-engineering-power-japan-5,"894.6463 Engineering., Power., Japan, Electric., April 7, 1932 - August 24, 1938 1042.pdf",,"894.6463 Engineering., Power., Japan, Electric., April 7, 1932 - August 24, 1938 (File 1042)","This document is part of the Records Department of State Relating to Internal Affairs of Japan 1930-1949, decimal 894 collection. These are public domain documents from the U.S. State Department from Record Group 59 of the National Archives of the United States.<br /><br />See this for a file index of the collection: <a href=""https://archive.org/details/japan-internal-affairs-1930-1949"">Records Department of State Relating to Internal Affairs of Japan 1930-1949 Decimal 894 - File List</a>",japan,japanese history,us-japan relations,japanese empire,rg59,U.S. State Department,japan-internal-affairs,electric power,engineering,,,,U.S. State Department,1932-04-07,texts,eng
japan-internal-affairs-894.65-japan-manufactures-manufacturing-6,"894.65 Japan, Manufactures. Manufacturing., October 19, 1945 - January 23, 1948 1612.pdf",,"894.65 Japan, Manufactures. Manufacturing., October 19, 1945 - January 23, 1948 (File 1612)","This document is part of the Records Department of State Relating to Internal Affairs of Japan 1930-1949, decimal 894 collection. These are public domain documents from the U.S. State Department from Record Group 59 of the National Archives of the United States.<br /><br />See this for a file index of the collection: <a href=""https://archive.org/details/japan-internal-affairs-1930-1949"">Records Department of State Relating to Internal Affairs of Japan 1930-1949 Decimal 894 - File List</a>",japan,japanese history,us-japan relations,japanese empire,rg59,U.S. State Department,japan-internal-affairs,manufacturing,industry,,,,U.S. State Department,1945-10-19,texts,eng
japan-internal-affairs-894.6511-manufactures-manufacturing-metals-6,"894.6511 Manufactures. Manufacturing., Metals., Japan, Iron. Steel., April 6, 1932 - October 13, 1939 1132.pdf",,"894.6511 Manufactures. Manufacturing., Metals., Japan, Iron. Steel., April 6, 1932 - October 13, 1939 (File 1132)","This document is part of the Records Department of State Relating to Internal Affairs of Japan 1930-1949, decimal 894 collection. These are public domain documents from the U.S. State Department from Record Group 59 of the National Archives of the United States.<br /><br />See this for a file index of the collection: <a href=""https://archive.org/details/japan-internal-affairs-1930-1949"">Records Department of State Relating to Internal Affairs of Japan 1930-1949 Decimal 894 - File List</a>",japan,japanese history,us-japan relations,japanese empire,rg59,U.S. State Department,japan-internal-affairs,steel,iron,metals,manufacturing,industry,U.S. State Department,1932-04-06,texts,eng
japan-internal-affairs-894.6511-manufactures-manufacturing-metals-7,"894.6511 Manufactures. Manufacturing., Metals., Japan, Iron. Steel., June 16, 1947 - December 16, 1949 1815.pdf",,"894.6511 Manufactures. Manufacturing., Metals., Japan, Iron. Steel., June 16, 1947 - December 16, 1949 (File 1815)","This document is part of the Records Department of State Relating to Internal Affairs of Japan 1930-1949, decimal 894 collection. These are public domain documents from the U.S. State Department from Record Group 59 of the National Archives of the United States.<br /><br />See this for a file index of the collection: <a href=""https://archive.org/details/japan-internal-affairs-1930-1949"">Records Department of State Relating to Internal Affairs of Japan 1930-1949 Decimal 894 - File List</a>",japan,japanese history,us-japan relations,japanese empire,rg59,U.S. State Department,japan-internal-affairs,steel,iron,metals,manufacturing,industry,U.S. State Department,1947-06-16,texts,eng
japan-internal-affairs-894.655-manufactures-manufacturing-japan-4,"894.655 Manufactures. Manufacturing., Japan, Textiles., February 18, 1936 - March 30, 1936 902.pdf",,"894.655 Manufactures. Manufacturing., Japan, Textiles., February 18, 1936 - March 30, 1936 (File 902)","This document is part of the Records Department of State Relating to Internal Affairs of Japan 1930-1949, decimal 894 collection. These are public domain documents from the U.S. State Department from Record Group 59 of the National Archives of the United States.<br /><br />See this for a file index of the collection: <a href=""https://archive.org/details/japan-internal-affairs-1930-1949"">Records Department of State Relating to Internal Affairs of Japan 1930-1949 Decimal 894 - File List</a>",japan,japanese history,us-japan relations,japanese empire,rg59,U.S. State Department,japan-internal-affairs,textiles,manufacturing,industry,,,U.S. State Department,1936-02-18,texts,eng
japan-internal-affairs-894.655-manufactures-manufacturing-japan-6,"894.655 Manufactures. Manufacturing., Japan, Textiles., January 7, 1947 - December 30, 1949 1837.pdf",,"894.655 Manufactures. Manufacturing., Japan, Textiles., January 7, 1947 - December 30, 1949 (File 1837)","This document is part of the Records Department of State Relating to Internal Affairs of Japan 1930-1949, decimal 894 collection. These are public domain documents from the U.S. State Department from Record Group 59 of the National Archives of the United States.<br /><br />See this for a file index of the collection: <a href=""https://archive.org/details/japan-internal-affairs-1930-1949"">Records Department of State Relating to Internal Affairs of Japan 1930-1949 Decimal 894 - File List</a>",japan,japanese history,us-japan relations,japanese empire,rg59,U.S. State Department,japan-internal-affairs,textiles,manufacturing,industry,,,U.S. State Department,1947-01-07,texts,eng
japan-internal-affairs-894.655-manufactures-manufacturing-japan-5,"894.655 Manufactures. Manufacturing., Japan, Textiles., May 23, 1945 - December 30, 1946 1554.pdf",,"894.655 Manufactures. Manufacturing., Japan, Textiles., May 23, 1945 - December 30, 1946 (File 1554)","This document is part of the Records Department of State Relating to Internal Affairs of Japan 1930-1949, decimal 894 collection. These are public domain documents from the U.S. State Department from Record Group 59 of the National Archives of the United States.<br /><br />See this for a file index of the collection: <a href=""https://archive.org/details/japan-internal-affairs-1930-1949"">Records Department of State Relating to Internal Affairs of Japan 1930-1949 Decimal 894 - File List</a>",japan,japanese history,us-japan relations,japanese empire,rg59,U.S. State Department,japan-internal-affairs,textiles,manufacturing,industry,,,U.S. State Department,1945-05-23,texts,eng
japan-internal-affairs-894.6551-manufactures-manufacturing-textiles-5,"894.6551 Manufactures. Manufacturing., Textiles., Japan, Cotton., April 18, 1946 - February 3, 1949 1691.pdf",,"894.6551 Manufactures. Manufacturing., Textiles., Japan, Cotton., April 18, 1946 - February 3, 1949 (File 1691)","This document is part of the Records Department of State Relating to Internal Affairs of Japan 1930-1949, decimal 894 collection. These are public domain documents from the U.S. State Department from Record Group 59 of the National Archives of the United States.<br /><br />See this for a file index of the collection: <a href=""https://archive.org/details/japan-internal-affairs-1930-1949"">Records Department of State Relating to Internal Affairs of Japan 1930-1949 Decimal 894 - File List</a>",japan,japanese history,us-japan relations,japanese empire,rg59,U.S. State Department,japan-internal-affairs,cotton,textiles,manufacturing,industry,,U.S. State Department,1946-04-18,texts,eng
japan-internal-affairs-894.6551-manufactures-manufacturing-textiles-4,"894.6551 Manufactures. Manufacturing., Textiles., Japan, Cotton., August 17, 1940 - January 28, 1943 1377.pdf",,"894.6551 Manufactures. Manufacturing., Textiles., Japan, Cotton., August 17, 1940 - January 28, 1943 (File 1377)","This document is part of the Records Department of State Relating to Internal Affairs of Japan 1930-1949, decimal 894 collection. These are public domain documents from the U.S. State Department from Record Group 59 of the National Archives of the United States.<br /><br />See this for a file index of the collection: <a href=""https://archive.org/details/japan-internal-affairs-1930-1949"">Records Department of State Relating to Internal Affairs of Japan 1930-1949 Decimal 894 - File List</a>",japan,japanese history,us-japan relations,japanese empire,rg59,U.S. State Department,japan-internal-affairs,cotton,textiles,manufacturing,industry,,U.S. State Department,1940-08-17,texts,eng
japan-internal-affairs-894.6551-manufactures-manufacturing-textiles-3,"894.6551 Manufactures. Manufacturing., Textiles., Japan, Cotton., March 23, 1932 - October 13, 1939 1134.pdf",,"894.6551 Manufactures. Manufacturing., Textiles., Japan, Cotton., March 23, 1932 - October 13, 1939 (File 1134)","This document is part of the Records Department of State Relating to Internal Affairs of Japan 1930-1949, decimal 894 collection. These are public domain documents from the U.S. State Department from Record Group 59 of the National Archives of the United States.<br /><br />See this for a file index of the collection: <a href=""https://archive.org/details/japan-internal-affairs-1930-1949"">Records Department of State Relating to Internal Affairs of Japan 1930-1949 Decimal 894 - File List</a>",japan,japanese history,us-japan relations,japanese empire,rg59,U.S. State Department,japan-internal-affairs,cotton,textiles,manufacturing,industry,,U.S. State Department,1932-03-23,texts,eng
japan-internal-affairs-894.6552-manufactures-manufacturing-textiles-4,"894.6552 Manufactures. Manufacturing., Textiles., Japan, Silk., February 16, 1940 - October 24, 1944 1459.pdf",,"894.6552 Manufactures. Manufacturing., Textiles., Japan, Silk., February 16, 1940 - October 24, 1944 (File 1459)","This document is part of the Records Department of State Relating to Internal Affairs of Japan 1930-1949, decimal 894 collection. These are public domain documents from the U.S. State Department from Record Group 59 of the National Archives of the United States.<br /><br />See this for a file index of the collection: <a href=""https://archive.org/details/japan-internal-affairs-1930-1949"">Records Department of State Relating to Internal Affairs of Japan 1930-1949 Decimal 894 - File List</a>",japan,japanese history,us-japan relations,japanese empire,rg59,U.S. State Department,japan-internal-affairs,silk,textiles,manufacturing,industry,,U.S. State Department,1940-02-16,texts,eng
japan-internal-affairs-894.6552-manufactures-manufacturing-textiles-5,"894.6552 Manufactures. Manufacturing., Textiles., Japan, Silk., June 23, 1945 - February 2, 1949 1689.pdf",,"894.6552 Manufactures. Manufacturing., Textiles., Japan, Silk., June 23, 1945 - February 2, 1949 (File 1689)","This document is part of the Records Department of State Relating to Internal Affairs of Japan 1930-1949, decimal 894 collection. These are public domain documents from the U.S. State Department from Record Group 59 of the National Archives of the United States.<br /><br />See this for a file index of the collection: <a href=""https://archive.org/details/japan-internal-affairs-1930-1949"">Records Department of State Relating to Internal Affairs of Japan 1930-1949 Decimal 894 - File List</a>",japan,japanese history,us-japan relations,japanese empire,rg59,U.S. State Department,japan-internal-affairs,silk,textiles,manufacturing,industry,,U.S. State Department,1945-06-23,texts,eng
japan-internal-affairs-894.6561-manufactures-manufacturing-paper,"894.6561 Manufactures. Manufacturing., Paper., Japan, Pulp. Pulp Wood., November 20, 1946 - August 3, 1948 1652.pdf",,"894.6561 Manufactures. Manufacturing., Paper., Japan, Pulp. Pulp Wood., November 20, 1946 - August 3, 1948 (File 1652)","This document is part of the Records Department of State Relating to Internal Affairs of Japan 1930-1949, decimal 894 collection. These are public domain documents from the U.S. State Department from Record Group 59 of the National Archives of the United States.<br /><br />See this for a file index of the collection: <a href=""https://archive.org/details/japan-internal-affairs-1930-1949"">Records Department of State Relating to Internal Affairs of Japan 1930-1949 Decimal 894 - File List</a>",japan,japanese history,us-japan relations,japanese empire,rg59,U.S. State Department,japan-internal-affairs,paper,manufacturing,industry,,,U.S. State Department,1946-11-20,texts,eng
japan-internal-affairs-894.659-manufactures-manufacturing-japan-4,"894.659 Manufactures. Manufacturing., Japan, Other Manufactures. Chemicals. Dyes. Dyestuffs. Coloring Matters. Paints. Stains. Varnishes. Fertilizers. Gases. Fuel Oil. Wood Oil. Automobiles., January 11, 1940-September 16, 1940 1212.pdf","894.659 Manufactures. Manufacturing., Japan, Other Manufactures. Chemicals. Dyes. Dyestuffs. Coloring Matters. Paints. Stains. Varnishes. Fertilizers. Gases. Fuel Oil. Wood Oil. Automobiles., January 11, 1940-September 16 1212.pdf","894.659 Manufactures. Manufacturing., Japan, Other Manufactures. Chemicals. Dyes. Dyestuffs. Coloring Matters. Paints. Stains. Varnishes. Fertilizers. Gases. Fuel Oil. Wood Oil. Automobiles., January 11, 1940-September 16, 1940 (File 1212)","This document is part of the Records Department of State Relating to Internal Affairs of Japan 1930-1949, decimal 894 collection. These are public domain documents from the U.S. State Department from Record Group 59 of the National Archives of the United States.<br /><br />See this for a file index of the collection: <a href=""https://archive.org/details/japan-internal-affairs-1930-1949"">Records Department of State Relating to Internal Affairs of Japan 1930-1949 Decimal 894 - File List</a>",japan,japanese history,us-japan relations,japanese empire,rg59,U.S. State Department,japan-internal-affairs,oil,chemicals,automobiles,manufacturing,industry,U.S. State Department,1940-01-11,texts,eng
japan-internal-affairs-894.659-manufactures-manufacturing-japan-5,"894.659 Manufactures. Manufacturing., Japan, Other Manufactures. Chemicals. Dyes. Dyestuffs. Coloring Matters. Paints. Stains. Varnishes. Fertilizers. Gases. Fuel Oil. Wood Oil. Automobiles., January 29, 1946 - December 23, 1949 1823.pdf","894.659 Manufactures. Manufacturing., Japan, Other Manufactures. Chemicals. Dyes. Dyestuffs. Coloring Matters. Paints. Stains. Varnishes. Fertilizers. Gases. Fuel Oil. Wood Oil. Automobiles., January 29, 1946 - December 2 1823.pdf","894.659 Manufactures. Manufacturing., Japan, Other Manufactures. Chemicals. Dyes. Dyestuffs. Coloring Matters. Paints. Stains. Varnishes. Fertilizers. Gases. Fuel Oil. Wood Oil. Automobiles., January 29, 1946 - December 23, 1949 (File 1823)","This document is part of the Records Department of State Relating to Internal Affairs of Japan 1930-1949, decimal 894 collection. These are public domain documents from the U.S. State Department from Record Group 59 of the National Archives of the United States.<br /><br />See this for a file index of the collection: <a href=""https://archive.org/details/japan-internal-affairs-1930-1949"">Records Department of State Relating to Internal Affairs of Japan 1930-1949 Decimal 894 - File List</a>",japan,japanese history,us-japan relations,japanese empire,rg59,U.S. State Department,japan-internal-affairs,oil,chemicals,automobiles,manufacturing,industry,U.S. State Department,1946-01-29,texts,eng
japan-internal-affairs-894.659-manufactures-manufacturing-japan-3,"894.659 Manufactures. Manufacturing., Japan, Other Manufactures. Chemicals. Dyes. Dyestuffs. Coloring Matters. Paints. Stains. Varnishes. Fertilizers. Gases. Fuel Oil. Wood Oil. Automobiles., May 26, 1931 - May 9th, 1935 863.pdf",,"894.659 Manufactures. Manufacturing., Japan, Other Manufactures. Chemicals. Dyes. Dyestuffs. Coloring Matters. Paints. Stains. Varnishes. Fertilizers. Gases. Fuel Oil. Wood Oil. Automobiles., May 26, 1931 - May 9th, 1935 (File 863)","This document is part of the Records Department of State Relating to Internal Affairs of Japan 1930-1949, decimal 894 collection. These are public domain documents from the U.S. State Department from Record Group 59 of the National Archives of the United States.<br /><br />See this for a file index of the collection: <a href=""https://archive.org/details/japan-internal-affairs-1930-1949"">Records Department of State Relating to Internal Affairs of Japan 1930-1949 Decimal 894 - File List</a>",japan,japanese history,us-japan relations,japanese empire,rg59,U.S. State Department,japan-internal-affairs,oil,chemicals,automobiles,manufacturing,industry,U.S. State Department,1931-05-26,texts,eng
japan-internal-affairs-894.65a-manufactures-manufacturing-japan,"894.65A Manufactures. Manufacturing., Japan, Adviser., May 7, 1945 - June 4, 1946 1525.pdf",,"894.65A Manufactures. Manufacturing., Japan, Adviser., May 7, 1945 - June 4, 1946 (File 1525)","This document is part of the Records Department of State Relating to Internal Affairs of Japan 1930-1949, decimal 894 collection. These are public domain documents from the U.S. State Department from Record Group 59 of the National Archives of the United States.<br /><br />See this for a file index of the collection: <a href=""https://archive.org/details/japan-internal-affairs-1930-1949"">Records Department of State Relating to Internal Affairs of Japan 1930-1949 Decimal 894 - File List</a>",japan,japanese history,us-japan relations,japanese empire,rg59,U.S. State Department,japan-internal-affairs,advisers,manufacturing,industry,,,U.S. State Department,1945-05-07,texts,eng
japan-internal-affairs-894.70-japan-communication-and-5,"894.70 Japan, Communication And Transportation., February 3, 1937 - May 5, 1938 1019.pdf",,"894.70 Japan, Communication And Transportation., February 3, 1937 - May 5, 1938 (File 1019)","This document is part of the Records Department of State Relating to Internal Affairs of Japan 1930-1949, decimal 894 collection. These are public domain documents from the U.S. State Department from Record Group 59 of the National Archives of the United States.<br /><br />See this for a file index of the collection: <a href=""https://archive.org/details/japan-internal-affairs-1930-1949"">Records Department of State Relating to Internal Affairs of Japan 1930-1949 Decimal 894 - File List</a>",japan,japanese history,us-japan relations,japanese empire,rg59,U.S. State Department,japan-internal-affairs,communications,transportation,,,,U.S. State Department,1937-02-03,texts,eng
japan-internal-affairs-894.711-post-japan-laws-5,"894.711 Post., Japan, Laws And Regulations. Censorship., March 16, 1940 - November 8, 1941 1311.pdf",,"894.711 Post., Japan, Laws And Regulations. Censorship., March 16, 1940 - November 8, 1941 (File 1311)","This document is part of the Records Department of State Relating to Internal Affairs of Japan 1930-1949, decimal 894 collection. These are public domain documents from the U.S. State Department from Record Group 59 of the National Archives of the United States.<br /><br />See this for a file index of the collection: <a href=""https://archive.org/details/japan-internal-affairs-1930-1949"">Records Department of State Relating to Internal Affairs of Japan 1930-1949 Decimal 894 - File List</a>",japan,japanese history,us-japan relations,japanese empire,rg59,U.S. State Department,japan-internal-affairs,censorship,regulations,postal service,mail,,U.S. State Department,1940-03-16,texts,eng
japan-internal-affairs-894.727-telegraph-concessions-construction-3,"894.727 Telegraph. Concessions. Construction. Equipment., Japan, Telegraph Codes., June 3, 1930 - February 24, 1939 1080.pdf",,"894.727 Telegraph. Concessions. Construction. Equipment., Japan, Telegraph Codes., June 3, 1930 - February 24, 1939 (File 1080)","This document is part of the Records Department of State Relating to Internal Affairs of Japan 1930-1949, decimal 894 collection. These are public domain documents from the U.S. State Department from Record Group 59 of the National Archives of the United States.<br /><br />See this for a file index of the collection: <a href=""https://archive.org/details/japan-internal-affairs-1930-1949"">Records Department of State Relating to Internal Affairs of Japan 1930-1949 Decimal 894 - File List</a>",japan,japanese history,us-japan relations,japanese empire,rg59,U.S. State Department,japan-internal-affairs,codes,concessions,telegraph,telecommunications,,U.S. State Department,1930-06-03,texts,eng
japan-internal-affairs-894.727-telegraph-concessions-construction-4,"894.727 Telegraph. Concessions. Construction. Equipment., Japan, Telegraph Codes., May 27, 1940 - June 30, 1943 1391.pdf",,"894.727 Telegraph. Concessions. Construction. Equipment., Japan, Telegraph Codes., May 27, 1940 - June 30, 1943 (File 1391)","This document is part of the Records Department of State Relating to Internal Affairs of Japan 1930-1949, decimal 894 collection. These are public domain documents from the U.S. State Department from Record Group 59 of the National Archives of the United States.<br /><br />See this for a file index of the collection: <a href=""https://archive.org/details/japan-internal-affairs-1930-1949"">Records Department of State Relating to Internal Affairs of Japan 1930-1949 Decimal 894 - File List</a>",japan,japanese history,us-japan relations,japanese empire,rg59,U.S. State Department,japan-internal-affairs,codes,concessions,telegraph,telecommunications,,U.S. State Department,1940-05-27,texts,eng
japan-internal-affairs-894.73-japan-cable-september,"894.73 Japan, Cable., September 13, 1945 - December 27, 1949 1828.pdf",,"894.73 Japan, Cable., September 13, 1945 - December 27, 1949 (File 1828)","This document is part of the Records Department of State Relating to Internal Affairs of Japan 1930-1949, decimal 894 collection. These are public domain documents from the U.S. State Department from Record Group 59 of the National Archives of the United States.<br /><br />See this for a file index of the collection: <a href=""https://archive.org/details/japan-internal-affairs-1930-1949"">Records Department of State Relating to Internal Affairs of Japan 1930-1949 Decimal 894 - File List</a>",japan,japanese history,us-japan relations,japanese empire,rg59,U.S. State Department,japan-internal-affairs,cable,telecommunications,,,,U.S. State Department,1945-09-13,texts,eng
japan-internal-affairs-894.74-wireless-telegraph-divided-7,"894.74 Wireless Telegraph. Divided As 8**.73., February 24, 1932 - October 13, 1939 1133.pdf",,"894.74 Wireless Telegraph. Divided As 8**.73., February 24, 1932 - October 13, 1939 (File 1133)","This document is part of the Records Department of State Relating to Internal Affairs of Japan 1930-1949, decimal 894 collection. These are public domain documents from the U.S. State Department from Record Group 59 of the National Archives of the United States.<br /><br />See this for a file index of the collection: <a href=""https://archive.org/details/japan-internal-affairs-1930-1949"">Records Department of State Relating to Internal Affairs of Japan 1930-1949 Decimal 894 - File List</a>",japan,japanese history,us-japan relations,japanese empire,rg59,U.S. State Department,japan-internal-affairs,telegraph,telecommunications,radio,,,U.S. State Department,1932-02-24,texts,eng
japan-internal-affairs-894.74-wireless-telegraph-divided-6,"894.74 Wireless Telegraph. Divided As 8**.73., January 2, 1930 - October 14, 1939 1135.pdf",,"894.74 Wireless Telegraph. Divided As 8**.73., January 2, 1930 - October 14, 1939 (File 1135)","This document is part of the Records Department of State Relating to Internal Affairs of Japan 1930-1949, decimal 894 collection. These are public domain documents from the U.S. State Department from Record Group 59 of the National Archives of the United States.<br /><br />See this for a file index of the collection: <a href=""https://archive.org/details/japan-internal-affairs-1930-1949"">Records Department of State Relating to Internal Affairs of Japan 1930-1949 Decimal 894 - File List</a>",japan,japanese history,us-japan relations,japanese empire,rg59,U.S. State Department,japan-internal-affairs,telegraph,telecommunications,radio,,,U.S. State Department,1930-01-02,texts,eng
japan-internal-affairs-894.74-wireless-telegraph-divided-8,"894.74 Wireless Telegraph. Divided As 8**.73., January 8, 1940 - March 16, 1942 1336.pdf",,"894.74 Wireless Telegraph. Divided As 8**.73., January 8, 1940 - March 16, 1942 (File 1336)","This document is part of the Records Department of State Relating to Internal Affairs of Japan 1930-1949, decimal 894 collection. These are public domain documents from the U.S. State Department from Record Group 59 of the National Archives of the United States.<br /><br />See this for a file index of the collection: <a href=""https://archive.org/details/japan-internal-affairs-1930-1949"">Records Department of State Relating to Internal Affairs of Japan 1930-1949 Decimal 894 - File List</a>",japan,japanese history,us-japan relations,japanese empire,rg59,U.S. State Department,japan-internal-affairs,telegraph,telecommunications,radio,,,U.S. State Department,1940-01-08,texts,eng
japan-internal-affairs-894.76-wireless-telephone-broadcasting-7,"894.76 Wireless Telephone. Broadcasting. Divided As 8**.73., August 16, 1943 - October 17, 1944 1456.pdf",,"894.76 Wireless Telephone. Broadcasting. Divided As 8**.73., August 16, 1943 - October 17, 1944 (File 1456)","This document is part of the Records Department of State Relating to Internal Affairs of Japan 1930-1949, decimal 894 collection. These are public domain documents from the U.S. State Department from Record Group 59 of the National Archives of the United States.<br /><br />See this for a file index of the collection: <a href=""https://archive.org/details/japan-internal-affairs-1930-1949"">Records Department of State Relating to Internal Affairs of Japan 1930-1949 Decimal 894 - File List</a>",japan,japanese history,us-japan relations,japanese empire,rg59,U.S. State Department,japan-internal-affairs,broadcasting,radio,telephone,telecommunications,,U.S. State Department,1943-08-16,texts,eng
japan-internal-affairs-894.76-wireless-telephone-broadcasting-8,"894.76 Wireless Telephone. Broadcasting. Divided As 8**.73., January 3, 1945 - April 16, 1946 1520.pdf",,"894.76 Wireless Telephone. Broadcasting. Divided As 8**.73., January 3, 1945 - April 16, 1946 (File 1520)","This document is part of the Records Department of State Relating to Internal Affairs of Japan 1930-1949, decimal 894 collection. These are public domain documents from the U.S. State Department from Record Group 59 of the National Archives of the United States.<br /><br />See this for a file index of the collection: <a href=""https://archive.org/details/japan-internal-affairs-1930-1949"">Records Department of State Relating to Internal Affairs of Japan 1930-1949 Decimal 894 - File List</a>",japan,japanese history,us-japan relations,japanese empire,rg59,U.S. State Department,japan-internal-affairs,broadcasting,radio,telephone,telecommunications,,U.S. State Department,1945-01-03,texts,eng
japan-internal-affairs-894.76-wireless-telephone-broadcasting-5,"894.76 Wireless Telephone. Broadcasting. Divided As 8**.73., March 28, 1940 - October 3, 1940 1214.pdf",,"894.76 Wireless Telephone. Broadcasting. Divided As 8**.73., March 28, 1940 - October 3, 1940 (File 1214)","This document is part of the Records Department of State Relating to Internal Affairs of Japan 1930-1949, decimal 894 collection. These are public domain documents from the U.S. State Department from Record Group 59 of the National Archives of the United States.<br /><br />See this for a file index of the collection: <a href=""https://archive.org/details/japan-internal-affairs-1930-1949"">Records Department of State Relating to Internal Affairs of Japan 1930-1949 Decimal 894 - File List</a>",japan,japanese history,us-japan relations,japanese empire,rg59,U.S. State Department,japan-internal-affairs,broadcasting,radio,telephone,telecommunications,,U.S. State Department,1940-03-28,texts,eng
japan-internal-affairs-894.76-wireless-telephone-broadcasting-4,"894.76 Wireless Telephone. Broadcasting. Divided As 8**.73., May 9, 1931 - September 6, 1938 1044.pdf",,"894.76 Wireless Telephone. Broadcasting. Divided As 8**.73., May 9, 1931 - September 6, 1938 (File 1044)","This document is part of the Records Department of State Relating to Internal Affairs of Japan 1930-1949, decimal 894 collection. These are public domain documents from the U.S. State Department from Record Group 59 of the National Archives of the United States.<br /><br />See this for a file index of the collection: <a href=""https://archive.org/details/japan-internal-affairs-1930-1949"">Records Department of State Relating to Internal Affairs of Japan 1930-1949 Decimal 894 - File List</a>",japan,japanese history,us-japan relations,japanese empire,rg59,U.S. State Department,japan-internal-affairs,broadcasting,radio,telephone,telecommunications,,U.S. State Department,1931-05-09,texts,eng
japan-internal-affairs-894.76-wireless-telephone-broadcasting-6,"894.76 Wireless Telephone. Broadcasting. Divided As 8**.73., October 24, 1940 - July 12, 1943 1392-part-1.pdf",,"894.76 Wireless Telephone. Broadcasting. Divided As 8**.73., October 24, 1940 - July 12, 1943 (File 1392)","This document is part of the Records Department of State Relating to Internal Affairs of Japan 1930-1949, decimal 894 collection. These are public domain documents from the U.S. State Department from Record Group 59 of the National Archives of the United States.<br /><br />See this for a file index of the collection: <a href=""https://archive.org/details/japan-internal-affairs-1930-1949"">Records Department of State Relating to Internal Affairs of Japan 1930-1949 Decimal 894 - File List</a>",japan,japanese history,us-japan relations,japanese empire,rg59,U.S. State Department,japan-internal-affairs,broadcasting,radio,telephone,telecommunications,,U.S. State Department,1940-10-24,texts,eng
japan-internal-affairs-894.76-wireless-telephone-broadcasting-6,"894.76 Wireless Telephone. Broadcasting. Divided As 8**.73., October 24, 1940 - July 12, 1943 1392-part-2.pdf",,,,,,,,,,,,,,,,,,,
japan-internal-affairs-894.76-wireless-telephone-broadcasting-6,"894.76 Wireless Telephone. Broadcasting. Divided As 8**.73., October 24, 1940 - July 12, 1943 1392-part-3.pdf",,,,,,,,,,,,,,,,,,,
japan-internal-affairs-894.76-wireless-telephone-broadcasting-9,"894.76 Wireless Telephone. Broadcasting. Divided As 8**.73., October 3, 1946 - December 24, 1949 1827.pdf",,"894.76 Wireless Telephone. Broadcasting. Divided As 8**.73., October 3, 1946 - December 24, 1949 (File 1827)","This document is part of the Records Department of State Relating to Internal Affairs of Japan 1930-1949, decimal 894 collection. These are public domain documents from the U.S. State Department from Record Group 59 of the National Archives of the United States.<br /><br />See this for a file index of the collection: <a href=""https://archive.org/details/japan-internal-affairs-1930-1949"">Records Department of State Relating to Internal Affairs of Japan 1930-1949 Decimal 894 - File List</a>",japan,japanese history,us-japan relations,japanese empire,rg59,U.S. State Department,japan-internal-affairs,broadcasting,radio,telephone,telecommunications,,U.S. State Department,1946-10-03,texts,eng
japan-internal-affairs-894.796-other-means-of-4,"894.796 Other Means Of Communication And Transportation. Carrier Pigeons., Japan, Aerial Navigation. Immunities Of Government-Controlled. Subsidies., January 23, 1930 - January 12, 1931 714.pdf",,"894.796 Other Means Of Communication And Transportation. Carrier Pigeons., Japan, Aerial Navigation. Immunities Of Government-Controlled. Subsidies., January 23, 1930 - January 12, 1931 (File 714)","This document is part of the Records Department of State Relating to Internal Affairs of Japan 1930-1949, decimal 894 collection. These are public domain documents from the U.S. State Department from Record Group 59 of the National Archives of the United States.<br /><br />See this for a file index of the collection: <a href=""https://archive.org/details/japan-internal-affairs-1930-1949"">Records Department of State Relating to Internal Affairs of Japan 1930-1949 Decimal 894 - File List</a>",japan,japanese history,us-japan relations,japanese empire,rg59,U.S. State Department,japan-internal-affairs,subsidies,navigation,aviation,communications,transportation,U.S. State Department,1930-01-23,texts,eng
japan-internal-affairs-894.796-other-means-of-5,"894.796 Other Means Of Communication And Transportation. Carrier Pigeons., Japan, Aerial Navigation. Immunities Of Government-Controlled. Subsidies., June 27, 1945 - June 19, 1949 1730.pdf",,"894.796 Other Means Of Communication And Transportation. Carrier Pigeons., Japan, Aerial Navigation. Immunities Of Government-Controlled. Subsidies., June 27, 1945 - June 19, 1949 (File 1730)","This document is part of the Records Department of State Relating to Internal Affairs of Japan 1930-1949, decimal 894 collection. These are public domain documents from the U.S. State Department from Record Group 59 of the National Archives of the United States.<br /><br />See this for a file index of the collection: <a href=""https://archive.org/details/japan-internal-affairs-1930-1949"">Records Department of State Relating to Internal Affairs of Japan 1930-1949 Decimal 894 - File List</a>",japan,japanese history,us-japan relations,japanese empire,rg59,U.S. State Department,japan-internal-affairs,subsidies,navigation,aviation,communications,transportation,U.S. State Department,1945-06-27,texts,eng
japan-internal-affairs-894.7961-other-means-of-4,"894.7961 Other Means Of Communication And Transportation. Carrier Pigeons., Aerial Navigation. Immunities Of Government-Controlled. Subsidies., Japan, Laws And Regulation., September 25, 1930 - February 2, 1933 771.pdf",,"894.7961 Other Means Of Communication And Transportation. Carrier Pigeons., Aerial Navigation. Immunities Of Government-Controlled. Subsidies., Japan, Laws And Regulation., September 25, 1930 - February 2, 1933 (File 771)","This document is part of the Records Department of State Relating to Internal Affairs of Japan 1930-1949, decimal 894 collection. These are public domain documents from the U.S. State Department from Record Group 59 of the National Archives of the United States.<br /><br />See this for a file index of the collection: <a href=""https://archive.org/details/japan-internal-affairs-1930-1949"">Records Department of State Relating to Internal Affairs of Japan 1930-1949 Decimal 894 - File List</a>",japan,japanese history,us-japan relations,japanese empire,rg59,U.S. State Department,japan-internal-affairs,regulations,subsidies,navigation,aviation,communications,U.S. State Department,1930-09-25,texts,eng
japan-internal-affairs-894.797-other-means-of-4,"894.797 Other Means Of Communication And Transportation. Carrier Pigeons., Japan, Automobile. Bus Line., February 6, 1934 - May 24, 1939 1102.pdf",,"894.797 Other Means Of Communication And Transportation. Carrier Pigeons., Japan, Automobile. Bus Line., February 6, 1934 - May 24, 1939 (File 1102)","This document is part of the Records Department of State Relating to Internal Affairs of Japan 1930-1949, decimal 894 collection. These are public domain documents from the U.S. State Department from Record Group 59 of the National Archives of the United States.<br /><br />See this for a file index of the collection: <a href=""https://archive.org/details/japan-internal-affairs-1930-1949"">Records Department of State Relating to Internal Affairs of Japan 1930-1949 Decimal 894 - File List</a>",japan,japanese history,us-japan relations,japanese empire,rg59,U.S. State Department,japan-internal-affairs,automobiles,buses,communications,transportation,,U.S. State Department,1934-02-06,texts,eng
japan-internal-affairs-894.802-navigation-statistics-japan-2,"894.802 Navigation. Statistics., Japan, Concessions. Contracts. Subsidies. Ship Subsidies, United States, 811.802., June 12, 1937 - June 19, 1937 958.pdf",,"894.802 Navigation. Statistics., Japan, Concessions. Contracts. Subsidies. Ship Subsidies, United States, 811.802., June 12, 1937 - June 19, 1937 (File 958)","This document is part of the Records Department of State Relating to Internal Affairs of Japan 1930-1949, decimal 894 collection. These are public domain documents from the U.S. State Department from Record Group 59 of the National Archives of the United States.<br /><br />See this for a file index of the collection: <a href=""https://archive.org/details/japan-internal-affairs-1930-1949"">Records Department of State Relating to Internal Affairs of Japan 1930-1949 Decimal 894 - File List</a>",japan,japanese history,us-japan relations,japanese empire,rg59,U.S. State Department,japan-internal-affairs,United States,shipping subsidies,subsidies,concessions,navigation,U.S. State Department,1937-06-12,texts,eng
japan-internal-affairs-894.807-navigation-statistics-japan,"894.807 Navigation. Statistics., Japan, Security Of Life At Sea. Life-Saving Services; Appliances., April 14, 1948 - May 18, 1948 1635.pdf",,"894.807 Navigation. Statistics., Japan, Security Of Life At Sea. Life-Saving Services; Appliances., April 14, 1948 - May 18, 1948 (File 1635)","This document is part of the Records Department of State Relating to Internal Affairs of Japan 1930-1949, decimal 894 collection. These are public domain documents from the U.S. State Department from Record Group 59 of the National Archives of the United States.<br /><br />See this for a file index of the collection: <a href=""https://archive.org/details/japan-internal-affairs-1930-1949"">Records Department of State Relating to Internal Affairs of Japan 1930-1949 Decimal 894 - File List</a>",japan,japanese history,us-japan relations,japanese empire,rg59,U.S. State Department,japan-internal-affairs,navigation,,,,,U.S. State Department,1948-04-14,texts,eng
japan-internal-affairs-894.843-taxes-on-navigation,"894.843 Taxes On Navigation., Japan, Harbor Or Port Dues., January 8, 1948 - November 17, 1948 1674.pdf",,"894.843 Taxes On Navigation., Japan, Harbor Or Port Dues., January 8, 1948 - November 17, 1948 (File 1674)","This document is part of the Records Department of State Relating to Internal Affairs of Japan 1930-1949, decimal 894 collection. These are public domain documents from the U.S. State Department from Record Group 59 of the National Archives of the United States.<br /><br />See this for a file index of the collection: <a href=""https://archive.org/details/japan-internal-affairs-1930-1949"">Records Department of State Relating to Internal Affairs of Japan 1930-1949 Decimal 894 - File List</a>",japan,japanese history,us-japan relations,japanese empire,rg59,U.S. State Department,japan-internal-affairs,navigation,,,,,U.S. State Department,1948-01-08,texts,eng
japan-internal-affairs-894.85-japan-merchant-vessels-8,"894.85 Japan, Merchant Vessels. Yachts. Immunities Of Government -Controlled., February 29, 1940 - December 7, 1940 1230.pdf",,"894.85 Japan, Merchant Vessels. Yachts. Immunities Of Government -Controlled., February 29, 1940 - December 7, 1940 (File 1230)","This document is part of the Records Department of State Relating to Internal Affairs of Japan 1930-1949, decimal 894 collection. These are public domain documents from the U.S. State Department from Record Group 59 of the National Archives of the United States.<br /><br />See this for a file index of the collection: <a href=""https://archive.org/details/japan-internal-affairs-1930-1949"">Records Department of State Relating to Internal Affairs of Japan 1930-1949 Decimal 894 - File List</a>",japan,japanese history,us-japan relations,japanese empire,rg59,U.S. State Department,japan-internal-affairs,merchant marine,shipping,,,,U.S. State Department,1940-02-29,texts,eng
japan-internal-affairs-894.85-japan-merchant-vessels-7,"894.85 Japan, Merchant Vessels. Yachts. Immunities Of Government -Controlled., January 5, 1939 - December 19, 1939 1161.pdf",,"894.85 Japan, Merchant Vessels. Yachts. Immunities Of Government -Controlled., January 5, 1939 - December 19, 1939 (File 1161)","This document is part of the Records Department of State Relating to Internal Affairs of Japan 1930-1949, decimal 894 collection. These are public domain documents from the U.S. State Department from Record Group 59 of the National Archives of the United States.<br /><br />See this for a file index of the collection: <a href=""https://archive.org/details/japan-internal-affairs-1930-1949"">Records Department of State Relating to Internal Affairs of Japan 1930-1949 Decimal 894 - File List</a>",japan,japanese history,us-japan relations,japanese empire,rg59,U.S. State Department,japan-internal-affairs,merchant marine,shipping,,,,U.S. State Department,1939-01-05,texts,eng
japan-internal-affairs-894.85-japan-merchant-vessels-6,"894.85 Japan, Merchant Vessels. Yachts. Immunities Of Government -Controlled., November 6, 1931 - December 29, 1938 1068.pdf",,"894.85 Japan, Merchant Vessels. Yachts. Immunities Of Government -Controlled., November 6, 1931 - December 29, 1938 (File 1068)","This document is part of the Records Department of State Relating to Internal Affairs of Japan 1930-1949, decimal 894 collection. These are public domain documents from the U.S. State Department from Record Group 59 of the National Archives of the United States.<br /><br />See this for a file index of the collection: <a href=""https://archive.org/details/japan-internal-affairs-1930-1949"">Records Department of State Relating to Internal Affairs of Japan 1930-1949 Decimal 894 - File List</a>",japan,japanese history,us-japan relations,japanese empire,rg59,U.S. State Department,japan-internal-affairs,merchant marine,shipping,,,,U.S. State Department,1931-11-06,texts,eng
japan-internal-affairs-894.85-japan-merchant-vessels-9,"894.85 Japan, Merchant Vessels. Yachts. Immunities Of Government -Controlled., October 11, 1945 - December 30, 1949 1835.pdf",,"894.85 Japan, Merchant Vessels. Yachts. Immunities Of Government -Controlled., October 11, 1945 - December 30, 1949 (File 1835)","This document is part of the Records Department of State Relating to Internal Affairs of Japan 1930-1949, decimal 894 collection. These are public domain documents from the U.S. State Department from Record Group 59 of the National Archives of the United States.<br /><br />See this for a file index of the collection: <a href=""https://archive.org/details/japan-internal-affairs-1930-1949"">Records Department of State Relating to Internal Affairs of Japan 1930-1949 Decimal 894 - File List</a>",japan,japanese history,us-japan relations,japanese empire,rg59,U.S. State Department,japan-internal-affairs,merchant marine,shipping,,,,U.S. State Department,1945-10-11,texts,eng
japan-internal-affairs-894.852-merchant-vessels-yachts-5,"894.852 Merchant Vessels. Yachts. Immunities Of Government -Controlled., Japan, Sale. Purchase. Charter. Hypothecation. Status Of National-Owned Vessels, Not Documented., March 4, 1932 - March 22, 1939 1087.pdf",,"894.852 Merchant Vessels. Yachts. Immunities Of Government -Controlled., Japan, Sale. Purchase. Charter. Hypothecation. Status Of National-Owned Vessels, Not Documented., March 4, 1932 - March 22, 1939 (File 1087)","This document is part of the Records Department of State Relating to Internal Affairs of Japan 1930-1949, decimal 894 collection. These are public domain documents from the U.S. State Department from Record Group 59 of the National Archives of the United States.<br /><br />See this for a file index of the collection: <a href=""https://archive.org/details/japan-internal-affairs-1930-1949"">Records Department of State Relating to Internal Affairs of Japan 1930-1949 Decimal 894 - File List</a>",japan,japanese history,us-japan relations,japanese empire,rg59,U.S. State Department,japan-internal-affairs,ship sales,merchant marine,shipping,,,U.S. State Department,1932-03-04,texts,eng
japan-internal-affairs-894.857-merchant-vessels-yachts-4,"894.857 Merchant Vessels. Yachts. Immunities Of Government -Controlled., Japan, Disabled, Wrecked, And Stranded Vessels. Collisions And Salvage. Repairs. Damage To Cargo. Jettisoning., January 12, 1940 - December 8, 1942 1374.pdf",,"894.857 Merchant Vessels. Yachts. Immunities Of Government -Controlled., Japan, Disabled, Wrecked, And Stranded Vessels. Collisions And Salvage. Repairs. Damage To Cargo. Jettisoning., January 12, 1940 - December 8, 1942 (File 1374)","This document is part of the Records Department of State Relating to Internal Affairs of Japan 1930-1949, decimal 894 collection. These are public domain documents from the U.S. State Department from Record Group 59 of the National Archives of the United States.<br /><br />See this for a file index of the collection: <a href=""https://archive.org/details/japan-internal-affairs-1930-1949"">Records Department of State Relating to Internal Affairs of Japan 1930-1949 Decimal 894 - File List</a>",japan,japanese history,us-japan relations,japanese empire,rg59,U.S. State Department,japan-internal-affairs,shipwrecks,salvage,merchant marine,shipping,,U.S. State Department,1940-01-12,texts,eng
japan-internal-affairs-894.857-merchant-vessels-yachts-3,"894.857 Merchant Vessels. Yachts. Immunities Of Government -Controlled., Japan, Disabled, Wrecked, And Stranded Vessels. Collisions And Salvage. Repairs. Damage To Cargo. Jettisoning., June 27, 1930 - April 17, 1935 857.pdf",,"894.857 Merchant Vessels. Yachts. Immunities Of Government -Controlled., Japan, Disabled, Wrecked, And Stranded Vessels. Collisions And Salvage. Repairs. Damage To Cargo. Jettisoning., June 27, 1930 - April 17, 1935 (File 857)","This document is part of the Records Department of State Relating to Internal Affairs of Japan 1930-1949, decimal 894 collection. These are public domain documents from the U.S. State Department from Record Group 59 of the National Archives of the United States.<br /><br />See this for a file index of the collection: <a href=""https://archive.org/details/japan-internal-affairs-1930-1949"">Records Department of State Relating to Internal Affairs of Japan 1930-1949 Decimal 894 - File List</a>",japan,japanese history,us-japan relations,japanese empire,rg59,U.S. State Department,japan-internal-affairs,shipwrecks,salvage,merchant marine,shipping,,U.S. State Department,1930-06-27,texts,eng
japan-internal-affairs-894.8591-merchant-vessels-yachts-10,"894.8591 Merchant Vessels. Yachts. Immunities Of Government -Controlled., Other Matters Respecting Merchant Vessels., Japan, Movement Of Merchant Vessels And Yachts., April 2, 1941 - July 1, 1941 1278.pdf",,"894.8591 Merchant Vessels. Yachts. Immunities Of Government -Controlled., Other Matters Respecting Merchant Vessels., Japan, Movement Of Merchant Vessels And Yachts., April 2, 1941 - July 1, 1941 (File 1278)","This document is part of the Records Department of State Relating to Internal Affairs of Japan 1930-1949, decimal 894 collection. These are public domain documents from the U.S. State Department from Record Group 59 of the National Archives of the United States.<br /><br />See this for a file index of the collection: <a href=""https://archive.org/details/japan-internal-affairs-1930-1949"">Records Department of State Relating to Internal Affairs of Japan 1930-1949 Decimal 894 - File List</a>",japan,japanese history,us-japan relations,japanese empire,rg59,U.S. State Department,japan-internal-affairs,ship movements,merchant marine,shipping,,,U.S. State Department,1941-04-02,texts,eng
japan-internal-affairs-894.8591-merchant-vessels-yachts-9,"894.8591 Merchant Vessels. Yachts. Immunities Of Government -Controlled., Other Matters Respecting Merchant Vessels., Japan, Movement Of Merchant Vessels And Yachts., December 20, 1940 - April 4, 1941 1256.pdf",,"894.8591 Merchant Vessels. Yachts. Immunities Of Government -Controlled., Other Matters Respecting Merchant Vessels., Japan, Movement Of Merchant Vessels And Yachts., December 20, 1940 - April 4, 1941 (File 1256)","This document is part of the Records Department of State Relating to Internal Affairs of Japan 1930-1949, decimal 894 collection. These are public domain documents from the U.S. State Department from Record Group 59 of the National Archives of the United States.<br /><br />See this for a file index of the collection: <a href=""https://archive.org/details/japan-internal-affairs-1930-1949"">Records Department of State Relating to Internal Affairs of Japan 1930-1949 Decimal 894 - File List</a>",japan,japanese history,us-japan relations,japanese empire,rg59,U.S. State Department,japan-internal-affairs,ship movements,merchant marine,shipping,,,U.S. State Department,1940-12-20,texts,eng
japan-internal-affairs-894.8591-merchant-vessels-yachts-12,"894.8591 Merchant Vessels. Yachts. Immunities Of Government -Controlled., Other Matters Respecting Merchant Vessels., Japan, Movement Of Merchant Vessels And Yachts., July 17, 1941 - October 23, 1941 1307.pdf",,"894.8591 Merchant Vessels. Yachts. Immunities Of Government -Controlled., Other Matters Respecting Merchant Vessels., Japan, Movement Of Merchant Vessels And Yachts., July 17, 1941 - October 23, 1941 (File 1307)","This document is part of the Records Department of State Relating to Internal Affairs of Japan 1930-1949, decimal 894 collection. These are public domain documents from the U.S. State Department from Record Group 59 of the National Archives of the United States.<br /><br />See this for a file index of the collection: <a href=""https://archive.org/details/japan-internal-affairs-1930-1949"">Records Department of State Relating to Internal Affairs of Japan 1930-1949 Decimal 894 - File List</a>",japan,japanese history,us-japan relations,japanese empire,rg59,U.S. State Department,japan-internal-affairs,ship movements,merchant marine,shipping,,,U.S. State Department,1941-07-17,texts,eng
japan-internal-affairs-894.8591-merchant-vessels-yachts-11,"894.8591 Merchant Vessels. Yachts. Immunities Of Government -Controlled., Other Matters Respecting Merchant Vessels., Japan, Movement Of Merchant Vessels And Yachts., June 2, 1941 - June 16, 1941 1271.pdf",,"894.8591 Merchant Vessels. Yachts. Immunities Of Government -Controlled., Other Matters Respecting Merchant Vessels., Japan, Movement Of Merchant Vessels And Yachts., June 2, 1941 - June 16, 1941 (File 1271)","This document is part of the Records Department of State Relating to Internal Affairs of Japan 1930-1949, decimal 894 collection. These are public domain documents from the U.S. State Department from Record Group 59 of the National Archives of the United States.<br /><br />See this for a file index of the collection: <a href=""https://archive.org/details/japan-internal-affairs-1930-1949"">Records Department of State Relating to Internal Affairs of Japan 1930-1949 Decimal 894 - File List</a>",japan,japanese history,us-japan relations,japanese empire,rg59,U.S. State Department,japan-internal-affairs,ship movements,merchant marine,shipping,,,U.S. State Department,1941-06-02,texts,eng
japan-internal-affairs-894.8591-merchant-vessels-yachts-8,"894.8591 Merchant Vessels. Yachts. Immunities Of Government -Controlled., Other Matters Respecting Merchant Vessels., Japan, Movement Of Merchant Vessels And Yachts., June 29, 1934 - November 25, 1939 1150.pdf",,"894.8591 Merchant Vessels. Yachts. Immunities Of Government -Controlled., Other Matters Respecting Merchant Vessels., Japan, Movement Of Merchant Vessels And Yachts., June 29, 1934 - November 25, 1939 (File 1150)","This document is part of the Records Department of State Relating to Internal Affairs of Japan 1930-1949, decimal 894 collection. These are public domain documents from the U.S. State Department from Record Group 59 of the National Archives of the United States.<br /><br />See this for a file index of the collection: <a href=""https://archive.org/details/japan-internal-affairs-1930-1949"">Records Department of State Relating to Internal Affairs of Japan 1930-1949 Decimal 894 - File List</a>",japan,japanese history,us-japan relations,japanese empire,rg59,U.S. State Department,japan-internal-affairs,ship movements,merchant marine,shipping,,,U.S. State Department,1934-06-29,texts,eng
japan-internal-affairs-894.8591-merchant-vessels-yachts-13,"894.8591 Merchant Vessels. Yachts. Immunities Of Government -Controlled., Other Matters Respecting Merchant Vessels., Japan, Movement Of Merchant Vessels And Yachts., October 25, 1941 - June 9, 1942 1353.pdf",,"894.8591 Merchant Vessels. Yachts. Immunities Of Government -Controlled., Other Matters Respecting Merchant Vessels., Japan, Movement Of Merchant Vessels And Yachts., October 25, 1941 - June 9, 1942 (File 1353)","This document is part of the Records Department of State Relating to Internal Affairs of Japan 1930-1949, decimal 894 collection. These are public domain documents from the U.S. State Department from Record Group 59 of the National Archives of the United States.<br /><br />See this for a file index of the collection: <a href=""https://archive.org/details/japan-internal-affairs-1930-1949"">Records Department of State Relating to Internal Affairs of Japan 1930-1949 Decimal 894 - File List</a>",japan,japanese history,us-japan relations,japanese empire,rg59,U.S. State Department,japan-internal-affairs,ship movements,merchant marine,shipping,,,U.S. State Department,1941-10-25,texts,eng
japan-internal-affairs-894.86-japan-seamen-october,"894.86 Japan, Seamen., October 27, 1938 - November 4, 1938 1053.pdf",,"894.86 Japan, Seamen., October 27, 1938 - November 4, 1938 (File 1053)","This document is part of the Records Department of State Relating to Internal Affairs of Japan 1930-1949, decimal 894 collection. These are public domain documents from the U.S. State Department from Record Group 59 of the National Archives of the United States.<br /><br />See this for a file index of the collection: <a href=""https://archive.org/details/japan-internal-affairs-1930-1949"">Records Department of State Relating to Internal Affairs of Japan 1930-1949 Decimal 894 - File List</a>",japan,japanese history,us-japan relations,japanese empire,rg59,U.S. State Department,japan-internal-affairs,seamen,sailors,maritime labor,,,U.S. State Department,1938-10-27,texts,eng
japan-internal-affairs-894.91-japan-public-press-5,"894.91 Japan, Public Press., June 29, 1945 - December 15, 1945 1499.pdf",,"894.91 Japan, Public Press., June 29, 1945 - December 15, 1945 (File 1499)","This document is part of the Records Department of State Relating to Internal Affairs of Japan 1930-1949, decimal 894 collection. These are public domain documents from the U.S. State Department from Record Group 59 of the National Archives of the United States.<br /><br />See this for a file index of the collection: <a href=""https://archive.org/details/japan-internal-affairs-1930-1949"">Records Department of State Relating to Internal Affairs of Japan 1930-1949 Decimal 894 - File List</a>",japan,japanese history,us-japan relations,japanese empire,rg59,U.S. State Department,japan-internal-affairs,press,journalism,,,,U.S. State Department,1945-06-29,texts,eng
japan-internal-affairs-894.91-japan-public-press-4,"894.91 Japan, Public Press., March 7, 1930 - October 11, 1934 832.pdf",,"894.91 Japan, Public Press., March 7, 1930 - October 11, 1934 (File 832)","This document is part of the Records Department of State Relating to Internal Affairs of Japan 1930-1949, decimal 894 collection. These are public domain documents from the U.S. State Department from Record Group 59 of the National Archives of the United States.<br /><br />See this for a file index of the collection: <a href=""https://archive.org/details/japan-internal-affairs-1930-1949"">Records Department of State Relating to Internal Affairs of Japan 1930-1949 Decimal 894 - File List</a>",japan,japanese history,us-japan relations,japanese empire,rg59,U.S. State Department,japan-internal-affairs,press,journalism,,,,U.S. State Department,1930-03-07,texts,eng
japan-internal-affairs-894.911-public-press-japan-6,"894.911 Public Press., Japan, Newspapers., March 13, 1940 - January 10, 1941 1239.pdf",,"894.911 Public Press., Japan, Newspapers., March 13, 1940 - January 10, 1941 (File 1239)","This document is part of the Records Department of State Relating to Internal Affairs of Japan 1930-1949, decimal 894 collection. These are public domain documents from the U.S. State Department from Record Group 59 of the National Archives of the United States.<br /><br />See this for a file index of the collection: <a href=""https://archive.org/details/japan-internal-affairs-1930-1949"">Records Department of State Relating to Internal Affairs of Japan 1930-1949 Decimal 894 - File List</a>",japan,japanese history,us-japan relations,japanese empire,rg59,U.S. State Department,japan-internal-affairs,newspapers,press,journalism,,,U.S. State Department,1940-03-13,texts,eng
japan-internal-affairs-894.911-public-press-japan-5,"894.911 Public Press., Japan, Newspapers., November 6, 1930 - February 24, 1939 1079.pdf",,"894.911 Public Press., Japan, Newspapers., November 6, 1930 - February 24, 1939 (File 1079)","This document is part of the Records Department of State Relating to Internal Affairs of Japan 1930-1949, decimal 894 collection. These are public domain documents from the U.S. State Department from Record Group 59 of the National Archives of the United States.<br /><br />See this for a file index of the collection: <a href=""https://archive.org/details/japan-internal-affairs-1930-1949"">Records Department of State Relating to Internal Affairs of Japan 1930-1949 Decimal 894 - File List</a>",japan,japanese history,us-japan relations,japanese empire,rg59,U.S. State Department,japan-internal-affairs,newspapers,press,journalism,,,U.S. State Department,1930-11-06,texts,eng
japan-internal-affairs-894.911-public-press-japan-7,"894.911 Public Press., Japan, Newspapers., September 5, 1945 - January 18, 1949 1685.pdf",,"894.911 Public Press., Japan, Newspapers., September 5, 1945 - January 18, 1949 (File 1685)","This document is part of the Records Department of State Relating to Internal Affairs of Japan 1930-1949, decimal 894 collection. These are public domain documents from the U.S. State Department from Record Group 59 of the National Archives of the United States.<br /><br />See this for a file index of the collection: <a href=""https://archive.org/details/japan-internal-affairs-1930-1949"">Records Department of State Relating to Internal Affairs of Japan 1930-1949 Decimal 894 - File List</a>",japan,japanese history,us-japan relations,japanese empire,rg59,U.S. State Department,japan-internal-affairs,newspapers,press,journalism,,,U.S. State Department,1945-09-05,texts,eng
japan-internal-affairs-894.9111-public-press-newspapers-5,"894.9111 Public Press., Newspapers., Japan, Clippings And Items., December 11, 1940 - August 21, 1944 1444.pdf",,"894.9111 Public Press., Newspapers., Japan, Clippings And Items., December 11, 1940 - August 21, 1944 (File 1444)","This document is part of the Records Department of State Relating to Internal Affairs of Japan 1930-1949, decimal 894 collection. These are public domain documents from the U.S. State Department from Record Group 59 of the National Archives of the United States.<br /><br />See this for a file index of the collection: <a href=""https://archive.org/details/japan-internal-affairs-1930-1949"">Records Department of State Relating to Internal Affairs of Japan 1930-1949 Decimal 894 - File List</a>",japan,japanese history,us-japan relations,japanese empire,rg59,U.S. State Department,japan-internal-affairs,newspaper clippings,newspapers,press,journalism,,U.S. State Department,1940-12-11,texts,eng
japan-internal-affairs-894.9111-public-press-newspapers-6,"894.9111 Public Press., Newspapers., Japan, Clippings And Items., January 19, 1946 - February 8, 1949 1692.pdf",,"894.9111 Public Press., Newspapers., Japan, Clippings And Items., January 19, 1946 - February 8, 1949 (File 1692)","This document is part of the Records Department of State Relating to Internal Affairs of Japan 1930-1949, decimal 894 collection. These are public domain documents from the U.S. State Department from Record Group 59 of the National Archives of the United States.<br /><br />See this for a file index of the collection: <a href=""https://archive.org/details/japan-internal-affairs-1930-1949"">Records Department of State Relating to Internal Affairs of Japan 1930-1949 Decimal 894 - File List</a>",japan,japanese history,us-japan relations,japanese empire,rg59,U.S. State Department,japan-internal-affairs,newspaper clippings,newspapers,press,journalism,,U.S. State Department,1946-01-19,texts,eng
japan-internal-affairs-894.91211-public-press-news-3,"894.91211 Public Press., News-Gathering Agencies. Dissemination Of News.** Nationality. Field Of Operation., October 15, 1940 - October 5, 1942 1365.pdf",,"894.91211 Public Press., News-Gathering Agencies. Dissemination Of News.** Nationality. Field Of Operation., October 15, 1940 - October 5, 1942 (File 1365)","This document is part of the Records Department of State Relating to Internal Affairs of Japan 1930-1949, decimal 894 collection. These are public domain documents from the U.S. State Department from Record Group 59 of the National Archives of the United States.<br /><br />See this for a file index of the collection: <a href=""https://archive.org/details/japan-internal-affairs-1930-1949"">Records Department of State Relating to Internal Affairs of Japan 1930-1949 Decimal 894 - File List</a>",japan,japanese history,us-japan relations,japanese empire,rg59,U.S. State Department,japan-internal-affairs,news agencies,press,journalism,,,U.S. State Department,1940-10-15,texts,eng
japan-internal-affairs-894.917-public-press-japan-2,"894.917 Public Press., Japan, Periodicals., March 15, 1940 - December 3, 1943 1407.pdf",,"894.917 Public Press., Japan, Periodicals., March 15, 1940 - December 3, 1943 (File 1407)","This document is part of the Records Department of State Relating to Internal Affairs of Japan 1930-1949, decimal 894 collection. These are public domain documents from the U.S. State Department from Record Group 59 of the National Archives of the United States.<br /><br />See this for a file index of the collection: <a href=""https://archive.org/details/japan-internal-affairs-1930-1949"">Records Department of State Relating to Internal Affairs of Japan 1930-1949 Decimal 894 - File List</a>",japan,japanese history,us-japan relations,japanese empire,rg59,U.S. State Department,japan-internal-affairs,periodicals,press,journalism,,,U.S. State Department,1940-03-15,texts,eng
japan-internal-affairs-894.917-public-press-japan-3,"894.917 Public Press., Japan, Periodicals., October 23, 1945 - April 20, 1948 1628.pdf",,"894.917 Public Press., Japan, Periodicals., October 23, 1945 - April 20, 1948 (File 1628)","This document is part of the Records Department of State Relating to Internal Affairs of Japan 1930-1949, decimal 894 collection. These are public domain documents from the U.S. State Department from Record Group 59 of the National Archives of the United States.<br /><br />See this for a file index of the collection: <a href=""https://archive.org/details/japan-internal-affairs-1930-1949"">Records Department of State Relating to Internal Affairs of Japan 1930-1949 Decimal 894 - File List</a>",japan,japanese history,us-japan relations,japanese empire,rg59,U.S. State Department,japan-internal-affairs,periodicals,press,journalism,,,U.S. State Department,1945-10-23,texts,eng
japan-internal-affairs-894.918-public-press-japan-4,"894.918 Public Press., Japan, Restriction Of The Press. Censorship., December 30, 1930 - July 6, 1939 1108.pdf",,"894.918 Public Press., Japan, Restriction Of The Press. Censorship., December 30, 1930 - July 6, 1939 (File 1108)","This document is part of the Records Department of State Relating to Internal Affairs of Japan 1930-1949, decimal 894 collection. These are public domain documents from the U.S. State Department from Record Group 59 of the National Archives of the United States.<br /><br />See this for a file index of the collection: <a href=""https://archive.org/details/japan-internal-affairs-1930-1949"">Records Department of State Relating to Internal Affairs of Japan 1930-1949 Decimal 894 - File List</a>",japan,japanese history,us-japan relations,japanese empire,rg59,U.S. State Department,japan-internal-affairs,censorship,press freedom,press,journalism,,U.S. State Department,1930-12-30,texts,eng
japan-internal-affairs-894.918-public-press-japan-5,"894.918 Public Press., Japan, Restriction Of The Press. Censorship., March 10, 1947 - March 15, 1947 1565.pdf",,"894.918 Public Press., Japan, Restriction Of The Press. Censorship., March 10, 1947 - March 15, 1947 (File 1565)","This document is part of the Records Department of State Relating to Internal Affairs of Japan 1930-1949, decimal 894 collection. These are public domain documents from the U.S. State Department from Record Group 59 of the National Archives of the United States.<br /><br />See this for a file index of the collection: <a href=""https://archive.org/details/japan-internal-affairs-1930-1949"">Records Department of State Relating to Internal Affairs of Japan 1930-1949 Decimal 894 - File List</a>",japan,japanese history,us-japan relations,japanese empire,rg59,U.S. State Department,japan-internal-affairs,censorship,press freedom,press,journalism,,U.S. State Department,1947-03-10,texts,eng
japan-internal-affairs-894.92-japan-science-philosophy,"894.92 Japan, Science. Philosophy., October 6, 1945 - August 29, 1949 1760.pdf",,"894.92 Japan, Science. Philosophy., October 6, 1945 - August 29, 1949 (File 1760)","This document is part of the Records Department of State Relating to Internal Affairs of Japan 1930-1949, decimal 894 collection. These are public domain documents from the U.S. State Department from Record Group 59 of the National Archives of the United States.<br /><br />See this for a file index of the collection: <a href=""https://archive.org/details/japan-internal-affairs-1930-1949"">Records Department of State Relating to Internal Affairs of Japan 1930-1949 Decimal 894 - File List</a>",japan,japanese history,us-japan relations,japanese empire,rg59,U.S. State Department,japan-internal-affairs,science,,,,,U.S. State Department,1945-10-06,texts,eng
japan-internal-affairs-894.9251-science-philosophy-physics-2,"894.9251 Science. Philosophy., Physics., Japan, Weights And Measures., April 19, 1947 1571.pdf",,"894.9251 Science. Philosophy., Physics., Japan, Weights And Measures., April 19, 1947 (File 1571)","This document is part of the Records Department of State Relating to Internal Affairs of Japan 1930-1949, decimal 894 collection. These are public domain documents from the U.S. State Department from Record Group 59 of the National Archives of the United States.<br /><br />See this for a file index of the collection: <a href=""https://archive.org/details/japan-internal-affairs-1930-1949"">Records Department of State Relating to Internal Affairs of Japan 1930-1949 Decimal 894 - File List</a>",japan,japanese history,us-japan relations,japanese empire,rg59,U.S. State Department,japan-internal-affairs,weights and measures,science,,,,U.S. State Department,1947-04-19,texts,eng
japan-internal-affairs-894a.00-formosa-taiwan-political-4,"894A.00 Formosa. Taiwan, Political Affairs., February 7, 1931 - March 8, 1940 1181.pdf",,"894A.00 Formosa. Taiwan, Political Affairs., February 7, 1931 - March 8, 1940 (File 1181)","This document is part of the Records Department of State Relating to Internal Affairs of Japan 1930-1949, decimal 894 collection. These are public domain documents from the U.S. State Department from Record Group 59 of the National Archives of the United States.<br /><br />See this for a file index of the collection: <a href=""https://archive.org/details/japan-internal-affairs-1930-1949"">Records Department of State Relating to Internal Affairs of Japan 1930-1949 Decimal 894 - File List</a>",japan,japanese history,us-japan relations,japanese empire,rg59,U.S. State Department,japan-internal-affairs,Taiwan,politics,,,,U.S. State Department,1931-02-07,texts,eng
japan-internal-affairs-894a.014-government-mandates-recognition-3,"894A.014 Government. Mandates, Recognition., Formosa. Taiwan, Territory. Maps, February 17, 1942 - June 15, 1944 1430.pdf",,"894A.014 Government. Mandates, Recognition., Formosa. Taiwan, Territory. Maps, February 17, 1942 - June 15, 1944 (File 1430)","This document is part of the Records Department of State Relating to Internal Affairs of Japan 1930-1949, decimal 894 collection. These are public domain documents from the U.S. State Department from Record Group 59 of the National Archives of the United States.<br /><br />See this for a file index of the collection: <a href=""https://archive.org/details/japan-internal-affairs-1930-1949"">Records Department of State Relating to Internal Affairs of Japan 1930-1949 Decimal 894 - File List</a>",japan,japanese history,us-japan relations,japanese empire,rg59,U.S. State Department,japan-internal-affairs,Taiwan,territory,government,,,U.S. State Department,1942-02-17,texts,eng
japan-internal-affairs-894a.114-regulations-governing-formosa-5,"894A.114 Regulations Governing %D0, Formosa. Taiwan, Traffic In Liquors And Habit-Forming Drugs. Each Subdivision Will Be Made A Separate Case., February 16, 1931 - March 17, 1939 1086.pdf",,"894A.114 Regulations Governing, Formosa. Taiwan, Traffic In Liquors And Habit-Forming Drugs. Each Subdivision Will Be Made A Separate Case., February 16, 1931 - March 17, 1939 (File 1086)","This document is part of the Records Department of State Relating to Internal Affairs of Japan 1930-1949, decimal 894 collection. These are public domain documents from the U.S. State Department from Record Group 59 of the National Archives of the United States.<br /><br />See this for a file index of the collection: <a href=""https://archive.org/details/japan-internal-affairs-1930-1949"">Records Department of State Relating to Internal Affairs of Japan 1930-1949 Decimal 894 - File List</a>",japan,japanese history,us-japan relations,japanese empire,rg59,U.S. State Department,japan-internal-affairs,Taiwan,narcotics,liquor,regulations,law,U.S. State Department,1931-02-16,texts,eng
japan-internal-affairs-894a.20-military-affairs-army-4,"894A.20 Military Affairs. Army. Army Posts. Fortifications. Defenses. Military Instructors Advisers. ** Country In Which Serving., August 25, 1935 - August 27, 1937 967.pdf",,"894A.20 Military Affairs. Army. Army Posts. Fortifications. Defenses. Military Instructors Advisers. ** Country In Which Serving., August 25, 1935 - August 27, 1937 (File 967)","This document is part of the Records Department of State Relating to Internal Affairs of Japan 1930-1949, decimal 894 collection. These are public domain documents from the U.S. State Department from Record Group 59 of the National Archives of the United States.<br /><br />See this for a file index of the collection: <a href=""https://archive.org/details/japan-internal-affairs-1930-1949"">Records Department of State Relating to Internal Affairs of Japan 1930-1949 Decimal 894 - File List</a>",japan,japanese history,us-japan relations,japanese empire,rg59,U.S. State Department,japan-internal-affairs,army,military affairs,,,,U.S. State Department,1935-08-25,texts,eng
japan-internal-affairs-894a.50-formosa-taiwan-economic-5,"894A.50 Formosa. Taiwan, Economic Matters., January 20, 1931 - February 14, 1931 721.pdf",,"894A.50 Formosa. Taiwan, Economic Matters., January 20, 1931 - February 14, 1931 (File 721)","This document is part of the Records Department of State Relating to Internal Affairs of Japan 1930-1949, decimal 894 collection. These are public domain documents from the U.S. State Department from Record Group 59 of the National Archives of the United States.<br /><br />See this for a file index of the collection: <a href=""https://archive.org/details/japan-internal-affairs-1930-1949"">Records Department of State Relating to Internal Affairs of Japan 1930-1949 Decimal 894 - File List</a>",japan,japanese history,us-japan relations,japanese empire,rg59,U.S. State Department,japan-internal-affairs,Taiwan,economy,economic conditions,,,U.S. State Department,1931-01-20,texts,eng
japan-internal-affairs-894a.51-formosa-taiwan-financial-3,"894A.51 Formosa. Taiwan, Financial Conditions. Budget. Dept. Bond Issues. Loans. Public Securities. Credits., November 4, 1930 - December 4, 1939 1153.pdf",,"894A.51 Formosa. Taiwan, Financial Conditions. Budget. Dept. Bond Issues. Loans. Public Securities. Credits., November 4, 1930 - December 4, 1939 (File 1153)","This document is part of the Records Department of State Relating to Internal Affairs of Japan 1930-1949, decimal 894 collection. These are public domain documents from the U.S. State Department from Record Group 59 of the National Archives of the United States.<br /><br />See this for a file index of the collection: <a href=""https://archive.org/details/japan-internal-affairs-1930-1949"">Records Department of State Relating to Internal Affairs of Japan 1930-1949 Decimal 894 - File List</a>",japan,japanese history,us-japan relations,japanese empire,rg59,U.S. State Department,japan-internal-affairs,Taiwan,loans,budget,finance,,U.S. State Department,1930-11-04,texts,eng
japan-internal-affairs-894a.801-navigation-statistics-formosa-2,"894A.801 Navigation. Statistics., Formosa. Taiwan, Laws And Regulations. Navigation Of Home Waters. Coastwise Trade., February 5, 1936 - September 10, 1936 925.pdf",,"894A.801 Navigation. Statistics., Formosa. Taiwan, Laws And Regulations. Navigation Of Home Waters. Coastwise Trade., February 5, 1936 - September 10, 1936 (File 925)","This document is part of the Records Department of State Relating to Internal Affairs of Japan 1930-1949, decimal 894 collection. These are public domain documents from the U.S. State Department from Record Group 59 of the National Archives of the United States.<br /><br />See this for a file index of the collection: <a href=""https://archive.org/details/japan-internal-affairs-1930-1949"">Records Department of State Relating to Internal Affairs of Japan 1930-1949 Decimal 894 - File List</a>",japan,japanese history,us-japan relations,japanese empire,rg59,U.S. State Department,japan-internal-affairs,Taiwan,coastal shipping,regulations,navigation,,U.S. State Department,1936-02-05,texts,eng
japan-internal-affairs-894c.01-kwantung-leased-territory-2,"894C.01 Kwantung Leased Territory, Government. Mandates, Recognition., April 14, 1932 - December 11, 1937 986.pdf",,"894C.01 Kwantung Leased Territory, Government. Mandates, Recognition., April 14, 1932 - December 11, 1937 (File 986)","This document is part of the Records Department of State Relating to Internal Affairs of Japan 1930-1949, decimal 894 collection. These are public domain documents from the U.S. State Department from Record Group 59 of the National Archives of the United States.<br /><br />See this for a file index of the collection: <a href=""https://archive.org/details/japan-internal-affairs-1930-1949"">Records Department of State Relating to Internal Affairs of Japan 1930-1949 Decimal 894 - File List</a>",japan,japanese history,us-japan relations,japanese empire,rg59,U.S. State Department,japan-internal-affairs,Kwantung Leased Territory,diplomatic recognition,government,,,U.S. State Department,1932-04-14,texts,eng
japan-internal-affairs-894c.114-regulations-governing-kwantung-2,"894C.114 Regulations Governing %D0, Kwantung Leased Territory, Traffic In Liquors And Habit-Forming Drugs. Each Subdivision Will Be Made A Separate Case., August 11, 1922 - March 17, 1930 696.pdf",,"894C.114 Regulations Governing, Kwantung Leased Territory, Traffic In Liquors And Habit-Forming Drugs. Each Subdivision Will Be Made A Separate Case., August 11, 1922 - March 17, 1930 (File 696)","This document is part of the Records Department of State Relating to Internal Affairs of Japan 1930-1949, decimal 894 collection. These are public domain documents from the U.S. State Department from Record Group 59 of the National Archives of the United States.<br /><br />See this for a file index of the collection: <a href=""https://archive.org/details/japan-internal-affairs-1930-1949"">Records Department of State Relating to Internal Affairs of Japan 1930-1949 Decimal 894 - File List</a>",japan,japanese history,us-japan relations,japanese empire,rg59,U.S. State Department,japan-internal-affairs,Kwantung Leased Territory,narcotics,liquor,regulations,law,U.S. State Department,1922-08-11,texts,eng
japan-internal-affairs-894c.20-military-affairs-army-2,"894C.20 Military Affairs. Army. Army Posts. Fortifications. Defenses. Military Instructors Advisers. ** Country In Which Serving., June 29, 1934 - July 19, 1938 1035.pdf",,"894C.20 Military Affairs. Army. Army Posts. Fortifications. Defenses. Military Instructors Advisers. ** Country In Which Serving., June 29, 1934 - July 19, 1938 (File 1035)","This document is part of the Records Department of State Relating to Internal Affairs of Japan 1930-1949, decimal 894 collection. These are public domain documents from the U.S. State Department from Record Group 59 of the National Archives of the United States.<br /><br />See this for a file index of the collection: <a href=""https://archive.org/details/japan-internal-affairs-1930-1949"">Records Department of State Relating to Internal Affairs of Japan 1930-1949 Decimal 894 - File List</a>",japan,japanese history,us-japan relations,japanese empire,rg59,U.S. State Department,japan-internal-affairs,army,military affairs,,,,U.S. State Department,1934-06-29,texts,eng
japan-internal-affairs-894c.5151-financial-conditions-budget-4,"894C.5151 Financial Conditions. Budget. Dept. Bond Issues. Loans. Public Securities. Credits., Monetary System. Coinage. Currency. Mint. Bullion., Kwantung Leased Territory, Exchange., August 5, 1940 - September 6, 1941 1297.pdf",,"894C.5151 Financial Conditions. Budget. Dept. Bond Issues. Loans. Public Securities. Credits., Monetary System. Coinage. Currency. Mint. Bullion., Kwantung Leased Territory, Exchange., August 5, 1940 - September 6, 1941 (File 1297)","This document is part of the Records Department of State Relating to Internal Affairs of Japan 1930-1949, decimal 894 collection. These are public domain documents from the U.S. State Department from Record Group 59 of the National Archives of the United States.<br /><br />See this for a file index of the collection: <a href=""https://archive.org/details/japan-internal-affairs-1930-1949"">Records Department of State Relating to Internal Affairs of Japan 1930-1949 Decimal 894 - File List</a>",japan,japanese history,us-japan relations,japanese empire,rg59,U.S. State Department,japan-internal-affairs,Kwantung Leased Territory,foreign exchange,currency,loans,budget,U.S. State Department,1940-08-05,texts,eng
japan-internal-affairs-894c.55-kwantung-leased-territory-2,"894C.55 Kwantung Leased Territory, Immigration. Head Tax., August 15, 1933 - September 18, 1933 790.pdf",,"894C.55 Kwantung Leased Territory, Immigration. Head Tax., August 15, 1933 - September 18, 1933 (File 790)","This document is part of the Records Department of State Relating to Internal Affairs of Japan 1930-1949, decimal 894 collection. These are public domain documents from the U.S. State Department from Record Group 59 of the National Archives of the United States.<br /><br />See this for a file index of the collection: <a href=""https://archive.org/details/japan-internal-affairs-1930-1949"">Records Department of State Relating to Internal Affairs of Japan 1930-1949 Decimal 894 - File List</a>",japan,japanese history,us-japan relations,japanese empire,rg59,U.S. State Department,japan-internal-affairs,Kwantung Leased Territory,head tax,immigration,migration,,U.S. State Department,1933-08-15,texts,eng
japan-internal-affairs-894c.6363-mines-mining-concessions-4,"894C.6363 Mines. Mining. Concessions., Carbon. Graphite., Kwantung Leased Territory, Petroleum., May 24, 1935 - October 31, 1939 1145.pdf",,"894C.6363 Mines. Mining. Concessions., Carbon. Graphite., Kwantung Leased Territory, Petroleum., May 24, 1935 - October 31, 1939 (File 1145)","This document is part of the Records Department of State Relating to Internal Affairs of Japan 1930-1949, decimal 894 collection. These are public domain documents from the U.S. State Department from Record Group 59 of the National Archives of the United States.<br /><br />See this for a file index of the collection: <a href=""https://archive.org/details/japan-internal-affairs-1930-1949"">Records Department of State Relating to Internal Affairs of Japan 1930-1949 Decimal 894 - File List</a>",japan,japanese history,us-japan relations,japanese empire,rg59,U.S. State Department,japan-internal-affairs,Kwantung Leased Territory,petroleum,oil,concessions,mining,U.S. State Department,1935-05-24,texts,eng
japan-internal-affairs-894c.6363-mines-mining-concessions-3,"894C.6363 Mines. Mining. Concessions., Carbon. Graphite., Kwantung Leased Territory, Petroleum., October 18, 1934 - May 9, 1935 862.pdf",,"894C.6363 Mines. Mining. Concessions., Carbon. Graphite., Kwantung Leased Territory, Petroleum., October 18, 1934 - May 9, 1935 (File 862)","This document is part of the Records Department of State Relating to Internal Affairs of Japan 1930-1949, decimal 894 collection. These are public domain documents from the U.S. State Department from Record Group 59 of the National Archives of the United States.<br /><br />See this for a file index of the collection: <a href=""https://archive.org/details/japan-internal-affairs-1930-1949"">Records Department of State Relating to Internal Affairs of Japan 1930-1949 Decimal 894 - File List</a>",japan,japanese history,us-japan relations,japanese empire,rg59,U.S. State Department,japan-internal-affairs,Kwantung Leased Territory,petroleum,oil,concessions,mining,U.S. State Department,1934-10-18,texts,eng
japan-internal-affairs-894c.6583-manufactures-manufacturing-foods-2,"894C.6583 Manufactures. Manufacturing., Foods; Packing., Kwantung Leased Territory, Edible Fats, Not Dairy Products., December 22, 1932 765.pdf",,"894C.6583 Manufactures. Manufacturing., Foods; Packing., Kwantung Leased Territory, Edible Fats, Not Dairy Products., December 22, 1932 (File 765)","This document is part of the Records Department of State Relating to Internal Affairs of Japan 1930-1949, decimal 894 collection. These are public domain documents from the U.S. State Department from Record Group 59 of the National Archives of the United States.<br /><br />See this for a file index of the collection: <a href=""https://archive.org/details/japan-internal-affairs-1930-1949"">Records Department of State Relating to Internal Affairs of Japan 1930-1949 Decimal 894 - File List</a>",japan,japanese history,us-japan relations,japanese empire,rg59,U.S. State Department,japan-internal-affairs,Kwantung Leased Territory,edible oils,food industry,manufacturing,industry,U.S. State Department,1932-12-22,texts,eng
japan-internal-affairs-894c.77-kwantung-leased-territory-2,"894C.77 Kwantung Leased Territory, Railway. Concessions. Construction. Equipment., June 24, 1931 - October 20, 1939 1138.pdf",,"894C.77 Kwantung Leased Territory, Railway. Concessions. Construction. Equipment., June 24, 1931 - October 20, 1939 (File 1138)","This document is part of the Records Department of State Relating to Internal Affairs of Japan 1930-1949, decimal 894 collection. These are public domain documents from the U.S. State Department from Record Group 59 of the National Archives of the United States.<br /><br />See this for a file index of the collection: <a href=""https://archive.org/details/japan-internal-affairs-1930-1949"">Records Department of State Relating to Internal Affairs of Japan 1930-1949 Decimal 894 - File List</a>",japan,japanese history,us-japan relations,japanese empire,rg59,U.S. State Department,japan-internal-affairs,Kwantung Leased Territory,concessions,railways,rail transport,,U.S. State Department,1931-06-24,texts,eng
