# original name<TAB>surname-first form (empty = checked, leave as is). Applied by build_db.py. Made by people_names.py; edit by hand to correct.
M. Kobayashi	KOBAYASHI M.
I. Yokoyama	YOKOYAMA I.
Y. Kanemoto	KANEMOTO Y.
T. Nakazawa	NAKAZAWA T.
Y. Ichimiya	ICHIMIYA Y.
T. Nomura	NOMURA T.
T. Arima	ARIMA T.
S. Ishiwatari	ISHIWATARI S.
I. Hiraoka	HIRAOKA I.
G. Akabane	AKABANE G.
Y. Matsuo	MATSUO Y.
S. Odajima	ODAJIMA S.
L. Arima	ARIMA L.
M. Itamura	ITAMURA M.
M. Kajiwara	KAJIWARA M.
K. Ishikawa	ISHIKAWA K.
Y. Yajima	YAJIMA Y.
S. Yahiro	YAHIRO S.
Takazumi Oka	OKA Takazumi
S. Yano	YANO S.
S. Tamura	TAMURA S.
S. Busetsu	BUSETSU S.
H. Machida	MACHIDA H.
K. Komura	KOMURA K.
S. Horiuchi	HORIUCHI S.
K. Kondo	KONDO K.
K. Iriye	IRIYE K.
Y. Fujii	FUJII Y.
J. Yoshitake	YOSHITAKE J.
T. Morishima	MORISHIMA T.
M. Fukui	FUKUI M.
M. Sugioka	SUGIOKA M.
H. Ikeda	IKEDA H.
T. Tokari	TOKARI T.
H. Shirahama	SHIRAHAMA H.
J. Uyeno	UYENO J.
Mitsunobu	MITSUNOBU
T. Naoi	NAOI T.
Y. Kuroka	KUROKA Y.
T. Suzuki	SUZUKI T.
T. Ishida	ISHIDA T.
B. Omatsuzawa	OMATSUZAWA B.
S. Makino	MAKINO S.
S. Yasugi	YASUGI S.
Sato	SATO
Y. Ando	ANDO Y.
Shigeru Onishi	ONISHI Shigeru
T. Yokoi	YOKOI T.
M. Kusama	KUSAMA M.
Saito	SAITO
I. Manai	MANAI I.
M. Miyamoto	MIYAMOTO M.
Yamooki	YAMOOKI
Nakamura	NAKAMURA
C. Yasukura	YASUKURA C.
Okawa	OKAWA
Y. Otani	OTANI Y.
M. Mayeda	MAYEDA M.
N. Mayeda	MAYEDA N.
U. Sato	SATO U.
K. Fujiwara	FUJIWARA K.
H. Suga	SUGA H.
J. Tanaka	TANAKA J.
M. Tajiri	TAJIRI M.
A. Matsuzaki	MATSUZAKI A.
K. Yamamoto	YAMAMOTO K.
Katsuo Shibata	SHIBATA Katsuo
S. Kobayashi	KOBAYASHI S.
M. Kawabata	KAWABATA M.
T. Sasaki	SASAKI T.
J. Tokuda	TOKUDA J.
M. Adachi	ADACHI M.
K. Ochi	OCHI K.
Y. Yamamoto	YAMAMOTO Y.
Nenozō Utsurikawa	UTSURIKAWA Nenozō
Matsuo	MATSUO
Choji Koshimura	KOSHIMURA Choji
Kato	KATO
Yoshimura	YOSHIMURA
Asai	ASAI
Doda	DODA
Yuzuriha	YUZURIHA
Mihara	MIHARA
Naokuni Nomura	NOMURA Naokuni
Katsuo Okumura	OKUMURA Katsuo
Kijūrō Shidehara	SHIDEHARA Kijūrō
J. V. Ogan	
Mineichi Koga	KOGA Mineichi
Sankichi Takahashi	TAKAHASHI Sankichi
S. Yokota	YOKOTA S.
Saburo Aizawa	AIZAWA Saburo
Tetsuzan Nagata	NAGATA Tetsuzan
Hideki Tojo	TOJO Hideki
Terashima	TERASHIMA
Kakichi Takeuchi	TAKEUCHI Kakichi
Takata	TAKATA
Moriwaki	MORIWAKI
Nomi	NOMI
Takashima	TAKASHIMA
Ozaki	OZAKI
Tobusu	TOBUSU
Kaji	KAJI
Iwasa	IWASA
Oshima	OSHIMA
Matsumoto	MATSUMOTO
Mano	MANO
Shimada	SHIMADA
I. Iwama	IWAMA I.
Jikusen Hashimoto	HASHIMOTO Jikusen
Suzuki	SUZUKI
K. M. Yamaguchi	YAMAGUCHI K. M.
Shingoro Takaishi	TAKAISHI Shingoro
Seeto	
Kobayashi	KOBAYASHI
Raishiro Sumita	SUMITA Raishiro
Kenji Doihara	DOIHARA Kenji
Shigeru Honjo	HONJO Shigeru
Gen Sugiyama	SUGIYAMA Gen
Fumimaro Konoe	KONOE Fumimaro
Hisaichi Terauchi	TERAUCHI Hisaichi
Kurikawa	KURIKAWA
Hirohito	
Fanji Uchida	UCHIDA Fanji
Seigo Oguni	OGUNI Seigo
Taro Yuasa	YUASA Taro
Ryutaro Nagai	NAGAI Ryutaro
Soichi Nogami	NOGAMI Soichi
Kintaro Mase	MASE Kintaro
S. Iwasaki	IWASAKI S.
Minoru Ichimoto	ICHIMOTO Minoru
Toshio Fujii	FUJII Toshio
Shichiro Ono	ONO Shichiro
Inoue	INOUE
Rufo Romero	
Makoto Saitō	SAITŌ Makoto
A. B. Pinn	
Dean Acheson	
Kotaro Ono	ONO Kotaro
Yoshichi Otani	OTANI Yoshichi
Yamada	YAMADA
Kenichi Tomita	TOMITA Kenichi
Saichiro Koshida	KOSHIDA Saichiro
Yokota	YOKOTA
Prince Kotohito Kan'in	Prince KAN'IN Kotohito
Count Yorikazu Matsudaira	Count MATSUDAIRA Yorikazu
Yahiko Kamada	KAMADA Yahiko
Baron Takeji Nara	Baron NARA Takeji
Keinosuke Ushio	USHIO Keinosuke
Kenichi Ishima	ISHIMA Kenichi
Seiichiro Mitsui	MITSUI Seiichiro
Princess Kaneko Yorihito	
Hisako Motono	MOTONO Hisako
Shinzo Ohara	OHARA Shinzo
Nobuko Kuto	KUTO Nobuko
Tamejiro Kuze	KUZE Tamejiro
Ikutaro Inoue	INOUE Ikutaro
Mataroku Koizumi	KOIZUMI Mataroku
Prince Iyezato Tokugawa	Prince TOKUGAWA Iyezato
Tsuguo Imajuku	IMAJUKU Tsuguo
Sobokin	
Yoshitaro Amano	AMANO Yoshitaro
Genji 'tura	
Masakazu Tukasaki	TUKASAKI Masakazu
Takeji Kobayashi	KOBAYASHI Takeji
Takashi Komatsu	KOMATSU Takashi
Kiyonao Inoue	INOUE Kiyonao
Tadanari Iwase	IWASE Tadanari
Naosuke Ii	II Naosuke
Gohei Zeniya	ZENIYA Gohei
Shoin Yoshida	YOSHIDA Shoin
Emperor Meiji	
Yutaka Terada	TERADA Yutaka
Tomomi Iwakura	IWAKURA Tomomi
Hisaharu Kubota	KUBOTA Hisaharu
Eijo Ando	ANDO Eijo
Tetsuhiko Kaseda	KASEDA Tetsuhiko
Seiji Nakano	NAKANO Seiji
Jin Kimura	KIMURA Jin
Susumi Suto	SUTO Susumi
Hideo Ikozawa	IKOZAWA Hideo
Jiro Tego	TEGO Jiro
Goichi Kuroki	KUROKI Goichi
Nihei Masuda	MASUDA Nihei
Maguire	
D. C. Buchanan	
Nagai	NAGAI
D. M. Keane	
Munson	
Seishirō Itagaki	ITAGAKI Seishirō
Masaharu Anesaki	ANESAKI Masaharu
Teijiro Toyoda	TOYODA Teijiro
Ichiro Koyama	KOYAMA Ichiro
Kazushige Ugaki	UGAKI Kazushige
Hajime Hoshi	HOSHI Hajime
Giyohi Nakamura	NAKAMURA Giyohi
Masao Watanabe	WATANABE Masao
General Monotake	General MONOTAKE
Sadao Araki	ARAKI Sadao
M. Yuge	YUGE M.
Rowe	
Toshio Go	GO Toshio
Naganari Ogasawara	OGASAWARA Naganari
Yamamoto	YAMAMOTO
Kiyoshi Akita	AKITA Kiyoshi
Kōki Hirota	HIROTA Kōki
Prince Iesato Tokugawa	Prince TOKUGAWA Iesato
Kenzō Adachi	ADACHI Kenzō
Korekiyo Takahashi	TAKAHASHI Korekiyo
Reijirō Wakatsuki	WAKATSUKI Reijirō
Junnosuke Inouye	INOUYE Junnosuke
Prince Kinmochi Saionji	Prince SAIONJI Kinmochi
K. Tsukada	TSUKADA K.
Tako Borin	
Hidejiro Inagaki	INAGAKI Hidejiro
Shun-ichiro Kawahara	KAWAHARA Shun-ichiro
Eugene H. Dooman	
Sakae Katayama	KATAYAMA Sakae
T. Mori	MORI T.
Shigenobu Okuma	OKUMA Shigenobu
Jigoro Kano	KANO Jigoro
Akira Kazami	KAZAMI Akira
Kentaro Kaneko	KANEKO Kentaro
Hikomatsu Kamikawa	KAMIKAWA Hikomatsu
Yoshiro Sakatani	SAKATANI Yoshiro
Toson Shimazaki	SHIMAZAKI Toson
Daikichiro Tagawa	TAGAWA Daikichiro
Sanae Takata	TAKATA Sanae
Mataro Nagayo	NAGAYO Mataro
Heihachirō Tōgō	TŌGŌ Heihachirō
Hashida	HASHIDA
Yutaka Ishizawa	ISHIZAWA Yutaka
Tomegoro Yoshizumi	YOSHIZUMI Tomegoro
Ataru Toyoshima	TOYOSHIMA Ataru
Yorio Yamamoto	YAMAMOTO Yorio
Tsuchiya	TSUCHIYA
Takaharu Ito	ITO Takaharu
S. Hayata	HAYATA S.
H. Nishioka	NISHIOKA H.
S. Fujii	FUJII S.
Yutaro Tomita	TOMITA Yutaro
Iwaso Yokota	YOKOTA Iwaso
Kiyichi Suzuki	SUZUKI Kiyichi
Hyo-ichi Sogane	SOGANE Hyo-ichi
Osamu Tsubota	TSUBOTA Osamu
Teizo Mitsunami	MITSUNAMI Teizo
Nobumasa Suetsugu	SUETSUGU Nobumasa
Katsuo Okazaki	OKAZAKI Katsuo
Kiichirō Hiranuma	HIRANUMA Kiichirō
Mitsumasa Yonai	YONAI Mitsumasa
Suehiko Shiono	SHIONO Suehiko
Yonezō Maeda	MAEDA Yonezō
Sōtarō Ishiwata	ISHIWATA Sōtarō
Yukio Sakurauchi	SAKURAUCHI Yukio
Takahito, Prince Mikasa	
Yuriko Takagi	TAKAGI Yuriko
Kaname Wakasugi	WAKASUGI Kaname
Naotake Sato	SATO Naotake
S. Itani	ITANI S.
Yoshisaburo Kawasaki	KAWASAKI Yoshisaburo
Noboru Otani	OTANI Noboru
Shozo Murata	MURATA Shozo
H. J. Hige	
Colonel Bowe	
Mr. Tagita	Mr. TAGITA
Ko Kawarada	KAWARADA Ko
Gosuke Taniguchi	TANIGUCHI Gosuke
Tamotsu Furukawa	FURUKAWA Tamotsu
Takao Sonokawa	SONOKAWA Takao
Naoki Hoshino	HOSHINO Naoki
Wei Tao-min	
Kuniaki Koiso	KOISO Kuniaki
K. B. Finn	
Tatsunosuke Takasaki	TAKASAKI Tatsunosuke
Yoshisuke Aikawa	AIKAWA Yoshisuke
Mr. Tani	Mr. TANI
Chiyoma Inamoto	INAMOTO Chiyoma
T. Wakabayashi	WAKABAYASHI T.
Magurikami	MAGURIKAMI
Ryūtarō Nagai	NAGAI Ryūtarō
Hirotarō Hayashi	HAYASHI Hirotarō
Yūsuke Tsurumi	TSURUMI Yūsuke
Yuro Matsu	MATSU Yuro
Yutaro Sato	SATO Yutaro
Deane	
Shunroku Hata	HATA Shunroku
Koki Hirota	HIROTA Koki
Iesato Tokugawa	TOKUGAWA Iesato
Takuo Godo	GODO Takuo
Count Tadamasa Sakai	Count SAKAI Tadamasa
Kamekichi Takahashi	TAKAHASHI Kamekichi
A. J. Rehe	
R. B. Finn	
Akikata Mito	MITO Akikata
Toshio Teruki	TERUKI Toshio
Kumaichi Shono	SHONO Kumaichi
Tsuneto To	TO Tsuneto
Mikio Okubo	OKUBO Mikio
Kiyosaburo Umeda	UMEDA Kiyosaburo
Hidesaku Moriwaki	MORIWAKI Hidesaku
Junji Gohei	GOHEI Junji
Shingo Nakano	NAKANO Shingo
Takanobu Mitani	MITANI Takanobu
Tatsuro Okuda	OKUDA Tatsuro
Seizō Kobayashi	KOBAYASHI Seizō
Jirō Morioka	MORIOKA Jirō
C. Matsuo	MATSUO C.
Count Hayashi	Count HAYASHI
Mr. Hoshino	Mr. HOSHINO
Mr. Kusaka	Mr. KUSAKA
Kusazo Chihara	CHIHARA Kusazo
Katsuji Debuchi	DEBUCHI Katsuji
Eiichi Murakami	MURAKAMI Eiichi
Takizo Matsumoto	MATSUMOTO Takizo
Shunzo Sakamaki	SAKAMAKI Shunzo
Naoki Nishiyama	NISHIYAMA Naoki
Tadayoshi Kondo	KONDO Tadayoshi
Shigeru Asato	ASATO Shigeru
Nagami	NAGAMI
Hisaji Kubo	KUBO Hisaji
S. Shikayama	SHIKAYAMA S.
Count Jutarō Komura	Count KOMURA Jutarō
Marquis Kin-ichi Komura	Marquis KOMURA Kin-ichi
E. K. Watson	
Minamoto no Tametomo	MINAMOTO no Tametomo
Sutoku	
Toyohiko Kagawa	KAGAWA Toyohiko
Shintaro Furuya	FURUYA Shintaro
Yagoro Hirao	HIRAO Yagoro
Michi Kawai	KAWAI Michi
Masataro Miyake	MIYAKE Masataro
Sakan Moriya	MORIYA Sakan
S. Usui	USUI S.
T. Anzai	ANZAI T.
M. Sato	SATO M.
Hideshiro Hasegawa	HASEGAWA Hideshiro
Eti Moto	
Aisuke Kabayama	KABAYAMA Aisuke
Ryozo Asano	ASANO Ryozo
Yosuke Matsuoka	MATSUOKA Yosuke
Kichisaburo Nomura	NOMURA Kichisaburo
Kensuke Horinouchi	HORINOUCHI Kensuke
Teiichi Muto	MUTO Teiichi
Tetsuya G. Ishimaru	ISHIMARU Tetsuya G.
Ryōhei Uchida	UCHIDA Ryōhei
Tsuyoshi Inukai	INUKAI Tsuyoshi
Osachi Hamaguchi	HAMAGUCHI Osachi
Emperor Hirohito	
Sun Yat-sen	
Kikujirō Ishii	ISHII Kikujirō
Takuma Dan	DAN Takuma
Shigeru Tada	TADA Shigeru
Yōsuke Matsuoka	MATSUOKA Yōsuke
Tegiro Iwata	IWATA Tegiro
Mitsuko Matsushima	MATSUSHIMA Mitsuko
Takashi Kato	KATO Takashi
Hajime Matsui	MATSUI Hajime
Makino Matsui	MATSUI Makino
Shunichi Kase	KASE Shunichi
Hajime Matsushita	MATSUSHITA Hajime
Tate	
T. Inouye	INOUYE T.
Tsutomu Kubotera	KUBOTERA Tsutomu
C. Fujii	FUJII C.
Yamashita	YAMASHITA
Dianne Shu	
Chiu Ko Hua	
Jensen	
Mr. Tanji	Mr. TANJI
Kazumaro Uno	UNO Kazumaro
Makoto Onodera	ONODERA Makoto
Yoichi Inoue	INOUE Yoichi
Kichinosuke Sato	SATO Kichinosuke
Suemasa Okamoto	OKAMOTO Suemasa
Honda	HONDA
Kigoshi	KIGOSHI
Hidachi	HIDACHI
Rihachiro Banzai	BANZAI Rihachiro
Momotaro Enomoto	ENOMOTO Momotaro
Han Wakabayashi	WAKABAYASHI Han
Mitsuru Toyama	TOYAMA Mitsuru
Tateishi	TATEISHI
Hayashi	HAYASHI
Nobuta Sakurai	SAKURAI Nobuta
Koizo Sakurai	SAKURAI Koizo
Tanaka	TANAKA
Kimura	KIMURA
Hida	HIDA
Kanaya	KANAYA
Aoki	AOKI
Goto	GOTO
Fukao	FUKAO
Okuma	OKUMA
Mikame	MIKAME
Shimoide	SHIMOIDE
Toyoda	TOYODA
Moribe	MORIBE
Takano	TAKANO
Hayakawa	HAYAKAWA
Imai	IMAI
Major Hashoda	Major HASHODA
Johansen	
Seiichi Murata	MURATA Seiichi
Seiji Hishida	HISHIDA Seiji
Hachiro Yuasa	YUASA Hachiro
G. I. Poore	
Seiji Yoshihara	YOSHIHARA Seiji
Takao Yasuba	YASUBA Takao
Eugene Dooman	
Anton Hinton	
Prince Fumimaro Konoe	Prince KONOE Fumimaro
Makino	MAKINO
Ichiro Suzuki	SUZUKI Ichiro
C. J. Shohan	
Hougen	
Kichisaburō Nomura	NOMURA Kichisaburō
Shosuke Shimomura	SHIMOMURA Shosuke
Koshirō Oikawa	OIKAWA Koshirō
Han Fu-chu	
Yasuya Uchida	UCHIDA Yasuya
Toshihiko Taketomi	TAKETOMI Toshihiko
Toshio Shiratori	SHIRATORI Toshio
Eiji Wajima	WAJIMA Eiji
Shigenori Togo	TOGO Shigenori
Hikotaro Ichikawa	ICHIKAWA Hikotaro
Saburo Kurusu	KURUSU Saburo
Shinichi Shiba	SHIBA Shinichi
Tsunejiro Miyaoka	MIYAOKA Tsunejiro
Gizo Sakaguchi	SAKAGUCHI Gizo
Isao Oiwa	OIWA Isao
Toyoji Obata	OBATA Toyoji
Kuroki	KUROKI
Ototsu	OTOTSU
Kiyota Hashimoto	HASHIMOTO Kiyota
Prince Takamatsu (Nobuhito)	
Kikuko Tokugawa (Princess Takamatsu)	TOKUGAWA Kikuko (Princess Takamatsu)
Hirohito (Emperor Showa)	
Prince Chichibu (Yasuhito)	
Setsuko Matsudaira (Princess Chichibu)	MATSUDAIRA Setsuko (Princess Chichibu)
Empress Nagako (Empress Kojun)	
Shigeko, Princess Teru	
Prince Fumitaka Konoe	Prince KONOE Fumitaka
Kotohen	
Masahito, Prince Hitachi	
Hitoshi Taketomi	TAKETOMI Hitoshi
Nakayama	NAKAYAMA
Hirosi Saito	SAITO Hirosi
Fukui	FUKUI
Major Hongo	Major HONGO
Seijiro Yoshizawa	YOSHIZAWA Seijiro
Iwane Matsui	MATSUI Iwane
Kiyoshi Noda	NODA Kiyoshi
Kaju Nakamura	NAKAMURA Kaju
General Haowei	
Shigeru Kawagoe	KAWAGOE Shigeru
Shinrokuro Hidaka	HIDAKA Shinrokuro
Prince Fumimaro Konoye	Prince KONOYE Fumimaro
Hajime Sugiyama	SUGIYAMA Hajime
Seigo Nakano	NAKANO Seigo
Marquis Koichi Kido	Marquis KIDO Koichi
Okinori Kaya	KAYA Okinori
Setochi Hara	HARA Setochi
Wakabayashi	WAKABAYASHI
Hisaakira Hijikata	HIJIKATA Hisaakira
Eiichi Baba	BABA Eiichi
Seiichi Sano	SANO Seiichi
Kyozo Yuasa	YUASA Kyozo
Kentaro Shimizu	SHIMIZU Kentaro
Hisashi Ninoi	NINOI Hisashi
Asaichi Ishii	ISHII Asaichi
Kenzo Nagai	NAGAI Kenzo
Ichiji Sugita	SUGITA Ichiji
Toshinosuke Muto	MUTO Toshinosuke
Rokuro Nagao	NAGAO Rokuro
Tateki Nakamura	NAKAMURA Tateki
Goro Fukuyama	FUKUYAMA Goro
Takehiko Uyeda	UYEDA Takehiko
Kiyoshi Murai	MURAI Kiyoshi
Kango Iguchi	IGUCHI Kango
Tadaie Furuta	FURUTA Tadaie
Sadayoshi Nakayama	NAKAYAMA Sadayoshi
Takeo Kigura	KIGURA Takeo
Jiro Tachibana	TACHIBANA Jiro
Minoru Takeda	TAKEDA Minoru
Shokichi Nogami	NOGAMI Shokichi
Yukio Suetsugu	SUETSUGU Yukio
Tatsuji Ito	ITO Tatsuji
Chuhai Nakayama	NAKAYAMA Chuhai
Mitsuo Ikubo	IKUBO Mitsuo
Shiro Suzuki	SUZUKI Shiro
Yoshio Kobayashi	KOBAYASHI Yoshio
Ryuso Matsuda	MATSUDA Ryuso
Misao Eguchi	EGUCHI Misao
Otsuka	OTSUKA
Shigeyoshi Obata	OBATA Shigeyoshi
Kiyohiko Tsurumi	TSURUMI Kiyohiko
Ryozo Sunobe	SUNOBE Ryozo
Yaroku Katayama	KATAYAMA Yaroku
Taro Tsujiraga	TSUJIRAGA Taro
Kiyoshi Hayakawa	HAYAKAWA Kiyoshi
Toshio Katagiri	KATAGIRI Toshio
Tamon Maeda	MAEDA Tamon
Isao Ashida	ASHIDA Isao
Toshiro Shimanouchi	SHIMANOUCHI Toshiro
Shinzo Kaji	KAJI Shinzo
S. Yamada	YAMADA S.
Shoichiro Koshinari	KOSHINARI Shoichiro
T. Daigo	DAIGO T.
Tadashi Mikami	MIKAMI Tadashi
Hague	
Tsutomu Nishiyama	NISHIYAMA Tsutomu
Jiro Yasuda	YASUDA Jiro
Tsutomu Yoshida	YOSHIDA Tsutomu
Masajiro Araki	ARAKI Masajiro
Kenji Yamamoto	YAMAMOTO Kenji
Sukekuni Soga	SOGA Sukekuni
Yoshimi Yanagi	YANAGI Yoshimi
S. Kuroki Nishizawa	NISHIZAWA S. Kuroki
Kamehameha III	
Kiyoshi Hasegawa	HASEGAWA Kiyoshi
K. K. Kawakami	KAWAKAMI K. K.
Yotaro Sugimura	SUGIMURA Yotaro
Akira Takahashi	TAKAHASHI Akira
Itiro Kumagai	KUMAGAI Itiro
Senryu Maeda	MAEDA Senryu
Arito Yatsugi	YATSUGI Arito
Tokiji Taira	TAIRA Tokiji
Goro Ishimaru	ISHIMARU Goro
Yorichu	
Masayuki Tani	TANI Masayuki
Seishiro Itagaki	ITAGAKI Seishiro
Kakutaro Suzuki	SUZUKI Kakutaro
Renzo Sawada	SAWADA Renzo
Eugene M. Sokobin	
Toshi Go	GO Toshi
Gantenbein	
Shinjiro Yamamoto	YAMAMOTO Shinjiro
Baron Shiba	Baron SHIBA
Nobuyoshi Mutō	MUTŌ Nobuyoshi
Dr. Yamamoto	Dr. YAMAMOTO
Tanaka Giichi	TANAKA Giichi
Yasuo Fuwa	FUWA Yasuo
Takemi Shirakawa	SHIRAKAWA Takemi
Isamu Sato	SATO Isamu
Itaro Ishii	ISHII Itaro
J. T. Hashimoto	HASHIMOTO J. T.
Shigeru Sawada	SAWADA Shigeru
Inazo Nitobe	NITOBE Inazo
Mitsuo Watanabe	WATANABE Mitsuo
Kaoru Yamada	YAMADA Kaoru
Itsuki Takada	TAKADA Itsuki
Yonosuke Hagiwara	HAGIWARA Yonosuke
Juan Sadao Horiuchi	HORIUCHI Juan Sadao
Nagoya Nagamine	NAGAMINE Nagoya
Miyazaki	MIYAZAKI
Kanome Nakayama	NAKAYAMA Kanome
Nakatsuka	NAKATSUKA
Ousa	OUSA
Dennosuke Nakagawa	NAKAGAWA Dennosuke
Kyutaro Tsunekawa	TSUNEKAWA Kyutaro
Ito Ikeda	IKEDA Ito
Tsuki Tsunekawa	TSUNEKAWA Tsuki
Tasu Tsunekawa	TSUNEKAWA Tasu
Isao Takeda	TAKEDA Isao
Takuma Shirakawa	SHIRAKAWA Takuma
Nobuo Ikeda	IKEDA Nobuo
Yoshio Tsukiyama	TSUKIYAMA Yoshio
Itō Hirobumi	ITŌ Hirobumi
Yi Sun-sin	
O So Choon	
TO Paon	
CHUN In Sun	
L. N. Johansen	
Takeshi Watanabe	WATANABE Takeshi
S. Miyakawa	MIYAKAWA S.
Ken'ichiro Mizugaki	MIZUGAKI Ken'ichiro
H. Naganuma	NAGANUMA H.
K. Okami	OKAMI K.
Mitsuhiro Motoyoshi	MOTOYOSHI Mitsuhiro
Penrose	
Michimasa Soejima	SOEJIMA Michimasa
Gengo Hyakutake	HYAKUTAKE Gengo
Hisa Hamei	HAMEI Hisa
Jiro Minami	MINAMI Jiro
Prince Takamatsu	
Kiheiji Onozuka	ONOZUKA Kiheiji
Shigeru Yoshida	YOSHIDA Shigeru
Toichiro Takamatsu	TAKAMATSU Toichiro
Joanson	
Isamu Suzuki	SUZUKI Isamu
Yoshiyuki Akiyama	AKIYAMA Yoshiyuki
Kyōzo Mori	MORI Kyōzo
Toshio Tomomatsu	TOMOMATSU Toshio
Mrs. Toshio Tomomatsu	Mrs. TOMOMATSU Toshio
Tokumaru Nishijima	NISHIJIMA Tokumaru
Seiichi Kita	KITA Seiichi
Shigeto Tsuru	TSURU Shigeto
Makinson	
Mr. Inoue	Mr. INOUE
Kinnosuke Sudo	SUDO Kinnosuke
Lieutenant Haraturi	
Jiuji G. Kasai	KASAI Jiuji G.
Yoshiyasu Kumazawa	KUMAZAWA Yoshiyasu
Takayasu Arima	ARIMA Takayasu
Masasuke Kobayashi	KOBAYASHI Masasuke
Yoshiro Kanamoto	KANAMOTO Yoshiro
Hironishi Yodara	HIRONISHI Yodara
Ryo Ohara	OHARA Ryo
D. F. Giera	
Yasunori Murakami	MURAKAMI Yasunori
Yoshiotone Higashi	HIGASHI Yoshiotone
Yoshio Matsuda	MATSUDA Yoshio
Keinosuke Fujii	FUJII Keinosuke
Hitomi Yamasaki	YAMASAKI Hitomi
Tomokazu Hori	HORI Tomokazu
Kohei Takamura	TAKAMURA Kohei
Toshio Miyazaki	MIYAZAKI Toshio
Tamon Yamaguchi	YAMAGUCHI Tamon
Minoru Nakao	NAKAO Minoru
Zenji Watanabe	WATANABE Zenji
Toichiro Tsuge	TSUGE Toichiro
Juji Nishimura	NISHIMURA Juji
A. C. Teien	
Mr. Kenzie	
Sonoshichi Sueoka	SUEOKA Sonoshichi
H. Naito	NAITO H.
Sehei Ono	ONO Sehei
Jiro Takeda	TAKEDA Jiro
C. T. Takahashi	TAKAHASHI C. T.
Jun Tsuchiya	TSUCHIYA Jun
Shiro Omachi	OMACHI Shiro
Kazuo Yamamoto	YAMAMOTO Kazuo
Tomonori Nakano	NAKANO Tomonori
Shigeo Tajika	TAJIKA Shigeo
Shigeru Okamoto	OKAMOTO Shigeru
Shigeo Okamoto	OKAMOTO Shigeo
Kosaku Mizusawa	MIZUSAWA Kosaku
Mr. Sato	Mr. SATO
Ken Suzuki	SUZUKI Ken
Shigetarō Shimada	SHIMADA Shigetarō
Minoru Izawa	IZAWA Minoru
Fumio Miura	MIURA Fumio
Koyaburo K. T. I.	
Shunichi Yamamoto	YAMAMOTO Shunichi
A. Yamamoto	YAMAMOTO A.
Yoshiaki Nishi	NISHI Yoshiaki
Masayuki Kuroda	KURODA Masayuki
Sotomatsu Kato	KATO Sotomatsu
Itaro Mizuno	MIZUNO Itaro
Katsuo Ono	ONO Katsuo
Hideo Tomimasa	TOMIMASA Hideo
Hisakata Watanabe	WATANABE Hisakata
Katsutaro Takaki	TAKAKI Katsutaro
Yoshihisa Kawaguchi	KAWAGUCHI Yoshihisa
Isaku Takehira	TAKEHIRA Isaku
Yumejiro Murakami	MURAKAMI Yumejiro
Eizo Namekawa	NAMEKAWA Eizo
Tokusai Shimoda	SHIMODA Tokusai
Yutaka Kori	KORI Yutaka
Shizuma Miyakawa	MIYAKAWA Shizuma
Wakamatsu Iwasaki	IWASAKI Wakamatsu
Kojiro Takaki	TAKAKI Kojiro
Inosuke Takaki	TAKAKI Inosuke
Tomokichi Hasegawa	HASEGAWA Tomokichi
Sadakichi Yamashita	YAMASHITA Sadakichi
Raizaburo Hayashi	HAYASHI Raizaburo
Heikichi Ogawa	OGAWA Heikichi
Senya Uchida	UCHIDA Senya
Haruhiko Uemura	UEMURA Haruhiko
Ogawa	OGAWA
Ryozo Nakamura	NAKAMURA Ryozo
Isoroku Yamamoto	YAMAMOTO Isoroku
Kanji Katō	KATŌ Kanji
Prince Hiroyasu Fushimi	Prince FUSHIMI Hiroyasu
Masaharu Hibino	HIBINO Masaharu
Masanori Itō	ITŌ Masanori
Tetsuo Sakano	SAKANO Tetsuo
Soemu Toyoda	TOYODA Soemu
Takahashi	TAKAHASHI
Motoo Furushō	FURUSHŌ Motoo
Tokigorō Ōmi	ŌMI Tokigorō
Akihito	
Kōichi Kido	KIDO Kōichi
Hyōe Ōuchi	ŌUCHI Hyōe
Yuzuru Hiraga	HIRAGA Yuzuru
Eijirō Kawai	KAWAI Eijirō
Seibi Hijikata	HIJIKATA Seibi
Robin B. Pape	
T. Shizukawa	SHIZUKAWA T.
E. Kami	KAMI E.
T. Kanemura	KANEMURA T.
S. Tanabe	TANABE S.
K. Matsuuchi	MATSUUCHI K.
Tatsujiro Kawahara	KAWAHARA Tatsujiro
Sugimoto	SUGIMOTO
Keiji Kitada	KITADA Keiji
Mantaro Asada	ASADA Mantaro
Kanichi Shimamura	SHIMAMURA Kanichi
Shigeichi Ihara	IHARA Shigeichi
Gihei Miyamoto	MIYAMOTO Gihei
Minezo Yajima	YAJIMA Minezo
Tanjiro Takao	TAKAO Tanjiro
Sennosuke Asai	ASAI Sennosuke
Eiji Yanagimoto	YANAGIMOTO Eiji
E. Minamiyama	MINAMIYAMA E.
Minematsu	MINEMATSU
Yabachiro Miyahara	MIYAHARA Yabachiro
Heigoro Mase	MASE Heigoro
Tsunemitsu	TSUNEMITSU
Sekiyama Kawashige	SEKIYAMA Kawashige
Michikado Iwamoto	IWAMOTO Michikado
Kinjiro Sakamoto	SAKAMOTO Kinjiro
Yutaro Minuchi	MINUCHI Yutaro
Masato Shigeta	SHIGETA Masato
Kin Chitsu	
Eguchi	EGUCHI
K. Obata	OBATA K.
T. Hori	HORI T.
Yōtarō Yoshida	YOSHIDA Yōtarō
Eiji Amau	AMAU Eiji
Shoinigi	SHOINIGI
Seigo Funaoka	FUNAOKA Seigo
M. Saurio	
Keena	
Ajioka	AJIOKA
Naruhiko Sata	SATA Naruhiko
Mrs. Isakichi Takeuchi	Mrs. TAKEUCHI Isakichi
Senjūrō Hayashi	HAYASHI Senjūrō
Emperor Shōwa (Hirohito)	
Kumagaya Jiro	KUMAGAYA Jiro
Kohei Iwasawa	IWASAWA Kohei
Masahiro Okiyama	OKIYAMA Masahiro
Ryuju Nishiwaki	NISHIWAKI Ryuju
Y. Sakai	SAKAI Y.
S. Miyake	MIYAKE S.
Hiroshi Minami	MINAMI Hiroshi
K. Iwama	IWAMA K.
Kinmochi Saionji	SAIONJI Kinmochi
Kinoshita	KINOSHITA
Hiroyoshi Hiratsuka	HIRATSUKA Hiroyoshi
Jinzaburō Masaki	MASAKI Jinzaburō
Nobuyuki Abe	ABE Nobuyuki
Hoshio Mitsunaga	MITSUNAGA Hoshio
Yukichi Iwanaga	IWANAGA Yukichi
Tokichi Tanaka	TANAKA Tokichi
Eisuke Fukuda	FUKUDA Eisuke
Keikichi Tanomogi	TANOMOGI Keikichi
Kamisaburo Nakamura	NAKAMURA Kamisaburo
Empress Kōjun	
Nobusuke Kishi	KISHI Nobusuke
A. L. Wirin	
Dean G. Acheson	
Mike Masaoka	MASAOKA Mike
Ko Ishii	ISHII Ko
Toshiye Nishida	NISHIDA Toshiye
Michiko Takigawa	TAKIGAWA Michiko
Naru Yanamoto	YANAMOTO Naru
Toshio Watanabe	WATANABE Toshio
Yutaka Tokuda	TOKUDA Yutaka
Yukio Nakanishi	NAKANISHI Yukio
Katsumi Mayemura	MAYEMURA Katsumi
Minoru Furukawa	FURUKAWA Minoru
M. Kennigan	
Yen Chia-kan	
Okumura	OKUMURA
Mrs. Kitamura	Mrs. KITAMURA
Matajirō Koizumi	KOIZUMI Matajirō
Kajii	KAJII
Inada	INADA
Obata	OBATA
Ishikawa	ISHIKAWA
Sonehara	SONEHARA
Horiuchi	HORIUCHI
G. Uchida	UCHIDA G.
Hori	HORI
Meiji	
Akira Ariyoshi	ARIYOSHI Akira
Nozan Miyoshi	MIYOSHI Nozan
Moichi Nishihara	NISHIHARA Moichi
Sakao Takashi	SAKAO Takashi
Kokichi Hanyu	HANYU Kokichi
Choshin Nakamura	NAKAMURA Choshin
Masao Wada	WADA Masao
Mona Rudao	
Sakuma	SAKUMA
Hitomi	HITOMI
Ishii	ISHII
Morita	MORITA
Ikoma	IKOMA
Hishikari	HISHIKARI
Watanabe	WATANABE
General Sato	General SATO
Shigeru Honjō	HONJŌ Shigeru
Colonel Saito	Colonel SAITO
I. Yamaguchi	YAMAGUCHI I.
Moore	
Keiichi Kawasaki	KAWASAKI Keiichi
Boude C. Moore	
Chikao Fujisawa	FUJISAWA Chikao
Ken Harada	HARADA Ken
Tsuneji Taniguchi	TANIGUCHI Tsuneji
Ginjiro Fujiwara	FUJIWARA Ginjiro
Prince Naruhiko Higashikuni	Prince HIGASHIKUNI Naruhiko
Yakichiro Suma	SUMA Yakichiro
Akira Kodaki	KODAKI Akira
Eaton	
Katsundo Kato	KATO Katsundo
Kajiro Hamaguchi	HAMAGUCHI Kajiro
Bantaro Amano	AMANO Bantaro
Kiyoji Hamaguchi	HAMAGUCHI Kiyoji
Rinosuke Kawauchi	KAWAUCHI Rinosuke
Fudekichi Tanaka	TANAKA Fudekichi
Kataho Nido	
Dr. Kinta Arai	Dr. ARAI Kinta
Robinson	
Minoru Taiji	TAIJI Minoru
Yonosuke Shimizu	SHIMIZU Yonosuke
Kenkichi Takahashi	TAKAHASHI Kenkichi
Tamanosuke Suzuki	SUZUKI Tamanosuke
Dr. K. Tsuru	Dr. TSURU K.
Kikujiro Ishii	ISHII Kikujiro
Tadanori Ishiguro	ISHIGURO Tadanori
Prince Yoshihisa	
Waite	
Shimizu	SHIMIZU
Saisho	SAISHO
Katsuki	KATSUKI
Tomono	TOMONO
Genji Kobayashi	KOBAYASHI Genji
Takeo Kato	KATO Takeo
Chase	
Irene Mann	
Rokuichiro Masujima	MASUJIMA Rokuichiro
Kunio Kishida	KISHIDA Kunio
Tigeron	
Nakaiya	NAKAIYA
Kamakichi Uriu	URIU Kamakichi
Toru Ogino	OGINO Toru
Teiji Yamaryo	YAMARYO Teiji
Tamaki Miwa	MIWA Tamaki
Shunichi Matsumoto	MATSUMOTO Shunichi
Tomohiko Ushiba	USHIBA Tomohiko
Yoshitsugu Tatekawa	TATEKAWA Yoshitsugu
Takagi	TAKAGI
Tsutomu Chiba	CHIBA Tsutomu
Takei	TAKEI
Takaharu Mitsui	MITSUI Takaharu
Isoo Abe	ABE Isoo
Takao Saito	SAITO Takao
Yoshiyuki Tomiishi	TOMIISHI Yoshiyuki
Emoto	EMOTO
Masahiro Ota	OTA Masahiro
Mr. Mana-Outa	
Tatsuma Takata	TAKATA Tatsuma
Kiyoje Shimada	SHIMADA Kiyoje
P. A. Menon	
R. M. Paige	
Y. Hoshino	HOSHINO Y.
Aikichi Tanakadate	TANAKADATE Aikichi
Kunimatsu Hamada	HAMADA Kunimatsu
Junnosuke Inoue	INOUE Junnosuke
Kiyoshi Iwamoto	IWAMOTO Kiyoshi
Hitoshi Shimizu	SHIMIZU Hitoshi
Tadashi Maeda	MAEDA Tadashi
Shigetada Nishijima	NISHIJIMA Shigetada
M. Higashikaze	HIGASHIKAZE M.
Shiroji Yuki	YUKI Shiroji
Kazuo Aoki	AOKI Kazuo
Hidejiro Nagata	NAGATA Hidejiro
Zenjirō Horikiri	HORIKIRI Zenjirō
Seiichi Shimoyama	SHIMOYAMA Seiichi
Yusuke Saito	SAITO Yusuke
Katsushige Kotani	KOTANI Katsushige
Saburo Iwamatsu	IWAMATSU Saburo
Naoyoshi Tsukazaki	TSUKAZAKI Naoyoshi
Shigeru Kuriyama	KURIYAMA Shigeru
Taichiro Hasegawa	HASEGAWA Taichiro
Noboru Inoue	INOUE Noboru
Tadahiko Mibuchi	MIBUCHI Tadahiko
Matsusuke Kawamura	KAWAMURA Matsusuke
Tsuyoshi Mano	MANO Tsuyoshi
Tamotsu Shima	SHIMA Tamotsu
Hachiro Fujita	FUJITA Hachiro
Takejiro Sawada	SAWADA Takejiro
Lt. Owen	
Seihin Ikeda	IKEDA Seihin
Eigo Fukai	FUKAI Eigo
Kojiro Matsukata	MATSUKATA Kojiro
Mrs. O. G. Bauman	
K. T. Chen	
C. K. Chou	
A. S. Gaudine	
Jansen	
Haruji Matsue	MATSUE Haruji
Miyata	MIYATA
A. C. Moore	
Morito Morishima	MORISHIMA Morito
Tatsuo Ono	ONO Tatsuo
Saneyoshi	SANEYOSHI
Michio Kozaki	KOZAKI Michio
Kawai	KAWAI
Toshikazu Kase	KASE Toshikazu
Prince Kan'in Kotohito	Prince KAN'IN Kotohito
Mana Hamon	
Shintaro Motora	MOTORA Shintaro
Kiyoichi Nakajima	NAKAJIMA Kiyoichi
Masasuke Itani	ITANI Masasuke
Torasaburo Yokoyama	YOKOYAMA Torasaburo
Shingo Tsuda	TSUDA Shingo
Kamataro Aoki	AOKI Kamataro
Kyuzo Kawanishi	KAWANISHI Kyuzo
Toshisuke Sugiyama	SUGIYAMA Toshisuke
Yutaka Ono	ONO Yutaka
Fukuo Watanabe	WATANABE Fukuo
Masaichi Akita	AKITA Masaichi
Hikosuke Araki	ARAKI Hikosuke
Kaichi Kawakami	KAWAKAMI Kaichi
Hiroshi Kasuga	KASUGA Hiroshi
Soichiro Ohara	OHARA Soichiro
Ya Aiba	AIBA Ya
Keiichi Takatsu	TAKATSU Keiichi
Takeo Kameyama	KAMEYAMA Takeo
Kimihi Nakajima	NAKAJIMA Kimihi
Yoshio Hatana	HATANA Yoshio
Tasaburo Miyakawa	MIYAKAWA Tasaburo
Akira Maki	MAKI Akira
Toshisaburo Masumoto	MASUMOTO Toshisaburo
Jiro Kanamori	KANAMORI Jiro
Shizuo Tada	TADA Shizuo
Rokuemon Sugiura	SUGIURA Rokuemon
Shigezo Takao	TAKAO Shigezo
Matsuhiko Tanaka	TANAKA Matsuhiko
Tsuyoshi Majii	MAJII Tsuyoshi
Shinji Nakajima	NAKAJIMA Shinji
Toshio Iue	IUE Toshio
Genzo Shimazu	SHIMAZU Genzo
Bunkichi Koyama	KOYAMA Bunkichi
Manjiro Yoshimura	YOSHIMURA Manjiro
Hitoshi Mukoyama	MUKOYAMA Hitoshi
Ichiro Shimamura	SHIMAMURA Ichiro
Kisaburo Naito	NAITO Kisaburo
Makoto Matsui	MATSUI Makoto
Shotaro Ikegai	IKEGAI Shotaro
Soji Yamamoto	YAMAMOTO Soji
Kametaro Fujishima	FUJISHIMA Kametaro
Tokujiri Kubota	KUBOTA Tokujiri
Eiichi Okuma	OKUMA Eiichi
Machiro Asano	ASANO Machiro
Tatsuhiko Miki	MIKI Tatsuhiko
Yoshio Tominaga	TOMINAGA Yoshio
Yutaro Tachibana	TACHIBANA Yutaro
Teikichi Hori	HORI Teikichi
Toyosaku Kawanami	KAWANAMI Toyosaku
Nobuta Nishimoto	NISHIMOTO Nobuta
Etsuji Nakayama	NAKAYAMA Etsuji
Shotaro Inouye	INOUYE Shotaro
Kaname Suyekane	SUYEKANE Kaname
Satoru Mori	MORI Satoru
Kayemon Tamiya	TAMIYA Kayemon
Namihei Odaira	ODAIRA Namihei
Masando Sugi	SUGI Masando
Yoshio Shimoide	SHIMOIDE Yoshio
Saburo Nakajima	NAKAJIMA Saburo
Yonetaro Ishiwara	ISHIWARA Yonetaro
Michikata Nakamura	NAKAMURA Michikata
Suyekichi Nakagawa	NAKAGAWA Suyekichi
Teiji Owada	OWADA Teiji
Chuji Suzuki	SUZUKI Chuji
Ichiro Yoshida	YOSHIDA Ichiro
Sadakichi Yoshida	YOSHIDA Sadakichi
Aiichiro Fujiyama	FUJIYAMA Aiichiro
Takegoro Saito	SAITO Takegoro
Saburosuke Suzuki	SUZUKI Saburosuke
Hachiro Asano	ASANO Hachiro
Kan Yamamoto	YAMAMOTO Kan
Mikine Kuwabara	KUWABARA Mikine
Ryojo Fujiwara	FUJIWARA Ryojo
Junzo Hosaka	HOSAKA Junzo
Yoichi Ideo	IDEO Yoichi
Kosuke Saito	SAITO Kosuke
Tatsuo Furuichi	FURUICHI Tatsuo
Masaji Hibino	HIBINO Masaji
Kamekichi Honma	HONMA Kamekichi
Tadayoshi Fukuma	FUKUMA Tadayoshi
Nensuke Takeo	TAKEO Nensuke
Aishichi Ouchi	OUCHI Aishichi
Jujiro Matsuda	MATSUDA Jujiro
Takenosuke Tateno	TATENO Takenosuke
Taisuke Tsugami	TSUGAMI Taisuke
Toshio Yasumatsu	YASUMATSU Toshio
Noboru Niwa	NIWA Noboru
Sadatoshi Betsumiya	BETSUMIYA Sadatoshi
Toyoji Tsumori	TSUMORI Toyoji
Komaji Miyazaki	MIYAZAKI Komaji
Toshiji Kii	KII Toshiji
Ryoichi Ozeki	OZEKI Ryoichi
Chikara Nakamura	NAKAMURA Chikara
Junichi Akiyama	AKIYAMA Junichi
Gonshiro Kubota	KUBOTA Gonshiro
Genshichi Asahara	ASAHARA Genshichi
Kiichiro Toyota	TOYOTA Kiichiro
Kei Hayashi	HAYASHI Kei
Kaiichi Kumagai	KUMAGAI Kaiichi
Wasaku Sobara	SOBARA Wasaku
Naosaburo Enami	ENAMI Naosaburo
Akichika Mori	MORI Akichika
Kamesaburo Ikeda	IKEDA Kamesaburo
Haruichi Ito	ITO Haruichi
Yasasaburo Hara	HARA Yasasaburo
Ishi Murayama	MURAYAMA Ishi
Michiyo Suzuki	SUZUKI Michiyo
Kiichiro Noguchi	NOGUCHI Kiichiro
Mataichiro Yoshimura	YOSHIMURA Mataichiro
Tomiro Nagase	NAGASE Tomiro
Fusazo Obura	OBURA Fusazo
Masakichi Mizuta	MIZUTA Masakichi
Sumi Hirai	HIRAI Sumi
Enpei Nakahara	NAKAHARA Enpei
Eizo Nagasaki	NAGASAKI Eizo
Kihachiro Yamashita	YAMASHITA Kihachiro
Takatake Mitsui	MITSUI Takatake
Taiji Abe	ABE Taiji
Akira Tawarada	TAWARADA Akira
Ko Miyado	MIYADO Ko
Sutezo Iwatate	IWATATE Sutezo
Yonosuke Itani	ITANI Yonosuke
Kunihiko Goto	GOTO Kunihiko
Hidekichi Koizumi	KOIZUMI Hidekichi
Akira Yamazaki	YAMAZAKI Akira
Genkichi Shimazu	SHIMAZU Genkichi
Kawanishi	KAWANISHI
Jose Moso	
Hiratsuka	HIRATSUKA
Heisuke Yanagawa	YANAGAWA Heisuke
Koshimura	KOSHIMURA
Nishiyama	NISHIYAMA
Kijuro Shidehara	SHIDEHARA Kijuro
Reijiro Wakatsuki	WAKATSUKI Reijiro
Makoto Saito	SAITO Makoto
Keisuke Okada	OKADA Keisuke
Senjuro Hayashi	HAYASHI Senjuro
Kiichiro Hiranuma	HIRANUMA Kiichiro
Tomeo Sagoya	SAGOYA Tomeo
Hachiro Arita	ARITA Hachiro
Mamoru Shigemitsu	SHIGEMITSU Mamoru
Nobuaki Makino	MAKINO Nobuaki
Kurahei Yuasa	YUASA Kurahei
Tsuneo Matsudaira	MATSUDAIRA Tsuneo
Ryuichi Kuki	KUKI Ryuichi
Sadanobu Fujii	FUJII Sadanobu
Toyotaro Yuki	YUKI Toyotaro
Kotaro Nakamura	NAKAMURA Kotaro
Yoshiyuki Kawashima	KAWASHIMA Yoshiyuki
Jinzaburo Mazaki	MAZAKI Jinzaburo
Mineo Osumi	OSUMI Mineo
Osami Nagano	NAGANO Osami
Fumio Goto	GOTO Fumio
Tokugoro Nakahashi	NAKAHASHI Tokugoro
Kakichi Kawarada	KAWARADA Kakichi
Shigenosuke Ushio	USHIO Shigenosuke
Raisaburo Hayashi	HAYASHI Raisaburo
Kumakichi Nakajima	NAKAJIMA Kumakichi
Joji Matsumoto	MATSUMOTO Joji
Shinji Yoshino	YOSHINO Shinji
Ichiro Hatoyama	HATOYAMA Ichiro
Tatsunosuke Yamazaki	YAMAZAKI Tatsunosuke
Shinya Uchida	UCHIDA Shinya
Harumichi Tanabe	TANABE Harumichi
Hideo Kodama	KODAMA Hideo
Kosai Uchida	UCHIDA Kosai
Y. Yano	YANO Y.
Shigeo Yamanouchi	YAMANOUCHI Shigeo
Haraguchi	HARAGUCHI
Yuni	
Tasuku Egi	EGI Tasuku
Kenkichi Yoshizawa	YOSHIZAWA Kenkichi
Nobuyoshi Muto	MUTO Nobuyoshi
Yukio Ozaki	OZAKI Yukio
Yoshiko Matsudaira	MATSUDAIRA Yoshiko
Kimi Ashino	ASHINO Kimi
Yoshiko Uto	UTO Yoshiko
Sumiko Tokuda	TOKUDA Sumiko
Mrs. Yoshiko Matsudaira	Mrs. MATSUDAIRA Yoshiko
Hidesaburō Yokoyama	YOKOYAMA Hidesaburō
Hiroyo Debuchi	DEBUCHI Hiroyo
Nozomu Nakagawa	NAKAGAWA Nozomu
Ikunoshin Kadono	KADONO Ikunoshin
Kyoichi Suzuki	SUZUKI Kyoichi
Ryokichi Sagane	SAGANE Ryokichi
Iwao Yokota	YOKOTA Iwao
Daisuke Kanemoto	KANEMOTO Daisuke
Shigeru Fujii	FUJII Shigeru
Harukazu Yabuuchi	YABUUCHI Harukazu
Kodo Takamune	TAKAMUNE Kodo
Shinjiro Akimoto	AKIMOTO Shinjiro
Hisae Okabayashi	OKABAYASHI Hisae
Takashi Takei	TAKEI Takashi
Katsuji Tanaka	TANAKA Katsuji
Hiromitsu Yanagihara	YANAGIHARA Hiromitsu
Takehiko Iwasaki	IWASAKI Takehiko
Gonta Ueno	UENO Gonta
Utaro Koto	KOTO Utaro
Yuji Nishimura	NISHIMURA Yuji
Shoichi Date	DATE Shoichi
Teruo Shimojo	SHIMOJO Teruo
Tomojiro Imai	IMAI Tomojiro
Kazuji Sawada	SAWADA Kazuji
Yoshiki Furukawa	FURUKAWA Yoshiki
Mon-Ichiro Shimosato	SHIMOSATO Mon-Ichiro
Kozo Takahashi	TAKAHASHI Kozo
Ichiju Furusato	FURUSATO Ichiju
Takeichi Yonehana	YONEHANA Takeichi
Kiyoshi Nada	NADA Kiyoshi
Misao Wada	WADA Misao
Takuji Katahira	KATAHIRA Takuji
Kozo Taniguchi	TANIGUCHI Kozo
Hiroshi Matsuda	MATSUDA Hiroshi
Kenjiro Nishimura	NISHIMURA Kenjiro
Yasumitsu Okazaki	OKAZAKI Yasumitsu
Fuwazo Tanaka	TANAKA Fuwazo
Tsutou Tagane	TAGANE Tsutou
Tatsuichi Nakai	NAKAI Tatsuichi
Todomu Nakamura	NAKAMURA Todomu
Shoko Enokawa	ENOKAWA Shoko
Shikimura	SHIKIMURA
Tatsuo Shiraki	SHIRAKI Tatsuo
Tadashi Shiraki	SHIRAKI Tadashi
Kiyomi Watanabe	WATANABE Kiyomi
Toshiyuki Nori	NORI Toshiyuki
Minoru Yagami	YAGAMI Minoru
Yasumichi Tasaka	TASAKA Yasumichi
Masao Ogawa	OGAWA Masao
Yoshio Yato	YATO Yoshio
Sakae Yagi	YAGI Sakae
Shinichiro Kasugai	KASUGAI Shinichiro
Shuzo Takeda	TAKEDA Shuzo
Tatsuto Toki	TOKI Tatsuto
Hidetoshi Isobe	ISOBE Hidetoshi
Kazuo Tanaka	TANAKA Kazuo
Takeo Watanabe	WATANABE Takeo
Ko Nagasawa	NAGASAWA Ko
Takeo Ito	ITO Takeo
Juzo Otsuka	OTSUKA Juzo
Kitaro Matsumoto	MATSUMOTO Kitaro
Masahide Iwasaki	IWASAKI Masahide
Shigeru Nagashima	NAGASHIMA Shigeru
Chuichi Ito	ITO Chuichi
Eisaku Kiso	KISO Eisaku
Samei Chu	
Iwao Yamawaki	YAMAWAKI Iwao
Keinosuke Yamahata	YAMAHATA Keinosuke
Nagao Sakurai	SAKURAI Nagao
Umeji Kitagawa	KITAGAWA Umeji
Keiji Sawada	SAWADA Keiji
Harukage Ukawa	UKAWA Harukage
Yoshiyuki Inoue	INOUE Yoshiyuki
Hiroshi Shiga	SHIGA Hiroshi
Teruo Mori	MORI Teruo
Yoshio Miura	MIURA Yoshio
Mitsuo Okubo	OKUBO Mitsuo
Takeo Honfuchi	HONFUCHI Takeo
Takeo Kimura	KIMURA Takeo
Tadashi Nakayama	NAKAYAMA Tadashi
Yoshio Makino	MAKINO Yoshio
Ichiro Kaifu	KAIFU Ichiro
Toshio Murata	MURATA Toshio
Katsumi Watari	WATARI Katsumi
Koichi Tennichi	TENNICHI Koichi
Kichizo Higuchi	HIGUCHI Kichizo
Fumio Kusumi	KUSUMI Fumio
Katsuo Kabe	KABE Katsuo
Kanegoro Koike	KOIKE Kanegoro
Myoichi Shiraishi	SHIRAISHI Myoichi
Yoshino Hoshi	HOSHI Yoshino
Shukei Katsuro	KATSURO Shukei
Moromishato	MOROMISHATO
Sentei Yagi	YAGI Sentei
Uyena	UYENA
Nishizawa	NISHIZAWA
Mr. Amari	Mr. AMARI
Mr. Yasuhaga	Mr. YASUHAGA
H. Sato	SATO H.
Katsuki Semi Sima	
Yamahi	YAMAHI
Kōjun	
Masahito (Prince Hitachi)	
Yasuhito (Prince Chichibu)	
Setsuko (Princess Chichibu)	
Takahito (Prince Mikasa)	
Yuriko Takagi (Princess Mikasa)	
Masajiro Takigawa	TAKIGAWA Masajiro
Sakae Shikata	SHIKATA Sakae
Shigeki Sakimura	SAKIMURA Shigeki
Mrs. Furukawa	Mrs. FURUKAWA
Akira Toki	TOKI Akira
Shigeo Ito	ITO Shigeo
Gano Dunn	
Masao Tsuda	TSUDA Masao
Iwashita	IWASHITA
Yamauchi	YAMAUCHI
U. Amoshida	AMOSHIDA U.
Mr. Yanka	
Kōichi Shiozawa	SHIOZAWA Kōichi
Moichi Mishihari	MISHIHARI Moichi
Kokichi Hekya	HEKYA Kokichi
Kyutaro Furuguri	FURUGURI Kyutaro
S. A. Diana	
Chiba	CHIBA
R. Moran	
Michizo Kishi	KISHI Michizo
Yoshihito	
General Hiroshi Oshima	General OSHIMA Hiroshi
General Hideki Tojo	General TOJO Hideki
Admiral Kojima	Admiral KOJIMA
Shun'ichi Kawahara	KAWAHARA Shun'ichi
Uchida	UCHIDA
Sakai	SAKAI
Nakanishi	NAKANISHI
Toja	
Eizō Ishizuka	ISHIZUKA Eizō
Jirō Hitomi	HITOMI Jirō
T. Ishii	ISHII T.
K. Mizukoshi	MIZUKOSHI K.
Masahiro Ōta	ŌTA Masahiro
Morio Takahashi	TAKAHASHI Morio
Kenzo Nakagawa	NAKAGAWA Kenzo
Mr. Yamamoto	Mr. YAMAMOTO
Mrs. Nakagawa	Mrs. NAKAGAWA
Mitsugi Sengoku	SENGOKU Mitsugi
R. W. Rowen	
Nobu Shirase	SHIRASE Nobu
Kanichiro Tashiro	TASHIRO Kanichiro
Katsunari Hirose	HIROSE Katsunari
Jiro Tamon	TAMON Jiro
Yoda	YODA
Kohei Kashii	KASHII Kohei
Rokuro Amano	AMANO Rokuro
Ichiro Yokoyama	YOKOYAMA Ichiro
Yuzuru Sanematsu	SANEMATSU Yuzuru
Kazuo Kobayashi	KOBAYASHI Kazuo
Masao Fukamichi	FUKAMICHI Masao
Jiuji Kasai	KASAI Jiuji
Takeshi Hara	HARA Takeshi
Takeo Michikawa	MICHIKAWA Takeo
Itaru Amari	AMARI Itaru
Kiyoshi Sakuma	SAKUMA Kiyoshi
Yoshio Ishii	ISHII Yoshio
Matsujiro Ichimaru	ICHIMARU Matsujiro
Hidenari Terasaki	TERASAKI Hidenari
Hokuro Shinohara	SHINOHARA Hokuro
Taniguchi	TANIGUCHI
Hara	HARA
Tatsuo Tsuda	TSUDA Tatsuo
Rensero	
Goro Miyasaki	MIYASAKI Goro
Foote	
Kinjiro Watanabe	WATANABE Kinjiro
Jinzo Nakagawa	NAKAGAWA Jinzo
D. S. Senanayake	
Y. Ishizawa	ISHIZAWA Y.
G. Momose	MOMOSE G.
Yasuji Okamura	OKAMURA Yasuji
Nagako	
Katsutoshi Tsunemitsu	TSUNEMITSU Katsutoshi
Michikado Isamoto	ISAMOTO Michikado
Hachi Shinto	SHINTO Hachi
Masato Shinto	SHINTO Masato
Yutaro Higuchi	HIGUCHI Yutaro
Shiko Kusama	KUSAMA Shiko
Iitada	
Kiyoshi Inamura	INAMURA Kiyoshi
Masuichi Yuoka	YUOKA Masuichi
Uichi Nakabayashi	NAKABAYASHI Uichi
Yoshio Fujioka	FUJIOKA Yoshio
Kozo Inada	INADA Kozo
Enji Fujita	FUJITA Enji
Koshiro Nakamura	NAKAMURA Koshiro
Gentaro Nagai	NAGAI Gentaro
Tokuichi Sakamoto	SAKAMOTO Tokuichi
Tsunekichi Fukui	FUKUI Tsunekichi
Teru Okamoto	OKAMOTO Teru
Kotaro Hashimoto	HASHIMOTO Kotaro
Shen	
Ginzo Mitani	MITANI Ginzo
Inagaki	INAGAKI
Morikatsu Tsubaki	TSUBAKI Morikatsu
Tsuneji Arai	ARAI Tsuneji
Ken Kameyama	KAMEYAMA Ken
Toshiyoshi Nagai	NAGAI Toshiyoshi
Tatsuo Yamada	YAMADA Tatsuo
So Kisei	
Kyo Kenki	
Tei Yutoku	
Tanizo Iida	IIDA Tanizo
Yujiro Iwata	IWATA Yujiro
Ren Kyoretsu	
M. Yuki	YUKI M.
Toshiteru Nonaka	NONAKA Toshiteru
Mitsuji Saito	SAITO Mitsuji
Seiichi Amasaka	AMASAKA Seiichi
Shinji Taniguchi	TANIGUCHI Shinji
Masayuki Yokoyama	YOKOYAMA Masayuki
Hayao Tada	TADA Hayao
Hugo Neu	
C. B. Duke	
Shin-ichi Chiba	CHIBA Shin-ichi
Mrs. Chiba	Mrs. CHIBA
Masutaro Inoue	INOUE Masutaro
Mrs. Inoue	Mrs. INOUE
Keizo Sakurai	SAKURAI Keizo
Lt. Colonel Jeun	
Toshio Yoshioka	YOSHIOKA Toshio
Mrs. Yoshioka	Mrs. YOSHIOKA
Hisao Yoshioka	YOSHIOKA Hisao
Takeo Ueno	UENO Takeo
Mrs. Ueno	Mrs. UENO
Tadashi Imase	IMASE Tadashi
Akira Tsujino	TSUJINO Akira
Haruo Oikawa	OIKAWA Haruo
Yukitaka Ibuki	IBUKI Yukitaka
Mie Inoue	INOUE Mie
Kenji Kanno	KANNO Kenji
Shojiro Kikuchi	KIKUCHI Shojiro
Dr. Kimura	Dr. KIMURA
Yoshinori Maruno	MARUNO Yoshinori
Kanji Nakaye	NAKAYE Kanji
Dr. Soichi Noguchi	Dr. NOGUCHI Soichi
Seichiro Ono	ONO Seichiro
Jugo Saita	SAITA Jugo
Jungo Sakura	SAKURA Jungo
Shiohama	SHIOHAMA
Kazuo Suzuki	SUZUKI Kazuo
Takikoho	
Uchiyama	UCHIYAMA
Masao Urushino	URUSHINO Masao
Nobuhiko Ushina	USHINA Nobuhiko
Sumako Yoshioka	YOSHIOKA Sumako
Yoshitaro Yoshizaki	YOSHIZAKI Yoshitaro
Dr. Kiyoshi Kidosaki	Dr. KIDOSAKI Kiyoshi
Chu Chi-min	
Sean Nunan	
M. Mori	MORI M.
Y. Goto	GOTO Y.
G. Ueda	UEDA G.
T. Mizuno	MIZUNO T.
Tekama	
Yasumiko Niimura	NIIMURA Yasumiko
Tsuji	TSUJI
Takaichi Shintaku	SHINTAKU Takaichi
Ryuichi Shintaku	SHINTAKU Ryuichi
Shinya	
Tokujiro Furuta	FURUTA Tokujiro
Yuzo Takeshima	TAKESHIMA Yuzo
Katsube	KATSUBE
Suganami	SUGANAMI
Hiro Shisichi	
Hirojo Takahashi	TAKAHASHI Hirojo
Yoichi Yotaha	YOTAHA Yoichi
Captain Munn	
I. M. Paige	
Shuji Izawa	IZAWA Shuji
Hidemaro Konoe	KONOE Hidemaro
Yoshio Fujiwara	FUJIWARA Yoshio
Miho Nagato	NAGATO Miho
Hitoshi Ashida	ASHIDA Hitoshi
Baron Kiichirō Hiranuma	Baron HIRANUMA Kiichirō
General Nobuyuki Abe	General ABE Nobuyuki
Hachirō Arita	ARITA Hachirō
Zengo Yoshida	YOSHIDA Zengo
Naoshi Ohara	OHARA Naoshi
Tsuneo Kanamitsu	KANAMITSU Tsuneo
Ryūsaku Endō	ENDŌ Ryūsaku
Count Nobuaki Makino	Count MAKINO Nobuaki
Count Aisuke Kabayama	Count KABAYAMA Aisuke
Ozawa	OZAWA
Gouhan	
Shigeo Odate	ODATE Shigeo
Sotaro Ishiwata	ISHIWATA Sotaro
Yonezo Maeda	MAEDA Yonezo
Toshio Shimada	SHIMADA Toshio
Hiromasa Matsuzaka	MATSUZAKA Hiromasa
Harushige Ninomiya	NINOMIYA Harushige
Hisatada Hirose	HIROSE Hisatada
Chuji Machida	MACHIDA Chuji
Taketora Ogata	OGATA Taketora
Kazuo Kawai	KAWAI Kazuo
Yoshisuke Tazawa	TAZAWA Yoshisuke
Yoshijirō Umezu	UMEZU Yoshijirō
Hiroju Takahashi	TAKAHASHI Hiroju
Namagati	
Minoda	MINODA
Motoichi Kurikawa	KURIKAWA Motoichi
Hirayama	HIRAYAMA
Rinzo Kaneko	KANEKO Rinzo
Eitaro Fujioka	FUJIOKA Eitaro
Atsunari Uchida	UCHIDA Atsunari
Kunryo Obata	OBATA Kunryo
Y. Hanawa	HANAWA Y.
Kumaichi Yamamoto	YAMAMOTO Kumaichi
Shinichi Uyemura	UYEMURA Shinichi
Yutaka Tsuchida	TSUCHIDA Yutaka
Toyosaburo Nakamura	NAKAMURA Toyosaburo
Tateki Horiuchi	HORIUCHI Tateki
Otoji Saito	SAITO Otoji
Kazuji Kameyama	KAMEYAMA Kazuji
Kuramatsu Murai	MURAI Kuramatsu
Tetsuichiro Miyake	MIYAKE Tetsuichiro
Goro Morishima	MORISHIMA Goro
Tokuji Amagi	AMAGI Tokuji
Hirobumi Terashima	TERASHIMA Hirobumi
Yasuto Shudo	SHUDO Yasuto
Katsuo Yokoi	YOKOI Katsuo
Shinichi Takase	TAKASE Shinichi
Jun Matsumiya	MATSUMIYA Jun
Yasushi Ishii	ISHII Yasushi
Tokinosuke Takeuchi	TAKEUCHI Tokinosuke
Makoto Yano	YANO Makoto
Atsushi Kimura	KIMURA Atsushi
Takeshi Yanagisawa	YANAGISAWA Takeshi
Haruhiko Nishi	NISHI Haruhiko
Sho Kurihara	KURIHARA Sho
Tadashi Sakaya	SAKAYA Tadashi
Tadatsugu Suzuki	SUZUKI Tadatsugu
Howa	
Matsuda	MATSUDA
Noboru Fukuchi	FUKUCHI Noboru
Atan Nakagawa	NAKAGAWA Atan
Takashi Naka	NAKA Takashi
Kozo Murasi	MURASI Kozo
Tukuitiro Oroui	OROUI Tukuitiro
Kiyoshi Kidosaki	KIDOSAKI Kiyoshi
C. W. Bann	
Yoshimichi Hara	HARA Yoshimichi
Kenkichi Ueda	UEDA Kenkichi
Chasai	
Rokuzō Takebe	TAKEBE Rokuzō
Yuan Chen-tse	
Maki	MAKI
Matsuzo Nagai	NAGAI Matsuzo
Masaichi Niimi	NIIMI Masaichi
Shusui Kotoku	KOTOKU Shusui
Tatsuji Fuse	FUSE Tatsuji
Sen Katayama	KATAYAMA Sen
Tadao Niimura	NIIMURA Tadao
Seinosuke Oishi	OISHI Seinosuke
Sugako Kanno	KANNO Sugako
Sai Taketomi	TAKETOMI Sai
Matsutaro Itakura	ITAKURA Matsutaro
Shiro Isobe	ISOBE Shiro
Shu Hiraide	HIRAIDE Shu
Ogai Mori	MORI Ogai
Senshi Kawashima	KAWASHIMA Senshi
Shotaro Miyake	MIYAKE Shotaro
Michiyo Iwamura	IWAMURA Michiyo
Kumao Nishimura	NISHIMURA Kumao
Toru Hagiwara	HAGIWARA Toru
Shigeru Yosano	YOSANO Shigeru
Akira Kotaki	KOTAKI Akira
Hideo Ito	ITO Hideo
Taro Matsu Kanda	KANDA Taro Matsu
Okinobu Kaya	KAYA Okinobu
Yutaka Oka	OKA Yutaka
H. Y. Kato	KATO H. Y.
Petion	
Toshiyuki Ito	ITO Toshiyuki
Eugene N. Sokobin	
S. Akatsuka	AKATSUKA S.
Kuninosuke Matsuo	MATSUO Kuninosuke
Hiroshi Oshima	OSHIMA Hiroshi
Yoshio Nishimura	NISHIMURA Yoshio
Kokubo	KOKUBO
Toyoo Seki	SEKI Toyoo
C. Bowie	
Mane	
Chuichi Ohashi	OHASHI Chuichi
Koshiro Oikawa	OIKAWA Koshiro
Gotaro Ogawa	OGAWA Gotaro
Tsuneo Kanemitsu	KANEMITSU Tsuneo
Takio Izawa	IZAWA Takio
Teiichi Suzuki	SUZUKI Teiichi
Masatsune Ogura	OGURA Masatsune
Tadaatsu Ishiguro	ISHIGURO Tadaatsu
Hiroya Ino	INO Hiroya
Kumataro Honda	HONDA Kumataro
Shigetaro Shimada	SHIMADA Shigetaro
Kunihiko Hashida	HASHIDA Kunihiko
Shinsuke Kishi	KISHI Shinsuke
Ken Terashima	TERASHIMA Ken
Chikahiko Koizumi	KOIZUMI Chikahiko
Eiichi Moriyama	MORIYAMA Eiichi
Baron Yasushi Hayashi	Baron HAYASHI Yasushi
Tatsuo Horinouchi	HORINOUCHI Tatsuo
Saburō Kurusu	KURUSU Saburō
Mr. Chase	
Hashimoto	HASHIMOTO
Chuzo Iwata	IWATA Chuzo
Keizo Shibusawa	SHIBUSAWA Keizo
Takeo Tanaka	TANAKA Takeo
Yoshishige Murakami	MURAKAMI Yoshishige
Tsuneo Yonaiyama	YONAIYAMA Tsuneo
Tamon Mayoda	MAYODA Tamon
Nagao Ariga	ARIGA Nagao
Shoraku Maki	MAKI Shoraku
Takeshi Kato	KATO Takeshi
T. Obata	OBATA T.
Shigeru Komatsu	KOMATSU Shigeru
Junichi Nakamura	NAKAMURA Junichi
Mr. Nishizawa	Mr. NISHIZAWA
Hiroshi Mito	MITO Hiroshi
Toshio Kumaki	KUMAKI Toshio
Yayeko Sennichi	SENNICHI Yayeko
Kyuji Hozaki	HOZAKI Kyuji
Hisakazu Hozaki	HOZAKI Hisakazu
Haru Ito	ITO Haru
Katsuma Mukaeda	MUKAEDA Katsuma
Eitoro Yosioka	YOSIOKA Eitoro
Utida	UTIDA
Keneko	KENEKO
Kintomo Mushakoji	MUSHAKOJI Kintomo
Raishirō Sumita	SUMITA Raishirō
Takuma Nishimura	NISHIMURA Takuma
Yamate	YAMATE
Chante	
Hikosaburō Hata	HATA Hikosaburō
R. L. Beakin	
Yuitsu Tsuchihashi	TSUCHIHASHI Yuitsu
Kenkichi Fujiyama	FUJIYAMA Kenkichi
Kiyokane Kohama	KOHAMA Kiyokane
Akira Masami Uesugi	UESUGI Akira Masami
Mrs. Shigeo Ito	Mrs. ITO Shigeo
Takami	TAKAMI
Sekina	SEKINA
Katayama	KATAYAMA
Yamasaki	YAMASAKI
Ishima	ISHIMA
Konoshi	KONOSHI
Kosaku Kasashima	KASASHIMA Kosaku
T. Kiba	KIBA T.
Shohan	
Ben M. Page	
Kaoru Kasuga	KASUGA Kaoru
Chikamatsu Oshima	OSHIMA Chikamatsu
Sadamu Saito	SAITO Sadamu
Yasuji Matsunaga	MATSUNAGA Yasuji
Toshio Sakaguchi	SAKAGUCHI Toshio
Genzo Yoshioka	YOSHIOKA Genzo
Chikayoshi Matsumoto	MATSUMOTO Chikayoshi
Kiyoiji Wada	WADA Kiyoiji
Masumi Kitano	KITANO Masumi
Shigeo Furuichi	FURUICHI Shigeo
Tomoyoshi Koike	KOIKE Tomoyoshi
Toshio Murayama	MURAYAMA Toshio
Iwao Suzuki	SUZUKI Iwao
Junichi Sado	SADO Junichi
Sakuro Kawachi	KAWACHI Sakuro
Masaji Inoue	INOUE Masaji
Seikichi Sugimoto	SUGIMOTO Seikichi
Kiyohiko Niino	NIINO Kiyohiko
Kenkichi Ushimaru	USHIMARU Kenkichi
Kinji Suzuki	SUZUKI Kinji
Kenkichi Sato	SATO Kenkichi
Mineo Yagi	YAGI Mineo
Yoshio Harano	HARANO Yoshio
Gishi Yamabuki	YAMABUKI Gishi
Tokitoshi Shimomura	SHIMOMURA Tokitoshi
Tadao Hirai	HIRAI Tadao
Katsuyiu Konishide	KONISHIDE Katsuyiu
Tomoji Nakamura	NAKAMURA Tomoji
Mitsuo Hirose	HIROSE Mitsuo
Kirouki Katano	KATANO Kirouki
Kenson Kodera	KODERA Kenson
Nozemu Yamamoto	YAMAMOTO Nozemu
Osaku Nakajima	NAKAJIMA Osaku
Teruyuki Sakuma	SAKUMA Teruyuki
Katsuji Yukino	YUKINO Katsuji
Sachio Onodera	ONODERA Sachio
Tomoji Yoshida	YOSHIDA Tomoji
Takeshi Okada	OKADA Takeshi
Sadao Murakami	MURAKAMI Sadao
Sumi Ota	OTA Sumi
Torao Kakinuki	KAKINUKI Torao
Shigenari Morioku	MORIOKU Shigenari
Yorio Noguchi	NOGUCHI Yorio
Seizo Nakada	NAKADA Seizo
Shigeo Takada	TAKADA Shigeo
Keigo Asai	ASAI Keigo
Shigeru Fujiwara	FUJIWARA Shigeru
Masaichi Izumi	IZUMI Masaichi
Tetsuo Okada	OKADA Tetsuo
Sadao Negishi	NEGISHI Sadao
Masaru Fujiwara	FUJIWARA Masaru
Mitsuhiro Sakamoto	SAKAMOTO Mitsuhiro
Fumio Fujita	FUJITA Fumio
Satoru Tsumagami	TSUMAGAMI Satoru
Giichiro Abe	ABE Giichiro
Zenichi Tonomura	TONOMURA Zenichi
Shozo Kagawa	KAGAWA Shozo
Masaji Ozono	OZONO Masaji
Tsuto Takagi	TAKAGI Tsuto
Isamu Fujitani	FUJITANI Isamu
Yoshizumi Matsuya	MATSUYA Yoshizumi
Takayoshi Hashimoto	HASHIMOTO Takayoshi
Kikuo Chimo	CHIMO Kikuo
Kinichi Ugai	UGAI Kinichi
Saburo Miyamoto	MIYAMOTO Saburo
Takeji Omori	OMORI Takeji
Misao Ueno	UENO Misao
Kunio Nishibe	NISHIBE Kunio
Kazuo Tabuki	TABUKI Kazuo
Terumi Tokuyasu	TOKUYASU Terumi
Yasuji Watanabe	WATANABE Yasuji
Nobuo Mochida	MOCHIDA Nobuo
Sadayoshi Kobayashi	KOBAYASHI Sadayoshi
Hisao Irie	IRIE Hisao
Torayuki Tominaga	TOMINAGA Torayuki
Yoshiyuki Aritsu	ARITSU Yoshiyuki
Keicho Takahashi	TAKAHASHI Keicho
Kunio Nakahara	NAKAHARA Kunio
Toshimasa Hasegawa	HASEGAWA Toshimasa
Tameichi Dento	DENTO Tameichi
Fumio Tamai	TAMAI Fumio
Yonesaku Takada	TAKADA Yonesaku
Tetsuji Nagai	NAGAI Tetsuji
Kusuji Matsui	MATSUI Kusuji
Masaichi Fujii	FUJII Masaichi
Minosuke Tsunoda	TSUNODA Minosuke
Shigeto Miyazawa	MIYAZAWA Shigeto
Eikichi Hirosa	HIROSA Eikichi
Eiichi Mizukami	MIZUKAMI Eiichi
Gori Aso	ASO Gori
Shigeru Kobayashi	KOBAYASHI Shigeru
Masao Sato	SATO Masao
Chisaji Homizumi	HOMIZUMI Chisaji
Reijiro Muranaka	MURANAKA Reijiro
Shichio Tazawa	TAZAWA Shichio
Yoshindo Karita	KARITA Yoshindo
Kunio Minzaki	MINZAKI Kunio
Tomojiro Fumato	FUMATO Tomojiro
Mitsuo Ito	ITO Mitsuo
Tetsuo Kanai	KANAI Tetsuo
Tamizo Kumagaya	KUMAGAYA Tamizo
Tatsusaburo Terada	TERADA Tatsusaburo
Noboru Koishi	KOISHI Noboru
Yoshio Shimoda	SHIMODA Yoshio
Yasubumi Asai	ASAI Yasubumi
Junji Miyajima	MIYAJIMA Junji
Tatsuo Nishioka	NISHIOKA Tatsuo
Shohemon Aoyama	AOYAMA Shohemon
Kiuzo Hirano	HIRANO Kiuzo
Kiyoshi Abe	ABE Kiyoshi
Tadao Miyamishi	MIYAMISHI Tadao
Kazuo Mamagori	MAMAGORI Kazuo
Kazuaki Miyamoto	MIYAMOTO Kazuaki
Hisayoshi Ijima	IJIMA Hisayoshi
Katsumi Yamamoto	YAMAMOTO Katsumi
Ichimatsu Honda	HONDA Ichimatsu
Shigeki Seki	SEKI Shigeki
Hiroshi Akaike	AKAIKE Hiroshi
Tokuichi Wotani	WOTANI Tokuichi
Isamu Minakuchi	MINAKUCHI Isamu
Kiyoshi Kawaura	KAWAURA Kiyoshi
Seiji Shiyoji	SHIYOJI Seiji
Yoshitsuga Watanabe	WATANABE Yoshitsuga
Isamu Shiroyama	SHIROYAMA Isamu
Shingo Kanbara	KANBARA Shingo
Gensaburo Fukuda	FUKUDA Gensaburo
Nobuo Ito	ITO Nobuo
Morishige Yamamoto	YAMAMOTO Morishige
Masao Tanaka	TANAKA Masao
Iwao Kobayashi	KOBAYASHI Iwao
Teruo Nagamune	NAGAMUNE Teruo
Takeshi Wada	WADA Takeshi
Giro Yoneyama	YONEYAMA Giro
Itaro Shina	SHINA Itaro
Shigenobu Wakamatsu	WAKAMATSU Shigenobu
Ichiro Morikawa	MORIKAWA Ichiro
Yiukichi Azuma	AZUMA Yiukichi
Seizo Chizumi	CHIZUMI Seizo
Masao Wakabata	WAKABATA Masao
Takio Abe	ABE Takio
Mitsuo Hishi	HISHI Mitsuo
Denshichi Iwakiri	IWAKIRI Denshichi
Hiroshi Katsumata	KATSUMATA Hiroshi
Masao Yamakage	YAMAKAGE Masao
Shoyoji Fujita	FUJITA Shoyoji
Zenji Ito	ITO Zenji
Masayoshi Takagi	TAKAGI Masayoshi
Yoshio Sugawara	SUGAWARA Yoshio
Mitsuo Imakuma	IMAKUMA Mitsuo
Mitsuo Ohama	OHAMA Mitsuo
Takuma Morawa	MORAWA Takuma
Kazuo Miyagawa	MIYAGAWA Kazuo
Shinichi Tashiro	TASHIRO Shinichi
Chiyushi Goto	GOTO Chiyushi
Eiichi Haruse	HARUSE Eiichi
Mishai Watanabe	WATANABE Mishai
Dosaku Sugimoto	SUGIMOTO Dosaku
Risaburo Suhaga	SUHAGA Risaburo
Kaichi Takagami	TAKAGAMI Kaichi
Tokujiro Hino	HINO Tokujiro
Hikashi Nagae	NAGAE Hikashi
Yuji Enomoto	ENOMOTO Yuji
Sadao Furuya	FURUYA Sadao
Sakuo Tate	TATE Sakuo
Jihei Ishii	ISHII Jihei
Kunio Yamanaka	YAMANAKA Kunio
Kintaro Sato	SATO Kintaro
Yoshiyuki Ohashi	OHASHI Yoshiyuki
Tomoji Igarashi	IGARASHI Tomoji
Iwao Hato	HATO Iwao
Masao Sugihara	SUGIHARA Masao
Itsu Kinoshita	KINOSHITA Itsu
Katsushiro Nagataki	NAGATAKI Katsushiro
Seizo Suzuki	SUZUKI Seizo
Tamotsu Omori	OMORI Tamotsu
Seizo Arata	ARATA Seizo
Otomaru Takada	TAKADA Otomaru
Shigeo Arai	ARAI Shigeo
Uso Iwashita	IWASHITA Uso
Kosaburo Kurabayashi	KURABAYASHI Kosaburo
Kiichi Otsuki	OTSUKI Kiichi
Saburo Nishida	NISHIDA Saburo
Isamu Yasuda	YASUDA Isamu
Tomogo Wada	WADA Tomogo
Setsu Yamazaki	YAMAZAKI Setsu
Kazuyoshi Matsuda	MATSUDA Kazuyoshi
Isao Sakurai	SAKURAI Isao
Munato Musumami	MUSUMAMI Munato
Tomizo Fusumoto	FUSUMOTO Tomizo
Seihachi Matsuda	MATSUDA Seihachi
Toshimasa Murata	MURATA Toshimasa
Kazuo Ishihara	ISHIHARA Kazuo
Yasunobu Okamoto	OKAMOTO Yasunobu
Tetsuo Watanabe	WATANABE Tetsuo
Katsuichi Ichikaku	ICHIKAKU Katsuichi
Taemon Watabe	WATABE Taemon
Tomekichi Takemura	TAKEMURA Tomekichi
Kazuo Kogoe	KOGOE Kazuo
Kentoku Azuma	AZUMA Kentoku
Masakatsu Mizutani	MIZUTANI Masakatsu
Tadayoshi Matsui	MATSUI Tadayoshi
Masanori Obama	OBAMA Masanori
Fukumi Ushikaru	USHIKARU Fukumi
Ryuta Kuroke	KUROKE Ryuta
Keiichi Ito	ITO Keiichi
Koji Kitajima	KITAJIMA Koji
Hidao Kimura	KIMURA Hidao
Takeo Hozumi	HOZUMI Takeo
Toyosaku Tanaka	TANAKA Toyosaku
Atsumi Kubo	KUBO Atsumi
Teruo Nakamura	NAKAMURA Teruo
Seiichi Kawashima	KAWASHIMA Seiichi
Zengo Aiba	AIBA Zengo
Keitoku Azuma	AZUMA Keitoku
Tsutomu Abe	ABE Tsutomu
Haruji Hirai	HIRAI Haruji
Yutaka Tsunoda	TSUNODA Yutaka
Shiro Kikuchi	KIKUCHI Shiro
Koji Sato	SATO Koji
Hidemi Nishikawa	NISHIKAWA Hidemi
Sankichi Misemoto	MISEMOTO Sankichi
Toyokichi Kato	KATO Toyokichi
Takeshi Kawai	KAWAI Takeshi
Yutaka Isokawa	ISOKAWA Yutaka
Kenjiro Hara	HARA Kenjiro
Tadayoshi Kobayashi	KOBAYASHI Tadayoshi
Mitsuo Okuno	OKUNO Mitsuo
Kiyoshi Tsunoda	TSUNODA Kiyoshi
Eiichi Ori	ORI Eiichi
Masaji Yamamoto	YAMAMOTO Masaji
Hisayoshi Takabayashi	TAKABAYASHI Hisayoshi
Kazuo Sawamoto	SAWAMOTO Kazuo
Tokunosuke Sugiyama	SUGIYAMA Tokunosuke
Ryutoku Yamamoto	YAMAMOTO Ryutoku
Saburo Hirama	HIRAMA Saburo
Masao Yotsuei	YOTSUEI Masao
Narito Anami	ANAMI Narito
Sadaaki Katsuyama	KATSUYAMA Sadaaki
Masao Takahama	TAKAHAMA Masao
Kunyoshi Uchida	UCHIDA Kunyoshi
Goro Mizushima	MIZUSHIMA Goro
Toshio Okamura	OKAMURA Toshio
Toshio Nakajima	NAKAJIMA Toshio
Yatsutomo Okada	OKADA Yatsutomo
Akira Nii	NII Akira
Daisuke Yamamoto	YAMAMOTO Daisuke
Inaichi Miyashita	MIYASHITA Inaichi
Eiitsu Okufuji	OKUFUJI Eiitsu
Shigehiko Hino	HINO Shigehiko
Tadao Miyagawa	MIYAGAWA Tadao
Shingo Abe	ABE Shingo
Kesaji Ito	ITO Kesaji
Kaoru Higashizawa	HIGASHIZAWA Kaoru
Ryozo Katsume	KATSUME Ryozo
Motokazu Miyauchi	MIYAUCHI Motokazu
Sachio Matsushima	MATSUSHIMA Sachio
Kinichi Ashibe	ASHIBE Kinichi
Isamu Taketomi	TAKETOMI Isamu
Kihei Masuyama	MASUYAMA Kihei
Yasuichiro Nishibata	NISHIBATA Yasuichiro
Nobuo Tashima	TASHIMA Nobuo
Yoritsu Gohi	GOHI Yoritsu
Takeshi Matsumoto	MATSUMOTO Takeshi
Shinzaburo Konishi	KONISHI Shinzaburo
Tadashi Fukutomi	FUKUTOMI Tadashi
Norikichi Goto	GOTO Norikichi
Sadao Sato	SATO Sadao
Nobuo Tanaka	TANAKA Nobuo
Akiichi Hamamoto	HAMAMOTO Akiichi
Yasuichi Kumazaki	KUMAZAKI Yasuichi
Matsujiro Matsumoto	MATSUMOTO Matsujiro
Bunjiro Masuda	MASUDA Bunjiro
Takaichi Kurosaki	KUROSAKI Takaichi
Ichiro Tanaka	TANAKA Ichiro
Shimichi Mizushima	MIZUSHIMA Shimichi
Taira Hayashi	HAYASHI Taira
Yakuo Aoki	AOKI Yakuo
Tadashi Kasawara	KASAWARA Tadashi
Kooji Watanabe	WATANABE Kooji
Katsumi Koyama	KOYAMA Katsumi
Toshihido Yaguchi	YAGUCHI Toshihido
Munesuke Katayama	KATAYAMA Munesuke
Kenjiro Matsutsuki	MATSUTSUKI Kenjiro
Tomio Tsuruta	TSURUTA Tomio
Kosayuki Anami	ANAMI Kosayuki
Takeichi Horiuchi	HORIUCHI Takeichi
Toshio Seki	SEKI Toshio
Minoru Aoki	AOKI Minoru
Moriyoshi Hamada	HAMADA Moriyoshi
Chiyuki Nakano	NAKANO Chiyuki
Masaji Yamanigashi	YAMANIGASHI Masaji
Masaaki Mitsuno	MITSUNO Masaaki
Nobuyoshi Yoshida	YOSHIDA Nobuyoshi
Masatomi Koyama	KOYAMA Masatomi
Tadao Ogisawa	OGISAWA Tadao
Hitoshi Kaminaga	KAMINAGA Hitoshi
Rekuro Komamiya	KOMAMIYA Rekuro
Katsumi Nishizawa	NISHIZAWA Katsumi
Isamu Okowa	OKOWA Isamu
Shigeru Murase	MURASE Shigeru
Shin Maekawa	MAEKAWA Shin
Michio Kiribuchi	KIRIBUCHI Michio
Yoshiro Shioaki	SHIOAKI Yoshiro
Eisuke Onodera	ONODERA Eisuke
Tetsuro Endo	ENDO Tetsuro
Takeshi Takeichi	TAKEICHI Takeshi
Satoru Murakami	MURAKAMI Satoru
Shigemi Nishida	NISHIDA Shigemi
Keiichi Kuroki	KUROKI Keiichi
Shirotaro Nakano	NAKANO Shirotaro
Shigeru Shimizu	SHIMIZU Shigeru
Ryuji Hirashima	HIRASHIMA Ryuji
Takeyoshi Danzuka	DANZUKA Takeyoshi
Toshihiko Eto	ETO Toshihiko
Seijo Sawada	SAWADA Seijo
Mitsugu Shibata	SHIBATA Mitsugu
Toshio Shoji	SHOJI Toshio
Katsushiro Nagai	NAGAI Katsushiro
Chonosuke Tonegi	TONEGI Chonosuke
Giichi Yasumura	YASUMURA Giichi
Masani Yamashita	YAMASHITA Masani
Kitaro Chihara	CHIHARA Kitaro
Prince Tadatsugu Shimazu	Prince SHIMAZU Tadatsugu
Yuichi Shinozaki	SHINOZAKI Yuichi
Yoshinori Shirakawa	SHIRAKAWA Yoshinori
Naosuke Matsuki	MATSUKI Naosuke
Jinzaburo Masaki	MASAKI Jinzaburo
Jotaro Watanabe	WATANABE Jotaro
Tachiye Yonashita	YONASHITA Tachiye
Saburo Yoshizaki	YOSHIZAKI Saburo
Ichizo Komata	KOMATA Ichizo
Jaime Paira	
Yukio Nagamatsu	NAGAMATSU Yukio
Suri	
Dr. Turuhagua	Dr. TURUHAGUA
Amonaki	
Ichiguito	
Senji Kobayashi	KOBAYASHI Senji
R. S. Peare	
Kokushi Kishida	KISHIDA Kokushi
Rinzo Ando	ANDO Rinzo
Katsumaro Akamatsu	AKAMATSU Katsumaro
S. Mori	MORI S.
Chuhei Matsuo	MATSUO Chuhei
Tomoo Kaneda	KANEDA Tomoo
S. Segawa	SEGAWA S.
Genji Miura	MIURA Genji
Miyajo Shimada	SHIMADA Miyajo
Matsushima	MATSUSHIMA
Mukai	MUKAI
Sanchu Ikeda	IKEDA Sanchu
Kotohashi	KOTOHASHI
Tajima	TAJIMA
Seigō Nakano	NAKANO Seigō
'Seiyo-jin'	
H. C. Moore	
Kazuo Kawakita	KAWAKITA Kazuo
Chusaku Kase	KASE Chusaku
Setaro Nakajima	NAKAJIMA Setaro
Kichitaro Ishikawa	ISHIKAWA Kichitaro
Itarō Ishii	ISHII Itarō
Goni	
Kanematsu Sugiura	SUGIURA Kanematsu
Shigenori Nakazono	NAKAZONO Shigenori
Inkinson	
Mr. Kato	Mr. KATO
Yoshizawa	YOSHIZAWA
Katsumi Ono	ONO Katsumi
Harumi Takeuchi	TAKEUCHI Harumi
Yasuhiko Nara	NARA Yasuhiko
Kunitaro Hamada	HAMADA Kunitaro
Kintaro Ozaki	OZAKI Kintaro
Kumazo Ishii	ISHII Kumazo
Takayama	TAKAYAMA
Tatsukichi Minobe	MINOBE Tatsukichi
Yoshio Yamasaki	YAMASAKI Yoshio
Inoue Junnosuke	INOUE Junnosuke
Dan Takuma	DAN Takuma
Inukai Tsuyoshi	INUKAI Tsuyoshi
Shinzo Wada	WADA Shinzo
Eizo Ishizuka	ISHIZUKA Eizo
Mr. Matsuda	Mr. MATSUDA
Mr. Munai	Mr. MUNAI
Gyoshun Nagata	NAGATA Gyoshun
Zenjiro Horikiri	HORIKIRI Zenjiro
E. Hirasawa	HIRASAWA E.
Kubota	KUBOTA
Masao Maruyama	MARUYAMA Masao
Colonel Kumane	Colonel KUMANE
Yoshie Nozaki	NOZAKI Yoshie
Masao Yonekawa	YONEKAWA Masao
Ichiro Kawasaki	KAWASAKI Ichiro
Kishizo Kimura	KIMURA Kishizo
Empress Nagako (Empress Kōjun)	
Takato	TAKATO
Mr. Penrose	
Yoshitaro Shimizu	SHIMIZU Yoshitaro
Kunzaemon Nakano	NAKANO Kunzaemon
Zeneimon Shimizu	SHIMIZU Zeneimon
Kozo Ando	ANDO Kozo
Kaichi Tsukahara	TSUKAHARA Kaichi
Yoshio	
Toyama	TOYAMA
Yamazaki	YAMAZAKI
Toshizo Okimura	OKIMURA Toshizo
Masanori Noda	NODA Masanori
Kainu Kato	KATO Kainu
Tiaso Tomita	TOMITA Tiaso
Morimasa Naito	NAITO Morimasa
Koji Honda	HONDA Koji
Ogasawara	OGASAWARA
Kojiro Tajima	TAJIMA Kojiro
Shojo Suzuki	SUZUKI Shojo
Kiroshi Otsuji	OTSUJI Kiroshi
Taku Suzumura	SUZUMURA Taku
Giemon Shida	SHIDA Giemon
Shigeharu Nakagawa	NAKAGAWA Shigeharu
Gichoku Nakada	NAKADA Gichoku
Seion Kawamata	KAWAMATA Seion
Jiko Oyamada	OYAMADA Jiko
Kenzo Saito	SAITO Kenzo
Sosuke Chikida	CHIKIDA Sosuke
Jujiro Morita	MORITA Jujiro
Tokuhei Kudoya	KUDOYA Tokuhei
Mitsunaga Toda	TODA Mitsunaga
Morisima	MORISIMA
Rokuro Ohara	OHARA Rokuro
Shojiro Kawashima	KAWASHIMA Shojiro
Shosuke Yoshiue	YOSHIUE Shosuke
Kiyoshi Ito	ITO Kiyoshi
Takeshi Imai	IMAI Takeshi
Kinjiro Yamamura	YAMAMURA Kinjiro
Akira Iwate	IWATE Akira
Yoichiro Nakamura	NAKAMURA Yoichiro
Toshiro Shiratori	SHIRATORI Toshiro
Shozaburo Otaka	OTAKA Shozaburo
Hakusi Ito	ITO Hakusi
Yukichi Takechi	TAKECHI Yukichi
Umataro Okamoto	OKAMOTO Umataro
Yoshimori Yoneda	YONEDA Yoshimori
Yoshizane Norimoto	NORIMOTO Yoshizane
Yoshitada Yamanaka	YAMANAKA Yoshitada
Takeo Murase	MURASE Takeo
Osuke Umakashi	UMAKASHI Osuke
Nomoto	NOMOTO
Moritaro Keyama	KEYAMA Moritaro
Kanetaro Takabatake	TAKABATAKE Kanetaro
Yuwataru Yakushin	YAKUSHIN Yuwataru
Chichiha Komoto	KOMOTO Chichiha
Toshiaki Uso	USO Toshiaki
Yuji Satsuma	SATSUMA Yuji
Toshikazu Makanishi	MAKANISHI Toshikazu
Toshio Inoke	INOKE Toshio
Toshiro Sakai	SAKAI Toshiro
Kookichi Saito	SAITO Kookichi
Seichiro Matsumoto	MATSUMOTO Seichiro
Moriha	MORIHA
Shigeru Eguchi	EGUCHI Shigeru
Juichiro Matsumoto	MATSUMOTO Juichiro
Akamatsu	AKAMATSU
Keitaro Yoshida	YOSHIDA Keitaro
Konchi Zushi	ZUSHI Konchi
Wataru Nanahashi	NANAHASHI Wataru
Osamu Ishii	ISHII Osamu
Tomoichi Shini	SHINI Tomoichi
Katsunosuke Yamazaki	YAMAZAKI Katsunosuke
Yasiburo Matsunobu	MATSUNOBU Yasiburo
Kosahiro Oka	OKA Kosahiro
Kyugoro Uchiike	UCHIIKE Kyugoro
Motooji Koratau	KORATAU Motooji
Soha Kato	KATO Soha
Koro Moriyama	MORIYAMA Koro
Makihara	MAKIHARA
Koishiro Roukegawa	ROUKEGAWA Koishiro
Saburo Nakamichi	NAKAMICHI Saburo
Shigeru Kario	KARIO Shigeru
Shigenama Karahashi	KARAHASHI Shigenama
Tomokuni Nakano	NAKANO Tomokuni
Teima Uyamatsu	UYAMATSU Teima
Nakano Yasuda	
Kiyohara	KIYOHARA
Kamuto Furuto	FURUTO Kamuto
Koishiro Ishiguro	ISHIGURO Koishiro
Tomokuni Ono	ONO Tomokuni
Tochiro Ito	ITO Tochiro
Kureji Yasuda	YASUDA Kureji
Takeo Mitarura	MITARURA Takeo
Ichino Kawamura	KAWAMURA Ichino
Ryoso Makino	MAKINO Ryoso
Yoshitaka Furuya	FURUYA Yoshitaka
Seiichi Matsuyo	MATSUYO Seiichi
Shinichi Hanagawa	HANAGAWA Shinichi
Chitsuno Nakajima	NAKAJIMA Chitsuno
Torataro Kimura	KIMURA Torataro
Choji Hayashi	HAYASHI Choji
Matsuo Nogami	NOGAMI Matsuo
Yoshi Surohara	SUROHARA Yoshi
Masamichi Noyama	NOYAMA Masamichi
Mitsugi Tanaka	TANAKA Mitsugi
Masaru Nagano	NAGANO Masaru
Nichiro Kubara	KUBARA Nichiro
Uchiji Shida	SHIDA Uchiji
Tadanori Momoyama	MOMOYAMA Tadanori
Hiroshi Chiya	CHIYA Hiroshi
Takataro Takeda	TAKEDA Takataro
Fukuichi Horita	HORITA Fukuichi
Yutaka Miyazawa	MIYAZAWA Yutaka
Kikugo Yoneda	YONEDA Kikugo
Yoshiaki Yorimitsu	YORIMITSU Yoshiaki
Yoshiyuki Takagoshi	TAKAGOSHI Yoshiyuki
Giichi Ono	ONO Giichi
Joji Hayashi	HAYASHI Joji
Kozo Yamamoto	YAMAMOTO Kozo
Rikichi Sawada	SAWADA Rikichi
Koji Abiko	ABIKO Koji
Kiyoshi Masaki	MASAKI Kiyoshi
Jihei Ikawa	IKAWA Jihei
Shutaro Matsunaga	MATSUNAGA Shutaro
Teijiro Yoshida	YOSHIDA Teijiro
Kotaro Tando	TANDO Kotaro
Genji Maeda	MAEDA Genji
Kashioka	KASHIOKA
Shinzo Shindo	SHINDO Shinzo
Tomitishi Oshima	OSHIMA Tomitishi
Yasumori Watanabe	WATANABE Yasumori
Isamu Yonewa	YONEWA Isamu
Toshiromi	
Katsutaro Shita	SHITA Katsutaro
Tokuo Nanjo	NANJO Tokuo
Kichihei Fukazawa	FUKAZAWA Kichihei
Yasunosuke Hoshino	HOSHINO Yasunosuke
Yosuke Murata	MURATA Yosuke
Seisaku Nagano	NAGANO Seisaku
Tei Tojo	TOJO Tei
Koshiro Otuno	OTUNO Koshiro
Jotaro Kawakami	KAWAKAMI Jotaro
Tajiro Nakai	NAKAI Tajiro
Tokutaro Hamano	HAMANO Tokutaro
Kunizo Kanemitsu	KANEMITSU Kunizo
Kato Imai	
Saburo Nakai	NAKAI Saburo
Kato Taniguchi	
Kato Hagao	
Fusanchu Mieda	MIEDA Fusanchu
Sakurato	SAKURATO
Hirakawa	HIRAKAWA
Tetsu Minami	MINAMI Tetsu
Iwae	IWAE
Yoshida	YOSHIDA
Kanazawa Tanaka	
Kanjiro Chiyoda	CHIYODA Kanjiro
Soobi Rara	RARA Soobi
Tachima	TACHIMA
Kazumira Sasai	SASAI Kazumira
Tamaiichi Izaki	IZAKI Tamaiichi
Nakano	NAKANO
Tanagi	TANAGI
Fukuda	FUKUDA
Shigetaro Kawasaki	KAWASAKI Shigetaro
Kando Toriuchi	TORIUCHI Kando
Akagi	AKAGI
Hiroshi Yamamoto	YAMAMOTO Hiroshi
Yorinosuke Sato	SATO Yorinosuke
Jujiro Hoshino	HOSHINO Jujiro
Ryozo Niji	NIJI Ryozo
Gijiro Murasazawa	MURASAZAWA Gijiro
Takechi Hashimoto	HASHIMOTO Takechi
Chaji Hase	HASE Chaji
Shogoro Satarai	SATARAI Shogoro
Soichiro Kita	KITA Soichiro
Konzo Aoyama	AOYAMA Konzo
Shiji Matsutani	MATSUTANI Shiji
Ichimi Tako	TAKO Ichimi
Saburo Yasumi	YASUMI Saburo
Jitaro Takahashi	TAKAHASHI Jitaro
Kunisaburo Izumi	IZUMI Kunisaburo
Kanekio	
Juichi Onodera	ONODERA Juichi
Yusuke Tsurumi	TSURUMI Yusuke
Toshio Shiya	SHIYA Toshio
Norio Takagi	TAKAGI Norio
Takeo Nango	NANGO Takeo
Shinya Koizumi	KOIZUMI Shinya
Naotake Sosaki	SOSAKI Naotake
Eikichi Kanbayashiyama	KANBAYASHIYAMA Eikichi
Hisatomo Hamada	HAMADA Hisatomo
Fumichika Haraguchi	HARAGUCHI Fumichika
Minoru Togo	TOGO Minoru
Ichimasa Terada	TERADA Ichimasa
Iwaoe Miyashita	MIYASHITA Iwaoe
Kiyoshi Somai	SOMAI Kiyoshi
Ryokichi Nagata	NAGATA Ryokichi
Masao Kamai	KAMAI Masao
Kamejiro Yamamoto	YAMAMOTO Kamejiro
Fujimoto	FUJIMOTO
Gekichi Miki	MIKI Gekichi
Shochi Aikawa	AIKAWA Shochi
Yoshinobu Fujiki	FUJIKI Yoshinobu
Sutematsu Naka	NAKA Sutematsu
Tanabe	TANABE
Toranosuke Miwa	MIWA Toranosuke
Noguchi	NOGUCHI
Takeo Noda	NODA Takeo
Masajiro Koizumi	KOIZUMI Masajiro
Gennosuke Okamoto	OKAMOTO Gennosuke
Matsunaga	MATSUNAGA
Oishi	OISHI
Sakan Aki	AKI Sakan
Arakawa	ARAKAWA
Tadao Oasa	OASA Tadao
Tsuruhei Matsuno	MATSUNO Tsuruhei
Masayoshi Kimura	KIMURA Masayoshi
Shigeru Ishizaka	ISHIZAKA Shigeru
Sumihisa Hirano	HIRANO Sumihisa
Nakairi	NAKAIRI
Yoshitake Fukami	FUKAMI Yoshitake
Nobufusa Miyoshi	MIYOSHI Nobufusa
Kiraharu	
Tomito Izu	IZU Tomito
Uetsuka	UETSUKA
Junichiro Ikemoto	IKEMOTO Junichiro
Suegoro Kawasaki	KAWASAKI Suegoro
Ko Tanaka	TANAKA Ko
Keijiro Okada	OKADA Keijiro
Seukichi Murakami	MURAKAMI Seukichi
Koichi Ashida	ASHIDA Koichi
Koichi Nishijima	NISHIJIMA Koichi
Katsu Kawasaki	KAWASAKI Katsu
Moehichi Kuki	KUKI Moehichi
Jiro Imaoka	IMAOKA Jiro
Masakaji Matsuba	MATSUBA Masakaji
Tsunkazu Kataoka	KATAOKA Tsunkazu
Saburo Ichigataki	ICHIGATAKI Saburo
Enki Moriya	MORIYA Enki
Ichiro Shoji	SHOJI Ichiro
Shinji Takejima	TAKEJIMA Shinji
Morinosuke	
Yoshito Takagi	TAKAGI Yoshito
Tetsuyoshi Noyama	NOYAMA Tetsuyoshi
Kuranosuke Toyama	TOYAMA Kuranosuke
Masami Saito	SAITO Masami
Torao Miura	MIURA Torao
Shigetaka Somi	SOMI Shigetaka
Kakuma Nomura	NOMURA Kakuma
Nikotaro Oda	ODA Nikotaro
Iwao Ito	ITO Iwao
Minoru Tamura	TAMURA Minoru
Gen Nagai	NAGAI Gen
Kazuo Matsumoto	MATSUMOTO Kazuo
Iemon Fujimi	FUJIMI Iemon
Takeo Kosaka	KOSAKA Takeo
Yamake Tanaka	TANAKA Yamake
Makoto Toyama	TOYAMA Makoto
Shigetaro Toyama	TOYAMA Shigetaro
Bushio Hata	HATA Bushio
Yoshiji Yoshizawa	YOSHIZAWA Yoshiji
Shin Kinoshita	KINOSHITA Shin
Bonichi Kodaira	KODAIRA Bonichi
Akio Yoshikawa	YOSHIKAWA Akio
Kinji Nakahara	NAKAHARA Kinji
Taneo Miyazawa	MIYAZAWA Taneo
Tahei Ochi	OCHI Tahei
Mataemon Kitamura	KITAMURA Mataemon
Genkuro Eto	ETO Genkuro
Takeuchi Uemura	UEMURA Takeuchi
Jinzo Fukui	FUKUI Jinzo
Shiro Matsuo	MATSUO Shiro
Gomichi Naganuma	NAGANUMA Gomichi
Reikichi Kita	KITA Reikichi
Daisuke Yoshikawa	YOSHIKAWA Daisuke
Hiromu Matsuki	MATSUKI Hiromu
Daisuke Takaoka	TAKAOKA Daisuke
Yoshio Sato	SATO Yoshio
Makie Koyanagi	KOYANAGI Makie
Keiryo Inaba	INABA Keiryo
Seiichi Ii	II Seiichi
Soichi Miyake	MIYAKE Soichi
Hore Kawakuni	KAWAKUNI Hore
Chise Kato	KATO Chise
Masari Kashima	KASHIMA Masari
Tomonosuke Imanari	IMANARI Tomonosuke
Matahichiro Nakamura	NAKAMURA Matahichiro
Zenta Ishida	ISHIDA Zenta
Giichi Masuda	MASUDA Giichi
Tokusaburo Takeda	TAKEDA Tokusaburo
Kosei Oshima	OSHIMA Kosei
Koichi Kashiwabara	KASHIWABARA Koichi
Futajiro Ichimiya	ICHIMIYA Futajiro
Shuichi Noyori	NOYORI Shuichi
Makiji Yamaguchi	YAMAGUCHI Makiji
Kentaro Ayabe	AYABE Kentaro
Kaoru Kinoshita	KINOSHITA Kaoru
Ichizo Izumi	IZUMI Ichizo
Jirin Nishijima	NISHIJIMA Jirin
Sei Inukai	INUKAI Sei
Tetsuo Kodani	KODANI Tetsuo
Genichi Tsuchiya	TSUCHIYA Genichi
Tadahiko Okada	OKADA Tadahiko
Tomoichi Kiyama	KIYAMA Tomoichi
Chuichi Moritami	MORITAMI Chuichi
Kazuo Katayama	KATAYAMA Kazuo
Katsuro Katsuyama	KATSUYAMA Katsuro
Kenya Kanna	KANNA Kenya
Seiryu Makima	MAKIMA Seiryu
Hajime Irei	IREI Hajime
Shigata Tobara	TOBARA Shigata
Gentai Nekome	NEKOME Gentai
Taneto Kawakuni	KAWAKUNI Taneto
Takayoshi Hitotsumatsu	HITOTSUMATSU Takayoshi
Torakichi Mamautani	MAMAUTANI Torakichi
Taneto Tanaka	TANAKA Taneto
Murayasu	MURAYASU
Takei Iwasaki	IWASAKI Takei
Torakichi Uyeda	UYEDA Torakichi
Juzo Takamasa	TAKAMASA Juzo
Masau Okura	OKURA Masau
Kuni Yoshikura	YOSHIKURA Kuni
Suehiro Nishio	NISHIO Suehiro
Eiichi Kenki	KENKI Eiichi
Mikichi Hahuta	HAHUTA Mikichi
Hosakawa	HOSAKAWA
Motojiro Sugiyasu	SUGIYASU Motojiro
Shiburo Okura	OKURA Shiburo
Yashimura Kanamina	
Matsuka	MATSUKA
Iwaka	IWAKA
Yasukichi Kawanari	KAWANARI Yasukichi
Takashi Matsuda	MATSUDA Takashi
Isaka Toyotsu	TOYOTSU Isaka
Takashi Nakao	NAKAO Takashi
Shigata Ibada	IBADA Shigata
Toichi Tawaka	TAWAKA Toichi
Hoshichi Nakano	NAKANO Hoshichi
Shotaro Sakamoto	SAKAMOTO Shotaro
Juji Takekawa	TAKEKAWA Juji
Morihei Takahashi	TAKAHASHI Morihei
Yohei Ishizaka	ISHIZAKA Yohei
Eiichi Ishikawa	ISHIKAWA Eiichi
Takezo Matsuchi	MATSUCHI Takezo
Joji Harai	HARAI Joji
Yasujiro Tatsutani	TATSUTANI Yasujiro
Yozo Matsubara	MATSUBARA Yozo
Kiichiro Basho	BASHO Kiichiro
Kikutaro Hirono	HIRONO Kikutaro
Yoshio Nobumasa	NOBUMASA Yoshio
Yotatsu Tanaka	TANAKA Yotatsu
Tomoyuki Tanabe	TANABE Tomoyuki
Michio Sakurai	SAKURAI Michio
Shigeo Hara	HARA Shigeo
Enzaburo Takahashi	TAKAHASHI Enzaburo
Otoji Shigematsu	SHIGEMATSU Otoji
Tachinosuke Tanaka	TANAKA Tachinosuke
Magoiichi Towara	TOWARA Magoiichi
Motohashi Yagi	YAGI Motohashi
Chugoro Yamaguchi	YAMAGUCHI Chugoro
Toyotaro Fukazawa	FUKAZAWA Toyotaro
Junseku Yamada	YAMADA Junseku
Kozo Kato	KATO Kozo
Mitsuo Hirano	HIRANO Mitsuo
Jukichi Suzuki	SUZUKI Jukichi
Hikotaro Kameko	KAMEKO Hikotaro
Naochi Omura	OMURA Naochi
Shinichi Katsumata	KATSUMATA Shinichi
Seisho Haruna	HARUNA Seisho
Masataka Ota	OTA Masataka
Junzo Moriguchi	MORIGUCHI Junzo
Zenichiro Sakashita	SAKASHITA Zenichiro
Hichiro Kato	KATO Hichiro
Kamesaku Tsukura	TSUKURA Kamesaku
Chuji Funada	FUNADA Chuji
Unsei Takada	TAKADA Unsei
Toshichi Yabe	YABE Toshichi
Wataru Sakuma	SAKUMA Wataru
Kaoru Sigamoto	SIGAMOTO Kaoru
Saburo Ihara	IHARA Saburo
Kozo Matsumura	MATSUMURA Kozo
Koseki Tsubuta	TSUBUTA Koseki
Jukichi Kodaira	KODAIRA Jukichi
Kunto Morishita	MORISHITA Kunto
Takeshi Shigeta	SHIGETA Takeshi
Masayoshi Morita	MORITA Masayoshi
Tozo Matsumura	MATSUMURA Tozo
Torataro Ishizuka	ISHIZUKA Torataro
Zen Konomi	KONOMI Zen
Fukuya Toshichi	
Gunichi Okanda	OKANDA Gunichi
Yuko Hashimoto	HASHIMOTO Yuko
Hara Yamashige	YAMASHIGE Hara
Ichiro Katayama	KATAYAMA Ichiro
Takaichi Nagano	NAGANO Takaichi
Juichi Komai	KOMAI Juichi
Hisashi Kawaguchi	KAWAGUCHI Hisashi
Tomoichiro Fujita	FUJITA Tomoichiro
Shinroku Tanomogi	TANOMOGI Shinroku
Masazumi Ando	ANDO Masazumi
Zenjiro Watanabe	WATANABE Zenjiro
Yoshio Iwasaki	IWASAKI Yoshio
Tokichiro Tanagawa	TANAGAWA Tokichiro
Giju Manabe	MANABE Giju
Hichiro Tachizawa	TACHIZAWA Hichiro
Ichiro Honda	HONDA Ichiro
Takeji Yamada	YAMADA Takeji
Yoshio Ogura	OGURA Yoshio
Yasumaru	YASUMARU
Sakamoto	SAKAMOTO
Sakaichi Nakamura	NAKAMURA Sakaichi
Isao Tanihara	TANIHARA Isao
Akira Koro	KORO Akira
Hidekichi Tamura	TAMURA Hidekichi
Kitakichi Shiromiya	SHIROMIYA Kitakichi
Yokichiro Miki	MIKI Yokichiro
Takeo Miki	MIKI Takeo
Kimaji Michi	MICHI Kimaji
Hideyuki Miyoshi	MIYOSHI Hideyuki
Heibei Sakaguchi	SAKAGUCHI Heibei
Osamu Toyoda	TOYODA Osamu
Yoshiharu Yutani	YUTANI Yoshiharu
Nkomichi Inada	INADA Nkomichi
Koki Imura	IMURA Koki
Yukimichi Takami	TAKAMI Yukimichi
Kanji Nakagawa	NAKAGAWA Kanji
Tokuji Akama	AKAMA Tokuji
Kenzo Matsumura	MATSUMURA Kenzo
Saiji Oishi	OISHI Saiji
Some Hikikura	HIKIKURA Some
Takeo Nakatani	NAKATANI Takeo
Tojiro Matsuyama	MATSUYAMA Tojiro
Kikuichiro Yamaguchi	YAMAGUCHI Kikuichiro
Hideo Go	GO Hideo
Inosuke Kuri	KURI Inosuke
Tanzo Koyama	KOYAMA Tanzo
Santa Morikawa	MORIKAWA Santa
Koichi Sako	SAKO Koichi
Takao Kimura	KIMURA Takao
Toshiro Nishitaka	NISHITAKA Toshiro
Sisaburo Shidaru	SHIDARU Sisaburo
Toshizo Hatsuoka	HATSUOKA Toshizo
Goro Oto	OTO Goro
Masanoshita Okado	OKADO Masanoshita
Tetsuoka Iokoyashi	IOKOYASHI Tetsuoka
Taka Yamaki	YAMAKI Taka
Yamanaka Kanai	
Shigen Nishimura	NISHIMURA Shigen
Yoshinobi Nashiri	NASHIRI Yoshinobi
Yishiro San	
Yama Fukuda	FUKUDA Yama
Nagorose Yakuno	YAKUNO Nagorose
Shinto Imao	IMAO Shinto
Nichiro Himono	HIMONO Nichiro
Nichiro Tomabe	TOMABE Nichiro
Kikujii Shirasu	SHIRASU Kikujii
Kamisaburō Nakamura	NAKAMURA Kamisaburō
Shirō Takasu	TAKASU Shirō
Chen Yi-fa	
Ke Taishan	
Tsai Kuo-hun	
Kamo	
Kayama	
Chen Yi	
Chiu Nien-tai	
Chou Yi-tsao	
Hiroshi Saitō	SAITŌ Hiroshi
Mr. Eide	
Hisato Ichimada	ICHIMADA Hisato
Hayato Ikeda	IKEDA Hayato
Nagataka Murayama	MURAYAMA Nagataka
Shintaro Okumura	OKUMURA Shintaro
Matsutaro Shoriki	SHORIKI Matsutaro
Kohei Murayama	MURAYAMA Kohei
Ichiro Oshima	OSHIMA Ichiro
Masakuni Nagae	NAGAE Masakuni
Yoshio Abe	ABE Yoshio
Sadaichi Takamatsu	TAKAMATSU Sadaichi
Tojiro Takayama	TAKAYAMA Tojiro
Yasushi Kataoka	KATAOKA Yasushi
Tadao Okazaki	OKAZAKI Tadao
Tetsujiro Inoue	INOUE Tetsujiro
Koji Okubo	OKUBO Koji
Inosuke Furuno	FURUNO Inosuke
Toyosaburo Kikuchi	KIKUCHI Toyosaburo
Takeo Kamada	KAMADA Takeo
Shiro Koike	KOIKE Shiro
Shigeru Hazama	HAZAMA Shigeru
Tatsuzo Idogawa	IDOGAWA Tatsuzo
Iemasa Tokugawa	TOKUGAWA Iemasa
Hideo Yamakado	YAMAKADO Hideo
Seiichiro Fujimori	FUJIMORI Seiichiro
Chokei Okabe	OKABE Chokei
Mitsuo Miyata	MIYATA Mitsuo
Mrs. Senjuro Hayashi	Mrs. HAYASHI Senjuro
Hyogoro Sakurai	SAKURAI Hyogoro
Takehiko Sonoda	SONODA Takehiko
Ryoichi Goto	GOTO Ryoichi
Tetsukichi Kurachi	KURACHI Tetsukichi
Tadashiro Inoue	INOUE Tadashiro
Yorisada Tokugawa	TOKUGAWA Yorisada
Takeo Miyahara	MIYAHARA Takeo
Hachisaburo Hirao	HIRAO Hachisaburo
Cho Nagata	NAGATA Cho
Sanetaka Ichijo	ICHIJO Sanetaka
Toyozo Tanaka	TANAKA Toyozo
Yoshimi Takeuchi	TAKEUCHI Yoshimi
Kadoya Kikuchi	KIKUCHI Kadoya
Hiroshi Shimomura	SHIMOMURA Hiroshi
Tetsujiro Tsukita	TSUKITA Tetsujiro
Yahei Matsumiya	MATSUMIYA Yahei
Kan Kikuchi	KIKUCHI Kan
Wasaburo Oishi	OISHI Wasaburo
Naoe Naganuma	NAGANUMA Naoe
Saburo Nango	NANGO Saburo
Kenji Kodama	KODAMA Kenji
Ichizaemon Morimura	MORIMURA Ichizaemon
Ayao Kishimoto	KISHIMOTO Ayao
Katsutaro Inahara	INAHARA Katsutaro
Haruo Hayashi	HAYASHI Haruo
Takeshi Ikemi	IKEMI Takeshi
Yukichi Satani	SATANI Yukichi
Taichi Kitajima	KITAJIMA Taichi
Kazukiyo Yokoyama	YOKOYAMA Kazukiyo
Tokuhei Koshida	KOSHIDA Tokuhei
Masaharu Sakamoto	SAKAMOTO Masaharu
Masuzo Nomura	NOMURA Masuzo
Shotaro Takeichi	TAKEICHI Shotaro
Takematsu Makiyama	MAKIYAMA Takematsu
Naomichi Takechi	TAKECHI Naomichi
Yorinaga Matsudaira	MATSUDAIRA Yorinaga
Ryusaku Endo	ENDO Ryusaku
Junji Nomura	NOMURA Junji
Dentaro Maruyama	MARUYAMA Dentaro
Moritatsu Hosokawa	HOSOKAWA Moritatsu
Kin-ichi Takebe	TAKEBE Kin-ichi
Tsunenobu Okuma	OKUMA Tsunenobu
Masao Kanda	KANDA Masao
Takeo Takasaki	TAKASAKI Takeo
Chisaku Shinoda	SHINODA Chisaku
Masamichi Royama	ROYAMA Masamichi
Yuzo Yamada	YAMADA Yuzo
Enkichi Ito	ITO Enkichi
Takafumi Yamamuro	YAMAMURO Takafumi
Takeyoshi Miki	MIKI Takeyoshi
Soichi Kasuya	KASUYA Soichi
Yoshitatsu Tanaka	TANAKA Yoshitatsu
Michitomo Iwakura	IWAKURA Michitomo
Matsukichi Koyama	KOYAMA Matsukichi
Tokuichi Himeno	HIMENO Tokuichi
Takashi Izaka	IZAKA Takashi
Setsuzo Sawada	SAWADA Setsuzo
Sho Toki	TOKI Sho
Ju Saito	SAITO Ju
Soichi Nakajima	NAKAJIMA Soichi
Yoshizo Kuwata	KUWATA Yoshizo
Rentaro Mizuno	MIZUNO Rentaro
Hantaro Nagaoka	NAGAOKA Hantaro
Haruki Yamawaki	YAMAWAKI Haruki
Masasuke Nakagawa	NAKAGAWA Masasuke
Kenzo Takayanagi	TAKAYANAGI Kenzo
Murakanei	MURAKANEI
Nikinya	
J. Moore	
R. Aron D.	
Ken e Takayama	TAKAYAMA Ken e
Dōkyō	
Yasuhito, Prince Chichibu	
Hirobumi Itō	ITŌ Hirobumi
Shigeo Ōdachi	ŌDACHI Shigeo
Ginjirō Fujiwara	FUJIWARA Ginjirō
Chūda Matsuda	MATSUDA Chūda
Yoshiatsu Hori	HORI Yoshiatsu
Kasuke Suzuki	SUZUKI Kasuke
Captain T. Osada	Captain OSADA T.
Y. Nonaka	NONAKA Y.
Takashi Kanoya	KANOYA Takashi
Hajime Miyata	MIYATA Hajime
Fukuzo Harada	HARADA Fukuzo
Shinji Fujita	FUJITA Shinji
Toshihisa Nakamura	NAKAMURA Toshihisa
Kakuji Kakuda	KAKUDA Kakuji
Admiral Heihachiro Togo	Admiral TOGO Heihachiro
Captain Kamanoka	Captain KAMANOKA
Sozan Miyoshi	MIYOSHI Sozan
Hirose	HIROSE
F. W. Hinke	
Shiroshi Nasu	NASU Shiroshi
Hesagoshi Eshima Yasumaga	
Teruo Hachiya	HACHIYA Teruo
Bunjiro Miake	MIAKE Bunjiro
H. Hirayama	HIRAYAMA H.
Toyotomi Hideyoshi	TOYOTOMI Hideyoshi
Prince Kuni Asaakira	Prince KUNI Asaakira
Prince Fushimi Hiroyoshi	Prince FUSHIMI Hiroyoshi
Seizo Kobayashi	KOBAYASHI Seizo
Tadashige Daigo	DAIGO Tadashige
Matome Ugaki	UGAKI Matome
Teijiro Kobayashi	KOBAYASHI Teijiro
Tomokatsu Kodama	KODAMA Tomokatsu
Yamahashi	YAMAHASHI
Kitao	KITAO
Nakai	NAKAI
Unida	UNIDA
Ushinosuke Yamamoto	YAMAMOTO Ushinosuke
Kamesaburo Nakamura	NAKAMURA Kamesaburo
Okichi	
Kosaburo Tsunekawa	TSUNEKAWA Kosaburo
Shigehiko Ikoma	IKOMA Shigehiko
Yoshiro Watanabe	WATANABE Yoshiro
Koichiro Kagami	KAGAMI Koichiro
Sukokin	
S. Eguchi	EGUCHI S.
Torazo Hidai	HIDAI Torazo
Koichi Itagaki	ITAGAKI Koichi
Hyoe Minaguchi	MINAGUCHI Hyoe
Mr. Robinson	
J. Yoshimoto	YOSHIMOTO J.
F. M. Nomura	NOMURA F. M.
Hiroshi Kitamura	KITAMURA Hiroshi
Hikaru Kitamura	KITAMURA Hikaru
Tadashi Kitamura	KITAMURA Tadashi
Kori Tanaka	TANAKA Kori
S. Iguchi	IGUCHI S.
Mr. Ohata	
Shigeki Tashiro	TASHIRO Shigeki
Gen-itsu Kita	KITA Gen-itsu
Masao Horio	HORIO Masao
T. Tagabayashi	TAGABAYASHI T.
Keitaro Chira	CHIRA Keitaro
Ikuo Oyama	OYAMA Ikuo
Shibata	SHIBATA
R. Masutani	MASUTANI R.
O. Rokusha	ROKUSHA O.
T. Tachibana	TACHIBANA T.
H. Manako	MANAKO H.
S. Sakurai	SAKURAI S.
Kobamatsu	KOBAMATSU
Shibano	SHIBANO
Puyi	
Chikaido Okada	OKADA Chikaido
Yoshio Tsubiyama	TSUBIYAMA Yoshio
Kiyoshi Kawakami	KAWAKAMI Kiyoshi
Torataro Ushizuka	USHIZUKA Torataro
Asaakira Kuni	KUNI Asaakira
Iyesato Tokugawa	TOKUGAWA Iyesato
Nobuya Uchida	UCHIDA Nobuya
I. Ueda	UEDA I.
Mata Hari	
Saitō Kichi	SAITŌ Kichi
Ekiken Kaibara	KAIBARA Ekiken
Kuranosuke Oishi	OISHI Kuranosuke
Teiso Sakiya	SAKIYA Teiso
Hansen	
Kanamori	KANAMORI
Kikue Kato	KATO Kikue
Teijiro Kato	KATO Teijiro
Mr. Butan	
Reba	
Dina	
Setsuichi Aoki	AOKI Setsuichi
Hitomi Teda	TEDA Hitomi
G. B. Waiden	
Nakasugi	NAKASUGI
Hashizume	HASHIZUME
C. Serantee	
Seisaku Shioni	SHIONI Seisaku
Sokokin	
Masami Maeda	MAEDA Masami
A. Wani	WANI A.
Kunio Akiyama	AKIYAMA Kunio
S. Nakagawa	NAKAGAWA S.
Masanori Hasegawa	HASEGAWA Masanori
M. Matsuda	MATSUDA M.
S. Kawakami	KAWAKAMI S.
E. Ishihara	ISHIHARA E.
Keiryo Inutsuka	INUTSUKA Keiryo
T. Otori	OTORI T.
Toshibumi Hasegawa	HASEGAWA Toshibumi
M. Konishi	KONISHI M.
H. Kano	KANO H.
Toshiro Nomi	NOMI Toshiro
M. Noguchi	NOGUCHI M.
H. Hayashi	HAYASHI H.
Shigesaburo Miyazaki	MIYAZAKI Shigesaburo
Umikichi Okada	OKADA Umikichi
Uyeki	UYEKI
Denshichi Okochi	OKOCHI Denshichi
Kakusaburo Makita	MAKITA Kakusaburo
Yoshio Yamamoto	YAMAMOTO Yoshio
Motoshige Fujita	FUJITA Motoshige
Wataru Ezaka	EZAKA Wataru
H. Seine	SEINE H.
Risaburo Fujita	FUJITA Risaburo
Shoichi Kamada	KAMADA Shoichi
Sadanao Yamazaki	YAMAZAKI Sadanao
Inaho Otani	OTANI Inaho
Joichi Fukai	FUKAI Joichi
Eitoro Yoshioka	YOSHIOKA Eitoro
Kaneko	KANEKO
Haruo Teshima	TESHIMA Haruo
K. C. Hogate	
Marion C. C. A.	
Isami Suzukawa	SUZUKAWA Isami
Tatsumi Iwahashi	IWAHASHI Tatsumi
Tsuyee Pei	
Fumimaro Konoye	KONOYE Fumimaro
Kanji Maruyama	MARUYAMA Kanji
Kozaburo Kataoka	KATAOKA Kozaburo
Junichi Miyata	MIYATA Junichi
Heihachiro Togo	TOGO Heihachiro
Shujiro Iwasaki	IWASAKI Shujiro
Koichiro Asakai	ASAKAI Koichiro
Kazuo Shimoda	SHIMODA Kazuo
Tomate Ihiraki	IHIRAKI Tomate
Kinmujo Siraki	SIRAKI Kinmujo
Juichi Honke	HONKE Juichi
Y. Megurikami	MEGURIKAMI Y.
Tohan Dando	DANDO Tohan
Nemoto	NEMOTO
Tadashi Fuji	FUJI Tadashi
Chozaemon Hagata	HAGATA Chozaemon
Gunzaburo Hatanaka	HATANAKA Gunzaburo
Eiichi Hirose	HIROSE Eiichi
Yoshikazu Fujimura	FUJIMURA Yoshikazu
Yoichi Inouye	INOUYE Yoichi
Takeo Ishizuka	ISHIZUKA Takeo
Hideo Juumaru	JUUMARU Hideo
Torazo Kishima	KISHIMA Torazo
Jotaro Koda	KODA Jotaro
Tsutomu Kuwaki	KUWAKI Tsutomu
Zengoro Komori	KOMORI Zengoro
Nobuo Kurihara	KURIHARA Nobuo
Kiyoshi Makimura	MAKIMURA Kiyoshi
Iori Mishina	MISHINA Iori
Susumu Nakagawa	NAKAGAWA Susumu
Asata Nakamura	NAKAMURA Asata
Harutaro Nakamura	NAKAMURA Harutaro
Kaoru Nakashita	NAKASHITA Kaoru
Masanori Nishihata	NISHIHATA Masanori
Hisashi Nishi	NISHI Hisashi
Toranosuke Oda	ODA Toranosuke
Hiroshi Onouchi	ONOUCHI Hiroshi
Tameichi Sanada	SANADA Tameichi
Tatsuya Sato	SATO Tatsuya
Kazutoshi Sato	SATO Kazutoshi
Shozo Sato	SATO Shozo
Masao Seto	SETO Masao
Haruo Sezaki	SEZAKI Haruo
Tsunokichi Sugita	SUGITA Tsunokichi
Taro Tokunaga	TOKUNAGA Taro
Saburo Ura	URA Saburo
Matao Uriu	URIU Matao
Masuo Ureshino	URESHINO Masuo
Koichi Wakuta	WAKUTA Koichi
Shin-Ichiro Watanabe	WATANABE Shin-Ichiro
Shoichi Yamada	YAMADA Shoichi
Takaji Yamaguchi	YAMAGUCHI Takaji
Shizuzo Yamanaka	YAMANAKA Shizuzo
Takio Enna	ENNA Takio
Eiichi Kogo	KOGO Eiichi
Hitoshi Okumura	OKUMURA Hitoshi
Rinichi Sasaki	SASAKI Rinichi
Eiichi Shibusawa	SHIBUSAWA Eiichi
Yataro Iwasaki	IWASAKI Yataro
Prince Iyesato Tokugawa	Prince TOKUGAWA Iyesato
Viscount T. Inouye	Viscount INOUYE T.
Count Kobayashi	Count KOBAYASHI
Ichirō Hatoyama	HATOYAMA Ichirō
Tomoyuki Yamashita	YAMASHITA Tomoyuki
C. K. Hunton	
Ken Inukai	INUKAI Ken
Hiroshi Chiba	CHIBA Hiroshi
W. F. Baton Rouge	
Rope	
Tsuneyuki Shimamuki	SHIMAMUKI Tsuneyuki
Miron Giroiu	
Madame Goga	
Jun Noguchi	NOGUCHI Jun
Naokata Yamazaki	YAMAZAKI Naokata
Kaoru Tanaka	TANAKA Kaoru
Nobuyuki Inouye	INOUYE Nobuyuki
Sadakatsu Tokuda	TOKUDA Sadakatsu
Nagamichi Kuroda	KURODA Nagamichi
Yashichi Otani	OTANI Yashichi
Mrs. Yashichi Otani	Mrs. OTANI Yashichi
Ryuki Sakamoto	SAKAMOTO Ryuki
Kyohei Kato	KATO Kyohei
Giichi Tanaka	TANAKA Giichi
Takuo Gōdō	GŌDŌ Takuo
V. H. Hougen	
Lieutenant General Tada	Lieutenant General TADA
Ichimatsu Horai	HORAI Ichimatsu
Kyujiro Murai	MURAI Kyujiro
Nobu Akiyama	AKIYAMA Nobu
Kazu Saito	SAITO Kazu
Kenji Marukawa	MARUKAWA Kenji
Kenji Kamijo	KAMIJO Kenji
Seiichi Annen	ANNEN Seiichi
Naoshi Yasugi	YASUGI Naoshi
Naruyo Shibuya	SHIBUYA Naruyo
Shishiro Kudo	KUDO Shishiro
Yakichi Suitsu	SUITSU Yakichi
Otani	OTANI
Seijiro Yazawa	YAZAWA Seijiro
Sotochi Hara	HARA Sotochi
Kazuta Kobashi	KOBASHI Kazuta
Sango Satake	SATAKE Sango
Toma Kusumi	KUSUMI Toma
Takendo Ichijo	ICHIJO Takendo
Itaru Ninomiya	NINOMIYA Itaru
Emperor Hirohito (Emperor Shōwa)	
Setsuko, Princess Chichibu	
Kazushige Hirasawa	HIRASAWA Kazushige
Hiroshi Saito	SAITO Hiroshi
Shinichi Kondo	KONDO Shinichi
Maoichi Okuda	OKUDA Maoichi
Kohei Teraoka	TERAOKA Kohei
Satoru Takahashi	TAKAHASHI Satoru
Kaoru Hayashi	HAYASHI Kaoru
Katsuma Urabe	URABE Katsuma
Takezo Shimoda	SHIMODA Takezo
Sakito Sato	SATO Sakito
Ichiro Ota	OTA Ichiro
Hide Yosano	YOSANO Hide
Osamu Itagaki	ITAGAKI Osamu
Hideo Kitahara	KITAHARA Hideo
Mikiso Nagai	NAGAI Mikiso
Ryuji Sato	SATO Ryuji
Toru Nakagawa	NAKAGAWA Toru
Tsunemitsu Ueda	UEDA Tsunemitsu
Senjin Tsuruoka	TSURUOKA Senjin
Kanichiro Kubota	KUBOTA Kanichiro
Yutaka Konagaya	KONAGAYA Yutaka
Morio Yukawa	YUKAWA Morio
Tatsuo Suyama	SUYAMA Tatsuo
Gahaku Nakayama	NAKAYAMA Gahaku
Shiro Haga	HAGA Shiro
Takuya Ito	ITO Takuya
Kota Hoketsu	HOKETSU Kota
Masayoshi Kakitsubo	KAKITSUBO Masayoshi
Minoru Imai	IMAI Minoru
Kenichiro Yoshida	YOSHIDA Kenichiro
Akira Sono	SONO Akira
Sho Shigemitsu	SHIGEMITSU Sho
Tsuneo Takahashi	TAKAHASHI Tsuneo
Hiroshi Sugiura	SUGIURA Hiroshi
Mitsuo Tanaka	TANAKA Mitsuo
Kenzo Tanaka	TANAKA Kenzo
Shinsaku Hogen	HOGEN Shinsaku
Akira Matsui	MATSUI Akira
Saburo Minowa	MINOWA Saburo
Giichi Maekawa	MAEKAWA Giichi
Masayuki Shintani	SHINTANI Masayuki
Tasaku Kojima	KOJIMA Tasaku
Masakatsu Ogasawara	OGASAWARA Masakatsu
Masakatsu Suzuki	SUZUKI Masakatsu
Hiroshi Kanatsugu	KANATSUGU Hiroshi
Shintaro Ato	ATO Shintaro
Isoma Kobayashi	KOBAYASHI Isoma
Tetsu Katayama	KATAYAMA Tetsu
Shigeo Matsumoto	MATSUMOTO Shigeo
Mitsusuke Yonekubo	YONEKUBO Mitsusuke
Winton	
Prince Fushimi	Prince FUSHIMI
Ryoichi Shiraishi	SHIRAISHI Ryoichi
Yoshisuke Isoda	ISODA Yoshisuke
Yoshi Sudo	SUDO Yoshi
Masataka Kitagawa	KITAGAWA Masataka
Yoshio Nakano	NAKANO Yoshio
Kenji Oyama	OYAMA Kenji
Yukiyoshi Sute	SUTE Yukiyoshi
Minoru Takada	TAKADA Minoru
Hirotaka Tsuda	TSUDA Hirotaka
Yoshiyuki Inouye	INOUYE Yoshiyuki
Moritoshi Maeda	MAEDA Moritoshi
Tsuneo Hatosaki	HATOSAKI Tsuneo
Kiyoshi Togasaki	TOGASAKI Kiyoshi
Toshiyuki Mori	MORI Toshiyuki
Itaru Tachibana	TACHIBANA Itaru
Takekatsu Endo	ENDO Takekatsu
Takeo Hato	HATO Takeo
Sogo Imai	IMAI Sogo
Tazura Saigetsu	SAIGETSU Tazura
Saigo	SAIGO
Sadatomo Ota	OTA Sadatomo
Shigeyoshi Sakabe	SAKABE Shigeyoshi
Kuniji Ozawa	OZAWA Kuniji
Hiroshi Hara	HARA Hiroshi
Kozo Miyabe	MIYABE Kozo
Ichiro Ita	ITA Ichiro
Yuzo Ishikawa	ISHIKAWA Yuzo
Tsutomu Nakamura	NAKAMURA Tsutomu
Masakazu Tsukasaki	TSUKASAKI Masakazu
Yorihiro Naito	NAITO Yorihiro
Yoshio Mimura	MIMURA Yoshio
Tokio Sasaki	SASAKI Tokio
Hideo Imaizumi	IMAIZUMI Hideo
Katsuyuki Murase	MURASE Katsuyuki
Yonosuke Tanaka	TANAKA Yonosuke
Yasushi Obata	OBATA Yasushi
Jiro Shoda	SHODA Jiro
Mantaro Matsumoto	MATSUMOTO Mantaro
Nobutaro Ishii	ISHII Nobutaro
Takahisa Nakamura	NAKAMURA Takahisa
Kiyomi Sagawa	SAGAWA Kiyomi
Asaichi Isai	ISAI Asaichi
Toshinosuke Hato	HATO Toshinosuke
Takanobu Manaki	MANAKI Takanobu
Tatsuji Kubo	KUBO Tatsuji
J. H. Page	
N. Sugimoto	SUGIMOTO N.
Eugene M. Dooman	
Eisuke Zensei	ZENSEI Eisuke
Henke	
H. Owen	
Masunosuke Odagiri	ODAGIRI Masunosuke
Kiyoshi Seshimo	SESHIMO Kiyoshi
Mr. Gagashi	Mr. GAGASHI
Mr. Takenaka	Mr. TAKENAKA
Fumiko Hayashi	HAYASHI Fumiko
Hatsue Koike	KOIKE Hatsue
Kaiko Ifukube	IFUKUBE Kaiko
Shizue Masugi	MASUGI Shizue
Haruhiko Takada	TAKADA Haruhiko
Shinnosuke Abe	ABE Shinnosuke
Seicho Kondo	KONDO Seicho
Rokuro Aruga	ARUGA Rokuro
T. Shirakawa	SHIRAKAWA T.
M. Nagai	NAGAI M.
T. Nakamura	NAKAMURA T.
K. Marunuchi	MARUNUCHI K.
Asada	ASADA
Kyoji Kitada	KITADA Kyoji
Sentaro Asai	ASAI Sentaro
Kokichi Koike	KOIKE Kokichi
Shigeru Sumida	SUMIDA Shigeru
R. Takashima	TAKASHIMA R.
Kunio Azuma	AZUMA Kunio
Kinnosuke Horii	HORII Kinnosuke
Kahei Iijima	IIJIMA Kahei
Kunaji Ikeda	IKEDA Kunaji
Tomeji Inamura	INAMURA Tomeji
Ichiro Mitsuoka	MITSUOKA Ichiro
Tsuneharu Miyamoto	MIYAMOTO Tsuneharu
Goro Saito	SAITO Goro
Tsunekichi Takamatsu	TAKAMATSU Tsunekichi
Mitsuyoshi Torii	TORII Mitsuyoshi
Yosuke Ikeda	IKEDA Yosuke
Yasuhachi Yokoi	YOKOI Yasuhachi
Kunio Yoshida	YOSHIDA Kunio
Yoichi Fujita	FUJITA Yoichi
Mirowara	
Y. Yoshi	
Ryuichi Gakuga	GAKUGA Ryuichi
Niso Kijima	KIJIMA Niso
Isao Yoshino	YOSHINO Isao
Ryuichi Ishii	ISHII Ryuichi
Manson	
Mitsuyoshi Iguni	IGUNI Mitsuyoshi
Kosaku Kihara	KIHARA Kosaku
Furuo Taguchi	TAGUCHI Furuo
Kiyoshi Inukawa	INUKAWA Kiyoshi
Yu Chiba-ran	
Sanzo Kurota	KUROTA Sanzo
Matsuhiro Nakamura	NAKAMURA Matsuhiro
S. Mijuo	MIJUO S.
T. Furuta	FURUTA T.
Mr. Rose	
Hiroo Wada	WADA Hiroo
Yoshio Kami	KAMI Yoshio
Rikizo Hirano	HIRANO Rikizo
Chōzaburō Mizutani	MIZUTANI Chōzaburō
Fusanosuke Kuhara	KUHARA Fusanosuke
Sanji Muto	MUTO Sanji
Kisaburo Suzuki	SUZUKI Kisaburo
Koyata Iwasaki	IWASAKI Koyata
Gunji Hosono	HOSONO Gunji
W. L. Chai	
Aikata Mito	MITO Aikata
Ioriwaki Hirasawa	HIRASAWA Ioriwaki
Hiraishi Shono	SHONO Hiraishi
Shingo Hakano	HAKANO Shingo
Toigo Ishizuro	ISHIZURO Toigo
Motoyuki Tokunaga	TOKUNAGA Motoyuki
Yasuhiko Takasue	TAKASUE Yasuhiko
Katsumi Shigizu	SHIGIZU Katsumi
Bunki Oga	OGA Bunki
Yoshio Matsuzaki	MATSUZAKI Yoshio
Yoshio Kuroda	KURODA Yoshio
B. A. Kakukin	
R. Finn	
Mitsugu Sengoku	SENGOKU Mitsugu
Kōsai Uchida	UCHIDA Kōsai
Yoshijuni Kato	KATO Yoshijuni
Tayeko Kato	KATO Tayeko
Kenzo Adachi	ADACHI Kenzo
Dr. Masaharu Anesaki	Dr. ANESAKI Masaharu
Marquis Tokugawa	Marquis TOKUGAWA
Soichi Saito	SAITO Soichi
Saburo Soshiroda	SOSHIRODA Saburo
Kubo	KUBO
Katsuto Kaneko	KANEKO Katsuto
Umataro Tanimoto	TANIMOTO Umataro
Shuichiro Higashi	HIGASHI Shuichiro
Shiro Takasu	TAKASU Shiro
Hisajiro Fujita	FUJITA Hisajiro
Nobutaka Kondo	KONDO Nobutaka
Sakae Tokunaga	TOKUNAGA Sakae
Ryukichi Nikaido	NIKAIDO Ryukichi
K. Owago	OWAGO K.
H. Saito	SAITO H.
K. Takeuchi	TAKEUCHI K.
Kensuke Horiuchi	HORIUCHI Kensuke
Tokijiro Hirata	HIRATA Tokijiro
Kanekazu Okada	OKADA Kanekazu
Chinei Kaneshiro	KANESHIRO Chinei
Shōzō Murata	MURATA Shōzō
Itani	ITANI
Seinosuke Gō	GŌ Seinosuke
Hachisaburō Hirao	HIRAO Hachisaburō
Suyehiko Shiono	SHIONO Suyehiko
Matahiko Oshima	OSHIMA Matahiko
Takeichi Nishi	NISHI Takeichi
Jinsaburo Masaki	MASAKI Jinsaburo
Kingoro Hashimoto	HASHIMOTO Kingoro
Masafumi Yamauchi	YAMAUCHI Masafumi
Aketo Nakamura	NAKAMURA Aketo
Kanji Ishiwara	ISHIWARA Kanji
Masuo Kimoto	KIMOTO Masuo
Keisuke Fujie	FUJIE Keisuke
Wu Peifu	
Yasunosuke Fukukita	FUKUKITA Yasunosuke
Hitoshi Imamura	IMAMURA Hitoshi
Yoshio Iwamatsu	IWAMATSU Yoshio
Yoshio Kozuki	KOZUKI Yoshio
Seitaro Nomura	NOMURA Seitaro
Toshizo Nishio	NISHIO Toshizo
Bunzaburo Kawakishi	KAWAKISHI Bunzaburo
Noboru Kunizaki	KUNIZAKI Noboru
Shizuichi Tanaka	TANAKA Shizuichi
Makoto Tatsumi	TATSUMI Makoto
Sobu Yamamoto	YAMAMOTO Sobu
Shiro Kuwabara	KUWABARA Shiro
Masataka Yamawaki	YAMAWAKI Masataka
Kenryo Sato	SATO Kenryo
Kengo Noda	NODA Kengo
Chuji Higo	HIGO Chuji
Masatane Kanda	KANDA Masatane
Soichi Uchida	UCHIDA Soichi
Ringo Yamamoto	YAMAMOTO Ringo
Motoo Furusho	FURUSHO Motoo
Prince Yasuhiko Asaka	Prince ASAKA Yasuhiko
Akira Muto	MUTO Akira
Saburo Isoda	ISODA Saburo
Tatsuni Iwahashi	IWAHASHI Tatsuni
Matsuki	MATSUKI
Yamanaka	YAMANAKA
D. M. Bane	
Matsuo Tsuda	TSUDA Matsuo
W. H. Moran	
Susumu Okano	OKANO Susumu
Sakae Matsui	MATSUI Sakae
Suetaka Hayano	HAYANO Suetaka
Senshi Egi	EGI Senshi
Yasushi Hijikata	HIJIKATA Yasushi
Tadao Yamakawa	YAMAKAWA Tadao
Hisa Kamei	KAMEI Hisa
Makoto Takita	TAKITA Makoto
Shuichi Shinohara	SHINOHARA Shuichi
Dr. Mason	
Kun-ichi Sasaki	SASAKI Kun-ichi
Okada	OKADA
Nobutoshi Taketomi	TAKETOMI Nobutoshi
Masanosuke Okada	OKADA Masanosuke
Kyohei Kamada	KAMADA Kyohei
Dr. Kotaro Tanaka	Dr. TANAKA Kotaro
Ringo Kusabuka	KUSABUKA Ringo
Ejiro Yamaza	YAMAZA Ejiro
Sakutaro Tachi	TACHI Sakutaro
Takaaki Kato	KATO Takaaki
Koichi Kido	KIDO Koichi
Goro Hishinuma	HISHINUMA Goro
Yuko Hamaguchi	HAMAGUCHI Yuko
Masanao Hanihara	HANIHARA Masanao
Mrs. Masanao Hanihara	Mrs. HANIHARA Masanao
Ki Inukai	INUKAI Ki
Masao Shibusawa	SHIBUSAWA Masao
Kyugoro Obata	OBATA Kyugoro
Nobuhito, Prince Takamatsu	
Nagako (Empress Kojun)	
Sadako (Empress Teimei)	
Saburo Hyakutake	HYAKUTAKE Saburo
Yukitada Sasaki	SASAKI Yukitada
Kazutami Tago	TAGO Kazutami
Chao Chi	
Kiyojiro Hamada	HAMADA Kiyojiro
Kazuma Nakayama	NAKAYAMA Kazuma
Mrs. Jiro Hayakawa	Mrs. HAYAKAWA Jiro
M. Nakajima	NAKAJIMA M.
Sawada	SAWADA
Takeo Yasuba	YASUBA Takeo
Shigeru Kamiya	KAMIYA Shigeru
Takao Katayama	KATAYAMA Takao
Naoya Nagamine	NAGAMINE Naoya
Nozoe	NOZOE
Fujita	FUJITA
Kobari	KOBARI
Katsushige Nakaya	NAKAYA Katsushige
Fujii	FUJII
Yahachiro Miyahara	MIYAHARA Yahachiro
Ryohei Wada	WADA Ryohei
Hanpei Nagao	NAGAO Hanpei
Takayuki Ikuye	IKUYE Takayuki
Masasuke Masutomi	MASUTOMI Masasuke
Tsunejiro Matsuyama	MATSUYAMA Tsunejiro
Hideko Inouye	INOUYE Hideko
Yoneko Imai	IMAI Yoneko
Tsurukichi Maruyama	MARUYAMA Tsurukichi
Choichi Ariyoshi	ARIYOSHI Choichi
Teizaburo Sekiya	SEKIYA Teizaburo
Takesuke Shirane	SHIRANE Takesuke
Shigeo Kawasaki	KAWASAKI Shigeo
Giichiro Asahi	ASAHI Giichiro
Shoji Takahashi	TAKAHASHI Shoji
Kanjo Yugi	YUGI Kanjo
Eizo Matsumoto	MATSUMOTO Eizo
Kesaguma Noguchi	NOGUCHI Kesaguma
Shizuo Okamoto	OKAMOTO Shizuo
Sadaichi Aiga	AIGA Sadaichi
Morizawa	MORIZAWA
Kaneshiro Shibayama	SHIBAYAMA Kaneshiro
S. Hayashi	HAYASHI S.
Yanagisawa	YANAGISAWA
H. N. Nakashita	NAKASHITA H. N.
Tanimura	TANIMURA
T. Miyamoto	MIYAMOTO T.
T. Hoshi	HOSHI T.
Usaburo Moritani	MORITANI Usaburo
Eizo Negi	NEGI Eizo
Moriji Oki	OKI Moriji
Masayoshi Tawara	TAWARA Masayoshi
Nakakichi Muroi	MUROI Nakakichi
Mitsuro Arita	ARITA Mitsuro
Shiro Ichikawa	ICHIKAWA Shiro
Shoichi Asano	ASANO Shoichi
Kenji Kitada	KITADA Kenji
Masaichi Yuoka	YUOKA Masaichi
Kinjiro Sasamoto	SASAMOTO Kinjiro
Yutaro Kikuchi	KIKUCHI Yutaro
Kanichi Kimura	KIMURA Kanichi
T. Shirane	SHIRANE T.
Michio Yuzawa	YUZAWA Michio
K. Yuki	YUKI K.
Kusama	KUSAMA
Mayeda	MAYEDA
Kawatatsu	KAWATATSU
Tsunekichi Ito	ITO Tsunekichi
Tadauki Ito	ITO Tadauki
S. Miyata	MIYATA S.
Mori	MORI
Usaburo Morishita	MORISHITA Usaburo
Hatsunojo Okabe	OKABE Hatsunojo
Kakitomo Yoshioka	YOSHIOKA Kakitomo
Shinichi Koizumi	KOIZUMI Shinichi
Iwakichi Takahashi	TAKAHASHI Iwakichi
Shotaro Kawabata	KAWABATA Shotaro
Zenji Tsujita	TSUJITA Zenji
Hideo Sugimoto	SUGIMOTO Hideo
Onishi	ONISHI
S. Kuriyama	KURIYAMA S.
Sumisaburo Takenaga	TAKENAGA Sumisaburo
Denzo Yanagida	YANAGIDA Denzo
Seiichi Morita	MORITA Seiichi
Tokushi Ai	AI Tokushi
Kosaku Tsujido	TSUJIDO Kosaku
Yakichi Nakamura	NAKAMURA Yakichi
Yataro Matsuoka	MATSUOKA Yataro
Monzo Nishijima	NISHIJIMA Monzo
Komataro Matsuzaki	MATSUZAKI Komataro
Uyeno	UYENO
Ichiro Koga	KOGA Ichiro
Kakuji Nishiyori	NISHIYORI Kakuji
Tamotsu Mayeda	MAYEDA Tamotsu
Kiyomatsu Fujihara	FUJIHARA Kiyomatsu
Jiro Kondo	KONDO Jiro
Fusataro Izumi	IZUMI Fusataro
Yusuta Miura	MIURA Yusuta
Masaichi Mugikawa	MUGIKAWA Masaichi
Tomaju Yoshioka	YOSHIOKA Tomaju
Ho Ti Yuen	
Hatsugo Yoshikawa	YOSHIKAWA Hatsugo
N. Komai	KOMAI N.
Jan Kuromiya	KUROMIYA Jan
Saburo Tanida	TANIDA Saburo
Shintaro Inoue	INOUE Shintaro
Shinichi Masuda	MASUDA Shinichi
S. Motoji	MOTOJI S.
Toyoji Harada	HARADA Toyoji
Teruo Ishii	ISHII Teruo
Akihiko Tsurumaru	TSURUMARU Akihiko
Ukichi Hirayama	HIRAYAMA Ukichi
Hideji	
Ikeda	IKEDA
Kikuchi	KIKUCHI
Kinse Nakayama	NAKAYAMA Kinse
Manjiro Nakao	NAKAO Manjiro
G. Nagasawa	NAGASAWA G.
Chiyoma Iwamoto	IWAMOTO Chiyoma
Hitsumatsu Fukuno	FUKUNO Hitsumatsu
Mr. Hori	Mr. HORI
J. B. Pate	
Mr. Kawakubo	Mr. KAWAKUBO
Y. Megurikani	MEGURIKANI Y.
Yoshimoto Hosokawa	HOSOKAWA Yoshimoto
Ogama	OGAMA
Chapin	
Kenko Kawakubo	KAWAKUBO Kenko
Sanoko Megurikani	MEGURIKANI Sanoko
Chu Min-yi	
Noboru Ogawa	OGAWA Noboru
Kiyoshi Kuroda	KURODA Kiyoshi
Ichikawa	ICHIKAWA
Professor Kamada	Professor KAMADA
Ryoko Oshima	OSHIMA Ryoko
Yoshichika Tokugawa	TOKUGAWA Yoshichika
Viscount Tsushahedo	Viscount TSUSHAHEDO
Lieutenant General Okamoto	Lieutenant General OKAMOTO
Vice Admiral Inouye	Vice Admiral INOUYE
Yatabe	YATABE
Eiji Yoshikawa	YOSHIKAWA Eiji
Susuhunan Pakubuwono	
Professor Hirade	Professor HIRADE
Tetsuo Sugimoto	SUGIMOTO Tetsuo
Prince Tokugawa	Prince TOKUGAWA
Shinkichi Hashimoto	HASHIMOTO Shinkichi
Professor Ishida	Professor ISHIDA
Takematsu Okada	OKADA Takematsu
Kanju Kato	KATO Kanju
Kyuichi Tokuda	TOKUDA Kyuichi
Masanobu Inagaki	INAGAKI Masanobu
Denichiro Goto	GOTO Denichiro
Kakuzo Tsumura	TSUMURA Kakuzo
Etsuo Kato	KATO Etsuo
Daisaburo Tsugita	TSUGITA Daisaburo
Sankuro Ogasawara	OGASAWARA Sankuro
Ichizo Kobayashi	KOBAYASHI Ichizo
Jiichi Matsumoto	MATSUMOTO Jiichi
Yukitatsu Takigawa	TAKIGAWA Yukitatsu
Komakichi Matsuoka	MATSUOKA Komakichi
Shinkichi Unno	UNNO Shinkichi
Eiichi Makino	MAKINO Eiichi
Rikisaburo Imamura	IMAMURA Rikisaburo
Karoku Hosokawa	HOSOKAWA Karoku
Yoshitaro Hirano	HIRANO Yoshitaro
Kazuyoshi Ohashi	OHASHI Kazuyoshi
Ko Nakanishi	NAKANISHI Ko
Misao Ikeda	IKEDA Misao
Tanzan Ishibashi	ISHIBASHI Tanzan
Ichirō Kiyose	KIYOSE Ichirō
Shūmei Ōkawa	ŌKAWA Shūmei
C. Tamotsu	
Shukichi Fukushima	FUKUSHIMA Shukichi
Akitsune Imamura	IMAMURA Akitsune
Dr. Sasa	Dr. SASA
Kiyoo Wadati	WADATI Kiyoo
Y. Hagiwara	HAGIWARA Y.
Professor Miyabe	Professor MIYABE
Home Minister Kimura	Home Minister KIMURA
Empress Nagako	
Tatsugorō Okajima	OKAJIMA Tatsugorō
Shizuko Hayashi	HAYASHI Shizuko
Teruo Mukoyama	MUKOYAMA Teruo
R. Nakagawa	NAKAGAWA R.
Y. Terada	TERADA Y.
Haruko Uyeda	UYEDA Haruko
Tomeko Uyeda	UYEDA Tomeko
Fujima Kansuma	FUJIMA Kansuma
Komaki	KOMAKI
Okabe	OKABE
Jigorō Kanō	KANŌ Jigorō
Harada	HARADA
Nishino	NISHINO
Tokichi Matsumoto	MATSUMOTO Tokichi
Otoji Ogino	OGINO Otoji
A. Omura	OMURA A.
Taro Yashima	YASHIMA Taro
G. Tanimoto	TANIMOTO G.
K. Nishino	NISHINO K.
T. Taoka	TAOKA T.
I. Nagano	NAGANO I.
H. Mugishima	MUGISHIMA H.
R. Minko	MINKO R.
Shōen Ichikawa	ICHIKAWA Shōen
Hideko Takamine	TAKAMINE Hideko
Noboru Kiritachi	KIRITACHI Noboru
Jutarō Hanayagi	HANAYAGI Jutarō
T. N. Asato	ASATO T. N.
T. Yabuta	YABUTA T.
T. Asai	ASAI T.
Yoshimitsu Kikuchi	KIKUCHI Yoshimitsu
Yoshio Kodaira	KODAIRA Yoshio
Teru Miyano	MIYANO Teru
Sumiko Hidaka	HIDAKA Sumiko
Kyōko Asagiri	ASAGIRI Kyōko
Suisei Matsui	MATSUI Suisei
Chiyo Oikawa	OIKAWA Chiyo
Yōko Ueda	UEDA Yōko
Isuzu Yamada	YAMADA Isuzu
Kusubei Yamamoto	YAMAMOTO Kusubei
Tsuruo	
Kazuhei Tsukada	TSUKADA Kazuhei
Mr. Sugiyama	Mr. SUGIYAMA
Baron Tatsuo Yamamoto	Baron YAMAMOTO Tatsuo
Mr. Shimada	Mr. SHIMADA
Hanson	
Rokusaburo Nakamura	NAKAMURA Rokusaburo
Otojiro Okuda	OKUDA Otojiro
K. Hashimoto	HASHIMOTO K.
R. L. Moore	
Kiyoshi Kurisu	KURISU Kiyoshi
Sakuichi Kurisu	KURISU Sakuichi
Katsukichi Muraoka	MURAOKA Katsukichi
Masako Morishita	MORISHITA Masako
Mrs. Morishita	Mrs. MORISHITA
N. Wada	WADA N.
H. Wada	WADA H.
I. Wada	WADA I.
Mrs. S. Saka	Mrs. SAKA S.
Shigema Saka	SAKA Shigema
Togo Tanaka	TANAKA Togo
Kenji Nakauchi	NAKAUCHI Kenji
Nagao Kita	KITA Nagao
Muto	MUTO
Saburo Murayo	MURAYO Saburo
Shizuoka	
H. Tomita	TOMITA H.
Shuji Fujii	FUJII Shuji
Sesuke Kisamiki	KISAMIKI Sesuke
Benjamin C. Fan	
Y. Takenobu	TAKENOBU Y.
Akira Fukuoka	FUKUOKA Akira
Tsuneo Fujihara	FUJIHARA Tsuneo
Masashige Kusunoki	KUSUNOKI Masashige
Joshua R.	
Poman	
Mrs. W. D. Boone	
C. H. Pope	
Anton Manake	
Mr. Koen	
Mrs. C. K. Matson	
Rose Ton	
Ruan Wai Sue	
A. M. Rude	
Ryukichi Tanaka	TANAKA Ryukichi
Tokuzo Akiyama	AKIYAMA Tokuzo
Otake	OTAKE
Yoriyasu Arima	ARIMA Yoriyasu
Kenji Tomita	TOMITA Kenji
Sadaaki Kagesa	KAGESA Sadaaki
Shuitsu Tsuchihashi	TSUCHIHASHI Shuitsu
Prince Kotohito Kan-in	Prince KAN-IN Kotohito
Kisaburo Hamamoto	HAMAMOTO Kisaburo
Prince Yasuhito Chichibu	
Kotohito Kan-in	KAN-IN Kotohito
Hiroyasu Fushimi	FUSHIMI Hiroyasu
Nobufumi Ito	ITO Nobufumi
Kei Hara	HARA Kei
Masazo Sakonji	SAKONJI Masazo
Hiroyasu Ino	INO Hiroyasu
Soho Tokutomi	TOKUTOMI Soho
Ryosuke Ando (Anto)	ANDO Ryosuke (Anto)
Teijirō Toyoda	TOYODA Teijirō
Hideki Tōjō	TŌJŌ Hideki
Shigenori Tōgō	TŌGŌ Shigenori
Ichizō Kobayashi	KOBAYASHI Ichizō
Hiroyasu Inō	INŌ Hiroyasu
Kiyoshi Suetsugu	SUETSUGU Kiyoshi
Yoshitoshi Imagawa	IMAGAWA Yoshitoshi
Tsuneyoshi Ishibashi	ISHIBASHI Tsuneyoshi
Sadashirō Tobishima	TOBISHIMA Sadashirō
Maresuke Nogi	NOGI Maresuke
Toru Takagi	TAKAGI Toru
Seizo Sakonji	SAKONJI Seizo
Takeda	TAKEDA
Otozo Yamada	YAMADA Otozo
Kuriyama	KURIYAMA
Kanji Ishihara	ISHIHARA Kanji
Kenryo Ueda	UEDA Kenryo
Toshishige Yomota	YOMOTA Toshishige
Yoshijiro Umezu	UMEZU Yoshijiro
Okamoto	OKAMOTO
Takashi Hara	HARA Takashi
Takehiko Okuhira	OKUHIRA Takehiko
Jutaro Komura	KOMURA Jutaro
Aritomo Yamagata	YAMAGATA Aritomo
Masatake Terauchi	TERAUCHI Masatake
Uemura	UEMURA
Bin Akao	AKAO Bin
Ninigi-no-Mikoto	
Susanoo-no-Mikoto	
Izanagi-no-Kami	
Sadao Iguchi	IGUCHI Sadao
Teiji Tsubogami	TSUBOGAMI Teiji
Shigeru Hasunuma	HASUNUMA Shigeru
Yoshimune Abe	ABE Yoshimune
Shinzo Imai	IMAI Shinzo
Yasukichi Hayashi	HAYASHI Yasukichi
Isao Kawada	KAWADA Isao
Nobutake Kondo	KONDO Nobutake
Masasuke Hashimoto	HASHIMOTO Masasuke
Iwao Yamazaki	YAMAZAKI Iwao
Tsuneo Kazami	KAZAMI Tsuneo
Yoshie Saito	SAITO Yoshie
Tomin Suzuki	SUZUKI Tomin
Tetsuji Kada	KADA Tetsuji
Tomasaburō Takagi	TAKAGI Tomasaburō
Admiral Soosa	
Murobuse Takanobu	MUROBUSE Takanobu
Ozaki Yukio	OZAKI Yukio
Kagawa Toyohiko	KAGAWA Toyohiko
Mitani Chōzaburō	MITANI Chōzaburō
Fukumoto Kazuo	FUKUMOTO Kazuo
Baba Tsunego	BABA Tsunego
Inabuchi Tatsuo	INABUCHI Tatsuo
Shiraki Masayuki	SHIRAKI Masayuki
Minobe Tatsukichi	MINOBE Tatsukichi
Ōuchi Hyōe	ŌUCHI Hyōe
Imanaka Tsugimaro	IMANAKA Tsugimaro
Shibusawa Keizō	SHIBUSAWA Keizō
Aono Suekichi	AONO Suekichi
Masamune Hakuchō	MASAMUNE Hakuchō
Hasegawa Nyozekan	HASEGAWA Nyozekan
Saegusa Hakuson	SAEGUSA Hakuson
Suzuki Yasuzō	SUZUKI Yasuzō
Tsugita Daisaburō	TSUGITA Daisaburō
Horikiri Zenbei	HORIKIRI Zenbei
Andō Ryūsaku	ANDŌ Ryūsaku
Yokoyama Sukenari	YOKOYAMA Sukenari
Hishinuma Kiyonosuke	HISHINUMA Kiyonosuke
Ōasa Tadao	ŌASA Tadao
Maeda Yonezō	MAEDA Yonezō
Yamazaki Tatsunosuke	YAMAZAKI Tatsunosuke
Miyoshi Hideyuki	MIYOSHI Hideyuki
Tsugumo Yonetoshi	TSUGUMO Yonetoshi
Hoshino Naoki	HOSHINO Naoki
Kishi Nobusuke	KISHI Nobusuke
Gotō Fumio	GOTŌ Fumio
Aikawa Katsuroku	AIKAWA Katsuroku
Abe Genki	ABE Genki
Kaya Okinori	KAYA Okinori
Ishiwata Sōtarō	ISHIWATA Sōtarō
Aoki Kazuo	AOKI Kazuo
Ishiguro	ISHIGURO
Sengoku	SENGOKU
Nagai Kafū	NAGAI Kafū
Matsuhei Matsuo	MATSUO Matsuhei
Royama Masamichi	ROYAMA Masamichi
Kodama Yoshio	KODAMA Yoshio
Prince Higashikuni	Prince HIGASHIKUNI
Azuma Tosaku	AZUMA Tosaku
Kurosawa Torizō	KUROSAWA Torizō
Oikami Yasushi	OIKAMI Yasushi
Arakawa Shōji	ARAKAWA Shōji
Nakano Gorō	NAKANO Gorō
Inage Kinshichi	INAGE Kinshichi
Kamimura Tetsuya	KAMIMURA Tetsuya
Kodama Shō	KODAMA Shō
Sakaeda Yoshihata	SAKAEDA Yoshihata
Sumita Shōichi	SUMITA Shōichi
Teruhisa Yoshitoshi	
Matsuo Kyō	MATSUO Kyō
Kiyose Ichirō	KIYOSE Ichirō
Kōno Mitsu	KŌNO Mitsu
Nishiyama Tenzō	NISHIYAMA Tenzō
Satomi Kishio	SATOMI Kishio
Haga Kashiwa	HAGA Kashiwa
Hayashi Takashi	HAYASHI Takashi
Mori Kōichi	MORI Kōichi
Matsumoto Shin-ichi	MATSUMOTO Shin-ichi
Tosaka Jun	TOSAKA Jun
Miki Kiyoshi	MIKI Kiyoshi
Sata Ichirō	SATA Ichirō
Takeuchi Yū	TAKEUCHI Yū
Kondō Yasuo	KONDŌ Yasuo
Iwanami Shigeo	IWANAMI Shigeo
Abe Yoshinari	ABE Yoshinari
Yamamoto Sanehiko	YAMAMOTO Sanehiko
Arisawa Hiromi	ARISAWA Hiromi
Nakanishi Kō	NAKANISHI Kō
Mizushima Haruo	MIZUSHIMA Haruo
Toshiyoshi Ando	ANDO Toshiyoshi
Jen Wei-chun	
Han Pu-sen	
Isayama	ISAYAMA
Chao Nan-chuan	
Ho Yin-chin	
Montejo	
Dionisio	
Suetaka Hayao	SUETAKA Hayao
Ryokichi Nagai	NAGAI Ryokichi
G. R. Ranken	
Yoshiharu Akiyama	AKIYAMA Yoshiharu
Isamu Hara	HARA Isamu
Nishikawa	NISHIKAWA
Arai	ARAI
Tojiro Suzuki	SUZUKI Tojiro
Ginjiro Kanazawa	KANAZAWA Ginjiro
Morizo Takane	TAKANE Morizo
Masaharu Miwa	MIWA Masaharu
Kanichi Doi	DOI Kanichi
Yoshijiro Takaoka	TAKAOKA Yoshijiro
Shogoro Kubota	KUBOTA Shogoro
Kiyoji Kawaguchi	KAWAGUCHI Kiyoji
Riichiro Ochiai	OCHIAI Riichiro
Junzo Sakane	SAKANE Junzo
Mrs. Sakane	Mrs. SAKANE
Miss Sakane	Miss SAKANE
Joshichi Otani	OTANI Joshichi
Katsumo Ono	ONO Katsumo
Antonio Baamonde	
Ichibei Kido	KIDO Ichibei
Chihiro Uchida	UCHIDA Chihiro
Sukegoro Fukiya	FUKIYA Sukegoro
Shun Matsubara	MATSUBARA Shun
Jojiro Nozaki	NOZAKI Jojiro
Tadao Yoshihara	YOSHIHARA Tadao
Yoshio (Haru) Nakamura	NAKAMURA Yoshio (Haru)
Toshio Noma	NOMA Toshio
Shirakawa	SHIRAKAWA
Minoru Tateoka	TATEOKA Minoru
Tosuke Noma	NOMA Tosuke
Tomii	TOMII
Shigematsu	SHIGEMATSU
Yoshiaki Miura	MIURA Yoshiaki
Mr. Komine	Mr. KOMINE
H. Takawa	TAKAWA H.
S. S. Shirazi	
S. A. M. Moshi	
N. Kaduri	
Manashi Kashi	
Moshi Shoua	
Shinro Iyai	IYAI Shinro
Taneki Miura	MIURA Taneki
Yosio Sasamoto	SASAMOTO Yosio
Hideji Tiura	TIURA Hideji
Torao I	
Jiwa Iiyi	
Kenji Kobayashi	KOBAYASHI Kenji
Takazo Kobayashi	KOBAYASHI Takazo
Shigeri Masuri	
Seitaro Furino	FURINO Seitaro
Saburo Mitsui	MITSUI Saburo
Mituaki Hirano	HIRANO Mituaki
Shigeru Okuno	OKUNO Shigeru
Takesaburo S.	
Shiro Itsoura	ITSOURA Shiro
Teizo Ayuno	AYUNO Teizo
Tadashi Ota	OTA Tadashi
Tetsuo Obayashi	OBAYASHI Tetsuo
Yamagata	YAMAGATA
Kawaguchi	KAWAGUCHI
Takada	TAKADA
Kawasaki	KAWASAKI
Mitsuno	MITSUNO
Nagamine	NAGAMINE
Takeuchi	TAKEUCHI
Takaki	TAKAKI
Teshima	TESHIMA
Yoshioka	YOSHIOKA
Irie	IRIE
Okayama	OKAYAMA
Nieto	
Puhama	
Nayai	
Duran	
Saniga	
Rear Admiral Ukishita	Rear Admiral UKISHITA
Tan Pau Tuan	
General Onodera	General ONODERA
M. Yodokawa	YODOKAWA M.
Hanami	HANAMI
M. Yonekura	YONEKURA M.
Nomura	NOMURA
K. Okochi	OKOCHI K.
K. Kawauchi	KAWAUCHI K.
Chen Hou-Yu	
Kazuo Ichihashi	ICHIHASHI Kazuo
C. H. Bateman	
Takashi Hayashi	HAYASHI Takashi
Rejin	
Naoji Iwaki	IWAKI Naoji
Ekiko Ichihara	ICHIHARA Ekiko
Sake Nanjo	NANJO Sake
Kiyoshi Uchiyama	UCHIYAMA Kiyoshi
Minamoto Ichihara	ICHIHARA Minamoto
Nasao Ichihara	ICHIHARA Nasao
Kakura	KAKURA
Irumoru Iwahara	IWAHARA Irumoru
Tamatsu Imura	IMURA Tamatsu
Goichi Ichizaki	ICHIZAKI Goichi
Kimutsu Ichizaki	ICHIZAKI Kimutsu
Buruzuki Ichihara	ICHIHARA Buruzuki
Hisame	
Tadaichi Tada	TADA Tadaichi
Sōzō Komachiya	KOMACHIYA Sōzō
Tomesaburo Shimizu	SHIMIZU Tomesaburo
Kazuma Unno	UNNO Kazuma
Shinichi Fujii	FUJII Shinichi
Kuni Matsuo	MATSUO Kuni
Fukujiro Wakatsuki	WAKATSUKI Fukujiro
K. Mori	MORI K.
Utagawa Hiroshige	
Y. Okura	OKURA Y.
W. Otake	OTAKE W.
Mariano Moreno	
Kakuzō Okakura	OKAKURA Kakuzō
Matsuo Bashō	MATSUO Bashō
T. Nakashima	NAKASHIMA T.
N. Fujita	FUJITA N.
Jukichi Inouye	INOUYE Jukichi
Chozo Muto	MUTO Chozo
Tatsuo Kawai	KAWAI Tatsuo
Shōzaburō Kanazawa	KANAZAWA Shōzaburō
K. Sagami	SAGAMI K.
Tsuyoshi Tamura	TAMURA Tsuyoshi
Kaneshiro Ota	OTA Kaneshiro
Jiro Harada	HARADA Jiro
Seiichi Taki	TAKI Seiichi
C. O. Bunge	
Kingo Kawai	KAWAI Kingo
Isamu Yoshimura	YOSHIMURA Isamu
Gen Muraoka	MURAOKA Gen
Tsugimaru Tanoue	TANOUE Tsugimaru
Yoshio Shinya	SHINYA Yoshio
Tadashichi Yamada	YAMADA Tadashichi
Genji Sugano	SUGANO Genji
Ken Usui	USUI Ken
Masayoshi Ebizuka	EBIZUKA Masayoshi
Rokuro Manda	MANDA Rokuro
Shozo Murai	MURAI Shozo
R. Ianni	
Tomiya Koseki	KOSEKI Tomiya
Keiji Uno	UNO Keiji
Shichizo Tsuruga	TSURUGA Shichizo
Kenkichi Yokohama	YOKOHAMA Kenkichi
Furukawa	FURUKAWA
Eichiro Shinya	SHINYA Eichiro
Kosaburo Tada	TADA Kosaburo
Hakusui Ikegawa	IKEGAWA Hakusui
Tsuboi	TSUBOI
Toshio Morikawa	MORIKAWA Toshio
Tani	TANI
Kido	KIDO
Chen	
Kiyoshi Yamagata	YAMAGATA Kiyoshi
Neade	
Hidenori Tojo	TOJO Hidenori
Naruhiko Higashikuni	HIGASHIKUNI Naruhiko
Y. Tsuchida	TSUCHIDA Y.
Captain Taketomi	Captain TAKETOMI
K. Wakasugi	WAKASUGI K.
Viscount Inoue	Viscount INOUE
Hideomi Mori	MORI Hideomi
Princess Tokugawa	Princess TOKUGAWA
Empress Kōjun (Nagako)	
Ayako Matsudaira	MATSUDAIRA Ayako
Yasuko Takatsukasa	TAKATSUKASA Yasuko
Kuniyuki Tokugawa	TOKUGAWA Kuniyuki
Satotaka Tokugawa	TOKUGAWA Satotaka
Tokiko Fushimi	FUSHIMI Tokiko
Hiroyoshi Fushimi	FUSHIMI Hiroyoshi
Nagahisa Kitashirakawa	KITASHIRAKAWA Nagahisa
Kotohito Kan'in	KAN'IN Kotohito
Tokugen Nagasawa	NAGASAWA Tokugen
Hiroko Tokugawa	TOKUGAWA Hiroko
Yoshiyori Tokugawa	TOKUGAWA Yoshiyori
Yoshinobu Tokugawa	TOKUGAWA Yoshinobu
Saigō Takamori	SAIGŌ Takamori
Kunishige Tanaka	TANAKA Kunishige
Sadataka Hisamatsu	HISAMATSU Sadataka
Nagaaki Okabe	OKABE Nagaaki
Nagasada Seikanji	SEIKANJI Nagasada
Kenji Ide	IDE Kenji
Kiyoshi Kihara	KIHARA Kiyoshi
Tatsu Ōkubo	ŌKUBO Tatsu
Yoshimitsu Tokugawa	TOKUGAWA Yoshimitsu
Yasumasa Tokugawa	TOKUGAWA Yasumasa
T. Maruyama	MARUYAMA T.
Hosokoshi	HOSOKOSHI
Major Kuga	Major KUGA
Kaneji Yoshida	YOSHIDA Kaneji
Yoshiaki Futara	FUTARA Yoshiaki
Jinjirō Mizuno	MIZUNO Jinjirō
General Tanaka	General TANAKA
H. Ikeyama	IKEYAMA H.
Toru Ogishima	OGISHIMA Toru
Montero	
Akio Banno	BANNO Akio
Shudo	SHUDO
Ōkuma Shigenobu	ŌKUMA Shigenobu
Kikutaro Ishiwara	ISHIWARA Kikutaro
Tadasu Saiki	SAIKI Tadasu
Toda	TODA
T. Kurotobi	KUROTOBI T.
Suzuko Takano	TAKANO Suzuko
Y. Okugawa	OKUGAWA Y.
Rinuemon Takahashi	TAKAHASHI Rinuemon
R. A. Chapin	
Aki Banno	BANNO Aki
Fujiwara	FUJIWARA
C. Tsukayama	TSUKAYAMA C.
T. Uehara	UEHARA T.
M. Akagui	AKAGUI M.
K. Oshiro	OSHIRO K.
M. Y. Arakaki	ARAKAKI M. Y.
Chukichi Zahimi	ZAHIMI Chukichi
S. Okada	OKADA S.
S. Okamoto	OKAMOTO S.
S. Yumoto	YUMOTO S.
K. Kobashigawa	KOBASHIGAWA K.
S. Nakanishi	NAKANISHI S.
R. Uehara	UEHARA R.
T. Yamanaka	YAMANAKA T.
R. Kobayashi	KOBAYASHI R.
J. Shibayama	SHIBAYAMA J.
T. Akamine	AKAMINE T.
Kie Oshiro	OSHIRO Kie
M. Takano	TAKANO M.
K. Ishii	ISHII K.
T. Oshiro	OSHIRO T.
M. Yabiku	YABIKU M.
S. Ikemiya	IKEMIYA S.
E. Nakamoto	NAKAMOTO E.
K. Adania	ADANIA K.
S. Tanaka	TANAKA S.
S. Kurokawa	KUROKAWA S.
J. E. de Mora	
Shinji Hata	HATA Shinji
Sugimura	SUGIMURA
Chuji Osashi	OSASHI Chuji
Senshi Saito	SAITO Senshi
Otero	
Antonio Echegoyen	
Y. Watano	WATANO Y.
Masao Sawada	SAWADA Masao
Morimoto	MORIMOTO
Osaka	OSAKA
Suetomi	SUETOMI
R. Takahashi	TAKAHASHI R.
Tsuchida	TSUCHIDA
Kadena	KADENA
Kaneshiro	KANESHIRO
Soria	
N. Kaneko	KANEKO N.
Shishio Nashiro	NASHIRO Shishio
Nobuo Fujimura	FUJIMURA Nobuo
Hideo Kojima	KOJIMA Hideo
Katsuo Abe	ABE Katsuo
Miura	MIURA
Giesen	
Kazuo Otani	OTANI Kazuo
Chamoni	
Shu Tomii	TOMII Shu
K. Mitsuzani	MITSUZANI K.
Takaharu Itō	ITŌ Takaharu
K. Nakayama	NAKAYAMA K.
Katsutaro Akiyama	AKIYAMA Katsutaro
Hideo Kametaka	KAMETAKA Hideo
Hayashimoto	HAYASHIMOTO
Yamanishi	YAMANISHI
Kajitani	KAJITANI
Akiye Wada	WADA Akiye
Taneichi Mitsuaki	TANEICHI Mitsuaki
Masumi Kato	KATO Masumi
Kiyohiro Shima	SHIMA Kiyohiro
Major Morimura	Major MORIMURA
Kuchi Asonuma	ASONUMA Kuchi
Matagoro Hirata	HIRATA Matagoro
Benji Nishioki	NISHIOKI Benji
Kokutaro Nagumo	NAGUMO Kokutaro
Kiroshima	KIROSHIMA
Sakaraki	SAKARAKI
Masaharu Tani	TANI Masaharu
Sakae Nanjo	NANJO Sakae
Akira Kato	KATO Akira
Chugo Kimura	KIMURA Chugo
Masamoto Kitajima	KITAJIMA Masamoto
Koichi Kimura	KIMURA Koichi
Hideo Imaoka	IMAOKA Hideo
Yasukichi Kigoshi	KIGOSHI Yasukichi
Enryu Hojo	HOJO Enryu
Fukutaro Hirai	HIRAI Fukutaro
Koichi Kikuchi	KIKUCHI Koichi
Saburo Iwata	IWATA Saburo
Genichi Kajiura	KAJIURA Genichi
Ichiro Kobayashi	KOBAYASHI Ichiro
Hajime Kashiyama	KASHIYAMA Hajime
Shozo Ishige	ISHIGE Shozo
Kazuo Imasato	IMASATO Kazuo
Akutsu	AKUTSU
Masashi Ii	II Masashi
Fan San-ho	
Chien Che-chuan	
Tsai Chien	
Gideon Nye	
Sukenori Kabayama	KABAYAMA Sukenori
Enjiro Yamaza	YAMAZA Enjiro
Tomoo Hirata	HIRATA Tomoo
Teisuke Oki	OKI Teisuke
Kokichi Mizuno	MIZUNO Kokichi
Yasumasa Fukushima	FUKUSHIMA Yasumasa
Tanemichi Aoyama	AOYAMA Tanemichi
Gonnohyoe Yamamoto	YAMAMOTO Gonnohyoe
Takejiro Tokonami	TOKONAMI Takejiro
Kantaro Suzuki	SUZUKI Kantaro
Kaku Mori	MORI Kaku
Mitsugi Nishida	NISHIDA Mitsugi
Mutsuhito	
Hirobumi Ito	ITO Hirobumi
Masayoshi Matsukata	MATSUKATA Masayoshi
Shigenobu Ōkuma	ŌKUMA Shigenobu
Seijiro Hayashi	HAYASHI Seijiro
Kiyoshi Inouye	INOUYE Kiyoshi
Suyeo Nakano	NAKANO Suyeo
Morio Otaki	OTAKI Morio
Tadasu Hayashi	HAYASHI Tadasu
Taro Katsura	KATSURA Taro
Kaoru Inouye	INOUYE Kaoru
Raita Fujiyama	FUJIYAMA Raita
Captain Nakamura	Captain NAKAMURA
Ryan	
Heitaro Kimura	KIMURA Heitaro
Lieutenant Oyama	Lieutenant OYAMA
H. Oshiro	OSHIRO H.
Ryusho Izeki	IZEKI Ryusho
Akito Nakamura	NAKAMURA Akito
Mamoru Ito	ITO Mamoru
K. Yano	YANO K.
Noboru Imata	IMATA Noboru
Teruo Yamamoto	YAMAMOTO Teruo
Hideo Hayase	HAYASE Hideo
Yukichi Matsuda	MATSUDA Yukichi
Isami Makio	MAKIO Isami
Isamu Sugiyama	SUGIYAMA Isamu
R. M. Page	
W. D. Boone	
Joe E. Dunne	
R. Hunse	
Rose B. Ge	
Jeanne Mason	
Sadie A. Audia	
Mamie L. Chan	
E. Miaramonte	
M. L. Feniton	
P. H. Dane	
Anna B. Honde	
A. H. Wenman	
Etoe A. We	
C. E. Dotson	
Anki	
W. C. Moore	
T. E. Kauron	
Anna M. Fenton	
Rose Henson	
Irene Sheridan	
Sue J. Chase	
G. M. Shuman	
L. Retore	
M. Minon	
Rate Ja	
Marie Moore	
Ida A. Sorion	
Kire Aun Kee	
Emin M. Puie	
F. B. Baudu	
C. Magan	
Sannin Maase	
I. W. Gude	
Rose Ao	
Teshese Bu	
M. S. Gain	
Chara KaFame	
Benayin Afe	
Hanraa Tutin	
O. Puchaye	
O. G. Bakuu	
Buchie Nyoou	
Hame Ain	
G. B. Shuson	
Ta N. Mogee	
G. R. Robinson	
W. Moore	
Joe Montague	
P. E. Echeson	
Paue B. Tode	
W. S. Pate	
Amonda Pate	
Q. W. Biitain	
E. Haman	
Enia B.	
R. H. Hooe	
B. Mura	
Anna B. Sin	
L. E. Hoda	
E. Shau	
Rogu Moru	
W. Dekore	
K. A. Moore	
R. M. Moore	
R. S. Waugia	
A. W. Rone	
E. Rosen	
C. E. Nsaie	
C. N. Sheete	
J. Chiche	
H. E. Banman	
Amaya Ri	
A. Mayen	
Bu Simon	
C. E. Dunn	
E. Ragan	
E. L. R. Moore	
R. E. Neeo	
T. P. Semariae	
Gideon	
Colonel Watanabe	Colonel WATANABE
Baron Okura	Baron OKURA
Kazuo Takahashi	TAKAHASHI Kazuo
Yoshiko Matsukata	MATSUKATA Yoshiko
Takuteru Kuki	KUKI Takuteru
Shakichi Tokada	TOKADA Shakichi
Captain Mayeda	Captain MAYEDA
J. Keenan	
Mr. O'Hara	
H. Nagao	NAGAO H.
Bunsai Ri	
Kakutai Chi	
Yoshihisa Yamada	YAMADA Yoshihisa
Gentaro Nakai	NAKAI Gentaro
Tokichi Hashimoto	HASHIMOTO Tokichi
Shu-kan-matsu	
Takayuki Namae	NAMAE Takayuki
Seiki Cho	
Shin Nagi	NAGI Shin
Shigeru Yamata	YAMATA Shigeru
Tadashi Kanaya	KANAYA Tadashi
Sho-ji-en	
Tokuzo Shima	SHIMA Tokuzo
Hoshi	HOSHI
J. P. Sheehan	
Nonaka	NONAKA
Chan	
Chotaro Asada	ASADA Chotaro
Seiichi Tensaka	TENSAKA Seiichi
Prince Chichibu	
Yuki	YUKI
Madame Yokoyama	Madame YOKOYAMA
Mr. Ohishi	Mr. OHISHI
Mr. Arai	Mr. ARAI
Ichi Fujimura	FUJIMURA Ichi
Tadauki Ipo	IPO Tadauki
Masaichi Kajikawa	KAJIKAWA Masaichi
San Unuma	UNUMA San
Y. Nagahama	NAGAHAMA Y.
Shirokichi Kanai	KANAI Shirokichi
Iwanori Kinoshita	KINOSHITA Iwanori
Genichi Yagi	YAGI Genichi
Kumao Tanibuchi	TANIBUCHI Kumao
Soiichi Tensaka	TENSAKA Soiichi
P. H. Watson	
T. Mitani	MITANI T.
Mr. Aman	Mr. AMAN
Shiro Kusama	KUSAMA Shiro
Morikatsu Inagaki	INAGAKI Morikatsu
Koji Kameyama	KAMEYAMA Koji
K. Kameyama	KAMEYAMA K.
Neiman	
Kinzo Iide	IIDE Kinzo
Kin Michin	
Soriano	
Seizaburo Osumi	OSUMI Seizaburo
Tokumatsu Hoshino	HOSHINO Tokumatsu
Kichijiro Saito	SAITO Kichijiro
Tamakichi Nonaka	NONAKA Tamakichi
Hanazono Bando	
Tadashi Naito	NAITO Tadashi
Yoshitaro Isono	ISONO Yoshitaro
M. Yokoyama	YOKOYAMA M.
T. Yamaguchi	YAMAGUCHI T.
I. Hiura	HIURA I.
Z. Kunimasa	KUNIMASA Z.
Tensaka	TENSAKA
Takeo Saitō	SAITŌ Takeo
Konoe	KONOE
Captain Oyama	Captain OYAMA
Wu Sangui	
Prince Kuei	
Aoichi Toyama	TOYAMA Aoichi
Juichiro Imaoka	IMAOKA Juichiro
Takuma Sera	SERA Takuma
Kanemitsu Oshikawa	OSHIKAWA Kanemitsu
Shinjiro Honryo	HONRYO Shinjiro
Kōsaku Yamada	YAMADA Kōsaku
Masao Oka	OKA Masao
Yasumoto Tokunaga	TOKUNAGA Yasumoto
Naokazu Nabeshima	NABESHIMA Naokazu
Susumu Aibara	AIBARA Susumu
Tomiyoshi Sumioka	SUMIOKA Tomiyoshi
Kurakichi Shiratori	SHIRATORI Kurakichi
Chuzaburo Yakawa	YAKAWA Chuzaburo
Kiyoshi Ikegawa	IKEGAWA Kiyoshi
Tamon Mayeda	MAYEDA Tamon
Takayama Hikokurō	TAKAYAMA Hikokurō
S. Kabayama	KABAYAMA S.
Hiroshige	
Motoori	MOTOORI
Zeami	
Kan'ami	
Hōjō Tokiyori	HŌJŌ Tokiyori
Sano Tsuneyo	SANO Tsuneyo
Yasuko Otake	OTAKE Yasuko
Koshiro Chiba	CHIBA Koshiro
Takeo Mitamura	MITAMURA Takeo
Kitaro Nishida	NISHIDA Kitaro
Jirō Harada	HARADA Jirō
Tokugawa Ieyasu	TOKUGAWA Ieyasu
Amaterasu	
Sen no Rikyū	
Masaji Inouye	INOUYE Masaji
D. N. Nagamine	NAGAMINE D. N.
G. C. Hanson	
Yamato Ichihashi	ICHIHASHI Yamato
Y. Yoshida	YOSHIDA Y.
Kumao Takaoka	TAKAOKA Kumao
Seiichi Idei	IDEI Seiichi
Ryoji Noda	NODA Ryoji
Yasujiro Tsutsumi	TSUTSUMI Yasujiro
Morishima	MORISHIMA
Setsuo Unenoda	UNENODA Setsuo
Kondo	KONDO
Kibi no Makibi	
Kobo Daishi	
Akira Oshida	OSHIDA Akira
Yuzo Yamamoto	YAMAMOTO Yuzo
Minoru Nishio	NISHIO Minoru
Daiji Shiraishi	SHIRAISHI Daiji
Shōzō Hirata	HIRATA Shōzō
S. Kawasaki	KAWASAKI S.
Inejirō Asanuma	ASANUMA Inejirō
Rikizō Hirano	HIRANO Rikizō
Bunji Suzuki	SUZUKI Bunji
Sōshi Okada	OKADA Sōshi
Zengorō Shimakami	SHIMAKAMI Zengorō
Shunichi Ono	ONO Shunichi
T. Kitaya	KITAYA T.
Jōji Matsumoto	MATSUMOTO Jōji
Sanzō Nosaka	NOSAKA Sanzō
Hachirō Noguchi	NOGUCHI Hachirō
Toshio Izumiyama	IZUMIYAMA Toshio
A. Haden	
Rikizō Uchida	UCHIDA Rikizō
Kisaburō Yokota	YOKOTA Kisaburō
Chugo Koito	KOITO Chugo
Hironoshin Furuhashi	FURUHASHI Hironoshin
Chotaro Abe	ABE Chotaro
Kenichi Abe	ABE Kenichi
Shizuo Abe	ABE Shizuo
Hajime Akehi	AKEHI Hajime
Zenjiro Akimoto	AKIMOTO Zenjiro
Yoshito Asai	ASAI Yoshito
Shido Asakura	ASAKURA Shido
Hidekazu Asomura	ASOMURA Hidekazu
Tsunego Baba	BABA Tsunego
Yujiro Chiba	CHIBA Yujiro
Genichiro Date	DATE Genichiro
Susumu Ejiri	EJIRI Susumu
Yoshimatsu Enchi	ENCHI Yoshimatsu
Jiro Enjoji	ENJOJI Jiro
Riichi Fujii	FUJII Riichi
Kyosuke Fukuda	FUKUDA Kyosuke
Masanosuke Fukuda	FUKUDA Masanosuke
Kanji Fujiwara	FUJIWARA Kanji
Tetsuro Furugaki	FURUGAKI Tetsuro
Katsuji Fuse	FUSE Katsuji
Yasunosuke Gonda	GONDA Yasunosuke
Takeo Goto	GOTO Takeo
Chuzo Hagiwara	HAGIWARA Chuzo
Tsunejiro Hamada	HAMADA Tsunejiro
Tadao Hara	HARA Tadao
Tameo Hara	HARA Tameo
Tadasu Hasebe	HASEBE Tadasu
Saiji Hasegawa	HASEGAWA Saiji
Shinichi Hasegawa	HASEGAWA Shinichi
Hiroshi Hata	HATA Hiroshi
Suetaka Hatanaka	HATANAKA Suetaka
Tsunejiro Hirai	HIRAI Tsunejiro
Taro Hirano	HIRANO Taro
Yoichiro Hirata	HIRATA Yoichiro
Tomotaka Hisa	HISA Tomotaka
Chikao Honda	HONDA Chikao
Kishiro Hoshijima	HOSHIJIMA Kishiro
Takamoto Hosokawa	HOSOKAWA Takamoto
Jutaro Ichie	ICHIE Jutaro
Shoji Iizawa	IIZAWA Shoji
Giichi Imai	IMAI Giichi
Takeo Imamura	IMAMURA Takeo
Enzo Inoue	INOUE Enzo
Isamu Inoue	INOUE Isamu
Tomoyuki Ishihama	ISHIHAMA Tomoyuki
Kinichi Ishikawa	ISHIKAWA Kinichi
Keijiro Ishiyama	ISHIYAMA Keijiro
Kenkichi Ishiyama	ISHIYAMA Kenkichi
Kotaro Itaya	ITAYA Kotaro
Masaki Ito	ITO Masaki
Masanori Ito	ITO Masanori
Shukuta Ito	ITO Shukuta
Isao Kadoda	KADODA Isao
Makoto Kadowaki	KADOWAKI Makoto
Seiichi Kadoya	KADOYA Seiichi
Ryuichi Kaji	KAJI Ryuichi
Kikuma Kamakura	KAMAKURA Kikuma
Katsuo Kamo	KAMO Katsuo
Tatsuo Kamoi	KAMOI Tatsuo
Kazuo Kanda	KANDA Kazuo
Yasushi Kanechika	KANECHIKA Yasushi
Yoshio Kaneko	KANEKO Yoshio
Chiyoo Kanno	KANNO Chiyoo
Hiroshi Kasai	KASAI Hiroshi
Toshio Kase	KASE Toshio
Isamu Kashima	KASHIMA Isamu
Minoru Kashimura	KASHIMURA Minoru
Gibun Kato	KATO Gibun
Masuo Kato	KATO Masuo
Minoo Kato	KATO Minoo
Makoto Kido	KIDO Makoto
Chojiro Kitagawa	KITAGAWA Chojiro
Keitaro Kitaura	KITAURA Keitaro
Kamechiyo Kobayashi	KOBAYASHI Kamechiyo
Shuji Kobori	KOBORI Shuji
Fumio Kojima	KOJIMA Fumio
Miyuki Komatsu	KOMATSU Miyuki
Tahachiro Kondo	KONDO Tahachiro
Keijiro Kotabe	KOTABE Keijiro
Nobuo Koyama	KOYAMA Nobuo
Kanichi Kumagai	KUMAGAI Kanichi
Yuki Kunoo	KUNOO Yuki
Tamio Kuribayashi	KURIBAYASHI Tamio
Toshio Kuriyama	KURIYAMA Toshio
Jushiro Kurogochi	KUROGOCHI Jushiro
Teijiro Kurozaki	KUROZAKI Teijiro
Tadashi Kurozumi	KUROZUMI Tadashi
Ryunoshin Kusumi	KUSUMI Ryunoshin
Yoshitaro Kusuyama	KUSUYAMA Yoshitaro
Hisayoshi Maeda	MAEDA Hisayoshi
Kiyoshi Maeda	MAEDA Kiyoshi
Hirashima	HIRASHIMA
Shiraishi	SHIRAISHI
Yamaji	YAMAJI
Yoshinori Maeda	MAEDA Yoshinori
Hidejiro Matsui	MATSUI Hidejiro
Shojiro Matsuzaki	MATSUZAKI Shojiro
Shizuo Maekawa	MAEKAWA Shizuo
Emiiru Masatomi	MASATOMI Emiiru
Toyohiko Masuda	MASUDA Toyohiko
Yoshisaburo Matsukata	MATSUKATA Yoshisaburo
Toru Matsumoto	MATSUMOTO Toru
Iwao Matsunaga	MATSUNAGA Iwao
Isamu Matsunami	MATSUNAMI Isamu
Kenichiro Matsuoka	MATSUOKA Kenichiro
Motoyoshi Matsushita	MATSUSHITA Motoyoshi
Takashi Mikoshiba	MIKOSHIBA Takashi
Takusaburo Misawa	MISAWA Takusaburo
Shigeo Miura	MIURA Shigeo
Shubun Miura	MIURA Shubun
Yosamatsu Miyagishi	MIYAGISHI Yosamatsu
Miyoji Miyake	MIYAKE Miyoji
Shutaro Miyake	MIYAKE Shutaro
Shozo Mori	MORI Shozo
Hisashi Morita	MORITA Hisashi
Kazuo Moto	MOTO Kazuo
Sukemasa Murai	MURAI Sukemasa
Goro Murata	MURATA Goro
Mitsunori Muto	MUTO Mitsunori
Masato Nagae	NAGAE Masato
Daizo Nagai	NAGAI Daizo
Hiroshi Nagano	NAGANO Hiroshi
Tadashi Nagano	NAGANO Tadashi
Matao Nagashima	NAGASHIMA Matao
Masaji Nagato	NAGATO Masaji
Arataro Nakahara	NAKAHARA Arataro
Masaaki Nakahira	NAKAHIRA Masaaki
Fushio Nakano	NAKANO Fushio
Yaozo Nakatsubo	NAKATSUBO Yaozo
Zenzo Naomi	NAOMI Zenzo
Koichiro Natsume	NATSUME Koichiro
Shuzo Niinobe	NIINOBE Shuzo
Jiro Nishimura	NISHIMURA Jiro
Michitaro Nishimura	NISHIMURA Michitaro
Toraji Nishimura	NISHIMURA Toraji
Jihachi Noguchi	NOGUCHI Jihachi
Yoshiaki Noguchi	NOGUCHI Yoshiaki
Yoshio Noguchi	NOGUCHI Yoshio
Toshio Obama	OBAMA Toshio
Morihei Ochiai	OCHIAI Morihei
Ryoichi Ogishima	OGISHIMA Ryoichi
Niichi Okamura	OKAMURA Niichi
Tomi Omori	OMORI Tomi
Hideo Ono	ONO Hideo
Shizuma Ono	ONO Shizuma
Toshio Ono	ONO Toshio
Ichie Oshima	OSHIMA Ichie
Sadakichi Otajima	OTAJIMA Sadakichi
Sadao Otake	OTAKE Sadao
Kusuo Oya	OYA Kusuo
Joji Saito	SAITO Joji
Takeshi Saito	SAITO Takeshi
Reitaro Sakamoto	SAKAMOTO Reitaro
Aiji Sakurai	SAKURAI Aiji
Hideo Sasaki	SASAKI Hideo
Yoshio Sawamura	SAWAMURA Yoshio
Yasutaro Seto	SETO Yasutaro
Mitsuharu Shigeta	SHIGETA Mitsuharu
Ryuzaburo Shikiba	SHIKIBA Ryuzaburo
Harushiro Shimizu	SHIMIZU Harushiro
Ikutaro Shimizu	SHIMIZU Ikutaro
Masami Shimoda	SHIMODA Masami
Yuzo Shimojo	SHIMOJO Yuzo
Kanichiro Shinobu	SHINOBU Kanichiro
Takateru Shinohara	SHINOHARA Takateru
Kokyo Shiraishi	SHIRAISHI Kokyo
Toru Shobara	SHOBARA Toru
Jiro Sonoda	SONODA Jiro
Jiro Sudo	SUDO Jiro
Shigeaki Sugimoto	SUGIMOTO Shigeaki
Toranosuke Sugiyama	SUGIYAMA Toranosuke
Bunshiro Suzuki	SUZUKI Bunshiro
Mitsuo Suzuki	SUZUKI Mitsuo
Sotaro Suzuki	SUZUKI Sotaro
Masaji Tabata	TABATA Masaji
Naosada Takabatake	TAKABATAKE Naosada
Motosaburo Takada	TAKADA Motosaburo
Shinzo Takahashi	TAKAHASHI Shinzo
Iwasaburo Takano	TAKANO Iwasaburo
Makoto Takano	TAKANO Makoto
Saichiro Takashima	TAKASHIMA Saichiro
Yukichi Takehana	TAKEHANA Yukichi
Norio Takeuchi	TAKEUCHI Norio
Johei Tanaka	TANAKA Johei
Kotaro Tanaka	TANAKA Kotaro
Nariyuki Tanaka	TANAKA Nariyuki
Hisakichi Taniguchi	TANIGUCHI Hisakichi
Kaio Teramoto	TERAMOTO Kaio
Takeo Tone	TONE Takeo
Noboru Uehara	UEHARA Noboru
Jintaro Wakamatsu	WAKAMATSU Jintaro
Koji Washio	WASHIO Koji
Torakichi Watari	WATARI Torakichi
Yasuo Yajima	YAJIMA Yasuo
Kotaro Yamaguchi	YAMAGUCHI Kotaro
Jiro Yamamuro	YAMAMURO Jiro
Shinjiro Yamane	YAMANE Shinjiro
Tosuke Yamanouchi	YAMANOUCHI Tosuke
Tadashi Yamashita	YAMASHITA Tadashi
Yojiro Yanagawa	YANAGAWA Yojiro
Shoji Yasuda	YASUDA Shoji
Taro Yasuda	YASUDA Taro
Nagaharu Yasuo	YASUO Nagaharu
Tetsuzo Yasuoka	YASUOKA Tetsuzo
Minoru Yokota	YOKOTA Minoru
Goichi Yokoyama	YOKOYAMA Goichi
Yoshishige Yomoda	YOMODA Yoshishige
Masahiro Yonemura	YONEMURA Masahiro
Kakuichi Yoshida	YOSHIDA Kakuichi
Kajio Yoshinaga	YOSHINAGA Kajio
Izuo Yoshino	YOSHINO Izuo
Shinji Yoshiyasu	YOSHIYASU Shinji
Nobuji Zentoku	ZENTOKU Nobuji
S. Takano	TAKANO S.
S. Morisama	MORISAMA S.
J. Sindo	SINDO J.
S. Shimizu	SHIMIZU S.
G. Imai	IMAI G.
Chu Hasebe	HASEBE Chu
H. Kinoshita	KINOSHITA H.
K. Ogawa	OGAWA K.
G. Tsukuda	TSUKUDA G.
S. Takimoto	TAKIMOTO S.
H. Fujimoto	FUJIMOTO H.
S. Aritake	ARITAKE S.
M. Karino	KARINO M.
T. Itakura	ITAKURA T.
N. Iwasa	IWASA N.
S. Kawada	KAWADA S.
T. Uchiumi	UCHIUMI T.
K. Imai	IMAI K.
T. Toshio	
T. Kuriyama	KURIYAMA T.
M. Yiyauchi	YIYAUCHI M.
S. Haneda	HANEDA S.
M. Mitani	MITANI M.
T. Togashi	TOGASHI T.
R. Yokokawa	YOKOKAWA R.
T. Adachi	ADACHI T.
T. Kamimura	KAMIMURA T.
S. Hasegawa	HASEGAWA S.
T. Murata	MURATA T.
K. Minafuji	MINAFUJI K.
N. Niwa	NIWA N.
R. Kaji	KAJI R.
I. Okabe	OKABE I.
T. Fukuoka	FUKUOKA T.
T. Kuroyama	KUROYAMA T.
K. Iwamoto	IWAMOTO K.
M. Arai	ARAI M.
S. Sakata	SAKATA S.
M. Kato	KATO M.
T. Tamura	TAMURA T.
T. Hagiwara	HAGIWARA T.
S. Sasaki	SASAKI S.
K. Omata	OMATA K.
Masuda	MASUDA
T. Nakano	NAKANO T.
G. Izeki	IZEKI G.
K. Kobayashi	KOBAYASHI K.
J. Kusuyama	KUSUYAMA J.
S. Yanagi	YANAGI S.
K. Kanda	KANDA K.
T. Ueda	UEDA T.
S. Imai	IMAI S.
T. Uetake	UETAKE T.
N. Ishiki	ISHIKI N.
Y. Tachibana	TACHIBANA Y.
T. Enjoji	ENJOJI T.
T. Fukushima	FUKUSHIMA T.
T. Hagi	HAGI T.
K. Fukuda	FUKUDA K.
K. Sumikawa	SUMIKAWA K.
Z. Takano	TAKANO Z.
K. Nariu	NARIU K.
M. Murago	MURAGO M.
Y. Haruyama	HARUYAMA Y.
F. Isawa	ISAWA F.
K. Akiyama	AKIYAMA K.
Y. Somekawa	SOMEKAWA Y.
K. Nakata	NAKATA K.
Y. Kaneko	KANEKO Y.
T. Tahara	TAHARA T.
S. Yuki	YUKI S.
R. Nakane	NAKANE R.
T. Nishiyama	NISHIYAMA T.
T. Morito	MORITO T.
T. Kimura	KIMURA T.
K. Watase	WATASE K.
N. Yorozu	YOROZU N.
S. Namita	NAMITA S.
K. Yoshioka	YOSHIOKA K.
K. Harada	HARADA K.
I. Kitamura	KITAMURA I.
K. Yoshimura	YOSHIMURA K.
T. Ando	ANDO T.
Y. Akiyama	AKIYAMA Y.
N. Atoba	ATOBA N.
K. Kurihara	KURIHARA K.
M. Shibayama	SHIBAYAMA M.
K. Shimada	SHIMADA K.
R. Futomura	FUTOMURA R.
K. Takasugi	TAKASUGI K.
W. Yoshikawa	YOSHIKAWA W.
S. Noguchi	NOGUCHI S.
Y. Kanetsuka	KANETSUKA Y.
K. Matsuoka	MATSUOKA K.
M. Nagamine	NAGAMINE M.
Y. Tokuma	TOKUMA Y.
K. Iwata	IWATA K.
S. Fukita	FUKITA S.
T. Shibukawa	SHIBUKAWA T.
T. Inoue	INOUE T.
T. Takahashi	TAKAHASHI T.
S. Omura	OMURA S.
K. Fukutomi	FUKUTOMI K.
S. Takenaka	TAKENAKA S.
K. Matsumoto	MATSUMOTO K.
M. Kodate	KODATE M.
Nobuo Oyama	OYAMA Nobuo
S. Yamana	YAMANA S.
Y. Yokota	YOKOTA Y.
Z. Ozaka	OZAKA Z.
T. Tukamoto	TUKAMOTO T.
T. Komatsu	KOMATSU T.
H. Kobiyama	KOBIYAMA H.
H. Tuchiya	TUCHIYA H.
K. Murase	MURASE K.
I. Hamaguchi	HAMAGUCHI I.
S. Goto	GOTO S.
T. Akutagawa	AKUTAGAWA T.
T. Takagi	TAKAGI T.
T. Yamaoka	YAMAOKA T.
T. Baba	BABA T.
S. Aikawa	AIKAWA S.
M. Kikuchi	KIKUCHI M.
H. Tachibana	TACHIBANA H.
F. Kojima	KOJIMA F.
S. Takeuchi	TAKEUCHI S.
H. Hori	HORI H.
T. Hosokawa	HOSOKAWA T.
S. Maeda	MAEDA S.
S. Matsuzaki	MATSUZAKI S.
K. Tozuka	TOZUKA K.
H. Eguchi	EGUCHI H.
Y. Komatsu	KOMATSU Y.
T. Tomioko	TOMIOKO T.
M. Kori	KORI M.
K. Ishiyama	ISHIYAMA K.
K. Hara	HARA K.
T. Honda	HONDA T.
S. Imori	IMORI S.
R. Asai	ASAI R.
T. Takada	TAKADA T.
G. Urakami	URAKAMI G.
S. Kato	KATO S.
T. Kamoi	KAMOI T.
T. Hirai	HIRAI T.
T. Kikuchi	KIKUCHI T.
S. Kamimura	KAMIMURA S.
H. Kawazoe	KAWAZOE H.
Y. Terahata	TERAHATA Y.
Y. Fukasaka	FUKASAKA Y.
T. Azuma	AZUMA T.
K. Kakuda	KAKUDA K.
K. Yamaji	YAMAJI K.
S. Ikeda	IKEDA S.
T. Kinoshita	KINOSHITA T.
T. Yagi	YAGI T.
S. Nishiyama	NISHIYAMA S.
T. Kinya	KINYA T.
S. Dobashi	DOBASHI S.
Y. Morinaga	MORINAGA Y.
T. Tanimura	TANIMURA T.
R. Nakanishi	NAKANISHI R.
S. Nishimura	NISHIMURA S.
T. Moriya	MORIYA T.
M. Fuchida	FUCHIDA M.
Y. Kuchigashira	KUCHIGASHIRA Y.
S. Mukai	MUKAI S.
Y. Matsushima	MATSUSHIMA Y.
T. Rokuma	ROKUMA T.
S. Gobara	GOBARA S.
K. Nishimura	NISHIMURA K.
S. Kishimoto	KISHIMOTO S.
Y. Samamura	SAMAMURA Y.
K. Kuroda	KURODA K.
Y. Nagasu	NAGASU Y.
Y. Takahashi	TAKAHASHI Y.
K. Nakagiri	NAKAGIRI K.
T. Hirooka	HIROOKA T.
Y. Hidijima	HIDIJIMA Y.
T. Nakagiri	NAKAGIRI T.
M. Ueda	UEDA M.
T. Miyano	MIYANO T.
M. Obara	OBARA M.
T. Kurozaki	KUROZAKI T.
M. Wakabayashi	WAKABAYASHI M.
E. Yamaguchi	YAMAGUCHI E.
U. Sano	SANO U.
T. Ogawa	OGAWA T.
T. Kase	KASE T.
K. Tsukamoto	TSUKAMOTO K.
K. Toyama	TOYAMA K.
K. Taguchi	TAGUCHI K.
K. Mizutani	MIZUTANI K.
Y. Shimada	SHIMADA Y.
K. Watahiki	WATAHIKI K.
T. Goto	GOTO T.
M. Kawasaki	KAWASAKI M.
I. Tanaka	TANAKA I.
K. Dobashi	DOBASHI K.
K. Yoshida	YOSHIDA K.
K. Namikata	NAMIKATA K.
S. Higuchi	HIGUCHI S.
M. Hashimoto	HASHIMOTO M.
G. Asami	ASAMI G.
K. Aoki	AOKI K.
H. Shinohara	SHINOHARA H.
Y. Oshima	OSHIMA Y.
H. Kakehashi	KAKEHASHI H.
K. Kishi	KISHI K.
N. Ishii	ISHII N.
T. Matsuoka	MATSUOKA T.
S. Ouchi	OUCHI S.
K. Morita	MORITA K.
K. Yanagihara	YANAGIHARA K.
T. Minono	MINONO T.
K. Ishiguro	ISHIGURO K.
Y. Watanabe	WATANABE Y.
K. Itaya	ITAYA K.
S. Iniwa	INIWA S.
Y. Sato	SATO Y.
Asomura	ASOMURA
K. Yamada	YAMADA K.
S. Hitomi	HITOMI S.
T. Fujiwara	FUJIWARA T.
Y. Saito	SAITO Y.
T. Kumagaya	KUMAGAYA T.
G. Kurata	KURATA G.
R. Yoshida	YOSHIDA R.
M. Kondo	KONDO M.
M. Ishibashi	ISHIBASHI M.
K. Sasamoto	SASAMOTO K.
S. Nagasawa	NAGASAWA S.
Y. Haniyu	HANIYU Y.
T. Tobishima	TOBISHIMA T.
G. Ishii	ISHII G.
S. Itabari	ITABARI S.
G. Ogoshi	OGOSHI G.
A. Yoshikawa	YOSHIKAWA A.
K. Tako	TAKO K.
T. Morohara	MOROHARA T.
T. Yoshiuari	YOSHIUARI T.
Y. Horikawa	HORIKAWA Y.
S. Watanabe	WATANABE S.
T. Otiai	OTIAI T.
K. Nakajima	NAKAJIMA K.
K. Kumagaya	KUMAGAYA K.
Y. Tohata	TOHATA Y.
J. Kobayashi	KOBAYASHI J.
S. Furukawa	FURUKAWA S.
Y. Kojima	KOJIMA Y.
T. Kawara	KAWARA T.
S. Suzuki	SUZUKI S.
S. Kanbe	KANBE S.
C. Sugano	SUGANO C.
M. Kusaka	KUSAKA M.
R. Endo	ENDO R.
T. Shirasaki	SHIRASAKI T.
T. Watanabe	WATANABE T.
F. Miyafuku	MIYAFUKU F.
S. Iwaki	IWAKI S.
H. Matsuoka	MATSUOKA H.
S. Kudo	KUDO S.
S. Sato	SATO S.
F. Kido	KIDO F.
T. Nakata	NAKATA T.
S. Iwakame	IWAKAME S.
R. Kusumi	KUSUMI R.
K. Takasaka	TAKASAKA K.
T. Kudo	KUDO T.
M. Narumi	NARUMI M.
M. Numata	NUMATA M.
T. Takahira	TAKAHIRA T.
G. Igarashi	IGARASHI G.
T. Saito	SAITO T.
Ri Mihara	MIHARA Ri
M. Kadoma	KADOMA M.
T. Kirihara	KIRIHARA T.
T. Muto	MUTO T.
N. Yamaie	YAMAIE N.
T. Nozaki	NOZAKI T.
K. Nakamura	NAKAMURA K.
F. Matsubara	MATSUBARA F.
E. Sugiura	SUGIURA E.
S. Kanamori	KANAMORI S.
B. Tsutsumi	TSUTSUMI B.
C. Yujiro	
K. Miyamoto	MIYAMOTO K.
R. Kawara	KAWARA R.
R. Noma	NOMA R.
T. Miyazaki	MIYAZAKI T.
S. Kawata	KAWATA S.
Kudo	KUDO
T. Tonta	TONTA T.
Y. Koide	KOIDE Y.
K. Miyake	MIYAKE K.
I. Jutaro	
H. Kuwajima	KUWAJIMA H.
J. Ichi	
K. Nakano	NAKANO K.
H. Iwata	IWATA H.
K. Kimura	KIMURA K.
T. Kato	KATO T.
H. Isoda	ISODA H.
S. Ohashi	OHASHI S.
K. Hayashi	HAYASHI K.
C. Hasegawa	HASEGAWA C.
Y. Kato	KATO Y.
K. Nakane	NAKANE K.
K. Jutaro	
K. Iguchi	IGUCHI K.
T. Kawase	KAWASE T.
N. Kato	KATO N.
U. Kamiya	KAMIYA U.
T. Kurokochi	KUROKOCHI T.
K. Tsuchiya	TSUCHIYA K.
T. Kondo	KONDO T.
I. Kusano	KUSANO I.
H. Iizawa	IIZAWA H.
T. Ichinose	ICHINOSE T.
R. Araki	ARAKI R.
K. Kojima	KOJIMA K.
S. Aoki	AOKI S.
K. Koguchi	KOGUCHI K.
Y. Miyasaka	MIYASAKA Y.
E. Uehara	UEHARA E.
T. Uchida	UCHIDA T.
N. Kimura	KIMURA N.
M. Inamiya	INAMIYA M.
M. Suzuki	SUZUKI M.
T. Komatsuzaki	KOMATSUZAKI T.
T. Ezaki	EZAKI T.
K. Ogura	OGURA K.
S. Ikai	IKAI S.
G. Hasegawa	HASEGAWA G.
S. Okimasu	OKIMASU S.
S. Shirai	SHIRAI S.
K. Komatsu	KOMATSU K.
T. Niita	NIITA T.
N. Yamazaki	YAMAZAKI N.
K. Sakurai	SAKURAI K.
M. Ishida	ISHIDA M.
K. Takikawa	TAKIKAWA K.
S. Yameyama	YAMEYAMA S.
T. Yamada	YAMADA T.
N. Isema	ISEMA N.
T. Yamamoto	YAMAMOTO T.
I. Hayashi	HAYASHI I.
T. Tanaka	TANAKA T.
T. Muramatsu	MURAMATSU T.
K. Yamagata	YAMAGATA K.
H. Shimizu	SHIMIZU H.
K. Bichu	BICHU K.
A. Furuya	FURUYA A.
F. Nakagomi	NAKAGOMI F.
M. Akiyama	AKIYAMA M.
T. Aoki	AOKI T.
T. Fukazawa	FUKAZAWA T.
Yoshiya Wada	WADA Yoshiya
Y. Yoishi	YOISHI Y.
M. Hoshino	HOSHINO M.
Y. Midokochi	MIDOKOCHI Y.
I. Saikawa	SAIKAWA I.
M. Kuroda	KURODA M.
S. Matsumura	MATSUMURA S.
M. Arita	ARITA M.
Y. Sugiura	SUGIURA Y.
Y. Mori	MORI Y.
I. Sugii	SUGII I.
K. Maekawa	MAEKAWA K.
E. Iwai	IWAI E.
C. Kitakawa	KITAKAWA C.
M. Tateishi	TATEISHI M.
T. Shimizu	SHIMIZU T.
N. Matsumoto	MATSUMOTO N.
Y. Kuramori	KURAMORI Y.
Y. Kamoi	KAMOI Y.
N. Aisaka	AISAKA N.
Y. Saga	SAGA Y.
Y. Miyashita	MIYASHITA Y.
T. Koshino	KOSHINO T.
I. Fujino	FUJINO I.
H. Jojima	JOJIMA H.
S. Takeshita	TAKESHITA S.
M. Nakanishi	NAKANISHI M.
S. Takayama	TAKAYAMA S.
S. Yabuuchi	YABUUCHI S.
T. Wakiuchi	WAKIUCHI T.
T. Takeyama	TAKEYAMA T.
S. Narimaru	NARIMARU S.
H. Maki	MAKI H.
K. Tomizu	TOMIZU K.
T. Nakayama	NAKAYAMA T.
M. Takada	TAKADA M.
Y. Takatori	TAKATORI Y.
T. Ooyama	OOYAMA T.
T. Arikawa	ARIKAWA T.
K. Honma	HONMA K.
M. Tanaka	TANAKA M.
S. Kishida	KISHIDA S.
K. Ookubo	OOKUBO K.
G. Nishio	NISHIO G.
T. Kitada	KITADA T.
K. Ichizima	ICHIZIMA K.
T. Sonobe	SONOBE T.
K. Takenaka	TAKENAKA K.
K. Kefuji	KEFUJI K.
M. Kosugi	KOSUGI M.
T. Nagata	NAGATA T.
Y. Aizu	AIZU Y.
T. Takasawa	TAKASAWA T.
R. Hara	HARA R.
I. Yamagishi	YAMAGISHI I.
K. Aoyagi	AOYAGI K.
T. Odajima	ODAJIMA T.
T. Fujiyama	FUJIYAMA T.
K. Momo	MOMO K.
E. Nakabayashi	NAKABAYASHI E.
T. Fujino	FUJINO T.
T. Tsuda	TSUDA T.
H. Akehi	AKEHI H.
T. Nishimura	NISHIMURA T.
T. Satouchi	SATOUCHI T.
S. Komachi	KOMACHI S.
B. Fujii	FUJII B.
M. Ogawa	OGAWA M.
T. Taki	TAKI T.
K. Nakae	NAKAE K.
M. Usui	USUI M.
S. Kizaki	KIZAKI S.
Y. Hoshimoto	HOSHIMOTO Y.
K. Tanaka	TANAKA K.
T. Nagai	NAGAI T.
Hojo	HOJO
K. Shinohara	SHINOHARA K.
F. Morikawa	MORIKAWA F.
R. Kibara	KIBARA R.
J. Shiogai	SHIOGAI J.
M. Watanabe	WATANABE M.
T. Sekihara	SEKIHARA T.
M. Hirono	HIRONO M.
I. Kawata	KAWATA I.
K. Uejima	UEJIMA K.
M. Yabuuchi	YABUUCHI M.
K. Kitaura	KITAURA K.
Z. Suzuki	SUZUKI Z.
M. Tsuji	TSUJI M.
N. Nagagawa	NAGAGAWA N.
U. Akigetsu	AKIGETSU U.
T. Murakami	MURAKAMI T.
S. Isoya	ISOYA S.
H. Aojima	AOJIMA H.
N. Isomura	ISOMURA N.
M. Yoshida	YOSHIDA M.
F. Imaizumi	IMAIZUMI F.
O. Kimura	KIMURA O.
S. Hashimoto	HASHIMOTO S.
S. Tateishi	TATEISHI S.
J. Takeuchi	TAKEUCHI J.
T. Kotani	KOTANI T.
P. Torii	TORII P.
S. Matsumoto	MATSUMOTO S.
K. Saeki	SAEKI K.
A. Yura	YURA A.
T. Okamoto	OKAMOTO T.
H. Nakamura	NAKAMURA H.
I. Ogawa	OGAWA I.
M. Kobata	KOBATA M.
R. Hakemura	HAKEMURA R.
K. Kotsu	KOTSU K.
I. Kashima	KASHIMA I.
T. Ueno	UENO T.
K. Murayama	MURAYAMA K.
M. Kano	KANO M.
H. Koedo	KOEDO H.
T. Imanishi	IMANISHI T.
S. Fukino	FUKINO S.
R. Miyata	MIYATA R.
K. Kawau	KAWAU K.
K. Fujimoto	FUJIMOTO K.
S. Kojima	KOJIMA S.
T. Suda	SUDA T.
M. Minami	MINAMI M.
M. Kageyama	KAGEYAMA M.
F. Chikufuji	CHIKUFUJI F.
T. Tikufuji	TIKUFUJI T.
S. Itokawa	ITOKAWA S.
R. Yamamoto	YAMAMOTO R.
K. Fukuoka	FUKUOKA K.
I. Osako	OSAKO I.
K. Takasu	TAKASU K.
Y. Miyoshi	MIYOSHI Y.
M. Odera	ODERA M.
T. Kakahara	KAKAHARA T.
K. Taniguchi	TANIGUCHI K.
F. Hirai	HIRAI F.
K. Akihisa	AKIHISA K.
M. Nakahara	NAKAHARA M.
K. Sakurama	SAKURAMA K.
Y. Wakijima	WAKIJIMA Y.
I. Nishigaki	NISHIGAKI I.
S. Kuramitsu	KURAMITSU S.
T. Fukumoto	FUKUMOTO T.
S. Shinta	SHINTA S.
T. Kokubu	KOKUBU T.
T. Fujii	FUJII T.
K. Makabe	MAKABE K.
Y. Kameyama	KAMEYAMA Y.
Y. Sanada	SANADA Y.
G. Date	DATE G.
Hi Hirata	HIRATA Hi
S. Nakajima	NAKAJIMA S.
K. Watanabe	WATANABE K.
Y. Kotaki	KOTAKI Y.
Horino	HORINO
Kusakabe	KUSAKABE
Ishizaki	ISHIZAKI
Shimoda	SHIMODA
Uehara	UEHARA
Murayama	MURAYAMA
Shingoro Takahashi	TAKAHASHI Shingoro
Takaishi	TAKAISHI
Nakamitsu	NAKAMITSU
Mitsumasa Kobayashi	KOBAYASHI Mitsumasa
Katsumi Kikunami	KIKUNAMI Katsumi
Mosaburo Suzuki	SUZUKI Mosaburo
Furuno	FURUNO
Tokutomi	TOKUTOMI
Azuma	AZUMA
Shintani	SHINTANI
Takimoto	TAKIMOTO
Miyake	MIYAKE
Murakami	MURAKAMI
Kito	KITO
Hoshino	HOSHINO
Saneichi Yamamoto	YAMAMOTO Saneichi
S. Sumida	SUMIDA S.
Y. Kuramoto	KURAMOTO Y.
K. Yamane	YAMANE K.
T. Kanehira	KANEHIRA T.
M. Takeuchi	TAKEUCHI M.
T. Nakajima	NAKAJIMA T.
Y. Akagi	AKAGI Y.
M. Ikeda	IKEDA M.
T. Nishio	NISHIO T.
T. Furuyama	FURUYAMA T.
C. Nakano	NAKANO C.
Y. Kyoyama	KYOYAMA Y.
H. Okazaki	OKAZAKI H.
M. Ando	ANDO M.
H. Hoshijima	HOSHIJIMA H.
T. Nakagawa	NAKAGAWA T.
S. Harada	HARADA S.
I. Nakamura	NAKAMURA I.
H. Harasaki	HARASAKI H.
Y. Nagai	NAGAI Y.
I. Uchida	UCHIDA I.
R. Matsumoto	MATSUMOTO R.
E. Tokuta	TOKUTA E.
Y. Hirata	HIRATA Y.
K. Sawamoto	SAWAMOTO K.
Y. Yida	YIDA Y.
S. Nakahira	NAKAHIRA S.
H. Kobun	KOBUN H.
T. Ishimaru	ISHIMARU T.
Y. Kurio	KURIO Y.
S. Sawamura	SAWAMURA S.
Y. Morita	MORITA Y.
K. Shimizu	SHIMIZU K.
M. Kawamura	KAWAMURA M.
T. Kususe	KUSUSE T.
T. Seyoshi	SEYOSHI T.
Y. Hirota	HIROTA Y.
I. Nomachi	NOMACHI I.
K. Ozawa	OZAWA K.
M. Mitsuda	MITSUDA M.
S. Minaguchi	MINAGUCHI S.
Y. Kobata	KOBATA Y.
T. Wada	WADA T.
S. Morita	MORITA S.
E. Tsuruoka	TSURUOKA E.
H. Suehara	SUEHARA H.
T. Matsuyoshi	MATSUYOSHI T.
Z. Takahata	TAKAHATA Z.
S. Sonoda	SONODA S.
K. Yoshinaga	YOSHINAGA K.
S. Mizuguchi	MIZUGUCHI S.
M. Shimoda	SHIMODA M.
S. Takagi	TAKAGI S.
S. Kawanaka	KAWANAKA S.
A. Shinohara	SHINOHARA A.
A. Miyake	MIYAKE A.
T. Jinki	JINKI T.
H. Yokoyama	YOKOYAMA H.
T. Izawa	IZAWA T.
Y. Inahara	INAHARA Y.
S. Maekawa	MAEKAWA S.
H. Yamada	YAMADA H.
T. Tone	TONE T.
S. Miura	MIURA S.
K. Teramoto	TERAMOTO K.
T. Shoji	SHOJI T.
T. Wataru	WATARU T.
T. Hisa	HISA T.
T. Ishimoda	ISHIMODA T.
K. Fuse	FUSE K.
R. Kojima	KOJIMA R.
R. Ofuji	OFUJI R.
H. Okada	OKADA H.
S. Yasutoku	YASUTOKU S.
T. Okada	OKADA T.
S. Tanimoto	TANIMOTO S.
T. Matoba	MATOBA T.
K. Kanamori	KANAMORI K.
Y. Tsurya	TSURYA Y.
T. Odaka	ODAKA T.
M. Nishisato	NISHISATO M.
E. Yokoyama	YOKOYAMA E.
K. Kanewa	KANEWA K.
T. Toyomura	TOYOMURA T.
Y. Tanaka	TANAKA Y.
M. Mayumi	MAYUMI M.
S. Kishibe	KISHIBE S.
K. Sato	SATO K.
F. Tsuji	TSUJI F.
K. Tsuchii	TSUCHII K.
T. Morii	MORII T.
K. Tani	TANI K.
S. Tajima	TAJIMA S.
S. Fujita	FUJITA S.
M. Ochiai	OCHIAI M.
K. Nanbe	NANBE K.
S. Kurozumi	KUROZUMI S.
K. Odanaka	ODANAKA K.
M. Okada	OKADA M.
T. Tateishi	TATEISHI T.
G. Kato	KATO G.
K. Yamanouchi	YAMANOUCHI K.
U. Akimoto	AKIMOTO U.
M. Matsushita	MATSUSHITA M.
K. Arai	ARAI K.
H. Miyai	MIYAI H.
K. Nagae	NAGAE K.
M. Yoshimura	YOSHIMURA M.
S. Sako	SAKO S.
K. Nemoto	NEMOTO K.
H. Shimoi	SHIMOI H.
S. Okaku	OKAKU S.
T. Yasuda	YASUDA T.
S. Hiwatari	HIWATARI S.
B. Arakawa	ARAKAWA B.
T. Hirata	HIRATA T.
H. Sasa	SASA H.
T. Hirose	HIROSE T.
M. Fujishita	FUJISHITA M.
S. Kobori	KOBORI S.
J. Murakami	MURAKAMI J.
S. Shimada	SHIMADA S.
K. Ozaki	OZAKI K.
I. Noma	NOMA I.
K. Kamo	KAMO K.
S. Yamato	YAMATO S.
K. Miyazaki	MIYAZAKI K.
Y. Nakatsubo	NAKATSUBO Y.
K. Sasai	SASAI K.
Z. Nakayama	NAKAYAMA Z.
S. Tatanaka	TATANAKA S.
T. Fukumitsu	FUKUMITSU T.
M. Arikawa	ARIKAWA M.
K. Shioda	SHIODA K.
M. Minezaki	MINEZAKI M.
K. Nagai	NAGAI K.
T. Tagami	TAGAMI T.
K. Otabe	OTABE K.
K. Kaejima	KAEJIMA K.
T. Sugawara	SUGAWARA T.
K. Mitsuyasu	MITSUYASU K.
T. Fukudo	FUKUDO T.
Y. Noguchi	NOGUCHI Y.
M. Hayashida	HAYASHIDA M.
T. Sakai	SAKAI T.
N. Tanaka	TANAKA N.
H. Mine	MINE H.
T. Hoshino	HOSHINO T.
K. Nakao	NAKAO K.
I. Hirayama	HIRAYAMA I.
T. Kure	KURE T.
H. Harata	HARATA H.
Y. Izumio	IZUMIO Y.
T. Sakamoto	SAKAMOTO T.
Y. Yamashita	YAMASHITA Y.
S. Kataoka	KATAOKA S.
K. Ootsu	OOTSU K.
T. Ootsu	OOTSU T.
T. Nagano	NAGANO T.
S. Naga	NAGA S.
T. Kubifuji	KUBIFUJI T.
Y. Iryuda	IRYUDA Y.
T. Noguchi	NOGUCHI T.
M. Ishihara	ISHIHARA M.
R. Sakai	SAKAI R.
K. Kajiwara	KAJIWARA K.
Y. Kimura	KIMURA Y.
H. Nishida	NISHIDA H.
S. Kubo	KUBO S.
S. Kimoto	KIMOTO S.
S. Oono	OONO S.
T. Nose	NOSE T.
K. Ogawara	OGAWARA K.
M. Asari	ASARI M.
K. Matsumi	MATSUMI K.
S. Shioda	SHIODA S.
S. Asari	ASARI S.
S. Sugimoto	SUGIMOTO S.
K. Muda	MUDA K.
N. Otsuka	OTSUKA N.
Y. Kamimura	KAMIMURA Y.
S. Moroichi	MOROICHI S.
H. Kawauchi	KAWAUCHI H.
S. Kadoya	KADOYA S.
H. Shibata	SHIBATA H.
Y. Edome	EDOME Y.
T. Tadokono	TADOKONO T.
T. Tsudome	TSUDOME T.
Z. Akimoto	AKIMOTO Z.
K. Tsuneya	TSUNEYA K.
S. Nakano	NAKANO S.
F. Ueno	UENO F.
A. Yasumoto	YASUMOTO A.
A. Sugimoto	SUGIMOTO A.
K. Mizuguchi	MIZUGUCHI K.
T. Sugiura	SUGIURA T.
I. Yamakita	YAMAKITA I.
H. Haira	HAIRA H.
Kawakami Jotaro	KAWAKAMI Jotaro
Kono Mitsu	KONO Mitsu
Tito	
Morito	MORITO
Suzuki Mosaburo	SUZUKI Mosaburo
Tojo	TOJO
Mahito Ishimitsu	ISHIMITSU Mahito
J. Taneda	TANEDA J.
Kenji Nishibe	NISHIBE Kenji
Takeru Inukai	INUKAI Takeru
K. Nishibe	NISHIBE K.
D. Nagai	NAGAI D.
C. Koito	KOITO C.
M. Ishimitsu	ISHIMITSU M.
K. Hatano	HATANO K.
Yukichi Fukuzawa	FUKUZAWA Yukichi
Heigoro Yorozuya	YOROZUYA Heigoro
Shunzo Yanagawa	YANAGAWA Shunzo
Genichiro Fukuchi	FUKUCHI Genichiro
Ryuhoku Narushima	NARUSHIMA Ryuhoku
Kiyotaka Kuroda	KURODA Kiyotaka
Chomin Nakae	NAKAE Chomin
Fumio Yano	YANO Fumio
Toru Hoshi	HOSHI Toru
Shuroku Kuroiwa	KUROIWA Shuroku
Tenzan Enjoji	ENJOJI Tenzan
Kanzo Uchimura	UCHIMURA Kanzo
Teisuke Akiyama	AKIYAMA Teisuke
Hikoichi Motoyama	MOTOYAMA Hikoichi
Ryohei Murayama	MURAYAMA Ryohei
Torajiro Tsuda	TSUDA Torajiro
Hoshiro Mitsunaga	MITSUNAGA Hoshiro
Nyozekan Hasegawa	HASEGAWA Nyozekan
Kenji Maruyama	MARUYAMA Kenji
Seiichi Ueno	UENO Seiichi
Yaichiro Date	DATE Yaichiro
Teiichi Ueda	UEDA Teiichi
Seiji Noma	NOMA Seiji
Toichiro Harada	HARADA Toichiro
Motosuke Kido	KIDO Motosuke
Kan Sugiyama	SUGIYAMA Kan
Kinjiro Yanada	YANADA Kinjiro
Shoichi Mitoji	MITOJI Shoichi
Sadanori Nishizawa	NISHIZAWA Sadanori
Sadanori Nishisawa	NISHISAWA Sadanori
Ichiro Banzai	BANZAI Ichiro
Matsuzō Nagai	NAGAI Matsuzō
Matsumaye	MATSUMAYE
Chuzo Mitsuchi	MITSUCHI Chuzo
Saburo Yamada	YAMADA Saburo
Tadao Sangawa	SANGAWA Tadao
Dr. Egawa	Dr. EGAWA
Harukazu Kihara	KIHARA Harukazu
Penson	
Shunichi Asakai	ASAKAI Shunichi
Naoichi Ikeda	IKEDA Naoichi
Mito Arakaki	ARAKAKI Mito
Hime Higa	HIGA Hime
H. G. Morison	
Takashige Iida	IIDA Takashige
Hideko Iida	IIDA Hideko
Naka Funada	FUNADA Naka
Yuan Jinkai	
Toshizō Nishio	NISHIO Toshizō
Miao Bin	
Dr. Chan	
E. Wagemann	
Yamaguchi	YAMAGUCHI
Kife	
Kita	KITA
Sazaki	SAZAKI
Nakada	NAKADA
Mr. Dooman	
Simon	
Tokutaro Kimura	KIMURA Tokutaro
Saburō Aizawa	AIZAWA Saburō
Sakichi Mitsui	MITSUI Sakichi
Somei Uzawa	UZAWA Somei
Tomosaburō Shimada	SHIMADA Tomosaburō
Kotarō Sugihara	SUGIHARA Kotarō
Shōzaburō Satō	SATŌ Shōzaburō
Jōtarō Watanabe	WATANABE Jōtarō
Colonel Matsuo	Colonel MATSUO
Kisaburō Suzuki	SUZUKI Kisaburō
Kōji Muranaka	MURANAKA Kōji
Asaichi Isobe	ISOBE Asaichi
Jirō Minami	MINAMI Jirō
Ashikaga Takauji	ASHIKAGA Takauji
Ijūrō Ōta	ŌTA Ijūrō
Saburō Inoue	INOUE Saburō
Sakichi Shimozono	SHIMOZONO Sakichi
Toshiki Karasawa	KARASAWA Toshiki
Captain Okishi	Captain OKISHI
Captain Sone	Captain SONE
Eichi Okura	OKURA Eichi
Captain Andō	Captain ANDŌ
Captain Satō	Captain SATŌ
Captain Kōda	Captain KŌDA
Captain Tsuji	Captain TSUJI
Captain Nonaka	Captain NONAKA
Zensuke Isobe	ISOBE Zensuke
Kantarō Suzuki	SUZUKI Kantarō
Mineo Ōsumi	ŌSUMI Mineo
Fumio Gotō	GOTŌ Fumio
Kōhei Kashii	KASHII Kōhei
Captain Kiyose Guemi	
Major General Matsumuro	Major General MATSUMURO
Toshiyuki Hisayama	HISAYAMA Toshiyuki
Nobutsugu Yoshino	YOSHINO Nobutsugu
Chikuhei Nakajima	NAKAJIMA Chikuhei
Sonyu Otani	OTANI Sonyu
General Machijiri	General MACHIJIRI
Takekatsu Kubo	KUBO Takekatsu
Saburo Ando	ANDO Saburo
Eijiro Tajima	TAJIMA Eijiro
Masao Yasuoka	YASUOKA Masao
Tetsuzo Nakajima	NAKAJIMA Tetsuzo
Korechika Anami	ANAMI Korechika
Maki Iefuji	
Hiroharu Tsuneo	
Tadashi Kawamura	KAWAMURA Tadashi
I. Tajiri	TAJIRI I.
Masao Yokoyama	YOKOYAMA Masao
Takio Hirono	HIRONO Takio
Rokuji Nakayama	NAKAYAMA Rokuji
Hiroshi Shima	SHIMA Hiroshi
Seiichi Uno	UNO Seiichi
Shichiro Hamori	HAMORI Shichiro
Toichi Sasaki	SASAKI Toichi
Yasujiro Otake	OTAKE Yasujiro
Juku Daoni	
Kazumasa Hinta	HINTA Kazumasa
Taneita Saito	SAITO Taneita
Hansaburo Ishikawa	ISHIKAWA Hansaburo
Akira Yoshikawa	YOSHIKAWA Akira
Kumakichi Harada	HARADA Kumakichi
Yasuhiko Asaka	ASAKA Yasuhiko
Jiro Tozawa	TOZAWA Jiro
Takeyoshi Imanaka	IMANAKA Takeyoshi
Toshimichi Uemura	UEMURA Toshimichi
Tomokata Ito	ITO Tomokata
Kiichi Yomaza	YOMAZA Kiichi
S. Honda	HONDA S.
Genichiro	
Takaku Shimono	SHIMONO Takaku
Osamu Tsukada	TSUKADA Osamu
Seiichi Kuno	KUNO Seiichi
Osamu Maeda	MAEDA Osamu
Kanjo Saito	SAITO Kanjo
Rensuke Isogai	ISOGAI Rensuke
Sadaichi Suzuki	SUZUKI Sadaichi
Ichitarō Yamaguchi	YAMAGUCHI Ichitarō
Seijun Ando	ANDO Seijun
Kiyoshi Koga	KOGA Kiyoshi
Katsura Tarō	KATSURA Tarō
Hōjō Tokimune	HŌJŌ Tokimune
Kuroki Tamemoto	KUROKI Tamemoto
Ōyama Iwao	ŌYAMA Iwao
Kodama Gentarō	KODAMA Gentarō
Yamagata Aritomo	YAMAGATA Aritomo
Takashi Hishikari	HISHIKARI Takashi
Inouye	INOUYE
Shōzō Yokokawa	YOKOKAWA Shōzō
Keitoku Nagao	NAGAO Keitoku
Miyabara	MIYABARA
T. Hariguchi	HARIGUCHI T.
Mrs. Ishimoto	Mrs. ISHIMOTO
Jiro Hitomi	HITOMI Jiro
Nagano	NAGANO
Ameko	
T. Haraguchi	HARAGUCHI T.
T. Taketo	TAKETO T.
Takeji Kawamura	KAWAMURA Takeji
Ryozo Iizumi	IIZUMI Ryozo
Tokushichi Nomura	NOMURA Tokushichi
Naoya Akuzawa	AKUZAWA Naoya
Keijiro Hori	HORI Keijiro
Eifuku	EIFUKU
Orita	ORITA
Yosaburo Takekoshi	TAKEKOSHI Yosaburo
Mr. Mechente	
Soroku Suzuki	SUZUKI Soroku
Hanzo Kanaya	KANAYA Hanzo
Prince Kotohito Kanin	Prince KANIN Kotohito
Lieutenant Fujii	Lieutenant FUJII
Lieutenant General Kashii	Lieutenant General KASHII
M. Kuwashima	KUWASHIMA M.
General Amano	General AMANO
Jiro Honjo	HONJO Jiro
Lieutenant General Matsuki	Lieutenant General MATSUKI
Boone	
Hirata Shinsaku	HIRATA Shinsaku
Masanori Shibayama	SHIBAYAMA Masanori
Ryūkichi Kagesa	KAGESA Ryūkichi
Jinsaburō Masaki	MASAKI Jinsaburō
Lieutenant General Imai	Lieutenant General IMAI
Torao Hashimoto	HASHIMOTO Torao
Kiyoshi Imai	IMAI Kiyoshi
Colonel Yamada	Colonel YAMADA
Kanichirō Tashiro	TASHIRO Kanichirō
Takayoshi Matsumuro	MATSUMURO Takayoshi
Jinzaburō Mazaki	MAZAKI Jinzaburō
Ichiki Kitokurō	ICHIKI Kitokurō
Shintarō Nakamura	NAKAMURA Shintarō
Admiral Tutani	Admiral TUTANI
Baron Seinosuke Gō	Baron GŌ Seinosuke
Count Yasuya Uchida	Count UCHIDA Yasuya
Takashi Nagai	NAGAI Takashi
Tetsujirō Inoue	INOUE Tetsujirō
Sita	
A. S. Chase	
T. Togari	TOGARI T.
Nagagaki	NAGAGAKI
S. Washio	WASHIO S.
Mizuno	MIZUNO
J. C. Shannon	
B. Shunan	
Wu Te-chen	
M. Shinehara	SHINEHARA M.
A. E. Panpano	
Mrs. F. W. Madison	
J. K. Robinson	
R. O. Asano	ASANO R. O.
A. Ninomiya	NINOMIYA A.
Mr. Inouye	Mr. INOUYE
Doane Hage	
A. J. Bowen	
C. B. Wade	
Ōhashi	ŌHASHI
Kenichi Yoshizawa	YOSHIZAWA Kenichi
Inko Iben	
Haruo Tonami	TONAMI Haruo
Yonejiro Iwamoto	IWAMOTO Yonejiro
Zenichi Kuroki	KUROKI Zenichi
Teiji Kawakami	KAWAKAMI Teiji
Monju Tukaki	TUKAKI Monju
Hiroshi Tsuchiya	TSUCHIYA Hiroshi
Seiichi Inoue	INOUE Seiichi
Setsuzo Ichikawa	ICHIKAWA Setsuzo
Seishi Yoshida	YOSHIDA Seishi
Yoshito Tatuta	TATUTA Yoshito
Bunmei Tsuchiya	TSUCHIYA Bunmei
Enichi Yamazaki	YAMAZAKI Enichi
Tetsuo Kitahara	KITAHARA Tetsuo
Junnosuke Ogawa	OGAWA Junnosuke
Junnosuke Omura	OMURA Junnosuke
Hisatoshi Kawasaki	KAWASAKI Hisatoshi
Koichi Kanda	KANDA Koichi
Kozo Asakura	ASAKURA Kozo
Yutaka Mizuhara	MIZUHARA Yutaka
Kennosuke Kinbara	KINBARA Kennosuke
Tokuzo Kizawa	KIZAWA Tokuzo
Gengi Tunokawa	TUNOKAWA Gengi
Shigeo Tanaka	TANAKA Shigeo
Yasuo Yamazaki	YAMAZAKI Yasuo
Ryotaro Kirishima	KIRISHIMA Ryotaro
Shizuo Mizuno	MIZUNO Shizuo
Keiji Yamamoto	YAMAMOTO Keiji
Uichi Odake	ODAKE Uichi
Sokuichi Kotake	KOTAKE Sokuichi
Takeji Matsumoto	MATSUMOTO Takeji
Takeshiro Tamura	TAMURA Takeshiro
Shigeo Kinoshita	KINOSHITA Shigeo
Ichiro Kiyose	KIYOSE Ichiro
Yukio Horinouchi	HORINOUCHI Yukio
J. Iwahori	IWAHORI J.
Noriaki Tae	TAE Noriaki
Masato Ara	ARA Masato
Takeo Kobayashi	KOBAYASHI Takeo
Yoichi Nakagawa	NAKAGAWA Yoichi
Toshio Ikeda	IKEDA Toshio
Tokuzo Yasutaka	YASUTAKA Tokuzo
Atsukichi Morimoto	MORIMOTO Atsukichi
Kameo Mori	MORI Kameo
Toshio Nishioka	NISHIOKA Toshio
Keio Saito	SAITO Keio
Chinji Miyashima	MIYASHIMA Chinji
Sumio Koriyama	KORIYAMA Sumio
Eiichi Hatanaka	HATANAKA Eiichi
Otojiro Hinokimura	HINOKIMURA Otojiro
Hitoshi Hirano	HIRANO Hitoshi
Tadaharu Asai	ASAI Tadaharu
Moto Shigeyama	SHIGEYAMA Moto
Hogai Iwakami	IWAKAMI Hogai
Hajime Yamagata	YAMAGATA Hajime
Toshiyasu Iwata	IWATA Toshiyasu
Kaoru Sakurai	SAKURAI Kaoru
Munekichi Kajima	KAJIMA Munekichi
Ienzo Oshima	OSHIMA Ienzo
Kuni Araki	ARAKI Kuni
Yasuyuki Suzuki	SUZUKI Yasuyuki
Hideo Tanaka	TANAKA Hideo
Tadashi Kurosu	KUROSU Tadashi
Isamu Kamijo	KAMIJO Isamu
Nobutsuna Sasaki	SASAKI Nobutsuna
Akira Furuta	FURUTA Akira
Teye Chikura	CHIKURA Teye
Tsunesuke Takagi	TAKAGI Tsunesuke
Toyozo Nakai	NAKAI Toyozo
Gozo Uchida	UCHIDA Gozo
Noboru Ikeda	IKEDA Noboru
Tetsuzo Takashina	TAKASHINA Tetsuzo
Sotaro Naeshiro	NAESHIRO Sotaro
Yoshio Sakamura	SAKAMURA Yoshio
Tekinosuke Nakamura	NAKAMURA Tekinosuke
Hasanao Takizawa	TAKIZAWA Hasanao
Kaseki Takeuchi	TAKEUCHI Kaseki
Yasuji Kariya	KARIYA Yasuji
Tadashi Takeuchi	TAKEUCHI Tadashi
Tetsuei Iizuka	IIZUKA Tetsuei
Hisatsune Iida	IIDA Hisatsune
Nozuru Nakagawa	NAKAGAWA Nozuru
Tokinosuke Nakamura	NAKAMURA Tokinosuke
Yusaku Shimanaka	SHIMANAKA Yusaku
Yasuichi Hara	HARA Yasuichi
Sakuhei Fujiwara	FUJIWARA Sakuhei
Asaji Akagi	AKAGI Asaji
Sakuzo Uchino	UCHINO Sakuzo
Gizaburo Shinyama	SHINYAMA Gizaburo
Kenzo Aoyama	AOYAMA Kenzo
Ichiro Tsuneoka	TSUNEOKA Ichiro
Torao Kamei	KAMEI Torao
Yoshio Shima	SHIMA Yoshio
Shinzo Sakamoto	SAKAMOTO Shinzo
Kazue Furumi	FURUMI Kazue
Teizo Toda	TODA Teizo
Takeo Murakeshi	MURAKESHI Takeo
Shigeyo Tanaka	TANAKA Shigeyo
Tetsuya Uemura	UEMURA Tetsuya
Katsunari Kurita	KURITA Katsunari
Bunzo Shimura	SHIMURA Bunzo
Tokayuku Senguchi	SENGUCHI Tokayuku
Shinji Otsubo	OTSUBO Shinji
Kiyoshi Tanaka	TANAKA Kiyoshi
Sho Takeda	TAKEDA Sho
Teisaburo Sekiya	SEKIYA Teisaburo
Shoji Arai	ARAI Shoji
Kinji Satuta	SATUTA Kinji
Ryukichi Sekiya	SEKIYA Ryukichi
Takehachi Nishiyama	NISHIYAMA Takehachi
Fujitaro Murakami	MURAKAMI Fujitaro
Katsuzo Nishi	NISHI Katsuzo
Keijiro Asabu	ASABU Keijiro
Yuichiro Sugiyara	SUGIYARA Yuichiro
Ichiro Sonobe	SONOBE Ichiro
Gosuke Imai	IMAI Gosuke
Kisaburo Ando	ANDO Kisaburo
Tetsuo Nosose	NOSOSE Tetsuo
Kaneo Nagasaka	NAGASAKA Kaneo
Keigo Koyama	KOYAMA Keigo
Jisuke Kubota	KUBOTA Jisuke
Kiyoritsu Sato	SATO Kiyoritsu
Yanematsu Mitsui	MITSUI Yanematsu
Kanichi Yamanobe	YAMANOBE Kanichi
Sentaro Suehiro	SUEHIRO Sentaro
Nichigen Otsuka	OTSUKA Nichigen
Seitaro Kubota	KUBOTA Seitaro
Hanzaburo Matsuzaki	MATSUZAKI Hanzaburo
Seiichi Nona	NONA Seiichi
Kasaku Fujii	FUJII Kasaku
Hitoshi Saito	SAITO Hitoshi
Taneji Hakosa	HAKOSA Taneji
Hisaharu Tsuchiya	TSUCHIYA Hisaharu
Tadao Iwano	IWANO Tadao
Ryuhichi Nosaki	NOSAKI Ryuhichi
Sakae Oda	ODA Sakae
Tatsuo Yoshida	YOSHIDA Tatsuo
Risaburo Ugai	UGAI Risaburo
Ichiro Ishikawa	ISHIKAWA Ichiro
Suigeru Nori	NORI Suigeru
Hiroji Koge	KOGE Hiroji
Ryuji Nakayana	NAKAYANA Ryuji
Kasaji Heshiai	HESHIAI Kasaji
Toyo Tanaka	TANAKA Toyo
Takenosuke Kinoshita	KINOSHITA Takenosuke
Kusuji Kondo	KONDO Kusuji
Teruo Kishima	KISHIMA Teruo
Yoshisuke Matsumura	MATSUMURA Yoshisuke
Yuuko Isobe	ISOBE Yuuko
Ryozo Fujimoto	FUJIMOTO Ryozo
Osaru Kawasaki	KAWASAKI Osaru
Rihachiro Hanamura	HANAMURA Rihachiro
Sumiko Kudo	KUDO Sumiko
Oshio Taira	TAIRA Oshio
Fujire Arake	ARAKE Fujire
Takejiro Otani	OTANI Takejiro
Toriji Kaneko	KANEKO Toriji
Keishiro Hinata	HINATA Keishiro
Shigeyuki Kitaura	KITAURA Shigeyuki
Seiichi Imai	IMAI Seiichi
Yoichi Asami	ASAMI Yoichi
Takuji Kodama	KODAMA Takuji
Goro Yamada	YAMADA Goro
Haruhiko Kimura	KIMURA Haruhiko
Tuno Yatsubayashi	YATSUBAYASHI Tuno
Haruichi Katayama	KATAYAMA Haruichi
Temizo Ozawa	OZAWA Temizo
Yoshihei Suzuki	SUZUKI Yoshihei
Yoshichi Hani	HANI Yoshichi
Tsuneo Morikita	MORIKITA Tsuneo
Seiichi Kondo	KONDO Seiichi
Shichiro Arai	ARAI Shichiro
Sachio Fujiyama	FUJIYAMA Sachio
Hatsutaro Fukumoto	FUKUMOTO Hatsutaro
Tanetu Fukumura	FUKUMURA Tanetu
Takeo Araki	ARAKI Takeo
Tetsunosuke Hirukawa	HIRUKAWA Tetsunosuke
Yukio Michise	MICHISE Yukio
Nori Funakawa	FUNAKAWA Nori
Yoshio Miyao	MIYAO Yoshio
Katsu Yoshiya	YOSHIYA Katsu
Mitsuo Katsuta	KATSUTA Mitsuo
Furuta Junzo	FURUTA Junzo
Yoshiza Shimizu	SHIMIZU Yoshiza
Tokiharu Ugai	UGAI Tokiharu
Harusuke Ono	ONO Harusuke
Gunjire Toriuchi	TORIUCHI Gunjire
Horimasa Sokareto	SOKARETO Horimasa
Takeo Komure	KOMURE Takeo
Takuzo Ishimura	ISHIMURA Takuzo
Yoshiya Nakasu	NAKASU Yoshiya
Tatsugoro Nishimura	NISHIMURA Tatsugoro
Tatsuhiko Nakano	NAKANO Tatsuhiko
Hajime Hatano	HATANO Hajime
Koichi Narita	NARITA Koichi
Kunizo Hara	HARA Kunizo
Junzo Ishii	ISHII Junzo
Atsujiro Oyama	OYAMA Atsujiro
Tomitsu Maemoto	MAEMOTO Tomitsu
Shoshiro Kotachi	KOTACHI Shoshiro
Hisamichi Uchida	UCHIDA Hisamichi
Takekichi Miki	MIKI Takekichi
Shinzo Suzuki	SUZUKI Shinzo
Kurimatsu Tokoro	TOKORO Kurimatsu
Reiichi Shimizu	SHIMIZU Reiichi
Ryusuke Dainichi	DAINICHI Ryusuke
Mitsuki Ichikawa	ICHIKAWA Mitsuki
Tatso Minami	MINAMI Tatso
Tatsunosuke Tashima	TASHIMA Tatsunosuke
Takeshi Kani	KANI Takeshi
Zenji Hayashi	HAYASHI Zenji
Tatsuzo Ito	ITO Tatsuzo
Kazuo Hagiwara	HAGIWARA Kazuo
Masaki Kanaike	KANAIKE Masaki
Masao Takeshita	TAKESHITA Masao
Shinichi Ohashi	OHASHI Shinichi
Tadao Yoshima	YOSHIMA Tadao
Yokichi Masunaga	MASUNAGA Yokichi
Yozo Maeda	MAEDA Yozo
Yenokichi Hiraiwa	HIRAIWA Yenokichi
Masatoshi Nakamura	NAKAMURA Masatoshi
Sadayuki Kusano	KUSANO Sadayuki
Ginratu Okumura	OKUMURA Ginratu
Kinichiro Oya	OYA Kinichiro
Tokujiro Nakamura	NAKAMURA Tokujiro
Isaburo Toyama	TOYAMA Isaburo
Asanosuke Nakamura	NAKAMURA Asanosuke
Hideo Hanamoto	HANAMOTO Hideo
Yasuge Tando	TANDO Yasuge
Kenjiro Yamashita	YAMASHITA Kenjiro
Yoshioki Shiraishi	SHIRAISHI Yoshioki
Michinari Habu	HABU Michinari
Daiyoku Usui	USUI Daiyoku
Takeo Yamasaki	YAMASAKI Takeo
Shokichi Onuma	ONUMA Shokichi
Yasaburo Shironaka	SHIRONAKA Yasaburo
Itushi Nonomi	NONOMI Itushi
Kinji Watanabe	WATANABE Kinji
Tetsuzo Tsukamoto	TSUKAMOTO Tetsuzo
Hisajiro Suzuki	SUZUKI Hisajiro
Kyo Kato	KATO Kyo
Konji Iwata	IWATA Konji
Yuichi Kuniya	KUNIYA Yuichi
Hikosaku Hirose	HIROSE Hikosaku
Katuyashi Dohi	DOHI Katuyashi
Keiichi Nakahara	NAKAHARA Keiichi
Hajime Mori	MORI Hajime
Chiyokichi Suzuki	SUZUKI Chiyokichi
Yohei Sugaya	SUGAYA Yohei
Furio Niijima	NIIJIMA Furio
Hisaji Chiba	CHIBA Hisaji
Hajime Kashima	KASHIMA Hajime
Shoichi Midero	MIDERO Shoichi
Kanko Takimoto	TAKIMOTO Kanko
Gentaro Suehiro	SUEHIRO Gentaro
Tomoyuki Suda	SUDA Tomoyuki
Sanryo Yamada	YAMADA Sanryo
Hatsutaro Yamagata	YAMAGATA Hatsutaro
Shigezo Maeda	MAEDA Shigezo
Ryotaro Fukuda	FUKUDA Ryotaro
Shin Hidejima	HIDEJIMA Shin
Yoshibumi Kinoshita	KINOSHITA Yoshibumi
Denko Nakamura	NAKAMURA Denko
Toku Tachibana	TACHIBANA Toku
Genichi Okazaki	OKAZAKI Genichi
Shinichiro Mori	MORI Shinichiro
En Akaba	AKABA En
Kiyoshi Takehama	TAKEHAMA Kiyoshi
Mataichiro Koike	KOIKE Mataichiro
Jinshiro Murakami	MURAKAMI Jinshiro
Shiro Kinbara	KINBARA Shiro
Kyugero Oi	OI Kyugero
Takeshi Daigo	DAIGO Takeshi
Kakutaro Shibayama	SHIBAYAMA Kakutaro
Iyoji Fukazawa	FUKAZAWA Iyoji
Goro Hasuya	HASUYA Goro
Seiji Yoshikawa	YOSHIKAWA Seiji
Nareo Ito	ITO Nareo
Yataro Iwai	IWAI Yataro
Shigeo Iwanami	IWANAMI Shigeo
Katura Shimizu	SHIMIZU Katura
Noburu Watanabe	WATANABE Noburu
Mino Uchida	UCHIDA Mino
Sejiro Saito	SAITO Sejiro
Kunio Hasegawa	HASEGAWA Kunio
Ken Hosoi	HOSOI Ken
Shichiro Endo	ENDO Shichiro
Keitaro Sawa	SAWA Keitaro
Toyonaga Horikawa	HORIKAWA Toyonaga
Meiko Imamura	IMAMURA Meiko
Yoshihiko Masuda	MASUDA Yoshihiko
Yosuke Nakagawa	NAKAGAWA Yosuke
Horiya Emeri	EMERI Horiya
Noriichi Ogino	OGINO Noriichi
Yoshiya Kitani	KITANI Yoshiya
Shogo Kano	KANO Shogo
Mitsuko Kawate	KAWATE Mitsuko
Shuichi Takahashi	TAKAHASHI Shuichi
Takashi Oizumi	OIZUMI Takashi
Kenichiro Kamei	KAMEI Kenichiro
Shuntaro Kitazato	KITAZATO Shuntaro
Roku Adachi	ADACHI Roku
Yahei Sato	SATO Yahei
Tomatsu Hiraoka	HIRAOKA Tomatsu
Shigeo Sasaki	SASAKI Shigeo
Nao Goto	GOTO Nao
Yoshio Ogawa	OGAWA Yoshio
Miyamoto	MIYAMOTO
Choji Kurameto	KURAMETO Choji
Keikichi Kofunai	KOFUNAI Keikichi
Morikichi Shinpo	SHINPO Morikichi
Hichiro Fukao	FUKAO Hichiro
Shingo Saito	SAITO Shingo
Shizue Aoyama	AOYAMA Shizue
Tetue Shirohashi	SHIROHASHI Tetue
Narae Nishino	NISHINO Narae
Genzaburo Imamura	IMAMURA Genzaburo
Genichi Kodoira	KODOIRA Genichi
Yoshire Ishii	ISHII Yoshire
Kazuyuki Naganuma	NAGANUMA Kazuyuki
Toshita Yamamoto	YAMAMOTO Toshita
Kesaku Nagata	NAGATA Kesaku
Oshese	
Hidekichi Ito	ITO Hidekichi
Masao Kure	KURE Masao
Eiichi Kobayashi	KOBAYASHI Eiichi
Rokuro Nakada	NAKADA Rokuro
Atsushi Yamano	YAMANO Atsushi
Jin Imai	IMAI Jin
Kurakichi Kaneko	KANEKO Kurakichi
Jizaemon Kunisada	KUNISADA Jizaemon
Kyoichi Kashiwa	KASHIWA Kyoichi
Shoichi Karoto	KAROTO Shoichi
Kunetaro Katakura	KATAKURA Kunetaro
Kiyoshi Kanzaki	KANZAKI Kiyoshi
Shinbei Kunizawa	KUNIZAWA Shinbei
Naoko Yuto	YUTO Naoko
Shizue Kato	KATO Shizue
Kawade Takao	KAWADE Takao
Tetujiro Kawamura	KAWAMURA Tetujiro
Shigeru Kato	KATO Shigeru
Masao Yusasa	YUSASA Masao
Shinpei Shirai	SHIRAI Shinpei
Hoichi Kiyohara	KIYOHARA Hoichi
Benzo Katsura	KATSURA Benzo
Ken Nagase	NAGASE Ken
Eiji Kojima	KOJIMA Eiji
Shozo Niizoki	NIIZOKI Shozo
Tetsuta Iwesaki	IWESAKI Tetsuta
Shozo Shinseki	SHINSEKI Shozo
Katutaro Nakase	NAKASE Katutaro
Goro Koizumi	KOIZUMI Goro
Hidesaburo Ayugai	AYUGAI Hidesaburo
Koji Yoshida	YOSHIDA Koji
Jitsuichi Kobayashi	KOBAYASHI Jitsuichi
Gichiro Kosakai	KOSAKAI Gichiro
Shinichiro Sakagami	SAKAGAMI Shinichiro
Kumasaburo Nakanishi	NAKANISHI Kumasaburo
Tomio Oyata	OYATA Tomio
Hiroyuki Tanobe	TANOBE Hiroyuki
Kiichi Komine	KOMINE Kiichi
Tutomu Nakanishi	NAKANISHI Tutomu
Shuge Honda	HONDA Shuge
Morito Fukuzawa	FUKUZAWA Morito
Masujiro Kosugi	KOSUGI Masujiro
Toichiro Iwasa	IWASA Toichiro
Shinbi Iida	IIDA Shinbi
Kide Honda	HONDA Kide
Masayuki Nekuhare	NEKUHARE Masayuki
Taotsu Saito	SAITO Taotsu
Katujiro Koito	KOITO Katujiro
Tananosuke Matuki	MATUKI Tananosuke
Takao Shigenobu	SHIGENOBU Takao
Minoru Ariyoshi	ARIYOSHI Minoru
Eishin Izumi	IZUMI Eishin
Kanji Urabayashi	URABAYASHI Kanji
Heijuro Fudo	FUDO Heijuro
Toyoji Kowai	KOWAI Toyoji
Kosaburo Okura	OKURA Kosaburo
Asataro Yasaka	YASAKA Asataro
Rikichi Iwata	IWATA Rikichi
Oyuryo Fuchita	FUCHITA Oyuryo
Tuneo Ikeda	IKEDA Tuneo
Jiro Nengo	NENGO Jiro
Uzo Tsujimoto	TSUJIMOTO Uzo
Yoshiki Takasaki	TAKASAKI Yoshiki
Masao Takashima	TAKASHIMA Masao
Yoshitaro Kawaguchi	KAWAGUCHI Yoshitaro
Kokichi Iwashiro	IWASHIRO Kokichi
Eiichi Akiyama	AKIYAMA Eiichi
Jitsuzo Muramoto	MURAMOTO Jitsuzo
Kenho Masuda	MASUDA Kenho
Koshi Sugiyama	SUGIYAMA Koshi
Yoriyoshi Abe	ABE Yoriyoshi
Hikomatsu Kanikowa	KANIKOWA Hikomatsu
Matsuo Miyairi	MIYAIRI Matsuo
Tanotsu Otani	OTANI Tanotsu
Yasuna Takada	TAKADA Yasuna
Kyujiro Yanade	YANADE Kyujiro
Haruhiko Momotake	MOMOTAKE Haruhiko
Eiichi Matsumura	MATSUMURA Eiichi
Haruhiko Furutani	FURUTANI Haruhiko
Kyusaku Turuta	TURUTA Kyusaku
Yoshiichi Sugimoto	SUGIMOTO Yoshiichi
Eihachi Tanamori	TANAMORI Eihachi
Ryosaku Izutsu	IZUTSU Ryosaku
Mesasuke Kodama	KODAMA Mesasuke
Yoshio Kanode	KANODE Yoshio
Kiroku Oguchi	OGUCHI Kiroku
Sako Yiroe	YIROE Sako
Masanori Watanake	WATANAKE Masanori
Shiro Neguro	NEGURO Shiro
Toshiro Murabayashi	MURABAYASHI Toshiro
Kenwa Kareyama	KAREYAMA Kenwa
Noboru Yamagishi	YAMAGISHI Noboru
Sadao Ohashi	OHASHI Sadao
Koyo Mitsui	MITSUI Koyo
Takashi Igarashi	IGARASHI Takashi
Yosuke Natori	NATORI Yosuke
Tokumasa Asai	ASAI Tokumasa
Koneritsu Yoshikawa	YOSHIKAWA Koneritsu
Toru Yamagari	YAMAGARI Toru
Kyoichi Shirosaki	SHIROSAKI Kyoichi
Masayoshi Keno	KENO Masayoshi
Hachiro Komine	KOMINE Hachiro
Saburo Imai	IMAI Saburo
Otojiro Kondo	KONDO Otojiro
Gen Kono	KONO Gen
Matsuei Morishita	MORISHITA Matsuei
Toshio Hoshino	HOSHINO Toshio
Yue Horikoshi	HORIKOSHI Yue
Toyoo Takei	TAKEI Toyoo
Ryozo Hesoi	HESOI Ryozo
Shoichi Okamoto	OKAMOTO Shoichi
Seiichi Kuse	KUSE Seiichi
Tamiji Naito	NAITO Tamiji
Shinichi Kouno	KOUNO Shinichi
Shigeru Ozaki	OZAKI Shigeru
Totsuo Kitamura	KITAMURA Totsuo
Sakigake Abe	ABE Sakigake
Kareo Okamoto	OKAMOTO Kareo
Shizuka Shikai	SHIKAI Shizuka
Yoshio Uehara	UEHARA Yoshio
Tokizo Kawakami	KAWAKAMI Tokizo
Juro Segawa	SEGAWA Juro
Masa Sakurai	SAKURAI Masa
Seijiro Takahashi	TAKAHASHI Seijiro
Yoshiyasu Koshimoto	KOSHIMOTO Yoshiyasu
Setsuo Yamaoka	YAMAOKA Setsuo
Tetuo Otani	OTANI Tetuo
Takeo Nanba	NANBA Takeo
Saburo Arano	ARANO Saburo
Raikichi Kono	KONO Raikichi
Yoshimi Suzuki	SUZUKI Yoshimi
Seigo Kimura	KIMURA Seigo
Yasutaro Nagaoka	NAGAOKA Yasutaro
Masao Murakani	MURAKANI Masao
Motoi Tada	TADA Motoi
Yonejiro Tunoda	TUNODA Yonejiro
Aisuke Okamoto	OKAMOTO Aisuke
Yasunari Akagi	AKAGI Yasunari
Norio Kobayashi	KOBAYASHI Norio
Daishun Habu	HABU Daishun
Goyu Kanda	KANDA Goyu
Kozo Uda	UDA Kozo
Shigeichi Yamada	YAMADA Shigeichi
Kanichi Ito	ITO Kanichi
Naoro Adachi	ADACHI Naoro
Kichizo Kosakai	KOSAKAI Kichizo
Minoru Arakaki	ARAKAKI Minoru
Zenkichi Masunaga	MASUNAGA Zenkichi
Kentaro Masuya	MASUYA Kentaro
Hikochika Matui	MATUI Hikochika
Shiro Meguro	MEGURO Shiro
Yuzo Shigemune	SHIGEMUNE Yuzo
Sorei Uzawa	UZAWA Sorei
Masao Fujihara	FUJIHARA Masao
Hiroo Hirakawa	HIRAKAWA Hiroo
Minoru Otabe	OTABE Minoru
Michiyuki Sugamata	SUGAMATA Michiyuki
Hiroshi Goto	GOTO Hiroshi
Takezo Hasegawa	HASEGAWA Takezo
Michinosuke Tokauchi	TOKAUCHI Michinosuke
Kuni Koderasi	KODERASI Kuni
Shiroji Fujita	FUJITA Shiroji
Kunio Yanagida	YANAGIDA Kunio
Shin Ariga	ARIGA Shin
Shigehiro Kawano	KAWANO Shigehiro
Shigeharu Miyashita	MIYASHITA Shigeharu
Hasazo Yamanoto	YAMANOTO Hasazo
Asao Ota	OTA Asao
Iwamatsu Hoshitoku	
Hisao Nishitani	NISHITANI Hisao
Shoshin Terai	TERAI Shoshin
Kubota Manjiro	KUBOTA Manjiro
Wahichi Kenya	
Seiichi Kono	KONO Seiichi
Manri Okazaki	OKAZAKI Manri
Kyosuke Tamai	TAMAI Kyosuke
Shigeo Sakura	SAKURA Shigeo
Hoichi Nakao	NAKAO Hoichi
Shinichi Miwa	MIWA Shinichi
Tunji Takahashi	TAKAHASHI Tunji
Shinichiro Miyakoshi	MIYAKOSHI Shinichiro
Denzo Kose	KOSE Denzo
Minoru Ota	OTA Minoru
Shinhei Shioni	SHIONI Shinhei
Ryoichi Mizutani	MIZUTANI Ryoichi
Kinkiro Nakano	NAKANO Kinkiro
Shozo Aoyagi	AOYAGI Shozo
Sadoaki Sugao	SUGAO Sadoaki
Setu Ota	OTA Setu
Reitaro Kawada	KAWADA Reitaro
Tetusaburo Sakuma	SAKUMA Tetusaburo
Kinya Nagao	NAGAO Kinya
Saburo Kiyese	KIYESE Saburo
Shinjiro Taki	TAKI Shinjiro
Teisho Sugaoi	SUGAOI Teisho
Masahiko Kotachi	KOTACHI Masahiko
Koonare Matsuoka	MATSUOKA Koonare
Kenta Suzuki	SUZUKI Kenta
Hirokichi Otake	OTAKE Hirokichi
Tokunosuke Yoshimura	YOSHIMURA Tokunosuke
Hideyoshi Saya	SAYA Hideyoshi
Kumao Arai	ARAI Kumao
Saburo Inouye	INOUYE Saburo
Sinsuke Takatukasa	TAKATUKASA Sinsuke
Kengo Yamamoto	YAMAMOTO Kengo
Tomio Yonebayashi	YONEBAYASHI Tomio
Masao Oshita	OSHITA Masao
Saburo Suganuma	SUGANUMA Saburo
Kenji Ichida	ICHIDA Kenji
Kiyoshi Masui	MASUI Kiyoshi
Goinchi Kodaira	KODAIRA Goinchi
Teyoji Kamei	KAMEI Teyoji
Hanoji Yameroto	YAMEROTO Hanoji
Takayoshi Aoki	AOKI Takayoshi
Kensaburo Kurokawa	KUROKAWA Kensaburo
Sekizo Uyeda	UYEDA Sekizo
Karejiro Takeuchi	TAKEUCHI Karejiro
Kenzo Niki	NIKI Kenzo
Kaneme Okeda	OKEDA Kaneme
Sanki Ichikawa	ICHIKAWA Sanki
Toshiro Takata	TAKATA Toshiro
Hantaro Kubota	KUBOTA Hantaro
Reijiro Arisuki	ARISUKI Reijiro
Katsuji Inahara	INAHARA Katsuji
Yensuke Horinouchi	HORINOUCHI Yensuke
Yozo Kobayashi	KOBAYASHI Yozo
Kikuo Otsuki	OTSUKI Kikuo
Saichiro Kashiwa	KASHIWA Saichiro
Yoshio Tanaka	TANAKA Yoshio
Shizue Saito	SAITO Shizue
Tonemoto Furuhata	FURUHATA Tonemoto
Masao Seki	SEKI Masao
Toshisada Suzuki	SUZUKI Toshisada
Choji Yamada	YAMADA Choji
Choei Ishibashi	ISHIBASHI Choei
Sukehiro Miguchi	MIGUCHI Sukehiro
Yushio Inamaki	INAMAKI Yushio
Miyoshi Yoshine	YOSHINE Miyoshi
Chokichiro Sakuma	SAKUMA Chokichiro
Takiyoshi Inada	INADA Takiyoshi
Tosuku Yamazaki	YAMAZAKI Tosuku
Hirayoshi Oda	ODA Hirayoshi
Yasuke Kanahara	KANAHARA Yasuke
Kentaro Omura	OMURA Kentaro
Yayoi Yoshioka	YOSHIOKA Yayoi
Mentaro Watanabe	WATANABE Mentaro
Yutaka Tanoke	TANOKE Yutaka
Hideji Yegi	YEGI Hideji
Kinjiro Matsumoto	MATSUMOTO Kinjiro
Taketaro Miyata	MIYATA Taketaro
Ikuzo Onaka	ONAKA Ikuzo
Kiyozo Fujiwara	FUJIWARA Kiyozo
Takashi Isaka	ISAKA Takashi
Hidejiro Haruki	HARUKI Hidejiro
Tokio Kohuragi	KOHURAGI Tokio
Kitero Yoshida	YOSHIDA Kitero
Kaoru Iwanoto	IWANOTO Kaoru
Zenichi Hidaka	HIDAKA Zenichi
Ochimi Kubushiro	KUBUSHIRO Ochimi
Junichi Sato	SATO Junichi
Hatutaro Munetaka	MUNETAKA Hatutaro
Yoshio Hatano	HATANO Yoshio
Yaichiro Kubo	KUBO Yaichiro
Pokuzo Furuichi	FURUICHI Pokuzo
Kando Nakane	NAKANE Kando
Ryutaro Hayashi	HAYASHI Ryutaro
Minoru Katsumata	KATSUMATA Minoru
Takuji Nageshima	NAGESHIMA Takuji
Kiichiro Nakamura	NAKAMURA Kiichiro
Takao Taguchi	TAGUCHI Takao
Asayoshi Maruyama	MARUYAMA Asayoshi
Kenji Miyamoto	MIYAMOTO Kenji
Shu Goto	GOTO Shu
Kihachi Nogawa	NOGAWA Kihachi
Shozo Yamamoto	YAMAMOTO Shozo
Tsuneichi Takashide	TAKASHIDE Tsuneichi
Kyuki Nishimori	NISHIMORI Kyuki
Juji Nakano	NAKANO Juji
Sen Nagai	NAGAI Sen
Seijin Furuno	FURUNO Seijin
Tsunetaro Kurita	KURITA Tsunetaro
Yoshibumi Omachi	OMACHI Yoshibumi
Taro Yamahira	YAMAHIRA Taro
Haruki Ikeda	IKEDA Haruki
Jiro Hirose	HIROSE Jiro
Yoichi Muto	MUTO Yoichi
Toshiichi Fujita	FUJITA Toshiichi
Yasuo Shirai	SHIRAI Yasuo
Hideji Yagi	YAGI Hideji
Shugi Misawa	MISAWA Shugi
Yoichi Kitagawa	KITAGAWA Yoichi
Mitsunaga Fujioka	FUJIOKA Mitsunaga
Isaji Kagehise	KAGEHISE Isaji
Kazuo Yamaoka	YAMAOKA Kazuo
Tuneari Maki	MAKI Tuneari
Eikichi Hiratsuka	HIRATSUKA Eikichi
Yaichiro Okada	OKADA Yaichiro
Keizo Kodama	KODAMA Keizo
Hayato Fukunega	FUKUNEGA Hayato
Shoichi Tanaka	TANAKA Shoichi
Yasuyuki Uchimura	UCHIMURA Yasuyuki
Rinichi Kige	KIGE Rinichi
Keishi Chashima	CHASHIMA Keishi
Fujina Tsukuba	TSUKUBA Fujina
Hajime Koozu	KOOZU Hajime
Morinosuke Ketsuwaki	KETSUWAKI Morinosuke
Fukusaburo Sakairi	SAKAIRI Fukusaburo
Riichi Okuda	OKUDA Riichi
Eiichi Sugiyama	SUGIYAMA Eiichi
Shinichi Kawashina	KAWASHINA Shinichi
Masanori Oshima	OSHIMA Masanori
Masanari Ito	ITO Masanari
Maiko Negasawa	NEGASAWA Maiko
Yozo Yukawa	YUKAWA Yozo
Ichizo Yajima	YAJIMA Ichizo
Jun Nakano	NAKANO Jun
Mitsuru Ishii	ISHII Mitsuru
Tetsunobu Uyeda	UYEDA Tetsunobu
Tsunenosuke Machida	MACHIDA Tsunenosuke
Takeo Shimizu	SHIMIZU Takeo
Iyokichi Nakazawa	NAKAZAWA Iyokichi
Yasukichi Yatabe	YATABE Yasukichi
Tadao Matsumoto	MATSUMOTO Tadao
Shigeei Akagawa	AKAGAWA Shigeei
Shinichi Hayakawa	HAYAKAWA Shinichi
Sho Ogata	OGATA Sho
Shigoji Komai	KOMAI Shigoji
Masanori Katsu	KATSU Masanori
Fukuzo Niwo	NIWO Fukuzo
Ihei Ijima	IJIMA Ihei
Ikutaro Inouye	INOUYE Ikutaro
Teiji Tanake	TANAKE Teiji
Shoji Higashiura	HIGASHIURA Shoji
Tatsuzo Hirobe	HIROBE Tatsuzo
Nagashige Tanaka	TANAKA Nagashige
Yasuzo Nomura	NOMURA Yasuzo
Yoichi Uyeno	UYENO Yoichi
Hanjiro Ueda	UEDA Hanjiro
Yoshio Akao	AKAO Yoshio
Kimiko Nakagawa	NAKAGAWA Kimiko
Yasuo Sawa	SAWA Yasuo
Shinsaku Kojima	KOJIMA Shinsaku
Yasuko Ogata	OGATA Yasuko
Seiichiro Ogawa	OGAWA Seiichiro
Mitsuo Morimoto	MORIMOTO Mitsuo
Yoshio Sekine	SEKINE Yoshio
Juosuke Okawa	OKAWA Juosuke
Yutaka Tanaka	TANAKA Yutaka
Shoji Omachi	OMACHI Shoji
Keiichi Kaneyama	KANEYAMA Keiichi
Keizo Kasuya	KASUYA Keizo
Sadayoshi Oseko	OSEKO Sadayoshi
Shunichi Nozue	NOZUE Shunichi
Ryujiro Oyama	OYAMA Ryujiro
Tokio Kaburagi	KABURAGI Tokio
Shinzo Ozawa	OZAWA Shinzo
Tomosada Tokugawa	TOKUGAWA Tomosada
Fumio Seto	SETO Fumio
Masatoshi Okochi	OKOCHI Masatoshi
Osamu Negata	NEGATA Osamu
Kotaro Miyamoto	MIYAMOTO Kotaro
Daisuke Gorai	GORAI Daisuke
Tomio Shibayama	SHIBAYAMA Tomio
Seiichi Ohi	OHI Seiichi
Kanko Mochizuki	MOCHIZUKI Kanko
Yoshio Terutoshi	TERUTOSHI Yoshio
Tei Odabe	ODABE Tei
Shin Okura	OKURA Shin
Yoshiro Kataoka	KATAOKA Yoshiro
Kenpu Katukawa	KATUKAWA Kenpu
Takeshi Inomata	INOMATA Takeshi
Tomio Nanba	NANBA Tomio
Ryutaro Ohashi	OHASHI Ryutaro
Shun Miyayama	MIYAYAMA Shun
Toshishiro Kawanake	KAWANAKE Toshishiro
Hirotaro Hayashi	HAYASHI Hirotaro
Kenjiro Seo	SEO Kenjiro
Kanro Tanaka	TANAKA Kanro
Seiryo Hirai	HIRAI Seiryo
Ryuji Nishizawa	NISHIZAWA Ryuji
Matsue Kusamura	KUSAMURA Matsue
Hison Komeichi	KOMEICHI Hison
Ryoichi Kumazawa	KUMAZAWA Ryoichi
Mutsugen Makashima	MAKASHIMA Mutsugen
Haruo Saito	SAITO Haruo
Shintaro Goto	GOTO Shintaro
Kin Sakurai	SAKURAI Kin
Kishiro Sekine	SEKINE Kishiro
Tojiro Kurahashi	KURAHASHI Tojiro
Suteroku Kitajima	KITAJIMA Suteroku
Chuichi Kumei	KUMEI Chuichi
Taro Nishizawa	NISHIZAWA Taro
Kahei Takeda	TAKEDA Kahei
Kishio Satomi	SATOMI Kishio
Kikumatsu Ogawa	OGAWA Kikumatsu
Sakae Kaweda	KAWEDA Sakae
Keizo Seki	SEKI Keizo
Raifuku Yoneoka	YONEOKA Raifuku
Yoshisaburo Kikura	KIKURA Yoshisaburo
Matusaburo Oida	OIDA Matusaburo
Daiji Tetsumura	TETSUMURA Daiji
Kunio Nagai	NAGAI Kunio
Tametsu Aoki	AOKI Tametsu
Seisaburo Uramoto	URAMOTO Seisaburo
Tomio Kodera	KODERA Tomio
Koichi Kawazu	KAWAZU Koichi
Shozo Yoshii	YOSHII Shozo
Sei Kuboki	KUBOKI Sei
Masao Kumai	KUMAI Masao
Yasoburo Saito	SAITO Yasoburo
Masami Yamakawa	YAMAKAWA Masami
Minoru Yasuyema	YASUYEMA Minoru
Kazuki Komorita	KOMORITA Kazuki
Uichiro Usuta	USUTA Uichiro
Sozaburo Mori	MORI Sozaburo
Toraji Tsukamoto	TSUKAMOTO Toraji
Kenjiro Matsumoto	MATSUMOTO Kenjiro
Chikashi Miwa	MIWA Chikashi
Hansaburo Nakai	NAKAI Hansaburo
Jusu Miwa	MIWA Jusu
Kenji Matsumoto	MATSUMOTO Kenji
Takeo Funaki	FUNAKI Takeo
Kensuke Komatsu	KOMATSU Kensuke
Tokin Yasujima	YASUJIMA Tokin
Fukuji Narumi	NARUMI Fukuji
Masahiki Sato	SATO Masahiki
Kuniyori Tokurawa	TOKURAWA Kuniyori
Katsuhito Inomata	INOMATA Katsuhito
Fusajiro Ichinomiya	ICHINOMIYA Fusajiro
Seiso Sato	SATO Seiso
Eiji Ueno	UENO Eiji
Makoto Yamazaki	YAMAZAKI Makoto
Nobuo Kitahara	KITAHARA Nobuo
Hisao Maebara	MAEBARA Hisao
Gikyo Sato	SATO Gikyo
Hitoyuki Fujimori	FUJIMORI Hitoyuki
Akijiro Hasegawa	HASEGAWA Akijiro
Yoshio Kurita	KURITA Yoshio
Hideichi Oshima	OSHIMA Hideichi
Yoshisuke Fujimasaki	FUJIMASAKI Yoshisuke
Tunemasa Miura	MIURA Tunemasa
Yuji Endo	ENDO Yuji
Shizuo Ando	ANDO Shizuo
Shigeyuki Sayama	SAYAMA Shigeyuki
Matsutaro Yamada	YAMADA Matsutaro
Shinsuke Ochizuki	OCHIZUKI Shinsuke
Jiro Nagasaki	NAGASAKI Jiro
Ukon Tsuchiya	TSUCHIYA Ukon
Yataro Shimizu	SHIMIZU Yataro
Nobusaburo Honda	HONDA Nobusaburo
Sobei Yamada	YAMADA Sobei
Kenichi Yamaoka	YAMAOKA Kenichi
Hichizo Nomura	NOMURA Hichizo
Isota Tsuchii	TSUCHII Isota
Shigeji Tuboi	TUBOI Shigeji
Koji Takashima	TAKASHIMA Koji
Eijiro Yamanaka	YAMANAKA Eijiro
Tamizo Yokoo	YOKOO Tamizo
Michio Kihara	KIHARA Michio
Taneji Kitami	KITAMI Taneji
Yoshikuni Kishida	KISHIDA Yoshikuni
Takae Masuda	MASUDA Takae
Yujiro Ota	OTA Yujiro
Bentei Tonomatsu	TONOMATSU Bentei
Eiichi Kandaku	KANDAKU Eiichi
Shozo Suzuki	SUZUKI Shozo
Minoru Yamanashi	YAMANASHI Minoru
Hikosaburo Yanagisawa	YANAGISAWA Hikosaburo
Kazuo Yatsugi	YATSUGI Kazuo
Toranosuke Aoyana	AOYANA Toranosuke
Yodo Samukawa	SAMUKAWA Yodo
Toshio Sato	SATO Toshio
Kanane Ninowa	NINOWA Kanane
Keizo Tujimoto	TUJIMOTO Keizo
Zenkichi Obuchi	OBUCHI Zenkichi
Kaoru Akimoto	AKIMOTO Kaoru
Haruritu Nakamura	NAKAMURA Haruritu
Genshiro Shima	SHIMA Genshiro
Umimatsu Uma	UMA Umimatsu
Kenji Kajima	KAJIMA Kenji
Toru Jara	JARA Toru
Hiroshi Takeuchi	TAKEUCHI Hiroshi
Kanematsu Yahata	YAHATA Kanematsu
Chiyojo Yoshida	YOSHIDA Chiyojo
Juji Aiga	AIGA Juji
Jun Dobe	DOBE Jun
Zenbei Miwa	MIWA Zenbei
Kenkichi Noguchi	NOGUCHI Kenkichi
Tomeji Yokoo	YOKOO Tomeji
Junichiro Nishimura	NISHIMURA Junichiro
Junkichi Fujioka	FUJIOKA Junkichi
Yasuhiko Asahina	ASAHINA Yasuhiko
Sadao Takeuchi	TAKEUCHI Sadao
Hisayo Shimoide	SHIMOIDE Hisayo
Sakuo Yanao	YANAO Sakuo
Ryo Kobayashi	KOBAYASHI Ryo
Hikomaro Konishi	KONISHI Hikomaro
Iwa Suzuki	SUZUKI Iwa
Kin Moritani	MORITANI Kin
Ryuko Saito	SAITO Ryuko
Chiko Yatsuhashi	YATSUHASHI Chiko
Yuhei Adachi	ADACHI Yuhei
Hatsuzo Wakatsuki	WAKATSUKI Hatsuzo
Takemi Ishikawa	ISHIKAWA Takemi
Yasuhiro Koriya	KORIYA Yasuhiro
Honyu Hamada	HAMADA Honyu
Yozo Nihei	NIHEI Yozo
Heizo Noguchi	NOGUCHI Heizo
Toshihiko Wada	WADA Toshihiko
Shuji Watanabe	WATANABE Shuji
Ayuichi Fukumoto	FUKUMOTO Ayuichi
Chisao Kuroyanagi	KUROYANAGI Chisao
Noboru Chito	CHITO Noboru
Kazuo Kuwana	KUWANA Kazuo
Jinio Azeyanagi	AZEYANAGI Jinio
Kiichi Irino	IRINO Kiichi
Kyoshi Shoun	SHOUN Kyoshi
Toyosaku Yabe	YABE Toyosaku
Takeshi Shikano	SHIKANO Takeshi
Hideo Horie	HORIE Hideo
Shunji Kusunoki	KUSUNOKI Shunji
Suekichi Kamata	KAMATA Suekichi
Kitazawa	KITAZAWA
Kaoru Funeyama	FUNEYAMA Kaoru
Seiji Toyama	TOYAMA Seiji
Kotaro Sugiyama	SUGIYAMA Kotaro
Ginsoku Hasegawa	HASEGAWA Ginsoku
Hatsuzo Nishiya	NISHIYA Hatsuzo
Sho Kato	KATO Sho
Mitsuo Saito	SAITO Mitsuo
Ichisaburo Sugiyama	SUGIYAMA Ichisaburo
Yasuo Suzuki	SUZUKI Yasuo
Saburo Takeshima	TAKESHIMA Saburo
Yonezo Suzuki	SUZUKI Yonezo
Teriko Ryu	RYU Teriko
Kinnosuke Onaka	ONAKA Kinnosuke
Yoshitaro Nishibe	NISHIBE Yoshitaro
Yusuke Turumi	TURUMI Yusuke
Hiroshi Nakamura	NAKAMURA Hiroshi
Shunnei Ishihara	ISHIHARA Shunnei
Koshiro Shiba	SHIBA Koshiro
Koji Kitamura	KITAMURA Koji
Kiyoshige Kamitani	KAMITANI Kiyoshige
Ichiro Yoshioka	YOSHIOKA Ichiro
Koichiro Hagihara	HAGIHARA Koichiro
Mitsuyoshi Yamatori	YAMATORI Mitsuyoshi
Kaeron Nishikawa	NISHIKAWA Kaeron
Kahei Murata	MURATA Kahei
Teruji Tajima	TAJIMA Teruji
Naru Haturi	HATURI Naru
Shigeichi Sagara	SAGARA Shigeichi
Hiroichi Takaoka	TAKAOKA Hiroichi
Takao Taniichi	TANIICHI Takao
Kinichi Takayeme	TAKAYEME Kinichi
Kyushiro Takane	TAKANE Kyushiro
Suetake Ohera	OHERA Suetake
Sanya Kikuchi	KIKUCHI Sanya
Tadakichi Otani	OTANI Tadakichi
Kiku Kitahara	KITAHARA Kiku
Natuni Sekagani	SEKAGANI Natuni
Kesaburo Tanaka	TANAKA Kesaburo
Ryozo Azune	AZUNE Ryozo
Koichi Miyake	MIYAKE Koichi
Chorei Ujiie	UJIIE Chorei
Yaezo Hirata	HIRATA Yaezo
Kunishiro Inoue	INOUE Kunishiro
Kimio Moriya	MORIYA Kimio
Kyuki Takasake	TAKASAKE Kyuki
Kenji Tomiyasu	TOMIYASU Kenji
Saiichi Yoshida	YOSHIDA Saiichi
Atsushi Miura	MIURA Atsushi
Koichi Nagai	NAGAI Koichi
Eikichi Otuka	OTUKA Eikichi
Fumi Murayama	MURAYAMA Fumi
Ken Sawada	SAWADA Ken
Junichi Koizumi	KOIZUMI Junichi
Ko Yoshida	YOSHIDA Ko
Tadashi Ogata	OGATA Tadashi
Riichi Nakahara	NAKAHARA Riichi
Toshizu Karasawa	KARASAWA Toshizu
Tanao Fukui	FUKUI Tanao
Ko Wada	WADA Ko
Senshi Shinozaki	SHINOZAKI Senshi
Toshizo Arei	AREI Toshizo
Fusuke Kimura	KIMURA Fusuke
Masusaburo Shimada	SHIMADA Masusaburo
Teijiro Yanegisawa	YANEGISAWA Teijiro
Junzo Shimizu	SHIMIZU Junzo
Mitsuko Oomi	OOMI Mitsuko
Kyoichi Kukita	KUKITA Kyoichi
Shiro Ota	OTA Shiro
Masu Kimoto	KIMOTO Masu
Hirokichi Hayashi	HAYASHI Hirokichi
Shinichi Nishimura	NISHIMURA Shinichi
Shigeyosi Matumae	MATUMAE Shigeyosi
Kurataro Maeda	MAEDA Kurataro
Yuji Sudo	SUDO Yuji
Masanobu Yamamoto	YAMAMOTO Masanobu
Hankichi Tanaka	TANAKA Hankichi
Isao Ohashi	OHASHI Isao
Tokitsune Hojo	HOJO Tokitsune
Seisuke Nishi	NISHI Seisuke
Keita Shibata	SHIBATA Keita
Hiroki Onuma	ONUMA Hiroki
Koshiro Fujii	FUJII Koshiro
Yasumoto Noguchi	NOGUCHI Yasumoto
Michio Shinohara	SHINOHARA Michio
Shuichi Uchida	UCHIDA Shuichi
Bin Ichihara	ICHIHARA Bin
Shoichiro Araki	ARAKI Shoichiro
Kitaro Sekine	SEKINE Kitaro
Sotaro Takase	TAKASE Sotaro
Sawasuke Yanaginuma	YANAGINUMA Sawasuke
Toshio Terada	TERADA Toshio
Tokuzo Oi	OI Tokuzo
Kinnesuke Suzuki	SUZUKI Kinnesuke
Chogoro Maeda	MAEDA Chogoro
Kiichi Higo	HIGO Kiichi
Motoji Tanahashi	TANAHASHI Motoji
Sumiko Yamane	YAMANE Sumiko
Manzo Nonaka	NONAKA Manzo
Kyoichi Sasaki	SASAKI Kyoichi
Shuichi Yuasa	YUASA Shuichi
Goro Yoshida	YOSHIDA Goro
Tsuneichi Anan	ANAN Tsuneichi
Jin Tsukade	TSUKADE Jin
Hachiro Mitsui	MITSUI Hachiro
Kosaku Hara	HARA Kosaku
Yasukazu Uchiyama	UCHIYAMA Yasukazu
Noritatsu Hosokawa	HOSOKAWA Noritatsu
Yoshio Kamei	KAMEI Yoshio
Ryo Chiba	CHIBA Ryo
Kiyoshi Orii	ORII Kiyoshi
Takehito Tsuji	TSUJI Takehito
Tsurayuki Tanaka	TANAKA Tsurayuki
Takeshi Iwabuchi	IWABUCHI Takeshi
Yoshio Tsukushi	TSUKUSHI Yoshio
Kotaro Tsunashima	TSUNASHIMA Kotaro
Sakae Tsuzuki	TSUZUKI Sakae
Tokuji Uchida	UCHIDA Tokuji
Yasuo Uchida	UCHIDA Yasuo
Aizo Yokozeki	YOKOZEKI Aizo
Gensaku Mogi	MOGI Gensaku
Kashi Kawasaki	KAWASAKI Kashi
Koho Usuda	USUDA Koho
Setsu Ota	OTA Setsu
Seiji Tanizaki	TANIZAKI Seiji
Masanobu Nakajima	NAKAJIMA Masanobu
Junsei Ijichi	IJICHI Junsei
Tsuji Kubota	KUBOTA Tsuji
Tomio Nakano	NAKANO Tomio
Shoichi Oshima	OSHIMA Shoichi
Kiyoshige Azuma	AZUMA Kiyoshige
Unnya Ichiji	
Katsue Watanabe	WATANABE Katsue
Yonetaro Takenouchi	TAKENOUCHI Yonetaro
Yasu Taguchi	TAGUCHI Yasu
Goichiro Nakamura	NAKAMURA Goichiro
Kichizo Yamazaki	YAMAZAKI Kichizo
Tetsuji Yano	YANO Tetsuji
Susumu Yashima	YASHIMA Susumu
Gosaji Oyokawa	OYOKAWA Gosaji
Takeo Tsukuda	TSUKUDA Takeo
Hajime Masaoka	MASAOKA Hajime
Masaji Harada	HARADA Masaji
Hideo Niki	NIKI Hideo
Kusuo Aoki	AOKI Kusuo
Yukio Hasegawa	HASEGAWA Yukio
Yoshiji Yoshida	YOSHIDA Yoshiji
Teishi Mitsui	MITSUI Teishi
Shiro Igusa	IGUSA Shiro
Shigegoro Kaburagi	KABURAGI Shigegoro
Sho Murozumi	MUROZUMI Sho
Shinichi Ito	ITO Shinichi
Motosuke Watada	WATADA Motosuke
Rinsaku Sano	SANO Rinsaku
Toshikazu Nishio	NISHIO Toshikazu
Kiyoshi Yamazaki	YAMAZAKI Kiyoshi
Hideo Shuto	SHUTO Hideo
Kozo Saito	SAITO Kozo
Gonichi Kodaira	KODAIRA Gonichi
Yutaka Oshima	OSHIMA Yutaka
Yoiro Kataoka	KATAOKA Yoiro
Shigeyasu Suzuki	SUZUKI Shigeyasu
Katsura Hayashi	HAYASHI Katsura
Satoru Fujikawa	FUJIKAWA Satoru
Ikuzo Mori	MORI Ikuzo
Nobutsune Okuma	OKUMA Nobutsune
Naoji Uchio	UCHIO Naoji
Masamichi Hasegawa	HASEGAWA Masamichi
Hideichi Noyori	NOYORI Hideichi
Tsuneo Iguchi	IGUCHI Tsuneo
Tatsuo Satomi	SATOMI Tatsuo
Tsuneo Kikuchi	KIKUCHI Tsuneo
Sadayo Ooi	OOI Sadayo
Yukinichi Komatsu	KOMATSU Yukinichi
Fukuo Kurimochi	KURIMOCHI Fukuo
Keitaro Tanaka	TANAKA Keitaro
Zenzo Yasutake	YASUTAKE Zenzo
Kakushiro Suzuki	SUZUKI Kakushiro
Shinichi Ikeda	IKEDA Shinichi
Yazo Yoshita	YOSHITA Yazo
Nobumasa Suzuki	SUZUKI Nobumasa
Tsunejiro Miwa	MIWA Tsunejiro
Seiichi Yamanaka	YAMANAKA Seiichi
Seiji Hitomi	HITOMI Seiji
Kinichiro Sato	SATO Kinichiro
Hotohiko Kanai	KANAI Hotohiko
Yoshio Inagawa	INAGAWA Yoshio
Torao Tazawa	TAZAWA Torao
Kinjiro Yamada	YAMADA Kinjiro
Yoshio Masuda	MASUDA Yoshio
Sadahei Nakashima	NAKASHIMA Sadahei
Kisata Miura	MIURA Kisata
Yoshimaro Koshikawa	KOSHIKAWA Yoshimaro
Gohei Ishimaru	ISHIMARU Gohei
Kurejiro Kazama	KAZAMA Kurejiro
Hiroji Matsushima	MATSUSHIMA Hiroji
Sadao Ishibashi	ISHIBASHI Sadao
Yasuji Kamada	KAMADA Yasuji
Kenroku Shimizu	SHIMIZU Kenroku
Rokuro Tagawa	TAGAWA Rokuro
Tsuyoshi Araki	ARAKI Tsuyoshi
Misao Takehashi	TAKEHASHI Misao
Den Ezaki	EZAKI Den
Fukichi Takeda	TAKEDA Fukichi
Toshiaki Ohe	OHE Toshiaki
Masaki Furuyama	FURUYAMA Masaki
Giken Miyakata	MIYAKATA Giken
Taizo Kikutake	KIKUTAKE Taizo
Ro Yano	YANO Ro
Sentaro Kinoshita	KINOSHITA Sentaro
Kojiro Mori	MORI Kojiro
Nobuhisa Miyazaki	MIYAZAKI Nobuhisa
Shinkyo Nagae	NAGAE Shinkyo
Minejiro Nakao	NAKAO Minejiro
Inokichi Shinki	SHINKI Inokichi
Kikujiro Ueda	UEDA Kikujiro
Ei Yanasumi	YANASUMI Ei
Kiyumi Hosokawa	HOSOKAWA Kiyumi
Iwao Taki	TAKI Iwao
Seita Hisamura	HISAMURA Seita
Kikujiro Okada	OKADA Kikujiro
Taichiro Naoki	NAOKI Taichiro
Takenatsu Okada	OKADA Takenatsu
Yoshiji Takahashi	TAKAHASHI Yoshiji
Kozu Okazaki	OKAZAKI Kozu
Kenji Kota	KOTA Kenji
Tarigi Tokida	TOKIDA Tarigi
Hirotada Kuriyama	KURIYAMA Hirotada
Masaichi Sasaya	SASAYA Masaichi
Hidetoshi Tomakomachi	TOMAKOMACHI Hidetoshi
Kanji Kato	KATO Kanji
Masayoshi Tsuji	TSUJI Masayoshi
Ben Akegarasu	AKEGARASU Ben
Tokichi Hagihara	HAGIHARA Tokichi
Yoshinao Takakura	TAKAKURA Yoshinao
Keishiro Ishizuka	ISHIZUKA Keishiro
Sohichiro Tobe	TOBE Sohichiro
Kyogen Kitamura	KITAMURA Kyogen
Toshiko Takeyama	TAKEYAMA Toshiko
Kenae Hara	HARA Kenae
Eitaro Hasegawa	HASEGAWA Eitaro
Genzaburo Shirayana	SHIRAYANA Genzaburo
Senkichi Hoshina	HOSHINA Senkichi
Yoshihisa Hasegawa	HASEGAWA Yoshihisa
Rukichi Hara	HARA Rukichi
Kunihiko Okura	OKURA Kunihiko
Oihachi Watanabe	WATANABE Oihachi
Takashi Rike	RIKE Takashi
Hikotaro Unezu	UNEZU Hikotaro
Kazuo Kato	KATO Kazuo
Shinsho Fujita	FUJITA Shinsho
Sutesaburo Ito	ITO Sutesaburo
Yoichi Hirose	HIROSE Yoichi
Kazuo Tanabe	TANABE Kazuo
Iseburo Senaga	SENAGA Iseburo
Masakichi Shinohara	SHINOHARA Masakichi
Koji Ikeda	IKEDA Koji
Kyoji Uno	UNO Kyoji
Kenzo Naito	NAITO Kenzo
Ryukichi Ichise	ICHISE Ryukichi
Toyoji Tunori	TUNORI Toyoji
Taiichi Ota	OTA Taiichi
Sakae Yamaguchi	YAMAGUCHI Sakae
Akira Hatano	HATANO Akira
Tokutaro Nakajima	NAKAJIMA Tokutaro
Shinkichi Ishizaka	ISHIZAKA Shinkichi
Hikotaro Ogata	OGATA Hikotaro
Tokuyuki Inamoto	INAMOTO Tokuyuki
Giko Nakamura	NAKAMURA Giko
Isao Deguchi	DEGUCHI Isao
Kenichi Uno	UNO Kenichi
Rio Hada	HADA Rio
Hideo Shimaki	SHIMAKI Hideo
Tosaburo Wakamatsu	WAKAMATSU Tosaburo
Takeshi Matsuyama	MATSUYAMA Takeshi
Kurejiro Fujii	FUJII Kurejiro
Neno Takahana	TAKAHANA Neno
Seijun Matsui	MATSUI Seijun
Tomohide Funakura	FUNAKURA Tomohide
Yoken Nomura	NOMURA Yoken
Yo Mori	MORI Yo
Takeshiro Kawahara	KAWAHARA Takeshiro
Tanejiro Kaneo	KANEO Tanejiro
Yoshimichi Kobayashi	KOBAYASHI Yoshimichi
Ryosetsu Fujihara	FUJIHARA Ryosetsu
Tetsutaro Ariga	ARIGA Tetsutaro
Hiroshi Nakaichi	NAKAICHI Hiroshi
Shigeyasu Amano	AMANO Shigeyasu
Sotaro Watanabe	WATANABE Sotaro
Toraji Hirukawa	HIRUKAWA Toraji
Sotaro Nagata	NAGATA Sotaro
Shiro Nishimura	NISHIMURA Shiro
Senya Ikenobo	IKENOBO Senya
Naohiko Iizuka	IIZUKA Naohiko
Masajiro Takiuchi	TAKIUCHI Masajiro
Kikuo Hagiu	HAGIU Kikuo
Suken Inaba	INABA Suken
Ko Shimizu	SHIMIZU Ko
Kihei Yanagiwara	YANAGIWARA Kihei
Kihei Hara	HARA Kihei
Taido Shia	SHIA Taido
Rukan Matsumoto	MATSUMOTO Rukan
Ginjiro Kurauchi	KURAUCHI Ginjiro
Hiroshi Tabata	TABATA Hiroshi
Tatsuro Iwamoto	IWAMOTO Tatsuro
Iwao Furuda	FURUDA Iwao
Keiichi Hoshino	HOSHINO Keiichi
Soichiro Giga	GIGA Soichiro
Keio Tamura	TAMURA Keio
Takeo Tamura	TAMURA Takeo
Nakanosuke Hanada	HANADA Nakanosuke
Toru Haneda	HANEDA Toru
Hichibei Nishimura	NISHIMURA Hichibei
Chikara Oobayashi	OOBAYASHI Chikara
Naosaburo Yamada	YAMADA Naosaburo
Toshi Matsuyama	MATSUYAMA Toshi
Shigeru Chikazawa	CHIKAZAWA Shigeru
Rikichi Okamoto	OKAMOTO Rikichi
Minoru Fujisawa	FUJISAWA Minoru
Eiichi Fujimori	FUJIMORI Eiichi
Kentaro Kamijo	KAMIJO Kentaro
Takeshi Yamazaki	YAMAZAKI Takeshi
Sakae Kometsu	KOMETSU Sakae
Junichi Kaniya	KANIYA Junichi
Kengo Nishizawa	NISHIZAWA Kengo
Ginjiro Watanabe	WATANABE Ginjiro
Masami Ogihara	OGIHARA Masami
Rioichi Yamada	YAMADA Rioichi
Jin Tsukahara	TSUKAHARA Jin
Kyudo Kanematsu	KANEMATSU Kyudo
Yozo Kaito	KAITO Yozo
Seizo Katsunuma	KATSUNUMA Seizo
Masaji Fukuda	FUKUDA Masaji
Shinro Tsuru	TSURU Shinro
Kengi Tsutsumi	TSUTSUMI Kengi
Genhichiro Kawai	KAWAI Genhichiro
Zenji Okasima	OKASIMA Zenji
Shinji Yamazaki	YAMAZAKI Shinji
Kenji Sakaguchi	SAKAGUCHI Kenji
Tosaro Asai	ASAI Tosaro
Taro Watanabe	WATANABE Taro
Keishun Sea	SEA Keishun
Toshio Daigoho	DAIGOHO Toshio
Kyushiro Adachi	ADACHI Kyushiro
Tomisaburo Hashimoto	HASHIMOTO Tomisaburo
Kaoru Rikugawa	RIKUGAWA Kaoru
Shinichiro Shiragami	SHIRAGAMI Shinichiro
Yuzuru Sugi	SUGI Yuzuru
Isao Takimoto	TAKIMOTO Isao
Mantaro Kondo	KONDO Mantaro
Tae Shimizu	SHIMIZU Tae
Tauemon Tanaka	TANAKA Tauemon
Usaburo Yoshida	YOSHIDA Usaburo
Hoichi Sano	SANO Hoichi
Katsumi Hori	HORI Katsumi
Taikichi Ichijo	ICHIJO Taikichi
Otomatsu Yoshida	YOSHIDA Otomatsu
Shin Hori	HORI Shin
Keiko Hani	HANI Keiko
Senzo Kimura	KIMURA Senzo
Torao Taneda	TANEDA Torao
Saiso Okano	OKANO Saiso
Metsujiro Yukawa	YUKAWA Metsujiro
Kiyoji Tatsumi	TATSUMI Kiyoji
Motoo Fujiki	FUJIKI Motoo
Yoshisaburo Ito	ITO Yoshisaburo
Kyugo Uno	UNO Kyugo
Takehiko Yamabe	YAMABE Takehiko
Shikataro Okamoto	OKAMOTO Shikataro
Konosuke Matsushita	MATSUSHITA Konosuke
Seishi Matsumoto	MATSUMOTO Seishi
Ichiji Fujinani	FUJINANI Ichiji
Kinzaburo Yamauchi	YAMAUCHI Kinzaburo
Yusho Ogata	OGATA Yusho
Tokijiro Kakihara	KAKIHARA Tokijiro
Shosuke Matsuoka	MATSUOKA Shosuke
Yotaro Wakizaka	WAKIZAKA Yotaro
Mitsuji Nakai	NAKAI Mitsuji
Minoru Yokoyama	YOKOYAMA Minoru
Tanetoshi Onomura	ONOMURA Tanetoshi
Hisakichi Maeda	MAEDA Hisakichi
Kyukichi Maeda	MAEDA Kyukichi
Eijiro Honjo	HONJO Eijiro
Hisakichi Okuni	OKUNI Hisakichi
Kichi Hayashina	HAYASHINA Kichi
Hajime Yamaoo	YAMAOO Hajime
Seizo Konishi	KONISHI Seizo
Kyukichi Hakata	HAKATA Kyukichi
Chusaburo Isida	ISIDA Chusaburo
Tatsuo Imai	IMAI Tatsuo
Chuho Sigeta	SIGETA Chuho
Yoshinaga Fujiya	FUJIYA Yoshinaga
Masao Suzuki	SUZUKI Masao
Hidekichi Tanaka	TANAKA Hidekichi
Shinkin Nishimura	NISHIMURA Shinkin
Masaichi Okamoto	OKAMOTO Masaichi
Isei Yamamoto	YAMAMOTO Isei
Yonekuri Kai	KAI Yonekuri
Ichiro Watanabe	WATANABE Ichiro
Akio Oki	OKI Akio
Tomiyoshi Ishii	ISHII Tomiyoshi
Aya Kagawa	KAGAWA Aya
Yutaka Akitani	AKITANI Yutaka
Shiyo Kiyo Yoshiue	YOSHIUE Shiyo Kiyo
Katsujiro Yoshida	YOSHIDA Katsujiro
Senzo Kagoshima	KAGOSHIMA Senzo
Jiro Ichiriki	ICHIRIKI Jiro
Junichi Takahashi	TAKAHASHI Junichi
Toshiyuki Mejima	MEJIMA Toshiyuki
Kotaro Honda	HONDA Kotaro
Kiyojun Omori	OMORI Kiyojun
Ichiro Kato	KATO Ichiro
Komin Simozato	SIMOZATO Komin
Yahachi Kawanake	KAWANAKE Yahachi
Keitaro Matsumoto	MATSUMOTO Keitaro
Araki Imura	
Shiyosaku Yanade	YANADE Shiyosaku
Kuin Okina	OKINA Kuin
Tanesaku Kiwada	KIWADA Tanesaku
Koji Takasu	TAKASU Koji
Torizo Iwane	IWANE Torizo
Kozen Sakata	SAKATA Kozen
Kazushi Yamanuchi	YAMANUCHI Kazushi
Takegi Iida	IIDA Takegi
Kokyo Murata	MURATA Kokyo
Yoshiyuki Hanaoka	HANAOKA Yoshiyuki
Kanesada Hanazono	HANAZONO Kanesada
Toshita Takagi	TAKAGI Toshita
Kyujiro Yanada	YANADA Kyujiro
Shotoku Ito	ITO Shotoku
Seizo Ueda	UEDA Seizo
Tokichi Kamimura	KAMIMURA Tokichi
Yutaka Asano	ASANO Yutaka
Isamu Takahashi	TAKAHASHI Isamu
Tamejiro Murata	MURATA Tamejiro
Motosaburo Takata	TAKATA Motosaburo
Yutaka Noda	NODA Yutaka
Kenichi Suzuki	SUZUKI Kenichi
Tatsuo Mitarai	MITARAI Tatsuo
Masanori Wada	WADA Masanori
Kasaburo Uemura	UEMURA Kasaburo
Torakichi Tanno	TANNO Torakichi
Hironobu Seki	SEKI Hironobu
Hisamasa Seki	SEKI Hisamasa
Chozaburo Kozaka	KOZAKA Chozaburo
Teruo Tokusho	TOKUSHO Teruo
Juichi Ito	ITO Juichi
Takeda Yasui	
Ando Gensetsu	ANDO Gensetsu
Katsutaro Jitsugawa	JITSUGAWA Katsutaro
Heikichi Ito	ITO Heikichi
Asakichi Tanaka	TANAKA Asakichi
Seihei Okuyama	OKUYAMA Seihei
Kenji Asakawa	ASAKAWA Kenji
Matsuo Kamiya	KAMIYA Matsuo
Isamu Miyauchi	MIYAUCHI Isamu
Kiichiro Yamanishi	YAMANISHI Kiichiro
Hisashi Sudo	SUDO Hisashi
Gito Teruoka	TERUOKA Gito
T. Katsuda	KATSUDA T.
Shinsuke Kuwabara	KUWABARA Shinsuke
Kiyoshi Yuzawa	YUZAWA Kiyoshi
Ryogi Ooka	OOKA Ryogi
Kichi Sakata	SAKATA Kichi
Koji Nakamura	NAKAMURA Koji
Taisuke Nagawa	NAGAWA Taisuke
Iwao Iida	IIDA Iwao
Akira Kitsuki	KITSUKI Akira
Kichiya Takahashi	TAKAHASHI Kichiya
Kenzo Inoue	INOUE Kenzo
Eikichi Ikezawa	IKEZAWA Eikichi
Kazuyoshi Nagano	NAGANO Kazuyoshi
Yoshio Shigeda	SHIGEDA Yoshio
Dairoku Nakano	NAKANO Dairoku
Katsuro Sakai	SAKAI Katsuro
Juzo Emura	EMURA Juzo
S. Yamahata	YAMAHATA S.
Hoshisaburo Matsukata	MATSUKATA Hoshisaburo
Wataro Kanno	KANNO Wataro
Toyotarō Yūki	YŪKI Toyotarō
F. W. Johansen	
Kōshirō Shiba	SHIBA Kōshirō
Shigeharu Dunnhare	DUNNHARE Shigeharu
Atsushi Oye	OYE Atsushi
Renjirō Matsumoto	MATSUMOTO Renjirō
Kōgorō Uemura	UEMURA Kōgorō
Kōichi Arai	ARAI Kōichi
Machisaburō Hirose	HIROSE Machisaburō
Yoshisuke Watanabe	WATANABE Yoshisuke
Taube	
Eugenio Sisikin	
Jean Marin	
Takiso Matsumoto	MATSUMOTO Takiso
Kota Horetsu	HORETSU Kota
Koto Matsudaira	MATSUDAIRA Koto
Jiro Wajima	WAJIMA Jiro
Yuzo Isono	ISONO Yuzo
Kojiro Inouye	INOUYE Kojiro
Tsuruyo Kondo	KONDO Tsuruyo
Kazuko Tsuchiya	TSUCHIYA Kazuko
Kazuko Yonezawa	YONEZAWA Kazuko
Sumiko Tada	TADA Sumiko
Haruko Oka	OKA Haruko
Matsuko Mori	MORI Matsuko
Yoshi Jonan	JONAN Yoshi
Teruko Hikuchi	HIKUCHI Teruko
Takeso Shimoda	SHIMODA Takeso
Yamagishi	YAMAGISHI
Naotake Satō	SATŌ Naotake
B. R. Johansen	
Riki Andō	ANDŌ Riki
Inagaki Inosuke	INAGAKI Inosuke
Ishiguro Osamu	ISHIGURO Osamu
Ishida Naojirō	ISHIDA Naojirō
Yamamoto Yūzō	YAMAMOTO Yūzō
Kishida Kunio	KISHIDA Kunio
Nagakage Okabe	OKABE Nagakage
Hotsumi Ozaki	OZAKI Hotsumi
Wataru Kaji	KAJI Wataru
Shibagaki	SHIBAGAKI
Tsurumi Yusuke	TSURUMI Yusuke
Saitō Takao	SAITŌ Takao
Ōta Masataka	ŌTA Masataka
Nawa Tadao	NAWA Tadao
Nosaka Sanzō	NOSAKA Sanzō
Miki Sei	MIKI Sei
Yoshio Kodama	KODAMA Yoshio
Sakae Ōta	ŌTA Sakae
Yoshimasa Katō	KATŌ Yoshimasa
Rokichi Koizumi	KOIZUMI Rokichi
Matsuo Saki	
Takayuki Miyato	MIYATO Takayuki
Makino Ryōzō	MAKINO Ryōzō
Itō Reikichi	ITŌ Reikichi
Katō Kanjū	KATŌ Kanjū
Itō Jichirō	ITŌ Jichirō
Mizutani Chōzaburō	MIZUTANI Chōzaburō
Kyūichi Tokuda	TOKUDA Kyūichi
Yoshio Shiga	SHIGA Yoshio
Satomi Hakamada	HAKAMADA Satomi
Jiichirō Matsumoto	MATSUMOTO Jiichirō
Ichirō Kōno	KŌNO Ichirō
Bukichi Miki	MIKI Bukichi
Kisaburō Andō	ANDŌ Kisaburō
Yoshirō Andō	ANDŌ Yoshirō
Count Yoriyasu Arima	Count ARIMA Yoriyasu
Kiyoshi Godō	GODŌ Kiyoshi
Viscount Takemasa Hachijō	Viscount HACHIJŌ Takemasa
Colonel Kingorō Hashimoto	Colonel HASHIMOTO Kingorō
Shigeru Hamada	HAMADA Shigeru
Nobutaka Shioden	SHIODEN Nobutaka
Takeo Seki	SEKI Takeo
Katsuroku Aizawa	AIZAWA Katsuroku
General Baron Shigeru Honjō	General Baron HONJŌ Shigeru
General Iwane Matsui	General MATSUI Iwane
Admiral Seizō Kobayashi	Admiral KOBAYASHI Seizō
Tadao Ōasa	ŌASA Tadao
Shōichi Yokoyama	YOKOYAMA Shōichi
Shōya Ono	ONO Shōya
Hiromitsu Okazaki	OKAZAKI Hiromitsu
Yadanji Nakajima	NAKAJIMA Yadanji
Keizō Matsumura	MATSUMURA Keizō
Fusanosuke Maeda	MAEDA Fusanosuke
Fusajirō Ichinomiya	ICHINOMIYA Fusajirō
General Jirō Minami	General MINAMI Jirō
Yukio Sakaguchi	SAKAGUCHI Yukio
Yoshimichi Nagai	NAGAI Yoshimichi
Takechiyo Matsuda	MATSUDA Takechiyo
Mitsuru Tomita	TOMITA Mitsuru
Tomoharu Inoue	INOUE Tomoharu
Gorō Itō	ITŌ Gorō
Matejirō Ōi	ŌI Matejirō
Gijū Abe	ABE Gijū
Chōkyō Furuya	FURUYA Chōkyō
Machida Chūji	MACHIDA Chūji
Bunjiro Suzuki	SUZUKI Bunjiro
Soichi Sasaki	SASAKI Soichi
Tōru Shimizu	SHIMIZU Tōru
Yasaka Takagi	TAKAGI Yasaka
Yasuzō Suzuki	SUZUKI Yasuzō
Masamichi Rōyama	RŌYAMA Masamichi
Toshiyoshi Miyazawa	MIYAZAWA Toshiyoshi
Baron Koyata Iwasaki	Baron IWASAKI Koyata
Hikoyata Iwasaki	IWASAKI Hikoyata
Hajime Yasuda	YASUDA Hajime
Yakichirō Suma	SUMA Yakichirō
Kawahara	KAWAHARA
Komatsu	KOMATSU
Kojima	KOJIMA
Chūzō Mitsuchi	MITSUCHI Chūzō
Tsunenori Kaya	KAYA Tsunenori
Fusae Ichikawa	ICHIKAWA Fusae
Tamayo Miyagi	MIYAGI Tamayo
Yoshio Furuya	FURUYA Yoshio
Shigenori Kuroda	KURODA Shigenori
Colonel Suzuki	Colonel SUZUKI
Kingorō Hashimoto	HASHIMOTO Kingorō
Kenji Sawada	SAWADA Kenji
Major Hata	Major HATA
Lieutenant Wamitsu	Lieutenant WAMITSU
Genki Abe	ABE Genki
Kazunobu Yamaguchi	YAMAGUCHI Kazunobu
Yoshihisa Kuzuu	KUZUU Yoshihisa
Kanjū Katō	KATŌ Kanjū
Motojirō Sugiyama	SUGIYAMA Motojirō
Wataru Narahashi	NARAHASHI Wataru
Chūji Machida	MACHIDA Chūji
Takao Saitō	SAITŌ Takao
Sankurō Ogasawara	OGASAWARA Sankurō
Keizō Shibusawa	SHIBUSAWA Keizō
Ritsu Itō	ITŌ Ritsu
Miss Fujita	Miss FUJITA
Mr. Saitō	Mr. SAITŌ
T. Haseyuki	HASEYUKI T.
Daisaburō Tsugita	TSUGITA Daisaburō
Tomiwa Hajime	TOMIWA Hajime
Futi Heikunosuke	FUTI Heikunosuke
Izawa Takio	IZAWA Takio
Isamu Chō	CHŌ Isamu
Toshishirō Obata	OBATA Toshishirō
Saburō Akamatsu	AKAMATSU Saburō
Tōru Matsumoto	MATSUMOTO Tōru
Hachirō Yuasa	YUASA Hachirō
Kakutarō Inouye	INOUYE Kakutarō
Eitarō Ishigaki	ISHIGAKI Eitarō
Ayako Ishigaki	ISHIGAKI Ayako
Ryōichi Fujii	FUJII Ryōichi
Taiji Hasegawa	HASEGAWA Taiji
T. Sato	SATO T.
Manabu Sano	SANO Manabu
Tokutarō Kimura	KIMURA Tokutarō
Seijun Andō	ANDŌ Seijun
Shinji Sogō	SOGŌ Shinji
Yūsaku Shimanaka	SHIMANAKA Yūsaku
Ryōzō Makino	MAKINO Ryōzō
Jōtarō Kawakami	KAWAKAMI Jōtarō
Mitsu Kōno	KŌNO Mitsu
Yōnosuke Kikuchi	KIKUCHI Yōnosuke
Mosaburō Suzuki	SUZUKI Mosaburō
Masamichi Takatsu	TAKATSU Masamichi
Iwasaburō Takano	TAKANO Iwasaburō
Tatsuo Morito	MORITO Tatsuo
Ryōji Inoue	INOUE Ryōji
Kiyoshi Takahashi	TAKAHASHI Kiyoshi
Takayuki Katō	KATŌ Takayuki
Hyōei Ōuchi	ŌUCHI Hyōei
Teizō Toda	TODA Teizō
Daisetsu Suzuki	SUZUKI Daisetsu
Shūzō Koizumi	KOIZUMI Shūzō
Prince Yoshichika Tokugawa	Prince TOKUGAWA Yoshichika
Teisaburō Sekiya	SEKIYA Teisaburō
Takashi Tatsuno	TATSUNO Takashi
Y. Morishita	MORISHITA Y.
Abe Nobuyuki	ABE Nobuyuki
Endo Ryusaku	ENDO Ryusaku
Hashimoto Seinosuke	HASHIMOTO Seinosuke
Kasa Tadao	KASA Tadao
Maeda Yonezo	MAEDA Yonezo
Tsugumo Kunitoshi	TSUGUMO Kunitoshi
Goto Fumio	GOTO Fumio
Hirozawa	HIROZAWA
Abe Motoki	ABE Motoki
Kido Koichi	KIDO Koichi
Iwata	IWATA
Ugaki Kazushige	UGAKI Kazushige
Ota Masataka	OTA Masataka
Kanemitsu Tsuneo	KANEMITSU Tsuneo
Saito Takao	SAITO Takao
Nomura Kichisaburo	NOMURA Kichisaburo
Ishii Kikujiro	ISHII Kikujiro
Shimada Toshio	SHIMADA Toshio
Iwata Chuzo	IWATA Chuzo
Matsudaira Tsuneo	MATSUDAIRA Tsuneo
Go Seinosuke	GO Seinosuke
Ando Masazumi	ANDO Masazumi
Hatoyama Ichiro	HATOYAMA Ichiro
Ashida Hitoshi	ASHIDA Hitoshi
Kawai Ryoichi	KAWAI Ryoichi
Kinoshita Iku	KINOSHITA Iku
Mizutani Chozaburo	MIZUTANI Chozaburo
Shiga Yoshio	SHIGA Yoshio
Kuroki Shigenori	KUROKI Shigenori
Nishio Suehiro	NISHIO Suehiro
Abe Isoo	ABE Isoo
Katayama Sen	KATAYAMA Sen
Kotoku Shusui	KOTOKU Shusui
Kawakami Kiyoshi	KAWAKAMI Kiyoshi
Katayama Tetsu	KATAYAMA Tetsu
Aso Hisashi	ASO Hisashi
Matsuoka Komakichi	MATSUOKA Komakichi
Kato Kanju	KATO Kanju
Inomata Tsunao	INOMATA Tsunao
Kuroda Hisao	KURODA Hisao
Matsumoto Jiichiro	MATSUMOTO Jiichiro
Tokuda Kyuichi	TOKUDA Kyuichi
Kasuga Shoichi	KASUGA Shoichi
Kamiyama Shigeo	KAMIYAMA Shigeo
Miyamoto Kenji	MIYAMOTO Kenji
Nosaka Sanzo	NOSAKA Sanzo
Hiranuma Kiichiro	HIRANUMA Kiichiro
Yonai Mitsumasa	YONAI Mitsumasa
Ushiba	USHIBA
Kawai Tatsuo	KAWAI Tatsuo
Yanagita Wataru	YANAGITA Wataru
Emperor Taisho	
Oikawa Koshiro	OIKAWA Koshiro
Hideo Iwakuro	IWAKURO Hideo
Tadao Ikawa	IKAWA Tadao
Terasaki	TERASAKI
Tomita	TOMITA
Mitsuru Tōyama	TŌYAMA Mitsuru
Tarō Katsura	KATSURA Tarō
Hisashi Asō	ASŌ Hisashi
Kanju Katō	KATŌ Kanju
Shōichi Miyake	MIYAKE Shōichi
Seki Ino	
Haruji Tawara	TAWARA Haruji
Kiyoomi Taman	TAMAN Kiyoomi
Yonosuke Kikuchi	KIKUCHI Yonosuke
Shōichi Makawa	MAKAWA Shōichi
Chōsaburō Mizutani	MIZUTANI Chōsaburō
Hideo Yamahana	YAMAHANA Hideo
Minoru Takano	TAKANO Minoru
I. Baru	
Professor Takagi	Professor TAKAGI
Seisaburō Shinobu	SHINOBU Seisaburō
Munemitsu Mutsu	MUTSU Munemitsu
Shinpei Gotō	GOTŌ Shinpei
Masahiro Yasuoka	YASUOKA Masahiro
Bunji Kinoshita	KINOSHITA Bunji
Masami Kihira	KIHIRA Masami
Matsuichi Takimoto	TAKIMOTO Matsuichi
Toyoo Ogushi	OGUSHI Toyoo
Yoshitarō Wakimura	WAKIMURA Yoshitarō
Hiromi Arisawa	ARISAWA Hiromi
Tadao Yanaihara	YANAIHARA Tadao
Fumio Yamada	YAMADA Fumio
Seitarō Amano	AMANO Seitarō
Captain Kunimasa	
Kunitoshi Tsugita	TSUGITA Kunitoshi
Matajirō Ōizumi	ŌIZUMI Matajirō
Yoshikazu Uchida	UCHIDA Yoshikazu
Rikichi Andō	ANDŌ Rikichi
Komuro	KOMURO
Toshio Sumimoto	SUMIMOTO Toshio
Hisatsune Sakomizu	SAKOMIZU Hisatsune
Gisuke Aikawa	AIKAWA Gisuke
Kamesaburō Yamashita	YAMASHITA Kamesaburō
Nobumasa Suematsu	SUEMATSU Nobumasa
Kōtarō Andō	ANDŌ Kōtarō
Shinzō Koizumi	KOIZUMI Shinzō
Matsutarō	
Shunnosuke Furuta	FURUTA Shunnosuke
Kiyoshi Gōkō	GŌKŌ Kiyoshi
Soniki	
Tetsuzō Haniba	HANIBA Tetsuzō
Yoshisuke Matsuda	MATSUDA Yoshisuke
Tokunari Asaka	ASAKA Tokunari
Yaji Suganami	SUGANAMI Yaji
Kyuichirō Totsuka	TOTSUKA Kyuichirō
N. Y. Chen	
Kizō Kobayashi	KOBAYASHI Kizō
Kenzō Matsumura	MATSUMURA Kenzō
Budayū Kigurashi	KIGURASHI Budayū
Fumiyā Ujiie	UJIIE Fumiyā
Tachibana	TACHIBANA
Mitsugu Tanaka	TANAKA Mitsugu
Hoano	
Tanetarō Megata	MEGATA Tanetarō
Rosuke Megata	MEGATA Rosuke
Itau	
Dr. Yani	Dr. YANI
Colonel Pope	
E. F. Penrose	
Hasekura Rokuemon	HASEKURA Rokuemon
H. R. Johansen	
Kate I. Hansen	
M. I. Rankin	
Kiyokazu Ito	ITO Kiyokazu
Yasukazu Kigoshi	KIGOSHI Yasukazu
Masagi Inoue	INOUE Masagi
Hideko Inoue	INOUE Hideko
Shinako Inoue	INOUE Shinako
Matao Miyake	MIYAKE Matao
Takao Kani	KANI Takao
Ueno	UENO
Junjiro Kawaguchi	KAWAGUCHI Junjiro
Kenichi Fukaro	FUKARO Kenichi
Nakagawa	NAKAGAWA
Hisano	HISANO
Shidehara	SHIDEHARA
Banzai	BANZAI
Kogo	KOGO
Kinjiro Ito	ITO Kinjiro
Nami Ito	ITO Nami
Kiku Ito	ITO Kiku
Ishide	ISHIDE
Kihara	KIHARA
Satake	SATAKE
Sakurai	SAKURAI
Paasonen	
Misao Kigoshi	KIGOSHI Misao
Motoko Kigoshi	KIGOSHI Motoko
Ochiai	OCHIAI
Kiguchi	KIGUCHI
Naokichi Sato	SATO Naokichi
Take Sato	SATO Take
Misuko Sato	SATO Misuko
Ishihara	ISHIHARA
Beiso Fukuda	FUKUDA Beiso
T. Ayai	AYAI T.
G. Yoshida	YOSHIDA G.
G. Kodera	KODERA G.
S. Kashiyama	KASHIYAMA S.
K. Yamao	YAMAO K.
G. Mikami	MIKAMI G.
M. Seto	SETO M.
K. Wakuta	WAKUTA K.
T. Kashi	KASHI T.
A. Tanaka	TANAKA A.
K. Fujise	FUJISE K.
K. Naoe	NAOE K.
K. Kidosaki	KIDOSAKI K.
G. Sekiguchi	SEKIGUCHI G.
R. Fujisawa	FUJISAWA R.
S. Yonenaga	YONENAGA S.
K. Matsuki	MATSUKI K.
M. Yamamoto	YAMAMOTO M.
Zumoto	ZUMOTO
Takeyama	TAKEYAMA
Bansaburo Sato	SATO Bansaburo
Kon Sato	SATO Kon
Tamako Sato	SATO Tamako
Imasato	IMASATO
Mikio Okawa	OKAWA Mikio
Enna	ENNA
Otozō Yamada	YAMADA Otozō
Teiichi Yoshimoto	YOSHIMOTO Teiichi
Shuzaku Suzuki	SUZUKI Shuzaku
Takaji Wachi	WACHI Takaji
Kawamoto	KAWAMOTO
Okata	OKATA
Mikute Hasakawa	HASAKAWA Mikute
General Tanao	General TANAO
Kumahiko Onodera	ONODERA Kumahiko
Yoshiko Onodera	ONODERA Yoshiko
Yuriko Onodera	ONODERA Yuriko
Ichiro Kimiya	KIMIYA Ichiro
Tsuruichi Yamamoto	YAMAMOTO Tsuruichi
Keiichi Harada	HARADA Keiichi
Kumaya Shimamoto	SHIMAMOTO Kumaya
Toshishiro Kobatake	KOBATAKE Toshishiro
Osamu Tsukata	TSUKATA Osamu
Masao Toutsui	TOUTSUI Masao
Kichi Asano	ASANO Kichi
Otosaburo Yanagi	YANAGI Otosaburo
Seizai Honda	HONDA Seizai
Toshio Nishimura	NISHIMURA Toshio
Yutaka Iimura	IIMURA Yutaka
Takeo Kasahara	KASAHARA Takeo
Tosao Fujitsuka	FUJITSUKA Tosao
Ondo Kawamata	KAWAMATA Ondo
Etsuo Kotani	KOTANI Etsuo
Toshirō Obata	OBATA Toshirō
Sadao Ushijima	USHIJIMA Sadao
Kayoshi Imai	IMAI Kayoshi
Shigasu Suzuki	SUZUKI Shigasu
Koji Sakai	SAKAI Koji
Eijiro Suto	SUTO Eijiro
Tadayasu Hosokawa	HOSOKAWA Tadayasu
Yutaka Takeuchi	TAKEUCHI Yutaka
Jueio Hamada	HAMADA Jueio
Masatake Gonmo	GONMO Masatake
Hisashi Nisui	NISUI Hisashi
Higuchi	HIGUCHI
Tsuneyuki Shimatsura	SHIMATSURA Tsuneyuki
Michitaro Komatsubara	KOMATSUBARA Michitaro
Yoshihide Kato	KATO Yoshihide
Masatane Kaida	KAIDA Masatane
Kanzo Usuda	USUDA Kanzo
Michitake Yamaoka	YAMAOKA Michitake
Kazuo Horiba	HORIBA Kazuo
Tsutomu Ouchi	OUCHI Tsutomu
Masaharu Tokuchika	TOKUCHIKA Masaharu
Masami Ishii	ISHII Masami
Shigeki Usui	USUI Shigeki
Akira Yokoyama	YOKOYAMA Akira
Arimitsu Yamagata	YAMAGATA Arimitsu
Terada	TERADA
Koichi Komoda	KOMODA Koichi
Taketoshi Dobashi	DOBASHI Taketoshi
Eiichi Tatsumi	TATSUMI Eiichi
Seizo Arisue	ARISUE Seizo
Yamanata C. de	
Lieutenant Colonel Hopeneau	
Tamotsu Takatsuki	TAKATSUKI Tamotsu
Shun Tadai	TADAI Shun
Satochi Yamato	YAMATO Satochi
Shoichi Kawabe	KAWABE Shoichi
Yasusha Takahashi	TAKAHASHI Yasusha
Kunitake Kihira	KIHIRA Kunitake
Yasuhito Nakayama	NAKAYAMA Yasuhito
Tosuke Yoshida	YOSHIDA Tosuke
Chu Yuii	
Chen Guofu	
Shige Kiura	KIURA Shige
Chia Tsun Ti	
Noboru Kato	KATO Noboru
Kakuzo Takahashi	TAKAHASHI Kakuzo
Minoru Himura	HIMURA Minoru
Kazuyoshi Banzai	BANZAI Kazuyoshi
Toshio Hishimura	HISHIMURA Toshio
Eijiro Yoshimoto	YOSHIMOTO Eijiro
Kasabe	KASABE
Ogata	OGATA
Major General Yoshimoto	Major General YOSHIMOTO
Lieutenant General Saito	Lieutenant General SAITO
R. Kumasaki	KUMASAKI R.
Renso Sawada	SAWADA Renso
Baron Sakatani	Baron SAKATANI
Dr. Ashida	Dr. ASHIDA
Mr. Akashi	Mr. AKASHI
Mr. Tasaki	Mr. TASAKI
Mr. Kushida	Mr. KUSHIDA
Dr. Katsuoka	Dr. KATSUOKA
Mr. Takaishi	Mr. TAKAISHI
Mr. Nakayama	Mr. NAKAYAMA
T. G. Donahue	
Takeshi Honda	HONDA Takeshi
Tsuneyoshi Honda	HONDA Tsuneyoshi
Kimi Iwamoto	IWAMOTO Kimi
Kenzo	
Sojiro Umikawa	UMIKAWA Sojiro
Okichi Tanaka	TANAKA Okichi
Taketa Niigaki	NIIGAKI Taketa
Takichi Taguchi	TAGUCHI Takichi
Katoude	KATOUDE
Teiichiro Murakami	MURAKAMI Teiichiro
Maemura	MAEMURA
Ohara	OHARA
Suemitsu	SUEMITSU
Shimamoto	SHIMAMOTO
Juntaro Tanaka	TANAKA Juntaro
Masaburo Nagao	NAGAO Masaburo
Torakichi Nagao	NAGAO Torakichi
Tatsujiro Nagao	NAGAO Tatsujiro
Kiyoshi Yamamoto	YAMAMOTO Kiyoshi
Kiyonori Yamamoto	YAMAMOTO Kiyonori
Emiko Yamamoto	YAMAMOTO Emiko
Masazo Tanaka	TANAKA Masazo
Uadeji Tanaka	TANAKA Uadeji
Tome Tanaka	TANAKA Tome
Shigetaka Maemura	MAEMURA Shigetaka
Shigeharu Maemura	MAEMURA Shigeharu
Tokise Nagashiro	NAGASHIRO Tokise
Yasutaro Yuroyaan	YUROYAAN Yasutaro
Kanouke Kiyuma	KIYUMA Kanouke
Sachie Tanaka	TANAKA Sachie
Yukio Tanaka	TANAKA Yukio
Iochitake Yoshizaki	YOSHIZAKI Iochitake
Ichi Yoshizaki	YOSHIZAKI Ichi
Katsuichi Kato	KATO Katsuichi
Tadashi Umeda	UMEDA Tadashi
Chuji Sahashi	SAHASHI Chuji
Goyo Suematsu	SUEMATSU Goyo
Kenji Nakazano	NAKAZANO Kenji
Ichiro Fuma	FUMA Ichiro
Santiago T. Komori	KOMORI Santiago T.
Hugo F. Komori	KOMORI Hugo F.
Taeko Fujiike	FUJIIKE Taeko
Masayoshi Goto	GOTO Masayoshi
Y. Yamane	YAMANE Y.
Nobuo Yatoi	YATOI Nobuo
Ryoko Higa	HIGA Ryoko
Hosai Higa	HIGA Hosai
Antonio Maemura	MAEMURA Antonio
Magoichi Hiramatsu	HIRAMATSU Magoichi
H. Tanaka	TANAKA H.
Yoshinobu Sakuragi	SAKURAGI Yoshinobu
Jusaburo Ichikawa	ICHIKAWA Jusaburo
Tatsuo Manabe	MANABE Tatsuo
Toki Higa	HIGA Toki
Chisaka	CHISAKA
Guochiro Inoue	INOUE Guochiro
Ryuichi Nishi	NISHI Ryuichi
Torajiro Niwa Hayakawa	
Mario I. Nishinaga	NISHINAGA Mario I.
Simon J. Noda	NODA Simon J.
Seisei Nakayama	NAKAYAMA Seisei
Juan K. Ogawa	OGAWA Juan K.
Nobuo Sato	SATO Nobuo
Higai Sasaki	SASAKI Higai
Mitoji Saki	SAKI Mitoji
Torao Kawada	KAWADA Torao
Jiro Shintani	SHINTANI Jiro
Hugo Kojima	KOJIMA Hugo
Eisuke Yamashiro	YAMASHIRO Eisuke
Rikyu Yamashiro	YAMASHIRO Rikyu
Takeshi Tanaka	TANAKA Takeshi
Mamoru Chisaka	CHISAKA Mamoru
Hitoshi Tajiri	TAJIRI Hitoshi
Nobu Yoshitana	YOSHITANA Nobu
Tomio Nakabayashi	NAKABAYASHI Tomio
Juan Yoshizaki	YOSHIZAKI Juan
Nagayuki Yoshizaki	YOSHIZAKI Nagayuki
Juan Yamaguchi	YAMAGUCHI Juan
Kesaichi Nagano	NAGANO Kesaichi
Yojiro Horitani	HORITANI Yojiro
Ichiji Fukushima	FUKUSHIMA Ichiji
Nagayoshi Kiyonari	KIYONARI Nagayoshi
Yoshio Ninomiya	NINOMIYA Yoshio
Hiroshi Amano	AMANO Hiroshi
Hugo Sakihama	SAKIHAMA Hugo
Hisashi Ano	ANO Hisashi
Santiago Komatsu	KOMATSU Santiago
Seizen Yamada	YAMADA Seizen
Seishun Yamada	YAMADA Seishun
Harukichi Ihei	IHEI Harukichi
Chiyokichi Higuimura	HIGUIMURA Chiyokichi
Eikyu Kinjo	KINJO Eikyu
Mariano Taguchi	TAGUCHI Mariano
Juan Nomura	NOMURA Juan
Kazuto Nakamura	NAKAMURA Kazuto
Domingo Noda	NODA Domingo
Ichiso Takigawa	TAKIGAWA Ichiso
Tokichi Higashi	HIGASHI Tokichi
Gonshiro Takata	TAKATA Gonshiro
Ojiro Otubo	OTUBO Ojiro
Santiago Aoshima	AOSHIMA Santiago
Juan Shimoyamada	SHIMOYAMADA Juan
Kiyokichi Higa	HIGA Kiyokichi
Juan T. Akatsuka	AKATSUKA Juan T.
Antonio Y. Ikeda	IKEDA Antonio Y.
Juan K. Akamine	AKAMINE Juan K.
Hachinosuke Shimokawa	SHIMOKAWA Hachinosuke
Kumasuke Shimokawa	SHIMOKAWA Kumasuke
Hisata Murata	MURATA Hisata
Kijiro Kurata	KURATA Kijiro
Suejiro Shiino	SHIINO Suejiro
Jinpei Yanazawa	YANAZAWA Jinpei
Toyoichi Isha	ISHA Toyoichi
Kiryo Ooshiro	OOSHIRO Kiryo
F. Yato	YATO F.
Gisaku Takigawa	TAKIGAWA Gisaku
Saichiro Hamano	HAMANO Saichiro
Prince Nobuhito Takamatsu	
Princess Kikuko Takamatsu	
Prince Yoshimitsu Tokugawa	Prince TOKUGAWA Yoshimitsu
Princess Atsuko	
Prince Fumitaka Konoye	Prince KONOYE Fumitaka
Baron Kijuro Shidehara	Baron SHIDEHARA Kijuro
Prince Akihito	
Prince Kaya Tsunenori	
Princess Kaya Toshiko	
Numazawa	NUMAZAWA
Saimo Kamimura	KAMIMURA Saimo
Aoyama	AOYAMA
Somoji Shiina	SHIINA Somoji
Hiroshi Takawa	TAKAWA Hiroshi
Masaki Suyematsu	SUYEMATSU Masaki
Toshio Takiyasu	TAKIYASU Toshio
Kenta Sonoda	SONODA Kenta
Posante	
Toretsu Boku	
Ichizo Fujiwara	FUJIWARA Ichizo
Jeanne Fujiwara	FUJIWARA Jeanne
Yuki Fujiwara	FUJIWARA Yuki
Hirao	HIRAO
Seiho Horikawa	HORIKAWA Seiho
Kihaoni Hasado	HASADO Kihaoni
Rose-Marie Hasado	HASADO Rose-Marie
Eijiro Matsunaga	MATSUNAGA Eijiro
Kakuso Tagawa	TAGAWA Kakuso
Chiyo Ueda	UEDA Chiyo
Mototsume Yamanaka	YAMANAKA Mototsume
Suehiro Yamanaga	YAMANAGA Suehiro
Toru Shimamoto	SHIMAMOTO Toru
Goro Maeda	MAEDA Goro
Kiyotomi Okamoto	OKAMOTO Kiyotomi
Yoshinori Horiguchi	HORIGUCHI Yoshinori
Tokiso Araki	ARAKI Tokiso
Takemasa Adachi	ADACHI Takemasa
Kinya Hiseki	HISEKI Kinya
Haruo Horikawa	HORIKAWA Haruo
Ki Horiuchi	HORIUCHI Ki
Iguchi	IGUCHI
Hajima Ikoma	IKOMA Hajima
J. Inagawa	INAGAWA J.
Naomori Ishihara	ISHIHARA Naomori
Onakichi Ishikawa	ISHIKAWA Onakichi
Shukutsuke Kakurai	KAKURAI Shukutsuke
Tadakaze Kusai	KUSAI Tadakaze
Gunani Kihara	KIHARA Gunani
Takasuke Moriyama	MORIYAMA Takasuke
Daijiro Nagata	NAGATA Daijiro
Hiroshi Sajiu	SAJIU Hiroshi
Akira Shigemitsu	SHIGEMITSU Akira
Motoi Tatekawa	TATEKAWA Motoi
Musatake Takagi	TAKAGI Musatake
Senjin T. Uruoka	URUOKA Senjin T.
Tsuneuki Ueda	UEDA Tsuneuki
Tomajiro Uryu	URYU Tomajiro
Toshio Yamanaka	YAMANAKA Toshio
Kenichi Nakamura	NAKAMURA Kenichi
Ichiro Nichihara	NICHIHARA Ichiro
Saji Yamada	YAMADA Saji
Minori Imai	IMAI Minori
K. Sasaki	SASAKI K.
Kuragi	KURAGI
Morihima	MORIHIMA
Shintaro Ryu	RYU Shintaro
Sasamoto	SASAMOTO
C. Tokumi	TOKUMI C.
Junichiro Wakayama	WAKAYAMA Junichiro
Yasuo Yamato	YAMATO Yasuo
Jiro Inagawa	INAGAWA Jiro
Kagawa	KAGAWA
Kashigawa	KASHIGAWA
Kojiro Kitamura	KITAMURA Kojiro
Numa	NUMA
Miaki	MIAKI
Tokioni Saida	SAIDA Tokioni
Naoyoshi Sakai	SAKAI Naoyoshi
Iuki	IUKI
Inoda	INODA
Umiya	UMIYA
Tokunaga	TOKUNAGA
Tomizawa	TOMIZAWA
Yukikazu Kigoshi	KIGOSHI Yukikazu
Mikura	MIKURA
Mrs. Onodera	Mrs. ONODERA
Finke	
Yokoi	YOKOI
Ureshino	URESHINO
Onodera	ONODERA
Ōshima	ŌSHIMA
Akashi	AKASHI
Yamawaki Masataka	YAMAWAKI Masataka
Fujitsuka	FUJITSUKA
Hyakutake Seikichi	HYAKUTAKE Seikichi
Kubo Shunjiro	KUBO Shunjiro
Sakurai Nobuta	SAKURAI Nobuta
Fukai Eiichi	FUKAI Eiichi
Gano	
Ueda	UEDA
Nishimura	NISHIMURA
Onouchi	ONOUCHI
Ishida	ISHIDA
Sugihara	SUGIHARA
Zaba	
Isomura	ISOMURA
Shibayama	SHIBAYAMA
Higuchi Fukashi	HIGUCHI Fukashi
Ishizeki Sakae	ISHIZEKI Sakae
Nomura Saburo	NOMURA Saburo
Ehara	EHARA
Kotani Etsuo	KOTANI Etsuo
Kato Yoshihide	KATO Yoshihide
Hirose Eiichi	HIROSE Eiichi
Ninomiya	NINOMIYA
Koori	KOORI
Ishizuka	ISHIZUKA
Rantanen	
Rautsuo	
Shihiman	
Sakaya	SAKAYA
Pokarinen	
Nagata Kozaemon	NAGATA Kozaemon
T. Ouchi	OUCHI T.
T. Takatsuki	TAKATSUKI T.
Cheshire	
Roero	
Ripa	
Count Bonde	
Sakurai Keizo	SAKURAI Keizo
Mishima	MISHIMA
Tateichi	TATEICHI
Semyon Timoshenko	
Fukashi Higuchi	HIGUCHI Fukashi
Hota	HOTA
Shinichi Yogoi	YOGOI Shinichi
Sasaki	SASAKI
Chozaemon Hakata	HAKATA Chozaemon
Rinichi Sazaki	SAZAKI Rinichi
Shin Maki	MAKI Shin
Shinichiro Watanabe	WATANABE Shinichiro
Minuo Kato	KATO Minuo
Captain Mishima	Captain MISHIMA
Iwao Yamaguchi	YAMAGUCHI Iwao
Sugita	SUGITA
Kinichi Ito	ITO Kinichi
Ryuichi Aido	AIDO Ryuichi
Ejo Goichi	GOICHI Ejo
Hatanaka	HATANAKA
Yaguchi	YAGUCHI
Majira	MAJIRA
Inaba	INABA
Mese Nokasee	
Damon	
Wataru Shibaoka	SHIBAOKA Wataru
Ri Kin-sho	
Kiyoshi Takaishi	TAKAISHI Kiyoshi
Joichi Sakurazawa	SAKURAZAWA Joichi
Unosuke Wakamiya	WAKAMIYA Unosuke
Masao Masuda	MASUDA Masao
Fontaniye	
Faure	
Reiman	
Rebube Rue	
Masao Kishimoto	KISHIMOTO Masao
Tu Wo-chi	
Kematou	KEMATOU
Seki	SEKI
Hisida	HISIDA
Michi	MICHI
Omaki	OMAKI
Besaki	BESAKI
Shen Poichun	
D. Takeshita	TAKESHITA D.
Fukuoka	FUKUOKA
K. C. Fuen	
J. Nakamura	NAKAMURA J.
Ch'en Chu-jen	
Lieutenant Colonel Bato	
Nabei	NABEI
Tsune-chi Yu	
Hiroshi Yoda	YODA Hiroshi
Mr. Nisiyama	Mr. NISIYAMA
Mr. Bunn	
Rosendo Soma	
Kanji Shirato	SHIRATO Kanji
A. Machado	
S. Hase	HASE S.
W. Sugayama	SUGAYAMA W.
Nagabuchi	NAGABUCHI
Hisashi Sekiguchi	SEKIGUCHI Hisashi
Masao Saneyoshi	SANEYOSHI Masao
Mr. Morishima	Mr. MORISHIMA
H. Y. Hanafusa	HANAFUSA H. Y.
R. O. Hause	
A. M. Main	
Shigeko Asato	ASATO Shigeko
S. Yoneyama	YONEYAMA S.
H. Tanabe	TANABE H.
H. Hanatani	HANATANI H.
Tatsuo Minoike	MINOIKE Tatsuo
Ryosaku Nagaoka	NAGAOKA Ryosaku
S. Kusaka	KUSAKA S.
Ryotaro Iwasa	IWASA Ryotaro
Takuichi Omura	OMURA Takuichi
N. Mikuriya	MIKURIYA N.
Rokuzo Takebe	TAKEBE Rokuzo
Tsutomu Takeshita	TAKESHITA Tsutomu
Yoshimasa Oshima	OSHIMA Yoshimasa
Kenkichi Hishikari	HISHIKARI Kenkichi
Yuan Shikai	
Tashitaro Amano	AMANO Tashitaro
H. Kashihara	KASHIHARA H.
Shima	SHIMA
Noda	NODA
Boman	
Tanji	
Shoji Matsuzaki	MATSUZAKI Shoji
S. Ninomiya	NINOMIYA S.
Umekichi Minami	MINAMI Umekichi
Jiichiro Matsumoto	MATSUMOTO Jiichiro
Osamu Sano	SANO Osamu
Kenji Otsuki	OTSUKI Kenji
Shogoro Tsuboi	TSUBOI Shogoro
Hiroshi Ōshima	ŌSHIMA Hiroshi
Saitō	SAITŌ
Akiyama	AKIYAMA
Santiago Sosuke Sakai	SAKAI Santiago Sosuke
Katsu Ishikawa	ISHIKAWA Katsu
Sadaichi Muto	MUTO Sadaichi
Ryuji Numasa	NUMASA Ryuji
Seiso Mogami	MOGAMI Seiso
Shibasaburō Kitasato	KITASATO Shibasaburō
Sensai Nagayo	NAGAYO Sensai
T. Hasegawa	HASEGAWA T.
Baron Aoyama	Baron AOYAMA
Yonejirō Miyagawa	MIYAGAWA Yonejirō
Prince Kan'in	
R. Tokugawa	TOKUGAWA R.
N. Nakagawa	NAKAGAWA N.
Kohei Murakami	MURAKAMI Kohei
Yasaburo Teraoka	TERAOKA Yasaburo
Saburo Sakamoto	SAKAMOTO Saburo
Shiro Hirota	HIROTA Shiro
Zentaro Yamasaki	YAMASAKI Zentaro
Nisaburo Momiyama	MOMIYAMA Nisaburo
Takuzo Itakura	ITAKURA Takuzo
H. Morita	MORITA H.
Tokitaro Fukuzawa	FUKUZAWA Tokitaro
Jukuro Kadono	KADONO Jukuro
Ichitaro Fukuzawa	FUKUZAWA Ichitaro
Ichisaburo Fujii	FUJII Ichisaburo
Eiichiro Tokutomi	TOKUTOMI Eiichiro
Taiho Shizume	SHIZUME Taiho
Masajiro Yamane	YAMANE Masajiro
Junichi Futsu	FUTSU Junichi
S. Hosono	HOSONO S.
Takeyoshi Ishikawa	ISHIKAWA Takeyoshi
Torajiro Azuma	AZUMA Torajiro
Torakichi Kameda	KAMEDA Torakichi
Giichi Fukuzawa	FUKUZAWA Giichi
Nobuhiro Yamamoto	YAMAMOTO Nobuhiro
Hideo Watanabe	WATANABE Hideo
Minoru Oka	OKA Minoru
Norinobu Matsuchi	MATSUCHI Norinobu
Shigetoki Fujinami	FUJINAMI Shigetoki
R. Manabe	MANABE R.
Ichiro Mochizuki	MOCHIZUKI Ichiro
S. Yabe	YABE S.
Katsue Shibata	SHIBATA Katsue
T. Nakao	NAKAO T.
Zennosuke Hirano	HIRANO Zennosuke
Motosuke Kito	KITO Motosuke
Ichizo Tanaka	TANAKA Ichizo
Shoichi Kirishima	KIRISHIMA Shoichi
Sukechika Nakayama	NAKAYAMA Sukechika
Hikotaro Abe	ABE Hikotaro
Matsuzo Matsumoto	MATSUMOTO Matsuzo
Ryuhei Murayama	MURAYAMA Ryuhei
Yonosuke Okano	OKANO Yonosuke
Toyohiro Harada	HARADA Toyohiro
Masu Murayama	MURAYAMA Masu
Ofuji Murayama	MURAYAMA Ofuji
Chokyo Murayama	MURAYAMA Chokyo
Natsujiro Isozaki	ISOZAKI Natsujiro
Nezu	NEZU
Katsuzo Horikawa	HORIKAWA Katsuzo
Tadayuki Nakajima	NAKAJIMA Tadayuki
Fumio Iwata	IWATA Fumio
Takio Kitahara	KITAHARA Takio
H. Ogawa	OGAWA H.
S. Sheba	SHEBA S.
Yoshio Nitobe	NITOBE Yoshio
Tokuso Aguena	AGUENA Tokuso
Masaharu Awakon	AWAKON Masaharu
Chosho Teugazan	TEUGAZAN Chosho
Mena Hamon	
Count Hamon	
Ayora	
T. Matsui	MATSUI T.
Kiyoshi Katsuki	KATSUKI Kiyoshi
General Tashiro	General TASHIRO
Captain Yamazaki	Captain YAMAZAKI
S. Hidaka	HIDAKA S.
Shi Yousan	
Tsui Chen-hui	
Yasutsugu Okamura	OKAMURA Yasutsugu
L. J. Owen	
Hiromu Toyoshima	TOYOSHIMA Hiromu
K. Kosakai	KOSAKAI K.
Juichi Tsushima	TSUSHIMA Juichi
Kinkazu Saionji	SAIONJI Kinkazu
Soetsu Yanagi	YANAGI Soetsu
Itaru Nii	NII Itaru
Yuji Shibata	SHIBATA Yuji
Ujiro Oyama	OYAMA Ujiro
Shofu Muramatsu	MURAMATSU Shofu
Naoya Shiga	SHIGA Naoya
Junzo Inamura	INAMURA Junzo
Shoken Joshi	JOSHI Shoken
Hatsusaburo Hirao	HIRAO Hatsusaburo
Sadasuke Amano	AMANO Sadasuke
N. Suzuki	SUZUKI N.
Gade	
S. Seregin	
Iwasaki	IWASAKI
Yoshi Hijikata	HIJIKATA Yoshi
Ryuji Date	DATE Ryuji
Hisamoto Hijikata	HIJIKATA Hisamoto
Sadanji Ichikawa	ICHIKAWA Sadanji
Juro Miyoshi	MIYOSHI Juro
Sakae Kubo	KUBO Sakae
Ryuichi Yagi	YAGI Ryuichi
Yutaka Mafune	MAFUNE Yutaka
Katsuichi Wada	WADA Katsuichi
Eijiro Hisaita	HISAITA Eijiro
Tomoyoshi Murayama	MURAYAMA Tomoyoshi
Seika Mayama	MAYAMA Seika
Ujaku Akita	AKITA Ujaku
Koreya Senda	SENDA Koreya
Kenji Susukida	SUSUKIDA Kenji
Yasue Yamamoto	YAMAMOTO Yasue
Osamu Takizawa	TAKIZAWA Osamu
Shin Date	DATE Shin
Sakae Ozawa	OZAWA Sakae
Seiji Miyaguchi	MIYAGUCHI Seiji
Takeo Oikawa	OIKAWA Takeo
Chikako Hosokawa	HOSOKAWA Chikako
Izumi Hara	HARA Izumi
Ranko Akagi	AKAGI Ranko
Kinyo Sugimura	SUGIMURA Kinyo
Tokuemon Takayama	TAKAYAMA Tokuemon
Eijiro Tono	TONO Eijiro
Akiko Tamura	TAMURA Akiko
Chieko Higashiyama	HIGASHIYAMA Chieko
Teruko Ishii	ISHII Teruko
Sugisaku Aoyama	AOYAMA Sugisaku
Haruko Sugimura	SUGIMURA Haruko
Chojuro Kawarasaki	KAWARASAKI Chojuro
Kanemon Nakamura	NAKAMURA Kanemon
Shizue Yamagishi	YAMAGISHI Shizue
Ryutaro Tatsumi	TATSUMI Ryutaro
Yaeko Mizutani	MIZUTANI Yaeko
Masao Inoue	INOUE Masao
Shotaro Hanayagi	HANAYAGI Shotaro
Rokuro Kitamura	KITAMURA Rokuro
Bando Mimosuke	BANDO Mimosuke
Ennosuke Ichikawa	ICHIKAWA Ennosuke
Kenichi Enomoto	ENOMOTO Kenichi
Shiro Okakura	OKAKURA Shiro
Ryokichi Sugimoto	SUGIMOTO Ryokichi
Seki Sano	SANO Seki
Takamaru Sasaki	SASAKI Takamaru
Minoru Ito	ITO Minoru
Mantaro Kubota	KUBOTA Mantaro
Shingo Ando	ANDO Shingo
Kenta Omori	OMORI Kenta
Yoshihisa Muto	MUTO Yoshihisa
Okinaka	OKINAKA
J. Matayoshi	MATAYOSHI J.
G. Higashide	HIGASHIDE G.
K. Yamashido	YAMASHIDO K.
G. Kamamoto	KAMAMOTO G.
J. Yamashido	YAMASHIDO J.
J. Sipaga	SIPAGA J.
K. Yapano	YAPANO K.
Benjamin Sasieta	
Juan Yamamoto	YAMAMOTO Juan
Juan Minemoto	MINEMOTO Juan
Takate	TAKATE
T. Mishima	MISHIMA T.
Kenso Watanabe	WATANABE Kenso
Hayame	HAYAME
K. Munakata	MUNAKATA K.
Matsuura	MATSUURA
Yatoi	YATOI
Ichiro Tanabe	TANABE Ichiro
Oshiro	OSHIRO
Pio Duran	
Saburo Yoshida	YOSHIDA Saburo
Adi Negoro	
K. M. Munshi	
Yone Noguchi	NOGUCHI Yone
Itaru Tashiro	TASHIRO Itaru
Mosaburo Ota	OTA Mosaburo
H. Kawachi	KAWACHI H.
H. Sousa	
L. Gandini	
R. Tsugawa	TSUGAWA R.
C. H. Nagai	NAGAI C. H.
R. Shimizu	SHIMIZU R.
L. Suehiro	SUEHIRO L.
M. Mochizuki	MOCHIZUKI M.
M. Nakaganeku	NAKAGANEKU M.
Kazuo Kawachi	KAWACHI Kazuo
Mikio Mochizuki	MOCHIZUKI Mikio
Sadahiko Iguchi	IGUCHI Sadahiko
Tsutomu Sone	SONE Tsutomu
T. Tatomi	TATOMI T.
J. Kawakubo	KAWAKUBO J.
Hajime Kishi	KISHI Hajime
Shizue Kishi	KISHI Shizue
Chizo Hidaka	HIDAKA Chizo
Genji Nimura	NIMURA Genji
Wasaku Ito	ITO Wasaku
Akira Sagawa	SAGAWA Akira
Toraji Hashimoto	HASHIMOTO Toraji
Juan J. Oshige	OSHIGE Juan J.
K. Fukuzawa	FUKUZAWA K.
S. Maruyama	MARUYAMA S.
Kokichi Shiasaka	SHIASAKA Kokichi
Juntaro Mishizana	MISHIZANA Juntaro
Kizuke Kuzuma	KUZUMA Kizuke
S. Yanagishi	YANAGISHI S.
S. Kurihara	KURIHARA S.
S. Bezada	
Motoso Nonomiya	NONOMIYA Motoso
Gisaku Tenya	TENYA Gisaku
Antonio Yada Soto	
Atsumi Seisho	ATSUMI Seisho
Mishagawa Karaichi	MISHAGAWA Karaichi
Yamamoto Hisao	YAMAMOTO Hisao
Takata Naoki	TAKATA Naoki
Ui Kanzo	UI Kanzo
Jukie Tusiro	
Homamure Keisaburo	HOMAMURE Keisaburo
Suzuki Dahei	SUZUKI Dahei
Shinichi Suganami Okumura	
Katujiro Bando Okada	
Keizo Yasuma Seo	
Koichi Ogawa	OGAWA Koichi
Kosuke Sasaki Kobayashi	
F. Minoda	MINODA F.
Shigeki Tatekawa	TATEKAWA Shigeki
Kaoru Doku	
Maria Doku	
J. Jiasina	
Noburo Hara	HARA Noburo
Katsumi Yukishita	YUKISHITA Katsumi
Ju Amada	AMADA Ju
Kenso D. Guchi	GUCHI Kenso D.
Jukisaku Kato	KATO Jukisaku
Tadaoki Jamomoto	JAMOMOTO Tadaoki
Ko Tonimura	TONIMURA Ko
Masao Jamomoto	JAMOMOTO Masao
General Nogi	General NOGI
Admiral Togo	Admiral TOGO
Kan Kikuehi	KIKUEHI Kan
Kocho Baba	BABA Kocho
Jujoki Masuoko	MASUOKO Jujoki
Masao Jamozaki	JAMOZAKI Masao
Kikei Jamada	JAMADA Kikei
Chanin Beeche	
Mr. Paniagua	
Kiyokatsu Sato	SATO Kiyokatsu
Kinoaki Matsuo	MATSUO Kinoaki
K. Uchiyama	UCHIYAMA K.
Nogabushi	NOGABUSHI
Captain Hamanaka	Captain HAMANAKA
Dr. Tauru	
N. Okada	OKADA N.
Kentaro Takaoka	TAKAOKA Kentaro
Yoshio Yamada	YAMADA Yoshio
Hirota Ushi	HIROTA Ushi
Noriatsu Chopuke	
Montanoa Ona	
Chōmatsu Ishikawa	ISHIKAWA Chōmatsu
Nakatsuke	NAKATSUKE
Miyasaki	MIYASAKI
Hagiwara	HAGIWARA
Katano	KATANO
Ozasa	OZASA
Mitsuzo Hoshikuma	HOSHIKUMA Mitsuzo
Seijiro Shida	SHIDA Seijiro
Siro Ono	ONO Siro
Sukeye Asaya	ASAYA Sukeye
Kenkichi Suda	SUDA Kenkichi
Daizaburo Suematsu	SUEMATSU Daizaburo
Hirohi Isawa	ISAWA Hirohi
Ko Kawamura	KAWAMURA Ko
Senda	SENDA
Kenji Uchida	UCHIDA Kenji
M. Sawatari	SAWATARI M.
T. Shirasaka	SHIRASAKA T.
Shigetane Hirasawa	HIRASAWA Shigetane
Hiroji Takahashi	TAKAHASHI Hiroji
Makoto Fukumoto	FUKUMOTO Makoto
Masao Makishima	MAKISHIMA Masao
Bunji Yanagida	YANAGIDA Bunji
Dr. Mejia	
Jose Maria Ayora	
Nakao Yahagi	YAHAGI Nakao
Matsunaga Ode	MATSUNAGA Ode
Tadao Obata	OBATA Tadao
Yasaburo Sugimate	SUGIMATE Yasaburo
Uchigasaki	UCHIGASAKI
Tokichi Saita	SAITA Tokichi
Hajime Nishimura	NISHIMURA Hajime
Senkichi Awaya	AWAYA Senkichi
Yoshiro Abe	ABE Yoshiro
Oase	OASE
Kuniyuki	
Ōtomo no Yakamochi	
Katsu Ando	ANDO Katsu
Hatanjiro Koizumi	KOIZUMI Hatanjiro
Shingoro Hashimoto	HASHIMOTO Shingoro
Takekyo Matsuta	MATSUTA Takekyo
Juji Yokokawa	YOKOKAWA Juji
Miyoshi Kanemitsu	MIYOSHI Kanemitsu
Shitenosuke Maeda	MAEDA Shitenosuke
Kunio Nyuda	NYUDA Kunio
Hideo Ikeda	IKEDA Hideo
Tadayoshi Matsumoto	MATSUMOTO Tadayoshi
Keiri Haruya	HARUYA Keiri
Yotanji Nakajima	NAKAJIMA Yotanji
Kisaburo Ichimura	ICHIMURA Kisaburo
Yoshitaro Kawano	KAWANO Yoshitaro
Kawataro Usuguta	USUGUTA Kawataro
Noburu Miyoshi	MIYOSHI Noburu
Uranosuke Koyama	KOYAMA Uranosuke
Taketoshi Imai	IMAI Taketoshi
Goro Kato	KATO Goro
Masashi Kishida	KISHIDA Masashi
Shogoro Sakurai	SAKURAI Shogoro
Owate	OWATE
Takamasa Sadai	SADAI Takamasa
Ichini Kato	KATO Ichini
Toshine Toshikata	TOSHIKATA Toshine
Kuroda	KURODA
Toshiyuki Fujita	FUJITA Toshiyuki
Kiyonobu Shiozawa	SHIOZAWA Kiyonobu
Hiroyuki Kato	KATO Hiroyuki
Genchi Kato	KATO Genchi
Shinkichi Uesugi	UESUGI Shinkichi
Ryuzan Shimiro	
Seichi Kojima	KOJIMA Seichi
Tsukasa Kato	KATO Tsukasa
R. Nieto	
Jiro Ono	ONO Jiro
Tomigyo Koseki	KOSEKI Tomigyo
Takeo Ozasa	OZASA Takeo
Takeo Takano	TAKANO Takeo
Kennosuke Kawaguchi	KAWAGUCHI Kennosuke
Kaname Nakayama	NAKAYAMA Kaname
Teruo Miyaki	MIYAKI Teruo
Fukunosuke Nomura	NOMURA Fukunosuke
Yei Mamiya	MAMIYA Yei
Akira Abe	ABE Akira
Sueuki Nakatsuka	NAKATSUKA Sueuki
Akira Uye	UYE Akira
Hidenosuke Ueda	UEDA Hidenosuke
Tomiichi Haraguchi	HARAGUCHI Tomiichi
Masuo Imaki	IMAKI Masuo
Tatuo Oki	OKI Tatuo
Yo Murai	MURAI Yo
Tadahi Yamada	YAMADA Tadahi
Tikara Tanaami	TANAAMI Tikara
Maria	
Kani Shirato	SHIRATO Kani
Takozo Hirota	HIROTA Takozo
Tsuneo Noma	NOMA Tsuneo
Antonio Regese	
Kenji Tamija	TAMIJA Kenji
Hirosaburo Shirato	SHIRATO Hirosaburo
Kisaburo Miyamore	MIYAMORE Kisaburo
Minoro Masuda	MASUDA Minoro
Shiro Shibuya	SHIBUYA Shiro
Eitaro Nara	NARA Eitaro
Masatoshi Kitsuta	KITSUTA Masatoshi
Kinroku Suzuki	SUZUKI Kinroku
Kitagawa Tetsuro	KITAGAWA Tetsuro
Kumekichi Aoki	AOKI Kumekichi
Shimekiti	
Tamura	TAMURA
Nakajima	NAKAJIMA
Izumi	IZUMI
Noriko Suzuki	SUZUKI Noriko
Zomura Araki	
Aki Aoka	AOKA Aki
Katsushige Hanani	HANANI Katsushige
Harumi Gato	GATO Harumi
Inano Itakura	ITAKURA Inano
Tsugio Kami	KAMI Tsugio
Onoyuki Hasegawa	HASEGAWA Onoyuki
Kojiro Sawamura	SAWAMURA Kojiro
Ruitaro Kiyokara	KIYOKARA Ruitaro
Hamamura	HAMAMURA
Yosuo Agura	AGURA Yosuo
Ota Kago	
Dona Aurora	
Shosaku Hanano	HANANO Shosaku
Kasu Hakiama	HAKIAMA Kasu
Mitsu Hanano	HANANO Mitsu
Maria Rita Figueira	
Hachiya Motosuke	HACHIYA Motosuke
Yosu Yogushi	YOGUSHI Yosu
Koizo Takahashi	TAKAHASHI Koizo
Tadau Simizu	SIMIZU Tadau
Takeo Gato	GATO Takeo
Masamichi Murayama	MURAYAMA Masamichi
Matozo Noguchi	NOGUCHI Matozo
Eisuburo Mitsuzuka	MITSUZUKA Eisuburo
Aiko Mitsuzuka	MITSUZUKA Aiko
Takeshi Mitsuzuka	MITSUZUKA Takeshi
Noriko Mitsuzuka	MITSUZUKA Noriko
Kiuchi Nanamori	KIUCHI Nanamori
Toshiko Adashi	ADASHI Toshiko
Moichiro Adashi	ADASHI Moichiro
Tsunehisa Okamura	OKAMURA Tsunehisa
Yemitsu Nisho	NISHO Yemitsu
Osamu Tamura	TAMURA Osamu
Moriharei Oguro	OGURO Moriharei
Hugo Gato	GATO Hugo
Atakichi Murata	MURATA Atakichi
Miyochi Murata	MURATA Miyochi
Nobuka Kobayashi Miyanehi	
Goro Iyasami	IYASAMI Goro
Seijiro Shima	SHIMA Seijiro
Akira Uesugi	UESUGI Akira
Sangoro Nobumitsu	NOBUMITSU Sangoro
Narao Tanimoto	TANIMOTO Narao
Rikuhei Kimoto	KIMOTO Rikuhei
Jiro Hinomizu	HINOMIZU Jiro
Riichi Kido	KIDO Riichi
Sōterō Takase	TAKASE Sōterō
Masakaichi Hori	HORI Masakaichi
Takebe	TAKEBE
Ijūrō Mori	MORI Ijūrō
Takeshi Yamamoto	YAMAMOTO Takeshi
Naoko	
Hino	HINO
Ryōsei Kawai	KAWAI Ryōsei
Takuo Godō	GODŌ Takuo
Kamizo Tomogani	TOMOGANI Kamizo
Guo Moruo	
Chou Won-chen	
Sun Weiru	
Kanichiro Akutsu	AKUTSU Kanichiro
Kyohei Hamano	HAMANO Kyohei
Masaji Yoshida	YOSHIDA Masaji
Toshinori Nakanishi	NAKANISHI Toshinori
Teruo Akashi	AKASHI Teruo
Saburo Nagano	NAGANO Saburo
Gengo Oda	ODA Gengo
Chen Chun-hui	
Yasuo Iguchi	IGUCHI Yasuo
Maisijiro Nakamura	NAKAMURA Maisijiro
Matsutaro Kimura	KIMURA Matsutaro
Tsutomu Kubota	KUBOTA Tsutomu
Takuichi Ōmura	ŌMURA Takuichi
Naoto Kohiyama	KOHIYAMA Naoto
Shin-ichi Yokoyama	YOKOYAMA Shin-ichi
Eiji Kawasaki	KAWASAKI Eiji
Mr. Chapin	
Tadayoshi Ishii	ISHII Tadayoshi
Akihara	AKIHARA
A. Osaka	OSAKA A.
Tateo Tsutsumi	TSUTSUMI Tateo
Takanori Kimura	KIMURA Takanori
Takeo Gakuo Takano	TAKANO Takeo Gakuo
Susuki Nakatsuka	NAKATSUKA Susuki
S. Hagiwara	HAGIWARA S.
Toranosuke Nakamura	NAKAMURA Toranosuke
Tadao Nakamura	NAKAMURA Tadao
Tsuneso Yago	YAGO Tsuneso
Shinichi Suganami	SUGANAMI Shinichi
Yoshioa	YOSHIOA
Miyakawa	MIYAKAWA
Izawa	IZAWA
Suda	SUDA
S. Shuakata	SHUAKATA S.
Isao Takada	TAKADA Isao
Miyoshi Shigo Sozan	
Takeo Ozasa Tanaka	
Hiro Yayagata	YAYAGATA Hiro
Yoranda	
Masaharu Tokunaga	TOKUNAGA Masaharu
Yoshikazu Chiashi	CHIASHI Yoshikazu
Morimasa Kizaki	KIZAKI Morimasa
Setsuko Hani	HANI Setsuko
Goro Hani	HANI Goro
Kenjiro Ume	UME Kenjiro
Yoshisaburo Takano	TAKANO Yoshisaburo
Ikuyo Yoshida	YOSHIDA Ikuyo
Takato Oki	OKI Takato
Yatsuka Hozumi	HOZUMI Yatsuka
Tsukasa Okamura	OKAMURA Tsukasa
Otoshiro Ishizaka	ISHIZAKA Otoshiro
Sakae Wagatsuma	WAGATSUMA Sakae
Yasumasa Oshima	OSHIMA Yasumasa
Zennosuke Nakagawa	NAKAGAWA Zennosuke
Kinuko	
Shigejiro Ogawa	OGAWA Shigejiro
Yukitoki Takigawa	TAKIGAWA Yukitoki
Michio Aoyama	AOYAMA Michio
Genji Okubo	OKUBO Genji
Yasuo Tatsuki	TATSUKI Yasuo
Shinrokuro Yamaguchi	YAMAGUCHI Shinrokuro
Sai Shiki Koku	
To So-Mei	
Hideo Hiraide	HIRAIDE Hideo
Ninigi no Mikoto	
Genichi Kodaira	KODAIRA Genichi
Hidehiko Ishiguro	ISHIGURO Hidehiko
Katsuzo Iikawa	IIKAWA Katsuzo
Morinosuke Kashima	KASHIMA Morinosuke
Miki Sawada	SAWADA Miki
Okano Susumu	OKANO Susumu
Tatsuo Mitarashi	MITARASHI Tatsuo
Heizo Yasuno	YASUNO Heizo
Kunio Aiyama	AIYAMA Kunio
Emperor Kameyama	
Shigetoshi Nakahara	NAKAHARA Shigetoshi
Jun Ushiroku	USHIROKU Jun
Shojiro Iida	IIDA Shojiro
Denman	
Teraki Ono	ONO Teraki
Antonio G. Sison	
Michitomo Okuro	OKURO Michitomo
Tadao Ogata	OGATA Tadao
Koso Ota	OTA Koso
Tsuneo Hanamitsu	HANAMITSU Tsuneo
Kuniya Saito	SAITO Kuniya
Genichiro Kobayashi	KOBAYASHI Genichiro
Tadamasa Sakai	SAKAI Tadamasa
Kotaro Sengoku	SENGOKU Kotaro
Masao Taki	TAKI Masao
Toshiki Tanaka	TANAKA Toshiki
Chikanori Yokoyama	YOKOYAMA Chikanori
Tadaaki Ishiguro	ISHIGURO Tadaaki
Takeo Iwakuro	IWAKURO Takeo
Ryoji Shinomiya	SHINOMIYA Ryoji
Inokuchi	INOKUCHI
Osawa	OSAWA
Maekawa	MAEKAWA
Hamada	HAMADA
Abe, Nobuyuki	ABE Nobuyuki
Amau, Eiji	AMAU Eiji
Ando, Kisaburo	ANDO Kisaburo
Chu Shen	
Konoye, Fumimaro	KONOYE Fumimaro
Morishima, Goro	MORISHIMA Goro
Nitobe, Inazo	NITOBE Inazo
Oasa, Tadao	OASA Tadao
Sato, Naotake	SATO Naotake
Shidehara, Kijuro	SHIDEHARA Kijuro
Shigemitsu, Mamoru	SHIGEMITSU Mamoru
Shiratori, Toshio	SHIRATORI Toshio
Tani, Masayuki	TANI Masayuki
Togo, Shigenori	TOGO Shigenori
Tojo, Hideki	TOJO Hideki
Toyoda, Teijiro	TOYODA Teijiro
Yamazaki, Tatsunosuke	YAMAZAKI Tatsunosuke
Yuki, Toyotaro	YUKI Toyotaro
Tatsuo Yamazaki	YAMAZAKI Tatsuo
Kosaku Tamura	TAMURA Kosaku
Teimei	
Arata Oba	OBA Arata
Nobukazu Oku	OKU Nobukazu
Masayoshi Okuma	OKUMA Masayoshi
Takijiro Onishi	ONISHI Takijiro
Tadashi Ono	ONO Tadashi
Ichiro Ono	ONO Ichiro
Shiro Oshima	OSHIMA Shiro
Taiji Ota	OTA Taiji
Eisaburo Otsuka	OTSUKA Eisaburo
Senkichi Ozawa	OZAWA Senkichi
Shigeyoshi Sakai	SAKAI Shigeyoshi
Date Sakamoto	SAKAMOTO Date
Nishizo Tsukahara	TSUKAHARA Nishizo
Tadatake Sakurai	SAKURAI Tadatake
Tadayoshi Sakurai	SAKURAI Tadayoshi
Tomoshige Samejima	SAMEJIMA Tomoshige
Tomohide Iwakura	IWAKURA Tomohide
Tomomitsu Iwakura	IWAKURA Tomomitsu
Kazunori Samejima	SAMEJIMA Kazunori
Kiyoyasu Sasaki	SASAKI Kiyoyasu
Genzo Sato	SATO Genzo
Ichiro Sato	SATO Ichiro
Tami Sato	SATO Tami
Yorio Sawamoto	SAWAMOTO Yorio
Yoichi Sawamoto	SAWAMOTO Yoichi
Tomoyuki Shigeoka	SHIGEOKA Tomoyuki
Yaichiro Shibata	SHIBATA Yaichiro
Kiyohide Shima	SHIMA Kiyohide
Yoshi Shimada	SHIMADA Yoshi
Mitsumi Shimizu	SHIMIZU Mitsumi
Katsumi Shimomura	SHIMOMURA Katsumi
Koichi Shiozawa	SHIOZAWA Koichi
Kiyoshi Shiroya	SHIROYA Kiyoshi
Rokuro Suho	SUHO Rokuro
Daisuke Soyejima	SOYEJIMA Daisuke
Rokuzo Sugiyama	SUGIYAMA Rokuzo
Sadako Sugiyama	SUGIYAMA Sadako
Sukigawa	SUKIGAWA
Tokutaro Sumiyama	SUMIYAMA Tokutaro
Sachiko Sumiyama	SUMIYAMA Sachiko
Kameo Sunagawa	SUNAGAWA Kameo
Kiiko Sunagawa	SUNAGAWA Kiiko
Hisatake Suzuki	SUZUKI Hisatake
Yoshio Suzuki	SUZUKI Yoshio
Takeo Takagi	TAKAGI Takeo
Ibo Takahashi	TAKAHASHI Ibo
Maru Takahashi	TAKAHASHI Maru
Sanjiro Takasu	TAKASU Sanjiro
Chiyo Takasu	TAKASU Chiyo
Seigo Takatsuka	TAKATSUKA Seigo
Moriji Takeda	TAKEDA Moriji
Kameyo Tanimoto	TANIMOTO Kameyo
Minoru Tayui	TAYUI Minoru
Kyo Toda	TODA Kyo
Michitaro Totsuka	TOTSUKA Michitaro
Munenori Usami	USAMI Munenori
Shinko Usami	USAMI Shinko
Sosei Wakabayashi	WAKABAYASHI Sosei
Kiyoshi Yamada	YAMADA Kiyoshi
Mitsuru Yamada	YAMADA Mitsuru
Seigo Yamagata	YAMAGATA Seigo
Gisaburo Yamaguchi	YAMAGUCHI Gisaburo
Teikichi Takano	TAKANO Teikichi
Sei Yamamoto	YAMAMOTO Sei
Koki Yaoi	YAOI Koki
Umeo Yonai	YONAI Umeo
Yohachi Mine	MINE Yohachi
Jujiro Yoshida	YOSHIDA Jujiro
Tsune Yoshida	YOSHIDA Tsune
Isao Oyama	OYAMA Isao
Yozo Saito	SAITO Yozo
Baron Sonoda	Baron SONODA
Mr. Kotani	Mr. KOTANI
Miyazawa	MIYAZAWA
Kojiro Sugimori	SUGIMORI Kojiro
Chuko Ikezaki	IKEZAKI Chuko
Juji Kasai	KASAI Juji
Jitaro Kihara	KIHARA Jitaro
Yasuzo Shimizu	SHIMIZU Yasuzo
Gisuke Ayukawa	AYUKAWA Gisuke
Mrs. Eugene H. Dooman	
S. Nishikawa	NISHIKAWA S.
Kiku Hayashi	HAYASHI Kiku
Umeko Kohina	KOHINA Umeko
Kuwabata	KUWABATA
Ryoichi Saito	SAITO Ryoichi
Hajime Matsumiya	MATSUMIYA Hajime
Sadajiro Naide	NAIDE Sadajiro
Kenjiro Yamakawa	YAMAKAWA Kenjiro
Ryoei Saito	SAITO Ryoei
Susumu Fujita	FUJITA Susumu
Saburo Miura	MIURA Saburo
Yasutaro Naide	NAIDE Yasutaro
Arita, Hachiro	ARITA Hachiro
Debuchi, Katsuji	DEBUCHI Katsuji
Kawakami, Kiyoshi (K. K.)	KAWAKAMI Kiyoshi (K. K.)
Matsuo, C.	MATSUO C.
Sawada, Renzo	SAWADA Renzo
Shimizu, Yoshitaro	SHIMIZU Yoshitaro
Sugimura, Satoru	SUGIMURA Satoru
Suma, Yakichiro	SUMA Yakichiro
Takeshita	TAKESHITA
Togo, Heihachiro	TOGO Heihachiro
Yonai, Mitsumasa	YONAI Mitsumasa
Yoshida, Zengo	YOSHIDA Zengo
Moritaka Takeda	TAKEDA Moritaka
Yoji Matsumiya	MATSUMIYA Yoji
Yutaka Miura	MIURA Yutaka
Chūichi Ōhashi	ŌHASHI Chūichi
Ryōei Saitō	SAITŌ Ryōei
Mitsuko Hirata	HIRATA Mitsuko
Meiko Kuroda	KURODA Meiko
Taka Nakategawa	NAKATEGAWA Taka
Satoru Sugimura	SUGIMURA Satoru
Ginjiro Fujihara	FUJIHARA Ginjiro
Shotatsu Kimura	KIMURA Shotatsu
Chinjiro Matsuura	MATSUURA Chinjiro
Tadaharu Mukai	MUKAI Tadaharu
S. Sugimura	SUGIMURA S.
M. Fujimoto	FUJIMOTO M.
Yoshisaburo Kusuyama	KUSUYAMA Yoshisaburo
Minakuchi	MINAKUCHI
Unemon Kiyomiya	KIYOMIYA Unemon
Akio Shinkoji	SHINKOJI Akio
Mitsu Yamada	YAMADA Mitsu
Yasutaka Fumoto	FUMOTO Yasutaka
Shinro Miyazaki	MIYAZAKI Shinro
Eiichi Mukai	MUKAI Eiichi
Fine	
Goichi Maekawa	MAEKAWA Goichi
Kuichi Yoshihara	YOSHIHARA Kuichi
Tomo Watanabe	WATANABE Tomo
Masumi Yugeta	YUGETA Masumi
Hiroko Kadono	KADONO Hiroko
Osamu Takatoi	TAKATOI Osamu
Hitoshi Kanazawa	KANAZAWA Hitoshi
Naokozu Okuda	OKUDA Naokozu
Eichi Mukai	MUKAI Eichi
Ōshima, Ume	ŌSHIMA Ume
Yamoro, Kosho	YAMORO Kosho
Hiroyasu, Takao	HIROYASU Takao
Takeishi, Kobi	TAKEISHI Kobi
Tōji, Tomikazu	TŌJI Tomikazu
Mr. Miyata	Mr. MIYATA
Haruo Odagiri	ODAGIRI Haruo
Nero	
Seiji Yoshida	YOSHIDA Seiji
Shingorō Takaishi	TAKAISHI Shingorō
C. Katō	KATŌ C.
A. J. Moore	
Mahon	
Mrs. A. J. Jensen	
J. R. Penn	
B. J. Rowan	
Shoshin Ikeda	IKEDA Shoshin
Noboru Hirata	HIRATA Noboru
Mitsunari Ishida	ISHIDA Mitsunari
Teiji Tsubokami	TSUBOKAMI Teiji
Shinichi Tsubokami	TSUBOKAMI Shinichi
Yoshiaki Horikiri	HORIKIRI Yoshiaki
Zentarō Kuwada	KUWADA Zentarō
Mr. Erihara	Mr. ERIHARA
Mrs. Erihara	Mrs. ERIHARA
Sotomatsu Katō	KATŌ Sotomatsu
Mr. Ishii	Mr. ISHII
Shinzo Tanomogi	TANOMOGI Shinzo
Captain Ogawa	Captain OGAWA
Captain Mizuno	Captain MIZUNO
Junzo Sato	SATO Junzo
Marquis Jutaro Komura	Marquis KOMURA Jutaro
Masataka Yoshizumi	YOSHIZUMI Masataka
Sanji Mutō	MUTŌ Sanji
Miyatake	MIYATAKE
Mitsu Kono	KONO Mitsu
Zenzu Watanabe	WATANABE Zenzu
Sakuzō Yoshino	YOSHINO Sakuzō
Kako Imai	IMAI Kako
Motojiro Sugiyama	SUGIYAMA Motojiro
Yojiro Matsutani	MATSUTANI Yojiro
Kesaya Yamazaki	YAMAZAKI Kesaya
Hisashi Aso	ASO Hisashi
Kan'ichiro Kamei	KAMEI Kan'ichiro
General Yamawaki	General YAMAWAKI
Tamikichi Kobayashi	KOBAYASHI Tamikichi
Manryo Yonekubo	YONEKUBO Manryo
Kamei Matsuoka	MATSUOKA Kamei
Kanichiro Kamei	KAMEI Kanichiro
Kiyoshi Asou	ASOU Kiyoshi
Ryuzo Miyazaki	MIYAZAKI Ryuzo
Chosaburo Mizutani	MIZUTANI Chosaburo
Shuzo Adachi	ADACHI Shuzo
Masasuke Fujita	FUJITA Masasuke
Nobuteru Mori	MORI Nobuteru
Kaoru Inoue	INOUE Kaoru
Eigoro Saito	SAITO Eigoro
Yonekichi Kanemasa	KANEMASA Yonekichi
Jiro Tsuji	TSUJI Jiro
Makoto Ubukata	UBUKATA Makoto
Saburo Kiyose	KIYOSE Saburo
Tamaki Uemura	UEMURA Tamaki
H. S. Eaton	
Senzo Higai	HIGAI Senzo
Kozen Hirokawa	HIROKAWA Kozen
Kaneshichi Masuda	MASUDA Kaneshichi
Moruji Nakano	NAKANO Moruji
Noboru Saito	SAITO Noboru
Sadanori Shimoyama	SHIMOYAMA Sadanori
Makoto Uemata	UEMATA Makoto
Shoi Murakami	MURAKAMI Shoi
Masayoshi Morino	MORINO Masayoshi
General Kazushige Yamanashi	General YAMANASHI Kazushige
Baron Reijiro Wakatsuki	Baron WAKATSUKI Reijiro
General Jiro Minami	General MINAMI Jiro
Eugene Chen	
Baron Hachiroemon Mitsui	Baron MITSUI Hachiroemon
Tsuyoshi (Ki) Inukai	INUKAI Tsuyoshi (Ki)
Lieutenant General Sadao Araki	Lieutenant General ARAKI Sadao
Admiral Mineo Osumi	Admiral OSUMI Mineo
Teijiro Yamamoto	YAMAMOTO Teijiro
Toyosuke Hata	HATA Toyosuke
General Hanzo Kanaya	General KANAYA Hanzo
General Yoshinori Shirakawa	General SHIRAKAWA Yoshinori
Baron Takuma Dan	Baron DAN Takuma
Ryohei Uchida	UCHIDA Ryohei
Teijo Eguchi	EGUCHI Teijo
Admiral Viscount Makoto Saito	Admiral Viscount SAITO Makoto
Count Hideo Kodama	Count KODAMA Hideo
Lieutenant General Yoshiyuki Kawashima	Lieutenant General KAWASHIMA Yoshiyuki
General Senjuro Hayashi	General HAYASHI Senjuro
Count Kosai Uchida	Count UCHIDA Kosai
E. de Guichen	
Lieutenant General Kuniaki Koiso	Lieutenant General KOISO Kuniaki
Dr. Hitoshi Ashida	Dr. ASHIDA Hitoshi
Admiral Kantaro Suzuki	Admiral SUZUKI Kantaro
Count Michimasa Soyeshima	Count SOYESHIMA Michimasa
Torikichi Obata	OBATA Torikichi
Hideo Kuroda	KURODA Hideo
General Kazushige Ugaki	General UGAKI Kazushige
Baron Yuzaburo Kuratomi	Baron KURATOMI Yuzaburo
Admiral Keisuke Okada	Admiral OKADA Keisuke
Admiral Nobumasa Suetsugu	Admiral SUETSUGU Nobumasa
Ichita Kobashi	KOBASHI Ichita
Ko Matsuoka	MATSUOKA Ko
Ryusuke Miyazaki	MIYAZAKI Ryusuke
Chozaburo Mizutani	MIZUTANI Chozaburo
Jiro Amaoka	AMAOKA Jiro
General Baron Giichi Tanaka	General Baron TANAKA Giichi
Akira Den	DEN Akira
Jiro Abe	ABE Jiro
Tatsuo Amano	AMANO Tatsuo
Nobumitsu Aoki	AOKI Nobumitsu
Tomoshiro Endo	ENDO Tomoshiro
Mitsunori Fujii	FUJII Mitsunori
Sanenori Fujinami	FUJINAMI Sanenori
Genzo Fukazawa	FUKAZAWA Genzo
Eiji Furu-uchi	FURU-UCHI Eiji
Seikyo Gondo	GONDO Seikyo
Shizuka Goto	GOTO Shizuka
Toshitaka Haijima	HAIJIMA Toshitaka
Kumao Harada	HARADA Kumao
K. Hasui	HASUI K.
Takuji Hida	HIDA Takuji
Taichiro Hoda	HODA Taichiro
Bunjiro Horiuchi	HORIUCHI Bunjiro
Takeshi Hoshiko	HOSHIKO Takeshi
Shohachi Ikebukuro	IKEBUKURO Shohachi
Hiroshi Ikeda	IKEDA Hiroshi
K. Inouye	INOUYE K.
Saburo Ishii	ISHII Saburo
Hiroshi Ito	ITO Hiroshi
Sukehiro Ito	ITO Sukehiro
Takanori Iwaki	IWAKI Takanori
Tokuya Kamiizumi	KAMIIZUMI Tokuya
Bin Kano	KANO Bin
Kimiteru Kataoka	KATAOKA Kimiteru
Takeo Kikuchi	KIKUCHI Takeo
Jinzaburo Kinoshita	KINOSHITA Jinzaburo
Hirobumi Kobayashi	KOBAYASHI Hirobumi
Seijiro Kojima	KOJIMA Seijiro
Kameyoshi Kono	KONO Kameyoshi
Masa Konuma	KONUMA Masa
Sukehiro Kukida	KUKIDA Sukehiro
Daiji Kurosawa	KUROSAWA Daiji
Kaoru Kusano	KUSANO Kaoru
Sachihiko Kusunose	KUSUNOSE Sachihiko
Tadatsu Makino	MAKINO Tadatsu
Tokujiro Maruyama	MARUYAMA Tokujiro
Junichiro Masui	MASUI Junichiro
Ko Matsumoto	MATSUMOTO Ko
Kametaro Mitsukawa	MITSUKAWA Kametaro
Kesaroku Mizumachi	MIZUMACHI Kesaroku
Kamenosuke Mizumori	MIZUMORI Kamenosuke
Den Mori	MORI Den
Kenji Mori	MORI Kenji
Arinori Mori	MORI Arinori
Tokutaro Murakami	MURAKAMI Tokutaro
Kinshichi Murano	MURANO Kinshichi
Yoshinaga Nakagawa	NAKAGAWA Yoshinaga
Takeyo Nakaya	NAKAYA Takeyo
Tadaji Nakayama	NAKAYAMA Tadaji
Tei Nonaka	NONAKA Tei
Chosei Ogasawara	OGASAWARA Chosei
Narimoto Oi	OI Narimoto
Shumei Okawa	OKAWA Shumei
Eizo Sakai	SAKAI Eizo
Shogun Sakai	SAKAI Shogun
Tetsutaro Sato	SATO Tetsutaro
Yasaburo Shimonaka	SHIMONAKA Yasaburo
Yoshitaka Shimoto	SHIMOTO Yoshitaka
Taro Suda	SUDA Taro
Tomekichi Sunahara	SUNAHARA Tomekichi
Kusuomon Tainaka	TAINAKA Kusuomon
Mitsutake Takahashi	TAKAHASHI Mitsutake
Takeshi Takarabe	TAKARABE Takeshi
Tokuhei Takechi	TAKECHI Tokuhei
Kunio Tanaka	TANAKA Kunio
Yoichi Tanmasu	TANMASU Yoichi
Tatsuo Tsukui	TSUKUI Tatsuo
Kumashichi Tsukushi	TSUKUSHI Kumashichi
Etsujiro Uehara	UEHARA Etsujiro
Jukichi Watanabe	WATANABE Jukichi
Hajime Yakata	YAKATA Hajime
Haruo Yamada	YAMADA Haruo
Toyokage Yamanouchi	YAMANOUCHI Toyokage
Tatsuo Yano	YANO Tatsuo
Masayasu Yuasa	YUASA Masayasu
Kado Hara	HARA Kado
Torasaburo Araki	ARAKI Torasaburo
Mannosuke Yamaoka	YAMAOKA Mannosuke
Juntaro Naito	NAITO Juntaro
Tokujiro Shiba	SHIBA Tokujiro
Tasuku Atsuta	ATSUTA Tasuku
Yoshio Ito	ITO Yoshio
Yukio Satomi	SATOMI Yukio
Ryokuin Kokondo	KOKONDO Ryokuin
Takeyo Nakatani	NAKATANI Takeyo
Genichiro Nakano	NAKANO Genichiro
Noboru Yamada	YAMADA Noboru
Chigaku Tanaka	TANAKA Chigaku
Keiichiro Shioya	SHIOYA Keiichiro
Shintaro Ajioka	AJIOKA Shintaro
Ken Renpoji	RENPOJI Ken
Takeharu Ayakawa	AYAKAWA Takeharu
Kozaburo Jinbo	JINBO Kozaburo
Inajiro Terada	TERADA Inajiro
Bensho Shiio	SHIIO Bensho
Seiichi Fukushi	FUKUSHI Seiichi
Tetsuo Inatomi	INATOMI Tetsuo
Shinzo Kuwajima	KUWAJIMA Shinzo
Koshi Asami	ASAMI Koshi
Yoshijiro Takasu	TAKASU Yoshijiro
Hyoye Ichinohe	ICHINOHE Hyoye
Eijiro Noguchi	NOGUCHI Eijiro
Hatsutaro Inouye	INOUYE Hatsutaro
Tosuke Katsunuma	KATSUNUMA Tosuke
Hideo Shimozawa	SHIMOZAWA Hideo
Shigeju Yamato	YAMATO Shigeju
Hikozo Tomioka	TOMIOKA Hikozo
Yu Terasawa	TERASAWA Yu
Tokitsune Yamashina	YAMASHINA Tokitsune
Goro Sawada	SAWADA Goro
Jo Akaike	AKAIKE Jo
Kiyoshi Kimura	KIMURA Kiyoshi
Raishin Tanabe	TANABE Raishin
Shigeru Matsui	MATSUI Shigeru
Chosaku Izutsu	IZUTSU Chosaku
Naomichi Oseko	OSEKO Naomichi
Tetsuma Hashimoto	HASHIMOTO Tetsuma
Tasuke Matsuoka	MATSUOKA Tasuke
Hiroshi Takakura	TAKAKURA Hiroshi
Hanshiro Endo	ENDO Hanshiro
Kuichiro Nagasawa	NAGASAWA Kuichiro
Gyonosuke Aomizu	AOMIZU Gyonosuke
Hansuke Hanada	HANADA Hansuke
Shunro Atoda	ATODA Shunro
Masayoshi Kihira	KIHIRA Masayoshi
Ryoichi Endo	ENDO Ryoichi
Fujiwaka Kamimura	KAMIMURA Fujiwaka
Sadao Yokota	YOKOTA Sadao
Reigan Ando	ANDO Reigan
Giichi Soeshima	SOESHIMA Giichi
Uji-ie	UJI-IE
Tenho Fujishiro	FUJISHIRO Tenho
Kyokitsu Arima	ARIMA Kyokitsu
Kozue Ikeda	IKEDA Kozue
Seihachiro Takano	TAKANO Seihachiro
Kichitaro Togo	TOGO Kichitaro
Yoshima Babasono	BABASONO Yoshima
Tatsuyuki Amano	AMANO Tatsuyuki
Kozo Ota	OTA Kozo
Tadahiro Okano	OKANO Tadahiro
Isaburo Nishimura	NISHIMURA Isaburo
Kokichi Aoyama	AOYAMA Kokichi
Nobusaburo Shino	SHINO Nobusaburo
Jogo Sugimura	SUGIMURA Jogo
Sahei Kobayashi	KOBAYASHI Sahei
Magosaburo Domaye	DOMAYE Magosaburo
Soichi Tsuru	TSURU Soichi
Shigeyoshi Kiso	KISO Shigeyoshi
Zen-ichi Suzuki	SUZUKI Zen-ichi
Hironobu Sato	SATO Hironobu
Jo Akaba	AKABA Jo
Kennan Oyamada	OYAMADA Kennan
Inanagero	
Satsuzo Ihara	IHARA Satsuzo
Natsuo Eto	ETO Natsuo
Junjiro Ishikawa	ISHIKAWA Junjiro
Sakuzo Yoshino	YOSHINO Sakuzo
Jotaro Yamamoto	YAMAMOTO Jotaro
Tatsuo Yamamoto	YAMAMOTO Tatsuo
Zenzaburo Shibata	SHIBATA Zenzaburo
Adachi Kenzo	ADACHI Kenzo
Wakatsuki Reijiro	WAKATSUKI Reijiro
Saionji Kinmochi	SAIONJI Kinmochi
Araki Sadao	ARAKI Sadao
Osumi Mineo	OSUMI Mineo
Nakabashi Tokugoro	NAKABASHI Tokugoro
Takahashi Korekiyo	TAKAHASHI Korekiyo
Suzuki Kisaburo	SUZUKI Kisaburo
Yamamoto Teijiro	YAMAMOTO Teijiro
Mitsuchi Chuzo	MITSUCHI Chuzo
Tokonami Takejiro	TOKONAMI Takejiro
Hata Toyosuke	HATA Toyosuke
Yoshizawa Kenkichi	YOSHIZAWA Kenkichi
Shidehara Kijuro	SHIDEHARA Kijuro
Hamaguchi Osachi	HAMAGUCHI Osachi
Egi Tasuku	EGI Tasuku
Uchida Kosai	UCHIDA Kosai
Tomita Kojiro	TOMITA Kojiro
Kuhara Fusanosuke	KUHARA Fusanosuke
Araki Kin	ARAKI Kin
Inukai Chiyo	INUKAI Chiyo
Osumi Ume	OSUMI Ume
Hatoyama Kaoru	HATOYAMA Kaoru
Nakabashi Etsu	NAKABASHI Etsu
Fujita Heitaro	FUJITA Heitaro
Tokonami Yasu	TOKONAMI Yasu
Uesugi Shinkichi	UESUGI Shinkichi
Minamoto no Yoritomo	
Saigo Takamori	SAIGO Takamori
Ito Hirobumi	ITO Hirobumi
Kaneko Kentaro	KANEKO Kentaro
Nagai Matsuzo	NAGAI Matsuzo
Kabayama Aisuke	KABAYAMA Aisuke
Makino Nobuaki	MAKINO Nobuaki
Kanaya Hanzo	KANAYA Hanzo
Tatekawa Yoshitsugu	TATEKAWA Yoshitsugu
Koiso Kuniaki	KOISO Kuniaki
Prince Sanjo Sanetomi	Prince SANJO Sanetomi
Prince Kan'in Haruhito	Prince KAN'IN Haruhito
Prince Fushimi Kuniie	Prince FUSHIMI Kuniie
Higashiyama	
Tatsuo Iwabuchi	IWABUCHI Tatsuo
Minami Jiro	MINAMI Jiro
Matsudaira Shungaku	MATSUDAIRA Shungaku
Muto Nobuyoshi	MUTO Nobuyoshi
Ninomiya Harushige	NINOMIYA Harushige
Sugiyama Hajime	SUGIYAMA Hajime
Kashii Kohei	KASHII Kohei
Hata Shunroku	HATA Shunroku
Hata Shinji	HATA Shinji
Yanagawa Heisuke	YANAGAWA Heisuke
Ushijima Sadayuki	USHIJIMA Sadayuki
Joji Takayama	TAKAYAMA Joji
Hayashi Kyujiro	HAYASHI Kyujiro
Honjo Shigeru	HONJO Shigeru
Iwasaki Yanosuke	IWASAKI Yanosuke
Kato Takaaki	KATO Takaaki
Shiratori Toshio	SHIRATORI Toshio
Tani Masayuki	TANI Masayuki
Oyama Iwao	OYAMA Iwao
Hashimoto Toranosuke	HASHIMOTO Toranosuke
Shigeto Chiaki	SHIGETO Chiaki
Hara Takashi	HARA Takashi
Okuma Shigenobu	OKUMA Shigenobu
Yamamoto Gonnohyoe	YAMAMOTO Gonnohyoe
Chibata Miyakoshi	MIYAKOSHI Chibata
Taisho	
Anton Denikin	
Katsuzo Adachi	ADACHI Katsuzo
Mitsuharu Miyake	MIYAKE Mitsuharu
Senzaburo Egi	EGI Senzaburo
Kojiro Hara	HARA Kojiro
Takashi Nakamura	NAKAMURA Takashi
Mochiyuki Kobashi	KOBASHI Mochiyuki
Naoharu Kataoka	KATAOKA Naoharu
Hajime Kawakami	KAWAKAMI Hajime
Kenzo Asahara	ASAHARA Kenzo
Yojiro Masutani	MASUTANI Yojiro
Hanzo Yamanashi	YAMANASHI Hanzo
K. Takahashi	TAKAHASHI K.
K. Yamasaki	YAMASAKI K.
Y. Yamana	YAMANA Y.
Baron Yamana	Baron YAMANA
Kotora Tanahashi	TANAHASHI Kotora
Genji Matsuda	MATSUDA Genji
Ryuzo Tanaka	TANAKA Ryuzo
Ryohei Okada	OKADA Ryohei
Miyoji Ito	ITO Miyoji
Yuzaburo Kuratomi	KURATOMI Yuzaburo
Joji Sakurai	SAKURAI Joji
Eikichi Kamata	KAMATA Eikichi
Hamanaka	HAMANAKA
Shujiro Hara	HARA Shujiro
Satako Tokunaga	TOKUNAGA Satako
Waichiro Sakurauchi	SAKURAUCHI Waichiro
Kakuko Miyazaki	MIYAZAKI Kakuko
Kihei Minami	MINAMI Kihei
Hisako Kondo	KONDO Hisako
Yoshizo Kobashi	KOBASHI Yoshizo
Kujiro Hara	HARA Kujiro
Ryu Tanaka	TANAKA Ryu
Baron Kiichiro Hiranuma	Baron HIRANUMA Kiichiro
Goro Shiba	SHIBA Goro
Sonoda	SONODA
Nagaoka	NAGAOKA
Shōzaburō Gō	GŌ Shōzaburō
Kase	KASE
Rankin	
Wada	WADA
Mitsuaki Yonekubo	YONEKUBO Mitsuaki
Aiichi Kamijo	KAMIJO Aiichi
Nagahisa Horinouchi	HORINOUCHI Nagahisa
Ken Okazaki	OKAZAKI Ken
Bunsaku Hamabashi	HAMABASHI Bunsaku
Ukichi Nishiura	NISHIURA Ukichi
Nobuichi Yagi	YAGI Nobuichi
Eijiro Ito	ITO Eijiro
Yasukura Hirano	HIRANO Yasukura
Giichi Iwanaga	IWANAGA Giichi
Ushitaro Okamoto	OKAMOTO Ushitaro
Kuzo Takayama	TAKAYAMA Kuzo
Chashi, Chifusa	CHASHI Chifusa
Ishii, Yozo	ISHII Yozo
Matsudaira, Yuhei	MATSUDAIRA Yuhei
Kondo, Eizo	KONDO Eizo
Imamura, Hitoshi	IMAMURA Hitoshi
Yamasaki, Tsunekichi	YAMASAKI Tsunekichi
Koji, Sotaro	KOJI Sotaro
Hayashi, Sukeichi	HAYASHI Sukeichi
Nakagawa, Kenichi	NAKAGAWA Kenichi
Viscount Shibusawa	Viscount SHIBUSAWA
Eiichi Iwanaga	IWANAGA Eiichi
Chifusa Chashi	CHASHI Chifusa
Yozo Ishii	ISHII Yozo
Yuhei Matsudaira	MATSUDAIRA Yuhei
Eizo Kando	KANDO Eizo
Tsunekichi Yamasaki	YAMASAKI Tsunekichi
Sotaro Koji	KOJI Sotaro
Sukeichi Hayashi	HAYASHI Sukeichi
Kenichi Nakagawa	NAKAGAWA Kenichi
Owen	
Eiji Yasui	YASUI Eiji
Yoshimi Ishihara	ISHIHARA Yoshimi
Keita Goto	GOTO Keita
Sotaro Ishiwatari	ISHIWATARI Sotaro
Gentaro Kodama	KODAMA Gentaro
Koda	KODA
Toru Shimizu	SHIMIZU Toru
Naokai Murase	MURASE Naokai
Takao Matsumura	MATSUMURA Takao
Masao Kanazawa	KANAZAWA Masao
Toshio Fujihara	FUJIHARA Toshio
Tsuneo Taniguchi	TANIGUCHI Tsuneo
Mr. Tamura	Mr. TAMURA
Mr. Numata	Mr. NUMATA
Minoru Maeda	MAEDA Minoru
Toshimichi Hara	HARA Toshimichi
Kumao Honda	HONDA Kumao
Naohiko Ishiyama	ISHIYAMA Naohiko
Taro Terasaki	TERASAKI Taro
Susumu Matsumura	MATSUMURA Susumu
Shichiro Miura	MIURA Shichiro
Tateo Morishige	MORISHIGE Tateo
Katsuji Nakano	NAKANO Katsuji
Kaheita Okazaki	OKAZAKI Kaheita
Arata Sugihara	SUGIHARA Arata
Toshio Imayoshi	IMAYOSHI Toshio
Uzuhiko Usami	USAMI Uzuhiko
Tamio Iwasaki	IWASAKI Tamio
Kiyoshi Tajiri	TAJIRI Kiyoshi
Iwataro Uchiyama	UCHIYAMA Iwataro
Yasushi Hayashi	HAYASHI Yasushi
Amau	AMAU
Ryusaku Komai	KOMAI Ryusaku
Kazue Kuwashima	KUWASHIMA Kazue
Shinji Tasaki	TASAKI Shinji
Kiyokane Abo	ABO Kiyokane
Yusuke Yoshimi	YOSHIMI Yusuke
Takenosuke Miyamoto	MIYAMOTO Takenosuke
Tatsuo Sato	SATO Tatsuo
Chikayoshi Hanayama	HANAYAMA Chikayoshi
Fumizo Kubo	KUBO Fumizo
Seiki Yano	YANO Seiki
Hideoto Mori	MORI Hideoto
Matajiro Koizumi	KOIZUMI Matajiro
Reijiro Miyake	MIYAKE Reijiro
Ryo Iwase	IWASE Ryo
T. Yagara	YAGARA T.
Eizo Tanaka	TANAKA Eizo
Yamakawa	YAMAKAWA
Arimitsu	ARIMITSU
Tomosaburo Kato	KATO Tomosaburo
Shigemoto Oi	OI Shigemoto
Gaishi Nagaoka	NAGAOKA Gaishi
Kiyotane Abo	ABO Kiyotane
Seinosuke Go	GO Seinosuke
Shohei Fujinuma	FUJINUMA Shohei
Naomichi Kataoka	KATAOKA Naomichi
Hisanori Nishio	NISHIO Hisanori
Shinjiro Nakanishi	NAKANISHI Shinjiro
Teiji Koma	KOMA Teiji
Mitsuteru Yokomizo	YOKOMIZO Mitsuteru
Ataru Funada	FUNADA Ataru
Tetsuji Tachi	TACHI Tetsuji
Hironari Iino	IINO Hironari
Naoyasu Murase	MURASE Naoyasu
Takeru Ono	ONO Takeru
Kenjiro Kiyasu	KIYASU Kenjiro
Hikozo Hagiwara	HAGIWARA Hikozo
Harimoto Oi	OI Harimoto
Tadashige Shimazu	SHIMAZU Tadashige
Katsuo Usami	USAMI Katsuo
Katsutaro Inuzuka	INUZUKA Katsutaro
Takanaru Nijo	NIJO Takanaru
Naosuke Mizoguchi	MIZOGUCHI Naosuke
Chifuyu Watanabe	WATANABE Chifuyu
Toshisada Maeda	MAEDA Toshisada
Hideo Higashikuze	HIGASHIKUZE Hideo
Nobutsune Oda	ODA Nobutsune
Hikaru Watanabe	WATANABE Hikaru
Hachizaemon Kazama	KAZAMA Hachizaemon
Kohei Takata	TAKATA Kohei
Takeshi Azuma	AZUMA Takeshi
Joichi Yamaji	YAMAJI Joichi
Eikichi Hikida	HIKIDA Eikichi
Naotake Tsuzaki	TSUZAKI Naotake
Takejiro Nishioka	NISHIOKA Takejiro
Hisajiro Okazaki	OKAZAKI Hisajiro
Toyokichi Toyoda	TOYODA Toyokichi
Inajiro Asanuma	ASANUMA Inajiro
Kenkichi Kagami	KAGAMI Kenkichi
Shigemasa Sunada	SUNADA Shigemasa
Hachisaburo Arita	ARITA Hachisaburo
Masatane Tsuchiya	TSUCHIYA Masatane
S. W. Q. Seetoo	
Kenji Kawagishi	KAWAGISHI Kenji
General Tamon	General TAMON
Murai	MURAI
Ohashi	OHASHI
Colonel Washizu	Colonel WASHIZU
General Shirakawa	General SHIRAKAWA
Kuo Tai-chi	
Jirō Tamon	TAMON Jirō
General Hirose	General HIROSE
Major General K. Nakamura	Major General NAKAMURA K.
Colonel Harata	Colonel HARATA
General Sadao Araki	General ARAKI Sadao
Colonel Muto	Colonel MUTO
Colonel Kanji Ishihara	Colonel ISHIHARA Kanji
General Shigeru Honjō	General HONJŌ Shigeru
Lieutenant Colonel Seishirō Itagaki	Lieutenant Colonel ITAGAKI Seishirō
Lieutenant General Jirō Tamon	Lieutenant General TAMON Jirō
Major General S. Hasebe	Major General HASEBE S.
Major General R. Mori	Major General MORI R.
Lieutenant General G. Nishi	Lieutenant General NISHI G.
Major General I. Suzuki	Major General SUZUKI I.
C. Hayashi	HAYASHI C.
Lieutenant General D. Hirose	Lieutenant General HIROSE D.
Colonel Hirano	Colonel HIRANO
Major General N. Murai	Major General MURAI N.
Fukazawa	FUKAZAWA
Lieutenant General N. Matsuki	Lieutenant General MATSUKI N.
Major General Hiramatsu	Major General HIRAMATSU
Hiraga	HIRAGA
Lieutenant General H. Mori	Lieutenant General MORI H.
Major General Take	Major General TAKE
S. Toda	TODA S.
Lieutenant General Muro	Lieutenant General MURO
Major General Kamura	Major General KAMURA
Miyazata	MIYAZATA
Lieutenant Boone	
General Suzuki	General SUZUKI
Major General Iida	Major General IIDA
Major General Hara	Major General HARA
Major Ichise	Major ICHISE
Kinta Muto	MUTO Kinta
Katsukawa Shunsho	KATSUKAWA Shunsho
Osamu Takata	TAKATA Osamu
Yukio Yashiro	YASHIRO Yukio
Kozui Otani	OTANI Kozui
Magosaburo Ohara	OHARA Magosaburo
Tokugawa Hidetada	TOKUGAWA Hidetada
Taizo Uchiumi	UCHIUMI Taizo
Sawamura	SAWAMURA
Okimoto	OKIMOTO
Okane	OKANE
Gakuryo Nakamura	NAKAMURA Gakuryo
Hako Irie	IRIE Hako
Meiji Hashimoto	HASHIMOTO Meiji
Oyama	OYAMA
Kyoichi Ishikawa	ISHIKAWA Kyoichi
Shiro Murata	MURATA Shiro
Tamotsu Murayama	MURAYAMA Tamotsu
Michio Takaya	TAKAYA Michio
Kiyokazu Abo	ABO Kiyokazu
Kisaburo Adachi	ADACHI Kisaburo
Ainosuke Iwata	IWATA Ainosuke
Moritaro Abe	ABE Moritaro
Yoshikatsu Matsuki	MATSUKI Yoshikatsu
Shuzo Hara	HARA Shuzo
Tokichi Masao	MASAO Tokichi
Saburo Kuki	KUKI Saburo
Ryuichiro Kuki	KUKI Ryuichiro
Keisuke Mochizuki	MOCHIZUKI Keisuke
Kiyoshi Sato	SATO Kiyoshi
Reikichi Yamazaki	YAMAZAKI Reikichi
Tsutomu Yamada	YAMADA Tsutomu
Hideo Hoshikuma	HOSHIKUMA Hideo
Tasuku Kojima	KOJIMA Tasuku
Keinosuke Fujita	FUJITA Keinosuke
Isao Numane	NUMANE Isao
Keinosuke Hide	HIDE Keinosuke
Kiyoshi Goko	GOKO Kiyoshi
Kinmochi Ge	GE Kinmochi
Shin Ouchi	OUCHI Shin
Mikitake Kamiyama	KAMIYAMA Mikitake
Emperor Showa	
Tamekichi Ota	OTA Tamekichi
Shiro Nonaka	NONAKA Shiro
Teruzo Ando	ANDO Teruzo
Gonsuke Hayashi	HAYASHI Gonsuke
Masakata Terauchi	TERAUCHI Masakata
Yoshiaki Ando	ANDO Yoshiaki
Kazue Shoda	SHODA Kazue
Juichi Terauchi	TERAUCHI Juichi
Takukichi Kawasaki	KAWASAKI Takukichi
Kazuo Oguri	OGURI Kazuo
Katsuroku Aikawa	AIKAWA Katsuroku
Tatsunosuke Yamasaki	YAMASAKI Tatsunosuke
Takauji Ashikaga	ASHIKAGA Takauji
Yukichi Shiragami	SHIRAGAMI Yukichi
Gisuke Okamoto	OKAMOTO Gisuke
Keigo Kiyoura	KIYOURA Keigo
Ino Furuso	FURUSO Ino
Kyosuke Hirose	HIROSE Kyosuke
Toranosuke Hashimoto	HASHIMOTO Toranosuke
Kinji Sakano	SAKANO Kinji
Naoshi Obara	OBARA Naoshi
Katsunosuke Sato	SATO Katsunosuke
Sadao Saburi	SABURI Sadao
Aimaro Sato	SATO Aimaro
Kazunari Ugaki	UGAKI Kazunari
Hitoshi Yamamoto	YAMAMOTO Hitoshi
Seishin Ikeda	IKEDA Seishin
Sotaro Ota	OTA Sotaro
Prince Fushimi Hiroyasu	Prince FUSHIMI Hiroyasu
Masae Okubo	OKUBO Masae
Nagatoshi Kuroda	KURODA Nagatoshi
Yujiro Hara	HARA Yujiro
Kazuji Kobashi	KOBASHI Kazuji
Boku Shin Kin	
Yuzaburo Kubota	KUBOTA Yuzaburo
Rinkichi Kaneko	KANEKO Rinkichi
Andō Rinzō	ANDŌ Rinzō
Colonel Kumano	Colonel KUMANO
Colonel Akikusa	Colonel AKIKUSA
Mrs. Yonekawa	Mrs. YONEKAWA
Hishida	HISHIDA
Mrs. Hishida	Mrs. HISHIDA
Mrs. Maruyama	Mrs. MARUYAMA
Rinji Oishi	OISHI Rinji
Seizaburo Tsuchiya	TSUCHIYA Seizaburo
Kazuo Nakai	NAKAI Kazuo
Hikosaburo Kurihara	KURIHARA Hikosaburo
Taiichi Kato	KATO Taiichi
Teikichi Kageyama	KAGEYAMA Teikichi
H. Seki	SEKI H.
Kiko Okochi	OKOCHI Kiko
Hideroku Kamigaki	KAMIGAKI Hideroku
Hanzo Yamada	YAMADA Hanzo
Takeshi Ikematsu	IKEMATSU Takeshi
Kikuo Kiyose	KIYOSE Kikuo
Haruichi Murakami	MURAKAMI Haruichi
Teikichi Ichimatsu	ICHIMATSU Teikichi
Tsuguo Nakamura	NAKAMURA Tsuguo
Hu Han-min	
Atsushi Akaike	AKAIKE Atsushi
Mannoshin Kamiyama	KAMIYAMA Mannoshin
Mamoru Kishi	KISHI Mamoru
Kichinojo Tamaki	TAMAKI Kichinojo
Yoichi Sato	SATO Yoichi
Kozo Makiyama	MAKIYAMA Kozo
Go-Daigo	
Kogon	
Takamitsu Mimurodo	MIMURODO Takamitsu
Kanehide Kimotsuki	KIMOTSUKI Kanehide
Nakashima	NAKASHIMA
Toshinari Maeda	MAEDA Toshinari
Yoshirō Sakatani	SAKATANI Yoshirō
Kiichi Sakatani	SAKATANI Kiichi
Saburō Yasumi	YASUMI Saburō
Eizaburō Yamanichi	YAMANICHI Eizaburō
Takejirō Tokonami	TOKONAMI Takejirō
Shōsuke Akatsuka	AKATSUKA Shōsuke
Senkichi Tsuruoka	TSURUOKA Senkichi
Naokichi Matsunaga	MATSUNAGA Naokichi
Yoshinori Futaara	FUTAARA Yoshinori
Aikitsu Tanakadate	TANAKADATE Aikitsu
Seinen Takagi	TAKAGI Seinen
Jin Inenaga	INENAGA Jin
Toyoo Yasutake	YASUTAKE Toyoo
Kumeshiro Kato	KATO Kumeshiro
Seiko Ota	OTA Seiko
Chojuro Onodera	ONODERA Chojuro
Shotaro Yano	YANO Shotaro
Denzo Matsuo	MATSUO Denzo
Kojiro Tomita	TOMITA Kojiro
Chokichi Miyawaki	MIYAWAKI Chokichi
Takeo Sugiura	SUGIURA Takeo
Kojiro Iwasaki	IWASAKI Kojiro
Kojiro Tsutsumi	TSUTSUMI Kojiro
Yukimitsu Matsumoto	MATSUMOTO Yukimitsu
Hisayoshi Muramatsu	MURAMATSU Hisayoshi
Riyo Koyama	KOYAMA Riyo
Jusha Tsumura	TSUMURA Jusha
Yoshinori Futara	FUTARA Yoshinori
Ryoichi Asada	ASADA Ryoichi
Princess Chichibu	
Katsuji Akamatsu	AKAMATSU Katsuji
Isamu Oyama	OYAMA Isamu
Ryuji Nagashima	NAGASHIMA Ryuji
Seiichi Aoki	AOKI Seiichi
Mitsunoshin Kamiyama	KAMIYAMA Mitsunoshin
Toshiatsu Sakamoto	SAKAMOTO Toshiatsu
Jinjiro Mizuno	MIZUNO Jinjiro
Sokichi Yata	YATA Sokichi
Eikichi Hikita	HIKITA Eikichi
Konichi Nakaoka	NAKAOKA Konichi
Naohiko Seki	SEKI Naohiko
Ichiro Kawano	KAWANO Ichiro
Yoshihisa Ando	ANDO Yoshihisa
Katsutaro Yabuki	YABUKI Katsutaro
Viscount Makoto Saito	Viscount SAITO Makoto
Baron Yoshiro Sakatani	Baron SAKATANI Yoshiro
Dr. Isoo Abe	Dr. ABE Isoo
Baron Yoshihiro Ida	Baron IDA Yoshihiro
Baron Kusuda	Baron KUSUDA
Mr. Kodama	Mr. KODAMA
General Nobuyoshi Muto	General MUTO Nobuyoshi
Count Hokei Yanagisawa	Count YANAGISAWA Hokei
Kiroku Okuchi	OKUCHI Kiroku
Mr. Kishimoto	Mr. KISHIMOTO
Choku Kawasaki	KAWASAKI Choku
K. Kesakai	KESAKAI K.
Yoshitsugu Kondo	KONDO Yoshitsugu
Tsunoda	TSUNODA
Kosaku Kayabu	KAYABU Kosaku
Taro Morikawa	MORIKAWA Taro
Kosaburo Watanabe	WATANABE Kosaburo
Ken Fukagawa	FUKAGAWA Ken
Sho Seto	SETO Sho
Junzo Nakano	NAKANO Junzo
Asamitsu Taminato	TAMINATO Asamitsu
Yoshitane Yawata	YAWATA Yoshitane
Kurami Izurika	IZURIKA Kurami
Yasujiro Takase	TAKASE Yasujiro
T. Urabe	URABE T.
Menken	
Atsumaro Konoe	KONOE Atsumaro
Benito Mari	
Shin-Ichi Shibusawa	SHIBUSAWA Shin-Ichi
Gosue Hachiya	HACHIYA Gosue
Fumia Shiki	SHIKI Fumia
Kenkuro Hachiya	HACHIYA Kenkuro
Nishitani	NISHITANI
Johachi Higashi	HIGASHI Johachi
Ariyoshi	ARIYOSHI
Mitsusuka	MITSUSUKA
R. Inoma	INOMA R.
Takeshi Hasegawa	HASEGAWA Takeshi
Kodama	KODAMA
Nogi	NOGI
Araki	ARAKI
Viscount Motono	Viscount MOTONO
Kanazawa	KANAZAWA
Manzō Nomura	NOMURA Manzō
Okina	
Sanemori	
Komachi	
Matsukaze	
Narihira	
Atsumori	
Kumasaka	
Shōjō	
Yamauba	
Kanawa	
Kokaji	
Sanbasō	
Kazue Kuwajima	KUWAJIMA Kazue
Shun-ichi Komine	KOMINE Shun-ichi
Setsuzō Sawada	SAWADA Setsuzō
Princess Takamatsu	
A. Tazoe	TAZOE A.
Hyakujō	
Yoshie Fujiwara	FUJIWARA Yoshie
Keisa Aida	AIDA Keisa
Zeimoto	
Mota	
Count Yanagisawa	Count YANAGISAWA
Junjirō Shimazono	SHIMAZONO Junjirō
Mario Miranda	
Seigo Mogi	MOGI Seigo
M. Kodosawa	KODOSAWA M.
Motoi Yukawa	YUKAWA Motoi
Ajimatsu Soga	SOGA Ajimatsu
Nobuya Saka	SAKA Nobuya
Shioiri	SHIOIRI
Teijiro Eguchi	EGUCHI Teijiro
Shoichi A. Asami	ASAMI Shoichi A.
Tota Ishimaru	ISHIMARU Tota
Ma Chan-shan	
Mr. Ishimoto	Mr. ISHIMOTO
Shinsaku Hirata	HIRATA Shinsaku
Tuan Chi-jui	
Naomi Taniguchi	TANIGUCHI Naomi
Rikiichiro Enami	ENAMI Rikiichiro
Senji Matsuda	MATSUDA Senji
Captain Iwamura	Captain IWAMURA
Shogo Suzuki	SUZUKI Shogo
Tadaharu Sakai	SAKAI Tadaharu
Count Kōsai Uchida	Count UCHIDA Kōsai
Teijō Eguchi	EGUCHI Teijō
Baron Iwasaki	Baron IWASAKI
T. Hama	HAMA T.
H. Nakajima	NAKAJIMA H.
R. Kawamura	KAWAMURA R.
H. Kondo	KONDO H.
U. Anzai	ANZAI U.
J. Kadono	KADONO J.
Y. Ōtake	ŌTAKE Y.
Sakatani	SAKATANI
Naoto Kobiyama	KOBIYAMA Naoto
Shinji Sogo	SOGO Shinji
Jun Kawata	KAWATA Jun
Yukutaro Miyakegawa	MIYAKEGAWA Yukutaro
Taro Mimori	MIMORI Taro
Katsutaro Shimada	SHIMADA Katsutaro
Isogai	ISOGAI
Marumo	MARUMO
Kenichiro Asaki	ASAKI Kenichiro
Kiichirō Hamaguchi	HAMAGUCHI Kiichirō
Chūichi Ariyoshi	ARIYOSHI Chūichi
Gaku Sano	SANO Gaku
Masanosuke Watanabe	WATANABE Masanosuke
Kazuo Fukumoto	FUKUMOTO Kazuo
Katsuzo Arahata	ARAHATA Katsuzo
Fumio Sano	SANO Fumio
Masao Nishi	NISHI Masao
Seihachi Karazawa	KARAZAWA Seihachi
Sakuzo Abe	ABE Sakuzo
Yoshio Iwata	IWATA Yoshio
Seigen Tanaka	TANAKA Seigen
Toshihiko Sakai	SAKAI Toshihiko
Shoichi Ichikawa	ICHIKAWA Shoichi
Hitoshi Yamakawa	YAMAKAWA Hitoshi
Eizo Kondo	KONDO Eizo
Takemoto	TAKEMOTO
Yasaburō Shimonaka	SHIMONAKA Yasaburō
Ishi	ISHI
Kunitarō Hamada	HAMADA Kunitarō
Matsudaira	MATSUDAIRA
Kanjū Horiuchi	HORIUCHI Kanjū
Tsunao Inomata	INOMATA Tsunao
Yoshimichi Iwata	IWATA Yoshimichi
Jōsuke Kazama	KAZAMA Jōsuke
Yōjirō Konno	KONNO Yōjirō
Katsuichi Kuki	KUKI Katsuichi
Dr. Washio	Dr. WASHIO
Kinnosuke Otsuka	OTSUKA Kinnosuke
Susumu Ozaki	OZAKI Susumu
Chosuke Sakamoto	SAKAMOTO Chosuke
B. Saito	SAITO B.
Ishizawa	ISHIZAWA
Yoshisumi Tomegoro	
Toyoshima Ataru	TOYOSHIMA Ataru
Koichiro Ishihara	ISHIHARA Koichiro
Soetomo	
Keizo Kaneko	KANEKO Keizo
Tamon Kotani	KOTANI Tamon
Sutomo	
Hiroshi Kubota	KUBOTA Hiroshi
Kinichi Takenaka	TAKENAKA Kinichi
T. Yoshizumi	YOSHIZUMI T.
Jayabaya	
Ototsugu Saito	SAITO Ototsugu
Jisaburo Handa	HANDA Jisaburo
Katsujiro Kizaki	KIZAKI Katsujiro
Kyujiro Hayashi	HAYASHI Kyujiro
Naoju Aratama	ARATAMA Naoju
Shinichi Sato	SATO Shinichi
Naoji Masuda	MASUDA Naoji
Kaoru Yasuda	YASUDA Kaoru
Tsunehachi Kobayashi	KOBAYASHI Tsunehachi
Shunji Egawa	EGAWA Shunji
Dr. Tsubota	Dr. TSUBOTA
Soye Uzawa	UZAWA Soye
Isamu Takeshita	TAKESHITA Isamu
Naojiro Takagi	TAKAGI Naojiro
Go Suzuki	SUZUKI Go
Mamoru Ōta	ŌTA Mamoru
Yasuto Nakayama	NAKAYAMA Yasuto
Masaji Nonomura	NONOMURA Masaji
Saeroen	
Tatsuo Mominoki	MOMINOKI Tatsuo
Amano	AMANO
Sizumi	SIZUMI
Miyoshi	MIYOSHI
Mrs. Mominoki	Mrs. MOMINOKI
E. Hachisuwa	HACHISUWA E.
Takekoshi	TAKEKOSHI
Yoshio Inoue	INOUE Yoshio
Taketa	TAKETA
Funagi	FUNAGI
Okiena	
Kosugi Michinari	KOSUGI Michinari
Mizuno Tsunemichi	MIZUNO Tsunemichi
Bunya Saito	SAITO Bunya
Koshida	KOSHIDA
Sukihara	SUKIHARA
Matsushita Kunisuke	MATSUSHITA Kunisuke
Otsuki	OTSUKI
Sosa	
Chōsei Ogasawara	OGASAWARA Chōsei
Masayuki Okamura	OKAMURA Masayuki
Kenkichi Shiho	SHIHO Kenkichi
Teichi Nakasuji	NAKASUJI Teichi
Hitoshi Tanimoto	TANIMOTO Hitoshi
Tsuneo Yasuda	YASUDA Tsuneo
Tsugunori Kuriya	KURIYA Tsugunori
Takanobu Sasaki	SASAKI Takanobu
Tatsukichi Miyo	MIYO Tatsukichi
Seihi Uchida	UCHIDA Seihi
Yoshiaka Kamazaki	KAMAZAKI Yoshiaka
Toshio Yoshida	YOSHIDA Toshio
Hideo Sue	SUE Hideo
Shoichi Kadomatsu	KADOMATSU Shoichi
Shigetada Horiuchi	HORIUCHI Shigetada
Masayoshi Mibayashi	MIBAYASHI Masayoshi
Yoshimasu Nakahara	NAKAHARA Yoshimasu
Itsuo Ishimoto	ISHIMOTO Itsuo
Yukio Kondo	KONDO Yukio
Yoshikazu Harada	HARADA Yoshikazu
Masao Fukada	FUKADA Masao
Haruo Kitaoka	KITAOKA Haruo
Kengo Sugano	SUGANO Kengo
Hiroshi Ono	ONO Hiroshi
Shigekazu Tanaka	TANAKA Shigekazu
Fumio Takeyama	TAKEYAMA Fumio
Teizo Kashima	KASHIMA Teizo
Taketomi	TAKETOMI
Yukikiyo Uyeno	UYENO Yukikiyo
Chuzo Aoji	AOJI Chuzo
Shigetada Gunji	GUNJI Shigetada
Chuko Ikozaki	IKOZAKI Chuko
Reikichi Inouye	INOUYE Reikichi
Dr. Hiroi	Dr. HIROI
Viscount Chosei Ogasawara	Viscount OGASAWARA Chosei
Mikio Naruse	NARUSE Mikio
Yasunari Kawabata	KAWABATA Yasunari
Kotaro Bando	BANDO Kotaro
Kikuko, Princess Takamatsu	
Yasuhiko, Prince Asaka	
Princess Kiyoko Asaka	
Nagahisa, Prince Kitashirakawa	
Sachiko, Princess Kitashirakawa	
Tsuneyoshi, Prince Takeda	
Mitsuko, Princess Takeda	
Nakamasa Kawakita	KAWAKITA Nakamasa
Isamu Kosugi	KOSUGI Isamu
Setsuko Hara	HARA Setsuko
Misako Tokiwa	TOKIWA Misako
Haruyo Ichikawa	ICHIKAWA Haruyo
Kichiji Nakamura	NAKAMURA Kichiji
Kanae Murata	MURATA Kanae
Viscount Hidemaro Konoye	Viscount KONOYE Hidemaro
Kojiro Nakamura	NAKAMURA Kojiro
Kanji Uchida	UCHIDA Kanji
Nakara	
Kiyoshi Suzuki	SUZUKI Kiyoshi
Saburo Takahashi	TAKAHASHI Saburo
Hirono Hata	HATA Hirono
Masao Matsumoto	MATSUMOTO Masao
Kanzo Nonaka	NONAKA Kanzo
Kanda	KANDA
Ichazo	
Watson	
Okino	OKINO
Sanjo	SANJO
Arita	ARITA
Mr. Wise	
Hata	HATA
Ryōzō Nakamura	NAKAMURA Ryōzō
Lieutenant General Kimura	Lieutenant General KIMURA
Major General Mitsunami	Major General MITSUNAMI
Lieutenant General Takahashi	Lieutenant General TAKAHASHI
Mr. Bame	
Teikichi Okinura	OKINURA Teikichi
Hayao	
Katoupane	
Hogo	
Tsuda	TSUDA
Baron Tomii	Baron TOMII
Eitaro Yoshioka	YOSHIOKA Eitaro
Rinkai Kaneko	KANEKO Rinkai
Tadakumi Waki	WAKI Tadakumi
Atunori Utida	UTIDA Atunori
Tadasi Isii	ISII Tadasi
Taketiya Kimura	KIMURA Taketiya
Jiro Miyazawa	MIYAZAWA Jiro
Rinakai Kaneko	KANEKO Rinakai
Atsunori Uchida	UCHIDA Atsunori
Tadahumi Waki	WAKI Tadahumi
Wakasugi	WAKASUGI
Tadashi Ishii	ISHII Tadashi
Jirō Miyazawa	MIYAZAWA Jirō
Medea	
Motozo Nonomiya	NONOMIYA Motozo
Masaki Yodokawa	YODOKAWA Masaki
Chin Tien-ru	
Nikunatsu Okada	OKADA Nikunatsu
Teiu Oi	OI Teiu
Mitsunori Okuno	OKUNO Mitsunori
Tien Ti	
Tsao-shen	
Yama	
Amaru	
Hamita	
Machetazito	
Setsuo Uenoda	UENODA Setsuo
Kimiko	
Kimika	
Mario Chini	
Teiu Mozi	
Takeo Nishizawa	NISHIZAWA Takeo
Itaro Amari	AMARI Itaro
Hiyoshi Yamagata	YAMAGATA Hiyoshi
Ken Usun	
Hiroichi Takagi	TAKAGI Hiroichi
Itsuki Takado	TAKADO Itsuki
Matsumi Kato	KATO Matsumi
Otoyoki Hirota	HIROTA Otoyoki
Yoshie Kobayashi	KOBAYASHI Yoshie
Susumu Nakayama	NAKAYAMA Susumu
Arata Yamamoto	YAMAMOTO Arata
Yokichi Tsuji	TSUJI Yokichi
Tsuneo Wachi	WACHI Tsuneo
S. Megurikami	MEGURIKAMI S.
Takachi	
Keizo Komiya	KOMIYA Keizo
Hiramu Hata	HATA Hiramu
Hideo Urashima	URASHIMA Hideo
Tokuti Nakamura	NAKAMURA Tokuti
Tatsuo Kobayakawa	KOBAYAKAWA Tatsuo
Hachiro Shimizu	SHIMIZU Hachiro
Hiroshi Watanuki	WATANUKI Hiroshi
Yoshimasa Inakesi	INAKESI Yoshimasa
Marizo Futakami	FUTAKAMI Marizo
Toshikazu Sekidera	SEKIDERA Toshikazu
C. Yoshino	YOSHINO C.
Tsuneo Koike	KOIKE Tsuneo
E. Andino	
Matsujiro Ichimura	ICHIMURA Matsujiro
Rokuro Shinohara	SHINOHARA Rokuro
R. Soriano	
P. Ichino	ICHINO P.
Takeo Ezima	EZIMA Takeo
E. Sato	SATO E.
Toraichi Kono	KONO Toraichi
Sadatomo Okada	OKADA Sadatomo
Itizi Sugita	SUGITA Itizi
Ken Nakazawa	NAKAZAWA Ken
Fukuichi Fukumoto	FUKUMOTO Fukuichi
Morimo	
Okiyama	OKIYAMA
Takashi Furugawa	FURUGAWA Takashi
Mrs. Furusawa	Mrs. FURUSAWA
Kanekichi Yamamoto	YAMAMOTO Kanekichi
Kaichiro Yasutake	YASUTAKE Kaichiro
Koshi Suzaki	SUZAKI Koshi
Y. Takeuchi	TAKEUCHI Y.
T. Komori	KOMORI T.
T. Konsi	KONSI T.
Kunio Kawada	KAWADA Kunio
Katuiti Murayama	MURAYAMA Katuiti
Yoshiri Yamagata	YAMAGATA Yoshiri
Tadasi Kaieda	KAIEDA Tadasi
Shinobu Sekihara	SEKIHARA Shinobu
Katsushige Takeuchi	TAKEUCHI Katsushige
Kawakubo	KAWAKUBO
T. Jitsukata	JITSUKATA T.
Chuko Ikesaki	IKESAKI Chuko
I-Mame Eae	
Eizahe Faaka	
Taneo Taketa	TAKETA Taneo
Shoji Osato	OSATO Shoji
Bujiro Ogawa	OGAWA Bujiro
Kame Muraoka	MURAOKA Kame
Kiyoshi K. Kawakami	KAWAKAMI Kiyoshi K.
Daizo Sumida	SUMIDA Daizo
Iga Mori	MORI Iga
Yasutaro Soga	SOGA Yasutaro
Beizo Yamamoto	YAMAMOTO Beizo
Hiroshi Yamada	YAMADA Hiroshi
Taguchi	TAGUCHI
Naguno	NAGUNO
Sueji Yagi	YAGI Sueji
Keiichiro Kusutani	KUSUTANI Keiichiro
Kokichi Suzuki	SUZUKI Kokichi
Toshiaki Nishi	NISHI Toshiaki
Yasutari Hanami	HANAMI Yasutari
Eizo Mekata	MEKATA Eizo
Yoshikiyo Arimori	ARIMORI Yoshikiyo
Haruji Tahara	TAHARA Haruji
Sobei Hara	HARA Sobei
Rikure Shinohara	SHINOHARA Rikure
Shigeo Nishimura	NISHIMURA Shigeo
Sotaro Sakamoto	SAKAMOTO Sotaro
Nasao Fukamasui	FUKAMASUI Nasao
Shigenoshi Fukushima	FUKUSHIMA Shigenoshi
Tadaiyo Furui	FURUI Tadaiyo
Seiichi Hayakawa	HAYAKAWA Seiichi
Daisaku Hayashi	HAYASHI Daisaku
Hajime Kobayashi	KOBAYASHI Hajime
Yuziro Kundatu	KUNDATU Yuziro
Shigeo Kuno	KUNO Shigeo
Ye-sako Hada	HADA Ye-sako
Gakuji Maruyama	MARUYAMA Gakuji
Kisaburo Masuzawa	MASUZAWA Kisaburo
Yoshitanga Megurikami	MEGURIKAMI Yoshitanga
Ishona Megurikami	MEGURIKAMI Ishona
Seijie Moryaya	MORYAYA Seijie
Fakatoehi Nakamura	NAKAMURA Fakatoehi
Katsuhiko Saji	SAJI Katsuhiko
Katsuya Sato	SATO Katsuya
Fujio Suzuki	SUZUKI Fujio
Hidetoshi Tanimura	TANIMURA Hidetoshi
Arata Takeda	TAKEDA Arata
Buichiro Torii	TORII Buichiro
Tokuyasu Tsukui	TSUKUI Tokuyasu
Torazo Urayama	URAYAMA Torazo
Eitaro Yamasaki	YAMASAKI Eitaro
Yoshihasu Yamaki	YAMAKI Yoshihasu
Takeshi Hapa	HAPA Takeshi
Okakura Kakuzō	OKAKURA Kakuzō
S. Yoshino	YOSHINO S.
Kasai Shihuo	KASAI Shihuo
M. Okuno	OKUNO M.
S. Uenoda	UENODA S.
Ashoka	
Oguchi	OGUCHI
Toriko	
Empress Suiko	
Prince Wumayado	
Ben Raia	
Hōnen	
Shinran	
Nichiren	
Kūkai	
Shinkyo Yoshino	YOSHINO Shinkyo
De Souza	
Kisai Sugito	SUGITO Kisai
Hōsai Ozaki	OZAKI Hōsai
Serita Hōsha	SERITA Hōsha
Akiyama Shūryō	AKIYAMA Shūryō
Yukiko Todoriki	TODORIKI Yukiko
Chōjūrō Kawarasaki	KAWARASAKI Chōjūrō
Kondinya	
Wu Pei-fu	
Lieutenant General Seishiro Itagaki	Lieutenant General ITAGAKI Seishiro
Admiral Mitsumasa Yonai	Admiral YONAI Mitsumasa
Hyoji Nikami	NIKAMI Hyoji
Bunji Mano	MANO Bunji
Kenkichi Mori	MORI Kenkichi
Masaru Fujimoto	FUJIMOTO Masaru
Isoichi Kishi	KISHI Isoichi
Shigeo Matsushima	MATSUSHIMA Shigeo
Akira Hasegawa	HASEGAWA Akira
Narita	NARITA
Naoyoshi Ohara	OHARA Naoyoshi
Shunkichi Uchida	UCHIDA Shunkichi
P. A. Chieri	
Hajime Matsushima	MATSUSHIMA Hajime
Kawamura	KAWAMURA
H. Kubo	KUBO H.
Hiroshi Tsuruta	TSURUTA Hiroshi
Kogo Ota	OTA Kogo
Fukuchi	FUKUCHI
Takahiko Wakabayashi	WAKABAYASHI Takahiko
Mr. Fukumo	Mr. FUKUMO
Mr. Takahashi	Mr. TAKAHASHI
Hamano	HAMANO
Mr. Minoda	Mr. MINODA
Mr. Ogimi	Mr. OGIMI
Ono Tadao	ONO Tadao
Captain Jerome	
Colonel Pate	
Yujiro Sengoku	SENGOKU Yujiro
Mr. Page	
Gyokujo Hanzawa	HANZAWA Gyokujo
Mitsue Kobashi	KOBASHI Mitsue
Shigeru Takarabe	TAKARABE Shigeru
Senji Yamamoto	YAMAMOTO Senji
Mrs. Shirahama	Mrs. SHIRAHAMA
Kikio Okubo	OKUBO Kikio
Katsunoshin Yamanashi	YAMANASHI Katsunoshin
Genkuro Oku	OKU Genkuro
Yasukata Oku	OKU Yasukata
Shinchoro Isa	ISA Shinchoro
Seiji Yoshiwara	YOSHIWARA Seiji
Zensaku Azuma	AZUMA Zensaku
J. Koiwai	KOIWAI J.
Kanemitsu Hososako	HOSOSAKO Kanemitsu
Rouse	
Michikazu Matsuda	MATSUDA Michikazu
Morie Ono	ONO Morie
Yukichi Obata	OBATA Yukichi
Yasumaro Shimojo	SHIMOJO Yasumaro
Hidehide Miyatake	MIYATAKE Hidehide
Eiichi Kimura	KIMURA Eiichi
Kikichi Hida	HIDA Kikichi
Shizuo Oi	OI Shizuo
Choei Goto	GOTO Choei
Ken Hatsuki	HATSUKI Ken
Tokunosuke Kawasaki	KAWASAKI Tokunosuke
Prince Kunihide Kuni	Prince KUNI Kunihide
Jean-Antoine Houdon	
Fujiro Hara	HARA Fujiro
Yoshizo Iwata	IWATA Yoshizo
Kiyonori Imaida	IMAIDA Kiyonori
Mr. Ohira	Mr. OHIRA
Hisaya Iwasaki	IWASAKI Hisaya
H. Roche	
S. Taguchi	TAGUCHI S.
S. Kuwamura	KUWAMURA S.
Tsukada	TSUKADA
Kojun	
Shimejiro Isa	ISA Shimejiro
Midori Komatsu	KOMATSU Midori
Teido Tsuboi	TSUBOI Teido
Sekiryo Nimura	NIMURA Sekiryo
Seiji Yamashiro	YAMASHIRO Seiji
Iemon Inaba	INABA Iemon
Gensuke Shioda	SHIODA Gensuke
Bun-ichi Itagaki	ITAGAKI Bun-ichi
Eiji Inaba	INABA Eiji
Hideo Takagi	TAKAGI Hideo
Eizo Enomoto	ENOMOTO Eizo
Rokuro Itagaki	ITAGAKI Rokuro
Takajiro Yamada	YAMADA Takajiro
Kumataro Shioda	SHIODA Kumataro
Ichiro Itagaki	ITAGAKI Ichiro
Tsurukichi Sakurai	SAKURAI Tsurukichi
Seitaro Tamura	TAMURA Seitaro
Chosaku Sakurai	SAKURAI Chosaku
Fudataro Inaba	INABA Fudataro
Isamu Inaba	INABA Isamu
Sentaro Inaba	INABA Sentaro
Zentaro Inaba	INABA Zentaro
Iwakichi Itagaki	ITAGAKI Iwakichi
Seisuke Itagaki	ITAGAKI Seisuke
Eitaro Iwamoto	IWAMOTO Eitaro
Sozo Inaba	INABA Sozo
Iwajiro Inaba	INABA Iwajiro
Tomikichi Inaba	INABA Tomikichi
Toranosuke Suzuki	SUZUKI Toranosuke
Kiichi Shimizu	SHIMIZU Kiichi
Takashi Masuda	MASUDA Takashi
Chokai Azabu	
Fumio Asakura	ASAKURA Fumio
Shinmi Masaoki	SHINMI Masaoki
Kobo-Daishi	
Shinran-Shonin	
Sannosuke Inada	INADA Sannosuke
Hiroshi Tanaka	TANAKA Hiroshi
Omori	OMORI
Yoshio Okabe	OKABE Yoshio
Major Asano	Major ASANO
H. R. Benjamin	
F. O. Page	
Keisuke Fujii	FUJII Keisuke
S. Nagata	NAGATA S.
Minoru Fujii	FUJII Minoru
Yoshio Yeto	YETO Yoshio
Sumiko Tanaka	TANAKA Sumiko
Shuhei Kawazoe	KAWAZOE Shuhei
Ryoiti Naito	NAITO Ryoiti
Yukiyoshi Suto	SUTO Yukiyoshi
Kenzi Oyama	OYAMA Kenzi
Tsutoo Takase	TAKASE Tsutoo
Shigeo Toyoda	TOYODA Shigeo
Shinsaku Yajima	YAJIMA Shinsaku
Takeo Ejima	EJIMA Takeo
Takeo Horiuchi	HORIUCHI Takeo
Tadasi Nakayama	NAKAYAMA Tadasi
Taikei Ri	
Shoichi Kimura	KIMURA Shoichi
Hiroto Yoshioka	YOSHIOKA Hiroto
Takesume Soda	SODA Takesume
Mr. Yagi	Mr. YAGI
Hisao Okabayashi	OKABAYASHI Hisao
Takeshi Takei	TAKEI Takeshi
Mon-ichiro Shimosato	SHIMOSATO Mon-ichiro
Ichijuu Furusato	FURUSATO Ichijuu
Minoru Otsuki	OTSUKI Minoru
Yoshiki Endo	ENDO Yoshiki
Teiji Nobusawa	NOBUSAWA Teiji
Tsuneo Naka	NAKA Tsuneo
Hideo Yoshizawa	YOSHIZAWA Hideo
Tadashi Oka	OKA Tadashi
Tatsusuke Hamachi	HAMACHI Tatsusuke
Keiichi Yamanouchi	YAMANOUCHI Keiichi
Shotaro Shimada	SHIMADA Shotaro
Nobusuke Yamaguchi	YAMAGUCHI Nobusuke
Shoei Ito	ITO Shoei
Shinichi Araki	ARAKI Shinichi
Itsu Ishihara	ISHIHARA Itsu
Masatoshi Nomura	NOMURA Masatoshi
Keitaro Konishi	KONISHI Keitaro
Keijiro Ishida	ISHIDA Keijiro
Shotaro Shima	SHIMA Shotaro
Akira Ozawa	OZAWA Akira
Hiroshi Yamakawa	YAMAKAWA Hiroshi
Hideo Shima	SHIMA Hideo
Teiichi Inouye	INOUYE Teiichi
Shotaro Kon	KON Shotaro
Masatoki Nomura	NOMURA Masatoki
Ryoiti Shiraishio	SHIRAISHIO Ryoiti
Torashiro Asano	ASANO Torashiro
Kooyu Moriya	MORIYA Kooyu
Nobuzo Kawai	KAWAI Nobuzo
Tadao Yasuda	YASUDA Tadao
H. K. Watanabe	WATANABE H. K.
Eugene M. Prince	
Ugo V. d'Annunzio	
Tetsusaburo Uyeda	UYEDA Tetsusaburo
Shunichiro Kawahara	KAWAHARA Shunichiro
Hiromitsu Yanagiwara	YANAGIWARA Hiromitsu
Etsuzo Kurihara	KURIHARA Etsuzo
Zensuke Kanome	KANOME Zensuke
Sadao Nakano	NAKANO Sadao
Kuman Uchiyama	UCHIYAMA Kuman
Makitaro Abe	ABE Makitaro
Masaaki Yoshiwara	YOSHIWARA Masaaki
Kanichi Yamaguchi	YAMAGUCHI Kanichi
Shuji Komori	KOMORI Shuji
Katsuji Miyako	MIYAKO Katsuji
Kyuzo Iwai	IWAI Kyuzo
Motojiro Nagase	NAGASE Motojiro
Jujiro Kojima	KOJIMA Jujiro
Seikichi Shimizu	SHIMIZU Seikichi
Shigeru Takaori	TAKAORI Shigeru
Yoshikazu Uda	UDA Yoshikazu
Kanji Kawakami	KAWAKAMI Kanji
Harukazu Ukawa	UKAWA Harukazu
Keijiro Shoji	SHOJI Keijiro
Kiyoshi Shimomura	SHIMOMURA Kiyoshi
Kaseshi Bito	BITO Kaseshi
Kosaku Iida	IIDA Kosaku
Minoru Kanda	KANDA Minoru
Masahira Hirai	HIRAI Masahira
Yohachiro Oshima	OSHIMA Yohachiro
Kyue Takahara	TAKAHARA Kyue
Hiroshi Otomo	OTOMO Hiroshi
Yumio Kosai	KOSAI Yumio
Mitsumasa Akimoto	AKIMOTO Mitsumasa
Masayuki Okamoto	OKAMOTO Masayuki
Goro Tsuchiya	TSUCHIYA Goro
Kazuzi Sawada	SAWADA Kazuzi
Zenichi Tasaka	TASAKA Zenichi
Soichi Yamazaki	YAMAZAKI Soichi
Jiro Adachi	ADACHI Jiro
Nobutada Wakuda	WAKUDA Nobutada
Moniohiro Shimozato	SHIMOZATO Moniohiro
Takeshige Ishiguro	ISHIGURO Takeshige
Shichiro Shimizu	SHIMIZU Shichiro
Yoshiyuki Kishi	KISHI Yoshiyuki
Haruo Mayuzumi	MAYUZUMI Haruo
Tsuneo Shiki	SHIKI Tsuneo
Toshikazu Omae	OMAE Toshikazu
Taro Isobe	ISOBE Taro
Jukichi Ozawa	OZAWA Jukichi
Yukio Otsuki	OTSUKI Yukio
Yoshiakira Nishi	NISHI Yoshiakira
Masao Konishi	KONISHI Masao
Munemichi Tonami	TONAMI Munemichi
Koyu Moriya	MORIYA Koyu
Otoshi Nishimura	NISHIMURA Otoshi
Eizaburo Fujii	FUJII Eizaburo
Hiroji Nishioka	NISHIOKA Hiroji
Seizaburo Nagata	NAGATA Seizaburo
Komao Ban	BAN Komao
Mototaro Matsuo	MATSUO Mototaro
Tsutsumi Masatake	TSUTSUMI Masatake
Kaname Minaru	MINARU Kaname
Toshio Amari	AMARI Toshio
Sukezo Adachi	ADACHI Sukezo
Kazuo Horiuchi	HORIUCHI Kazuo
Tokuji Bannai	BANNAI Tokuji
Ryutaro Kawabata	KAWABATA Ryutaro
Sadao Tsuruo	TSURUO Sadao
Sannosuke Tamai	TAMAI Sannosuke
Shoso Hashimoto	HASHIMOTO Shoso
Ryozo Fukuda	FUKUDA Ryozo
Noboru Owada	OWADA Noboru
Saburo Miyata	MIYATA Saburo
Masaji Okishio	OKISHIO Masaji
Yoshinobu Shimamura	SHIMAMURA Yoshinobu
Tatsumi Sasamori	SASAMORI Tatsumi
Yoshito Yorifuji	YORIFUJI Yoshito
Kichihei Funaishi	FUNAISHI Kichihei
Tsuyoshi Sato	SATO Tsuyoshi
Eisaku Sato	SATO Eisaku
Kiyonori Tomiyama	TOMIYAMA Kiyonori
Saburo Ueno	UENO Saburo
Iwawo Yokota	YOKOTA Iwawo
Tomojiro Honda	HONDA Tomojiro
Shuichiro Sato	SATO Shuichiro
Kazutoshi Nakashima	NAKASHIMA Kazutoshi
Seiichi Ogawa	OGAWA Seiichi
Seiichi Hayashi	HAYASHI Seiichi
Daisuke Kanetomo	KANETOMO Daisuke
L. S. Sabin	
Chosuke Iye	IYE Chosuke
Ryoko Nakayoshi	NAKAYOSHI Ryoko
Takeshi Hoshina	HOSHINA Takeshi
Sadayori Ogasawara	OGASAWARA Sadayori
Ietsuna Tokugawa	TOKUGAWA Ietsuna
Taichi Tanabe	TANABE Taichi
Munenori Terashima	TERASHIMA Munenori
Chūjō-hime	
Motoori Norinaga	MOTOORI Norinaga
Motoori Haruniwa	MOTOORI Haruniwa
Nakae Tōju	NAKAE Tōju
Kitabatake Tomoyuki	KITABATAKE Tomoyuki
Itō Jinsai	ITŌ Jinsai
Rai San'yō	RAI San'yō
Asakura	ASAKURA
Kusunoki Masashige	KUSUNOKI Masashige
Ishikawa Jōzan	ISHIKAWA Jōzan
Iwakura Tomomi	IWAKURA Tomomi
Ogata Kōan	OGATA Kōan
Gyōki	
Fujiwara Takanobu	FUJIWARA Takanobu
Hamaguchi Goryō	HAMAGUCHI Goryō
Ifukube no Tokutarihime	
Tsuda Nagatada	TSUDA Nagatada
Sakurayama Koretoshi	SAKURAYAMA Koretoshi
Asano Izumi	ASANO Izumi
Yoshida Shōin	YOSHIDA Shōin
Takasugi Shinsaku	TAKASUGI Shinsaku
Ōmura Masujirō	ŌMURA Masujirō
Murata Seifū	MURATA Seifū
Nakayama Tadamitsu	NAKAYAMA Tadamitsu
Takeichi Hanpeita	TAKEICHI Hanpeita
Tani Shigeto	TANI Shigeto
Takayama Hikokuro	TAKAYAMA Hikokuro
Takashima Shuhan	TAKASHIMA Shuhan
Keian Genju	
Minamiura Fumiyaki	MINAMIURA Fumiyaki
Nakai Yosaburo	NAKAI Yosaburo
Shinzo Hamai	HAMAI Shinzo
Shunten	
Gosamaru	
Shō Taikyū	
Amawari	
Mitsuru Ushijima	USHIJIMA Mitsuru
Tamaoki Jōzaburō	TAMAOKI Jōzaburō
Seizaemon Saito	SAITO Seizaemon
Shinroku Mizutani	MIZUTANI Shinroku
Lieutenant Akimoto	Lieutenant AKIMOTO
Kiyoshi Tabohashi	TABOHASHI Kiyoshi
Murakawa	MURAKAWA
Aizuya Hachiemon	AIZUYA Hachiemon
Sekisui Nagakubo	NAGAKUBO Sekisui
Takano Choei	TAKANO Choei
Hayashi Shihei	HAYASHI Shihei
Hirata Atsutane	HIRATA Atsutane
Suzuki Shinkyo	SUZUKI Shinkyo
Hanawa Hokiichi	HANAWA Hokiichi
Ino Tadataka	INO Tadataka
Ota Senju	OTA Senju
Asano Naganori	ASANO Naganori
Takuan Soho	
Kamo no Mabuchi	
Matsudaira Sadanobu	MATSUDAIRA Sadanobu
Kido Takayoshi	KIDO Takayoshi
Yamaga Soko	YAMAGA Soko
Hiraga Gennai	HIRAGA Gennai
Takahashi Yoshitoki	TAKAHASHI Yoshitoki
Aoki Konyo	AOKI Konyo
Shinkai Shonin	
Hino Toshimoto	HINO Toshimoto
Reizen Tamesuke	REIZEN Tamesuke
Ninsho	
Hojo Shigetoki	HOJO Shigetoki
Uesugi Norikata	UESUGI Norikata
Shimaya	SHIMAYA
Hidetaro Bando	BANDO Hidetaro
Tokyo Rose	
Tedeko	
Shinireku	
Amamikyu	
Eiso	
Sho Shin	
Gima Shinjo	GIMA Shinjo
Noguni Sokan	NOGUNI Sokan
Toyama Seiken	TOYAMA Seiken
Matsuoka Seiko	MATSUOKA Seiko
Shikiya Koshin	SHIKIYA Koshin
Adaniya Seiro	ADANIYA Seiro
Fusataro Fuchigami	FUCHIGAMI Fusataro
Mr. Hope	
Minami	MINAMI
Adachi	ADACHI
Kihida	KIHIDA
Prince Saionji	Prince SAIONJI
Wakatsuki	WAKATSUKI
Inukai	INUKAI
Tomoyoshi Sumioka	SUMIOKA Tomoyoshi
Masako Kuroda	KURODA Masako
Araya Abeba	
Ato Daba Biru	
Yunosuke Yasukawa	YASUKAWA Yunosuke
Koji Muranaka	MURANAKA Koji
Isaichi Isobe	ISOBE Isaichi
Giichi Nishi	NISHI Giichi
Juichi Ueda	UEDA Juichi
Moto-o Furusho	FURUSHO Moto-o
Kiyoshi Imamura	IMAMURA Kiyoshi
Hisazo Nishio	NISHIO Hisazo
Okiie Usami	USAMI Okiie
Kurakei Yuasa	YUASA Kurakei
Sanetake Ichijo	ICHIJO Sanetake
Takeo Kawagoe	KAWAGOE Takeo
Onisaburo Deguchi	DEGUCHI Onisaburo
Hiroshi Nasu	NASU Hiroshi
Shinji Tazaki	TAZAKI Shinji
Shikao Matsushima	MATSUSHIMA Shikao
Korekiyo Otsuka	OTSUKA Korekiyo
Shunji Yoshino	YOSHINO Shunji
Rikuzo Sugiyama	SUGIYAMA Rikuzo
Mr. Yuni	
Mr. Johansen	
Mr. Tsukaguchi	Mr. TSUKAGUCHI
Tomitaro Iizuka	IIZUKA Tomitaro
Yano	YANO
Eisuke Yamamoto	YAMAMOTO Eisuke
Prince Sanjō	Prince SANJŌ
Mitsugi (Zei) Nishida	NISHIDA Mitsugi (Zei)
Tetsuya Kamekawa	KAMEKAWA Tetsuya
Teruo Nakaboshi	NAKABOSHI Teruo
Shuichi Sako	SAKO Shuichi
Wataru Tanaka	TANAKA Wataru
Tokuo Suwabe	SUWABE Tokuo
Hanji Matsushima	MATSUSHIMA Hanji
Jinzaburo Mazeki	MAZEKI Jinzaburo
Juse Oda	ODA Juse
Genji Kato	KATO Genji
Kosaburo Abe	ABE Kosaburo
Mr. Chozaki	Mr. CHOZAKI
Vice Admiral Sukeeki Nakajima	Vice Admiral NAKAJIMA Sukeeki
General Kenkichi Ueda	General UEDA Kenkichi
Mr. Taniguchi	Mr. TANIGUCHI
General Han Fu-chu	
Vice Admiral Kiyoshi Hasegawa	Vice Admiral HASEGAWA Kiyoshi
General Hajime Sugiyama	General SUGIYAMA Hajime
Dr. Eiichi Baba	Dr. BABA Eiichi
Admiral Osami Nagano	Admiral NAGANO Osami
Vice Admiral Zengo Yoshida	Vice Admiral YOSHIDA Zengo
Admiral Eisuke Yamamoto	Admiral YAMAMOTO Eisuke
Prince Kimiteru Sanjo	Prince SANJO Kimiteru
Suwabe	SUWABE
Chokyuro Kadono	KADONO Chokyuro
Kishichiro Okura	OKURA Kishichiro
Tatsuo Godo	GODO Tatsuo
Kurumatsu Murai	MURAI Kurumatsu
Shinrokyuro Hidaka	HIDAKA Shinrokyuro
Jiro Mitsuyuki	MITSUYUKI Jiro
Kano Shiozaki	SHIOZAKI Kano
Tetsujiro Kuwashima	KUWASHIMA Tetsujiro
San Ping-yu	
Ichitaro Yamaguchi	YAMAGUCHI Ichitaro
Yoshihisa Kuzuo	KUZUO Yoshihisa
Ryoji Inouye	INOUYE Ryoji
Eiichi Iwai	IWAI Eiichi
Kozaburo Watanabe	WATANABE Kozaburo
Keiji Fukagawa	FUKAGAWA Keiji
Naoshi Seto	SETO Naoshi
Yoshimi Tatekawa	TATEKAWA Yoshimi
Shosaburo Kobayashi	KOBAYASHI Shosaburo
Kiroku Hayashi	HAYASHI Kiroku
Henkichi Ueda	UEDA Henkichi
Eisuke Fujita	FUJITA Eisuke
Akio Kasama	KASAMA Akio
Takezo Okamoto	OKAMOTO Takezo
Jiro Yamazaki	YAMAZAKI Jiro
Yanosuke Iwasaki	IWASAKI Yanosuke
Hachirō Komori	KOMORI Hachirō
Masayasu Oyama	OYAMA Masayasu
Toraichi Nakamura	NAKAMURA Toraichi
Omatsu	OMATSU
Kentarō Kaneko	KANEKO Kentarō
Sokobin	
Matsutarō Shōriki	SHŌRIKI Matsutarō
Tokishi Tanaka	TANAKA Tokishi
Kajūrō Aoki	AOKI Kajūrō
Masakichi Itami	ITAMI Masakichi
Sukeyuki Shioya	SHIOYA Sukeyuki
Choseku Shigegaki	SHIGEGAKI Choseku
Sanusi Pane	
Kōnaji Suzuki	SUZUKI Kōnaji
Kitashima	KITASHIMA
Sei Itakagi	ITAKAGI Sei
Tokuo Okeno	OKENO Tokuo
Takurō Matsui	MATSUI Takurō
Chu Minyi	
Saburō Okabe	OKABE Saburō
Jō Iimura	IIMURA Jō
Niimura	NIIMURA
Kōichi Hori	HORI Kōichi
Yoshikazu Kawada	KAWADA Yoshikazu
Rokuro Yoshikawa	YOSHIKAWA Rokuro
Sadao Ando	ANDO Sadao
Ichiji Kuribayashi	KURIBAYASHI Ichiji
Kazuichi Tsuda	TSUDA Kazuichi
Aman	
R. Akiyama	AKIYAMA R.
Saburo Suzuki	SUZUKI Saburo
Haruki Nakajima	NAKAJIMA Haruki
Chen Yao-su	
Hidetane Koide	KOIDE Hidetane
Shigeji Kaneko	KANEKO Shigeji
Masaki Ogata	OGATA Masaki
Takijirō Ōnishi	ŌNISHI Takijirō
Keita Gotō	GOTŌ Keita
Mr. Saneyoshi	Mr. SANEYOSHI
Geronimo Santiago	
Hu Tun-yuan	
Fenn	
Hope Dare	
Tomosaburō Katō	KATŌ Tomosaburō
Sai Shin	
Rensha Usami	USAMI Rensha
Miyouchi	MIYOUCHI
Kitabatake Chikafusa	KITABATAKE Chikafusa
Danjo Ebina	EBINA Danjo
Takayama Ukon	TAKAYAMA Ukon
Aurora Chopitea	
M. Hirayama	HIRAYAMA M.
Miki Nakayama	NAKAYAMA Miki
Masayoshi Nakayama	NAKAYAMA Masayoshi
Mrs. Nakayama	Mrs. NAKAYAMA
Masasuke Kodama	KODAMA Masasuke
Hidemaro Kikuzawa	KIKUZAWA Hidemaro
Manabu Kuji	KUJI Manabu
Sadatane Saiki	SAIKI Sadatane
Mrs. Horinouchi	Mrs. HORINOUCHI
Mrs. Debuchi	Mrs. DEBUCHI
Nagane Ogasawara	OGASAWARA Nagane
Baron Sadao Araki	Baron ARAKI Sadao
Yosei Suzuki	SUZUKI Yosei
Yoshino	YOSHINO
Itsumibei Nakajima	NAKAJIMA Itsumibei
Miyakichi Itaya	ITAYA Miyakichi
Heikichi Hiyoshi	HIYOSHI Heikichi
Toraji Kasawara	KASAWARA Toraji
Ryoshichi Itoi	ITOI Ryoshichi
Shukan Torii	TORII Shukan
Kozo Fujishima	FUJISHIMA Kozo
Seisaku Yoshida	YOSHIDA Seisaku
Kumakichi Watanabe	WATANABE Kumakichi
Monkichi Nakajima	NAKAJIMA Monkichi
Tetsusaburo Tochiku	TOCHIKU Tetsusaburo
Shigeichi Kusaba	KUSABA Shigeichi
Tatsunosuke Nogami	NOGAMI Tatsunosuke
Mannosuke Akaishi	AKAISHI Mannosuke
Iwataro Izumi	IZUMI Iwataro
Yaoji Taiho	TAIHO Yaoji
Ryusaku Godai	GODAI Ryusaku
Bunpei Kakuda	KAKUDA Bunpei
Tomekichi Matsumoto	MATSUMOTO Tomekichi
Yugo Kondo	KONDO Yugo
Hayabusanosuke Nagata	NAGATA Hayabusanosuke
Kinichi Naito	NAITO Kinichi
Yojiro Murata	MURATA Yojiro
Kasaji Yanagisawa	YANAGISAWA Kasaji
Takuji Shiraishi	SHIRAISHI Takuji
Ikuzo Sano	SANO Ikuzo
Jirobei Kurauchi	KURAUCHI Jirobei
Koshiro Fukui	FUKUI Koshiro
Mikikichi Masumoto	MASUMOTO Mikikichi
Heizaburo Tanaka	TANAKA Heizaburo
Kenzo Aoki	AOKI Kenzo
Kiyoo Umehara	UMEHARA Kiyoo
Masaji Kurauchi	KURAUCHI Masaji
Takezo Takahashi	TAKAHASHI Takezo
Shinai Narukiyo	NARUKIYO Shinai
Keitaro Miyauchi	MIYAUCHI Keitaro
Takenosuke Kawasaki	KAWASAKI Takenosuke
Shogo Hidaka	HIDAKA Shogo
Tomizo Fukuoka	FUKUOKA Tomizo
Shigeyoshi Kedoin	KEDOIN Shigeyoshi
Shigeru Kiyonohara	KIYONOHARA Shigeru
Yuzo Isikawa	ISIKAWA Yuzo
Masao Sasaki	SASAKI Masao
Sadaki Osuga	OSUGA Sadaki
Iwao Arisaka	ARISAKA Iwao
Masao Nakamoto	NAKAMOTO Masao
Minoru Shirai	SHIRAI Minoru
Yukio Suetugu	SUETUGU Yukio
Tadao Furuta	FURUTA Tadao
Tadao Wikawa	WIKAWA Tadao
Kenkiti Sinjo	SINJO Kenkiti
Nobuo Masuda	MASUDA Nobuo
Dr. Tatuzi Ito	Dr. ITO Tatuzi
Wataru Yamada	YAMADA Wataru
Yachio Koike	KOIKE Yachio
Mr. Anzorena	
Ryuzo Mishima	MISHIMA Ryuzo
Kiyohiko Turumi	TURUMI Kiyohiko
Yoshio Katagiri	KATAGIRI Yoshio
Shokichi Mogami	MOGAMI Shokichi
Shoichiro Kashiwagi	KASHIWAGI Shoichiro
T. Doida	DOIDA T.
K. Hiraka	HIRAKA K.
K. Hirasawa	HIRASAWA K.
H. Takagi	TAKAGI H.
J. T. H. O'Hara	
Matsudaira Tadahisa	MATSUDAIRA Tadahisa
Mr. Roone	
Nagao	NAGAO
Yoshida Kijiro	YOSHIDA Kijiro
Shigeshi Nagata	NAGATA Shigeshi
Admiral Suetsugu	Admiral SUETSUGU
Koizumi	KOIZUMI
Sakae Nihara	NIHARA Sakae
Seigo Naito	NAITO Seigo
Hideyo Noguchi	NOGUCHI Hideyo
Gonnohyōe Yamamoto	YAMAMOTO Gonnohyōe
Hayami Eto	
Yoshihara	YOSHIHARA
I. Okamoto	OKAMOTO I.
K. Gunji	GUNJI K.
Sadajiro Yumoto	YUMOTO Sadajiro
T. Suwa	SUWA T.
Toru Ishii	ISHII Toru
Takano Murobushi	
Michiyo Ohara	OHARA Michiyo
Tokujiro Kanamori	KANAMORI Tokujiro
Jutoku Saigo	SAIGO Jutoku
Toyoichi Nakamura	NAKAMURA Toyoichi
Haru Matsui	MATSUI Haru
Yamanata	YAMANATA
Mikio Kubota	KUBOTA Mikio
Chikaide Okuda	OKUDA Chikaide
Motoko Hani	HANI Motoko
Kihichiro Okura	OKURA Kihichiro
Ryozo Asama	ASAMA Ryozo
Dr. Bonnemaison	
Yutaka Asakura	ASAKURA Yutaka
Tsuneto Asakura	ASAKURA Tsuneto
K. Kawai	KAWAI K.
S. Asai	ASAI S.
Souji Indo	INDO Souji
Goro Miyazaki	MIYAZAKI Goro
Takanosuke Akiyama	AKIYAMA Takanosuke
Uichi Noda	NODA Uichi
Otosugu Saito	SAITO Otosugu
Shiro Noguchi	NOGUCHI Shiro
Shizue Ishimoto	ISHIMOTO Shizue
Tokunai Mogami	MOGAMI Tokunai
Shirō Nonaka	NONAKA Shirō
Ototsugu Saitō	SAITŌ Ototsugu
Denzō Matsuo	MATSUO Denzō
Teruzō Andō	ANDŌ Teruzō
Mr. Kishi	Mr. KISHI
Kisou Ōuchi	ŌUCHI Kisou
Zensuke Shibukawa	SHIBUKAWA Zensuke
Takesuke Amano	AMANO Takesuke
Chū Katakura	KATAKURA Chū
Jūichi Terauchi	TERAUCHI Jūichi
Kō Fukuda	FUKUDA Kō
Kiyuji Sasaki	SASAKI Kiyuji
Yū Yamamoto	YAMAMOTO Yū
Shin'ya Uchida	UCHIDA Shin'ya
Asaharu Akagi	AKAGI Asaharu
Motoki Karasawa	KARASAWA Motoki
Hisashi Kono	KONO Hisashi
Katsuo Tsushima	TSUSHIMA Katsuo
Yu Yasuda	YASUDA Yu
Kanji Nakajima	NAKAJIMA Kanji
Kamozayemon Murakami	MURAKAMI Kamozayemon
Kiyomatsu Doi	DOI Kiyomatsu
Yoshiro Shimizu	SHIMIZU Yoshiro
Kiyomatsu Otate	OTATE Kiyomatsu
Yoshitaka Minagawa	MINAGAWA Yoshitaka
Hideo Tamaki	TAMAKI Hideo
Kentaro Arai	ARAI Kentaro
Hachiro Ohashi	OHASHI Hachiro
Ko Fukuda	FUKUDA Ko
Kyuji Sasaki	SASAKI Kyuji
Prince Higashifushimi	Prince HIGASHIFUSHIMI
Sakae Osugi	OSUGI Sakae
Katsushiro Mazaki	MAZAKI Katsushiro
Kiyoshi Mitsui	MITSUI Kiyoshi
Mr. Saito	Mr. SAITO
Aizawa, Saburo	AIZAWA Saburo
Nagata, Tetsuzan	NAGATA Tetsuzan
Okada, Keisuke	OKADA Keisuke
Saionji, Kinmochi	SAIONJI Kinmochi
Makino, Nobuaki	MAKINO Nobuaki
Makino, Mineko	MAKINO Mineko
Takahashi, Korekiyo	TAKAHASHI Korekiyo
Inukai, Tsuyoshi	INUKAI Tsuyoshi
Saito, Makoto	SAITO Makoto
Kawashima, Yoshiyuki	KAWASHIMA Yoshiyuki
Hayashi, Senjuro	HAYASHI Senjuro
Mazaki, Jinzaburo	MAZAKI Jinzaburo
Dan, Takuma	DAN Takuma
Watanabe, Jotaro	WATANABE Jotaro
Suzuki, Kantaro	SUZUKI Kantaro
Araki, Sadao	ARAKI Sadao
Hisao Hayashi	HAYASHI Hisao
Yoshiatsu Murakami	MURAKAMI Yoshiatsu
Choko Shinjo	SHINJO Choko
Ryuhei Uchida	UCHIDA Ryuhei
Hideo Matsukuma	MATSUKUMA Hideo
Yasuya Kohama	KOHAMA Yasuya
Kuninosuke Fujita	FUJITA Kuninosuke
Keinosuke Nakamura	NAKAMURA Keinosuke
Shigeyuki Tanaka	TANAKA Shigeyuki
Kiwao Okumura	OKUMURA Kiwao
Shin Hashii	HASHII Shin
Kisuke Abe	ABE Kisuke
Soichiro Asano	ASANO Soichiro
Hidezo Toyama	TOYAMA Hidezo
Yoshio Nakamura	NAKAMURA Yoshio
Ken'ichi Tanaka	TANAKA Ken'ichi
Masayasu Kosaka	KOSAKA Masayasu
D. J. Bogue	
J. J. Rein	
Tsunetaro Miyakoda	MIYAKODA Tsunetaro
Tsunetaro Toda	TODA Tsunetaro
Sanzo Nosaka	NOSAKA Sanzo
Koji Sakurai	SAKURAI Koji
Tokuji Maruyama	MARUYAMA Tokuji
Iwao Ayusawa	AYUSAWA Iwao
Riri Nakayama	NAKAYAMA Riri
Entai Tomomatsu	TOMOMATSU Entai
Shuei Suga	SUGA Shuei
Chitose Kishi	KISHI Chitose
T. Mukoyama	MUKOYAMA T.
Kosho Otani	OTANI Kosho
Mr. Ishizaki	Mr. ISHIZAKI
Hirokichi Honda	HONDA Hirokichi
Tsutomu Mizuno	MIZUNO Tsutomu
Hitoshi Yokoo	YOKOO Hitoshi
Kaneko Yokoo	YOKOO Kaneko
Tatsuo Saito	SAITO Tatsuo
Masayoshi Sakamoto	SAKAMOTO Masayoshi
Yojiro Matsui	MATSUI Yojiro
Yasuhiko Niimura	NIIMURA Yasuhiko
Suchiro Suzuki	SUZUKI Suchiro
Zenshichi Shoji	SHOJI Zenshichi
Eishi Tsuboi	TSUBOI Eishi
Seitaro Nakano	NAKANO Seitaro
Tadada Abe	ABE Tadada
Toshio Masuda	MASUDA Toshio
Chikara Tani	TANI Chikara
Minoru Kitagawa	KITAGAWA Minoru
Rikuro Shimizu	SHIMIZU Rikuro
Takeshi Ehara	EHARA Takeshi
Gensuke Shibuya	SHIBUYA Gensuke
Kiyoshi Arakami	ARAKAMI Kiyoshi
Yusai Takahashi	TAKAHASHI Yusai
Osamu Takenaka	TAKENAKA Osamu
Tokunosuke Mikawa	MIKAWA Tokunosuke
Koji Tokizawa	TOKIZAWA Koji
Yoshichika Nakamitsu	NAKAMITSU Yoshichika
Mitsue Mutai	MUTAI Mitsue
Zenhachi Sanui	SANUI Zenhachi
Kiyoshi Ogawa	OGAWA Kiyoshi
Toyokichi Matsumoto	MATSUMOTO Toyokichi
Dojun Hashimoto	HASHIMOTO Dojun
Shutoku Magara	MAGARA Shutoku
Yataro Kenmochi	KENMOCHI Yataro
Isao Fukunaga	FUKUNAGA Isao
Iwao Kaji	KAJI Iwao
Jiro Kanesaka	KANESAKA Jiro
Kakuichiro Hatanda	HATANDA Kakuichiro
Atami Haruna	
Soshu Gunshi	GUNSHI Soshu
Yukichi Kuroki	KUROKI Yukichi
Shoji Uno	UNO Shoji
Yoshio Ikegami	IKEGAMI Yoshio
Toyo Madachi	MADACHI Toyo
Kanichi Yamaura	YAMAURA Kanichi
Toshiyuki Ishihama	ISHIHAMA Toshiyuki
Takahashi Oyebara	
Tatsuichi Hishiyama	HISHIYAMA Tatsuichi
Hikohichiro Okada	OKADA Hikohichiro
Hakaru Suguro	SUGURO Hakaru
Naokatsu Yamada	YAMADA Naokatsu
Mikie Kimura	KIMURA Mikie
Todoroki Sakai	SAKAI Todoroki
Shigeyoshi Mikawa	MIKAWA Shigeyoshi
Yoshio Banno	BANNO Yoshio
Yukitoshi Tanaka	TANAKA Yukitoshi
Zenjuro Matsumura	MATSUMURA Zenjuro
Takashi Takahashi	TAKAHASHI Takashi
Zenkichi Fujisawa	FUJISAWA Zenkichi
Shigetaka Yamaoka	YAMAOKA Shigetaka
Norio Tanabe	TANABE Norio
Yoshikazu Koyama	KOYAMA Yoshikazu
Yasushi Kanachika	KANACHIKA Yasushi
Nachiko Doki	DOKI Nachiko
Kagekatsu Uzawa	UZAWA Kagekatsu
Yuichi Kobayashi	KOBAYASHI Yuichi
Fumitaro Watanabe	WATANABE Fumitaro
Hidetoshi Shibata	SHIBATA Hidetoshi
Toshio Yamanushi	YAMANUSHI Toshio
Satoshi Katayama	KATAYAMA Satoshi
Nichio Iwamura	IWAMURA Nichio
Sudo Kanda	KANDA Sudo
Hide Yoshimura	YOSHIMURA Hide
Toyoichi Kobayashi	KOBAYASHI Toyoichi
Takashiyo Uyemura	UYEMURA Takashiyo
Shizuro Shimizu	SHIMIZU Shizuro
Shinichi Kobayashi	KOBAYASHI Shinichi
Santoku Muto	MUTO Santoku
Kazue Shinagawa	SHINAGAWA Kazue
Yoshishige Yomota	YOMOTA Yoshishige
Takeo Miura	MIURA Takeo
Takashiyo Uemura	UEMURA Takashiyo
Amaden	
Chiu	
Renzo Koga	KOGA Renzo
Arimitsu Nakano	NAKANO Arimitsu
Teijiro Obata	OBATA Teijiro
Sei Kajii	KAJII Sei
Ryokichi Yendo	YENDO Ryokichi
Mizuho Yezaki	YEZAKI Mizuho
Saburo Fujii	FUJII Saburo
Sanzo Kuwata	KUWATA Sanzo
Nisaburo Kuniyeda	KUNIYEDA Nisaburo
Takaaki Morigami	MORIGAMI Takaaki
Gosen	GOSEN
Aikawa	AIKAWA
Ohuchi	OHUCHI
Yoneoka	YONEOKA
Chiga	CHIGA
Nagane	NAGANE
Yasuoka	YASUOKA
Sun Yu-tien	
K. Matsuushi	MATSUUSHI K.
Takushima	TAKUSHIMA
Monegi Inouye	INOUYE Monegi
A. Gudasin	
Fujisaki	FUJISAKI
Yasuda	YASUDA
M. Kawai	KAWAI M.
S. Komatsu	KOMATSU S.
S. Tani	TANI S.
T. Kanaura	KANAURA T.
Kamano	KAMANO
Kanakami	KANAKAMI
Yorezawa	YOREZAWA
Fuyuo Negishi	NEGISHI Fuyuo
Kiyoshi Inuizawa	INUIZAWA Kiyoshi
Yu Chin-yan	
Tamiya	TAMIYA
Kisaburo Omasa	OMASA Kisaburo
Iseki	ISEKI
Yosakei Kamano	KAMANO Yosakei
Usaburo Fukuda	FUKUDA Usaburo
Kawabata	KAWABATA
Matashiro Nakamura	NAKAMURA Matashiro
Inoue Buyu	INOUE Buyu
Kodayashi	KODAYASHI
Imahashi	IMAHASHI
Kajida	KAJIDA
Fujigatashi	FUJIGATASHI
Yui Kue-Chai	
E. O. Guriin	
G. I. Goroya	
I. Sanosian	
Ihin	
Noboru Yasunaga	YASUNAGA Noboru
Sakui	SAKUI
Kawakami	KAWAKAMI
Yonezawa	YONEZAWA
Hiramatsu	HIRAMATSU
T. Kawamura	KAWAMURA T.
Nagashima	NAGASHIMA
Takayanagi	TAKAYANAGI
Tatsukawa	TATSUKAWA
Sugino	SUGINO
Dr. Kuroi	Dr. KUROI
Chikamori	CHIKAMORI
K. Kinoshita	KINOSHITA K.
T. Kubo	KUBO T.
Dr. Takayasu	Dr. TAKAYASU
Dr. R. Goto	Dr. GOTO R.
Mitani	MITANI
K. Sawada	SAWADA K.
K. Tomoda	TOMODA K.
Tominaga	TOMINAGA
Asada Mantaro	ASADA Mantaro
Kitada Koji	KITADA Koji
Asai Sentaro	ASAI Sentaro
Ikeuchi	IKEUCHI
T. Nukaga	NUKAGA T.
K. Kanazawa	KANAZAWA K.
Koike	KOIKE
Dr. Sengoku	Dr. SENGOKU
Count Kodama	Count KODAMA
T. Yamaji	YAMAJI T.
S. Ihara	IHARA S.
Y. Suzaki	SUZAKI Y.
Motoi Kondo	KONDO Motoi
R. Takushima	TAKUSHIMA R.
Mr. Kawai	Mr. KAWAI
Kumaji Ikeda	IKEDA Kumaji
Tomiju Inamura	INAMURA Tomiju
Tsunekichi Takahashi	TAKAHASHI Tsunekichi
Yosuke Tsuda	TSUDA Yosuke
Rokushi Takushima	TAKUSHIMA Rokushi
Shigeru Inuzuka	INUZUKA Shigeru
Gonji Kusano	KUSANO Gonji
Choji Haraguchi	HARAGUCHI Choji
Satoshi Hayashida	HAYASHIDA Satoshi
Osamu Tateishi	TATEISHI Osamu
Minoru Sato	SATO Minoru
Sueichi Fujita	FUJITA Sueichi
Nobuo Yokai	YOKAI Nobuo
Gohei Nagao	NAGAO Gohei
Ryuko Takamine	TAKAMINE Ryuko
Gonji Sugimoto	SUGIMOTO Gonji
Tomisaku Mizoguchi	MIZOGUCHI Tomisaku
Soji Inouye	INOUYE Soji
Koichi Koike	KOIKE Koichi
Shigeru Sumita	SUMITA Shigeru
Mitsutoku Nomura	NOMURA Mitsutoku
Harusaburo Hori	HORI Harusaburo
Kunie Kanazawa	KANAZAWA Kunie
Mrs. Shigeru Shimizu	Mrs. SHIMIZU Shigeru
Gihachi Yamaguchi	YAMAGUCHI Gihachi
Rikiso Matsuoka	MATSUOKA Rikiso
Yoshindo Toyofuku	TOYOFUKU Yoshindo
Matsuta Toyofuku	TOYOFUKU Matsuta
Manjiro Ishikawa	ISHIKAWA Manjiro
Ryosaku Hirano	HIRANO Ryosaku
Yukio Hajae	HAJAE Yukio
Giichi Shibata	SHIBATA Giichi
Hiroharu Fujita	FUJITA Hiroharu
Takasaki	TAKASAKI
Nagase	NAGASE
Ueki	UEKI
Tokujiro Koshida	KOSHIDA Tokujiro
Eiichi Taketomi	TAKETOMI Eiichi
Kiyoharu Ishikawa	ISHIKAWA Kiyoharu
Shigeo Asano	ASANO Shigeo
Shozaburo Inoue	INOUE Shozaburo
Saizaburo Nishiwaki	NISHIWAKI Saizaburo
Yoshihiko Uchida	UCHIDA Yoshihiko
Antonio	
Taro Anno	ANNO Taro
Moran	
Takehiko Motoda	MOTODA Takehiko
Noriaki Uesugi	UESUGI Noriaki
Shinto Shimada	SHIMADA Shinto
Tadayoshi	
Morimune	
Akihiro	
Yukihira	
Mihara Masaie	MIHARA Masaie
Masamune	
Nagamitsu	
Rai Kunitoshi	RAI Kunitoshi
Norifusa	
Masatsune	
Rai Kunimitsu	RAI Kunimitsu
Kunihiro	
Tomonari	
Norishige	
Kunimune	
Yasuie	
Kanemitsu	
Umetada	
Hasebe Kuninobu	HASEBE Kuninobu
Mitsutada	
Sukemura	
Motoshige	
Fukumichi Fukumoto	FUKUMOTO Fukumichi
A. Miyazaki	MIYAZAKI A.
Isamu Suzukawa	SUZUKAWA Isamu
Kyozo Mori	MORI Kyozo
Teizo Ichimura	ICHIMURA Teizo
Denji Kato	KATO Denji
Goro Nakano	NAKANO Goro
S. Nakamura	NAKAMURA S.
Inamoto	INAMOTO
Yasua	
Yamaisi	YAMAISI
Yasuo	
Sadamu Shimomura	SHIMOMURA Sadamu
Toshiro Obata	OBATA Toshiro
Yoneso Maeda	MAEDA Yoneso
Keino Misakare	
Heikichi Kita	KITA Heikichi
Ichiro Kono	KONO Ichiro
Jiro Hoshijima	HOSHIJIMA Jiro
Yasukuni Watanabe	WATANABE Yasukuni
Hyobei Sakaguchi	SAKAGUCHI Hyobei
Yasutaro Furuno	FURUNO Yasutaro
Tajiro Hashimoto	HASHIMOTO Tajiro
Sudematsu Naka	NAKA Sudematsu
Shijiro Sogawa	SOGAWA Shijiro
Tomejiro Okubo	OKUBO Tomejiro
Ban Kikuchi	KIKUCHI Ban
Shunji Miyazawa	MIYAZAWA Shunji
Shigeru Nanbara	NANBARA Shigeru
Ryokichi Minobe	MINOBE Ryokichi
Kumakichi Matsuoka	MATSUOKA Kumakichi
Genjiro Sugiyama	SUGIYAMA Genjiro
Riichiro Matsumoto	MATSUMOTO Riichiro
Michizo Hirano	HIRANO Michizo
Niki Kono	KONO Niki
Inejiro Asanuma	ASANUMA Inejiro
Misao Kuroda	KURODA Misao
Sho Hara	HARA Sho
Ko Shinaga	SHINAGA Ko
Manjiro Yonekubo	YONEKUBO Manjiro
Maruki Kitahara	KITAHARA Maruki
Masaburo Suzuki	SUZUKI Masaburo
Takaichi Nakamura	NAKAMURA Takaichi
Toshitaka Tokugawa	TOKUGAWA Toshitaka
Juzo Miwa	MIWA Juzo
Tadaichi Hara	HARA Tadaichi
Tsunehiro Miki	MIKI Tsunehiro
Koyagoro Sakurai	SAKURAI Koyagoro
Tadao Saito	SAITO Tadao
Koku Kawasaki	KAWASAKI Koku
Hiroshi Nakagawa	NAKAGAWA Hiroshi
Kei Machida	MACHIDA Kei
Shichiroku Tanabe	TANABE Shichiroku
Budayu Kogura	KOGURA Budayu
Kei Nakajima	NAKAJIMA Kei
Sabin	
Dennison	
Kawamura Zenhachiro	KAWAMURA Zenhachiro
Honda Tsunematsu	HONDA Tsunematsu
Hara Susumu	HARA Susumu
Yamamoto Koichi	YAMAMOTO Koichi
Toki Seizaimon	TOKI Seizaimon
Isozaki Teizo	ISOZAKI Teizo
Kawano Ichiro	KAWANO Ichiro
Miura Toranosuke	MIURA Toranosuke
Kimura Kohei	KIMURA Kohei
Nishimura Eiichi	NISHIMURA Eiichi
Iimura Izumi	IIMURA Izumi
Natsubori Genzaburo	NATSUBORI Genzaburo
Aoyagi Kaichi	AOYAGI Kaichi
Ogasawara Yasomi	OGASAWARA Yasomi
Nagai Kazuo	NAGAI Kazuo
Fujii Heigo	FUJII Heigo
Ogori Kenji	OGORI Kenji
Asai Ichiro	ASAI Ichiro
Morita Toyohisa	MORITA Toyohisa
Takaya Yoshiaki	TAKAYA Yoshiaki
Mano Tsuyoshi	MANO Tsuyoshi
Iwamatsu Saburo	IWAMATSU Saburo
Iida Seita	IIDA Seita
Chisaki Usaburo	CHISAKI Usaburo
Ono Banboku	ONO Banboku
Takenaka Toemon	TAKENAKA Toemon
Fukai Akira	FUKAI Akira
Honda Noboru	HONDA Noboru
Asanuma Inejiro	ASANUMA Inejiro
Morito Tatsuo	MORITO Tatsuo
Suzuki Yoshio	SUZUKI Yoshio
Shida	SHIDA
Taki Hajime	TAKI Hajime
Miyamoto Masuzo	MIYAMOTO Masuzo
Ideiri Yoshio	IDEIRI Yoshio
Tsukazaki Naoyoshi	TSUKAZAKI Naoyoshi
Hasegawa Taichiro	HASEGAWA Taichiro
Sawada Takejiro	SAWADA Takejiro
Shimoyama Seiichi	SHIMOYAMA Seiichi
Inouye Noboru	INOUYE Noboru
Kuriyama Shigeru	KURIYAMA Shigeru
Kotani Katsushige	KOTANI Katsushige
Shima Tamotsu	SHIMA Tamotsu
Saito Yusuke	SAITO Yusuke
Fujita Hachiro	FUJITA Hachiro
Kawamura Matasuke	KAWAMURA Matasuke
Matsuo Chuhei	MATSUO Chuhei
Masuda Kaneshichi	MASUDA Kaneshichi
Kotaro Mori	MORI Kotaro
Heitaro Inagaki	INAGAKI Heitaro
Suzuki-kun	
Watanabe-kun	
Kobayashi-kun	
Eki Sone	SONE Eki
K. Maki	MAKI K.
Hisanari	
K. Tatsuke	TATSUKE K.
N. Okuda	OKUDA N.
S. Oizumi	OIZUMI S.
T. Otaki	OTAKI T.
T. Kijima	KIJIMA T.
S. Kimura	KIMURA S.
Y. Katsuno	KATSUNO Y.
H. Mazaki	MAZAKI H.
T. Iwama	IWAMA T.
S. Kondō	KONDŌ S.
K. Yasuda	YASUDA K.
T. Yoshioka	YOSHIOKA T.
K. Usui	USUI K.
K. Tsurumi	TSURUMI K.
H. Yokota	YOKOTA H.
O. Kurino	KURINO O.
A. Nishiyama	NISHIYAMA A.
T. Kawashima	KAWASHIMA T.
N. Komuro	KOMURO N.
S. Ishiguro	ISHIGURO S.
T. Nake	NAKE T.
T. Yasukawa	YASUKAWA T.
S. Nishida	NISHIDA S.
T. Mitsudō	MITSUDŌ T.
T. Katō	KATŌ T.
H. Hitomi	HITOMI H.
I. Katagami	KATAGAMI I.
M. Nozaki	NOZAKI M.
M. Fujisaki	FUJISAKI M.
N. Fujiyama	FUJIYAMA N.
T. Yoshimatsu	YOSHIMATSU T.
G. Akatani	AKATANI G.
K. Masuzawa	MASUZAWA K.
S. Hirose	HIROSE S.
H. Nemoto	NEMOTO H.
H. Natsume	NATSUME H.
Y. Furuya	FURUYA Y.
S. Yamashita	YAMASHITA S.
T. Sekimoto	SEKIMOTO T.
S. Hamaguchi	HAMAGUCHI S.
S. Furuyama	FURUYAMA S.
Unjūrō Muto	MUTO Unjūrō
Takeo Kurusu	KURUSU Takeo
Setsuzō Hinohara	HINOHARA Setsuzō
Hideya Sunahara	SUNAHARA Hideya
Shūzō Satō	SATŌ Shūzō
Masayuki Shigemasa	SHIGEMASA Masayuki
Takeo Fukuda	FUKUDA Takeo
Banboku Ono	ONO Banboku
Yoshimoto Ninomiya	NINOMIYA Yoshimoto
Naoki Oka	OKA Naoki
Mitsufumi Shimokōbe	SHIMOKŌBE Mitsufumi
Tsūsai Sugawara	SUGAWARA Tsūsai
Kakuei Tanaka	TANAKA Kakuei
Manitsu Tanaka	TANAKA Manitsu
Giichi Takeda	TAKEDA Giichi
Tatsuo Nagao	NAGAO Tatsuo
Tamaichirō Fukatsu	FUKATSU Tamaichirō
Shunei Azuma	AZUMA Shunei
Etsujirō Uehara	UEHARA Etsujirō
Reizō Takeuchi	TAKEUCHI Reizō
Takakichi Asō	ASŌ Takakichi
Tokuya Furuhata	FURUHATA Tokuya
Tokutarō Kitamura	KITAMURA Tokutarō
Jirō Hoshijima	HOSHIJIMA Jirō
Takao Nishida	NISHIDA Takao
Kiyoshi Umemura	UMEMURA Kiyoshi
Chōsaburō Izutani	IZUTANI Chōsaburō
Kisaburō Kokubo	KOKUBO Kisaburō
Shirō Eguchi	EGUCHI Shirō
Tōichi Hoshijima	HOSHIJIMA Tōichi
Terusaburō Yonei	YONEI Terusaburō
Senshichirō Ozawa	OZAWA Senshichirō
Toyojirō Kawahashi	KAWAHASHI Toyojirō
Keitarō Kitaura	KITAURA Keitarō
Kiyoshi Otaki	OTAKI Kiyoshi
Tokio Umebayashi	UMEBAYASHI Tokio
Captain Dennison	
Seiichi Ōmura	ŌMURA Seiichi
Kōtarō Tanaka	TANAKA Kōtarō
Sadayoshi Hitotsumatsu	HITOTSUMATSU Sadayoshi
Nirō Hoshijima	HOSHIJIMA Nirō
Yoshinari Kawai	KAWAI Yoshinari
Tsunejirō Hiratsuka	HIRATSUKA Tsunejirō
Tokujirō Kanamori	KANAMORI Tokujirō
Keinosuke Zen	ZEN Keinosuke
Suzuki-Kun	
Watanabe-Kun	
Sukenari Yokoyama	YOKOYAMA Sukenari
Koibuchi	KOIBUCHI
Tokugawa Iemitsu	TOKUGAWA Iemitsu
Takaoka	TAKAOKA
Seitarō Uemura	UEMURA Seitarō
Lieutenant General Tanaka	Lieutenant General TANAKA
General Sumita	General SUMITA
General Nishimura	General NISHIMURA
Nobuo Okuda	OKUDA Nobuo
Kinzō Isobe	ISOBE Kinzō
Kunizaki	KUNIZAKI
Masaji Konagaya	KONAGAYA Masaji
Kōji Matsuura	MATSUURA Kōji
Takamura	TAKAMURA
Okamura	OKAMURA
Maruyama	MARUYAMA
Matsuomaru	
Kurazo Suzuki	SUZUKI Kurazo
Kazuo Higo	HIGO Kazuo
Gunpei Sekine	SEKINE Gunpei
Torashirō Kawabe	KAWABE Torashirō
Hikosaburo Hata	HATA Hikosaburo
Ichirō Shichida	SHICHIDA Ichirō
Tokuhashi Nakino	
Hanada	HANADA
Yokoyama	YOKOYAMA
Kyoshi Ibushi	IBUSHI Kyoshi
Hiraoka	HIRAOKA
Chikushi	CHIKUSHI
Ezaki	EZAKI
Ōishi Kuranosuke	ŌISHI Kuranosuke
Koga	KOGA
Uchimura	UCHIMURA
Takemori	TAKEMORI
Emperor Taishō	
O. W. Auman	
Ida B. Myon	
M. S. Ouan	
Mr. Kase	Mr. KASE
R. E. Doman	
Mrs. Eugene Chen	
Robin	
Shintaro Nakamura	NAKAMURA Shintaro
Shichiro Murakami	MURAKAMI Shichiro
Tuka Otsuki	OTSUKI Tuka
Hisakazu Hijikata	HIJIKATA Hisakazu
Kinki Adachi	ADACHI Kinki
Watari Shiga	SHIGA Watari
Shigeatsu Yamaoka	YAMAOKA Shigeatsu
Tokuzo Komai	KOMAI Tokuzo
Koken Tanaka	TANAKA Koken
Tadaatsu Makino	MAKINO Tadaatsu
Haruko Saito	SAITO Haruko
Isaburo Yoshida	YOSHIDA Isaburo
Haruichi Nagaoka	NAGAOKA Haruichi
K. Shiomi	SHIOMI K.
Tokugoro Nakabashi	NAKABASHI Tokugoro
Keijiro Nakamura	NAKAMURA Keijiro
Mogami	MOGAMI
Nagamatsu	NAGAMATSU
Muro	MURO
Tamon	TAMON
Miya Torii	TORII Miya
Tatsujiro Doi	DOI Tatsujiro
Tashiro	TASHIRO
Joji Kawamura	KAWAMURA Joji
Gentaro Akiyama	AKIYAMA Gentaro
Yoshitsugu Uyeda	UYEDA Yoshitsugu
Sadakichi Kawabata	KAWABATA Sadakichi
Nagoya	
Yasunosuke Shibuya	SHIBUYA Yasunosuke
Aya Ikari	IKARI Aya
Nakaji Kajiwara	KAJIWARA Nakaji
Gonshiro Ishimoto	ISHIMOTO Gonshiro
Junzaburo Fukumoto	FUKUMOTO Junzaburo
Yasutoshi Yanagisawa	YANAGISAWA Yasutoshi
Chokan Ogasawara	OGASAWARA Chokan
Morio Matsudaira	MATSUDAIRA Morio
Korekata Takahashi	TAKAHASHI Korekata
Hidemaro Konoye	KONOYE Hidemaro
Takahide Shijo	SHIJO Takahide
Chuzaburo Shiba	SHIBA Chuzaburo
Yoshiro Fujimura	FUJIMURA Yoshiro
Bunkichi Ito	ITO Bunkichi
Shozo Yabuki	YABUKI Shozo
Kikuo Takagi	TAKAGI Kikuo
Ryutaro Fukao	FUKAO Ryutaro
Tatsujiro Sato	SATO Tatsujiro
Yoshitaka Takagi	TAKAGI Yoshitaka
Yasuo Kuniyoshi	KUNIYOSHI Yasuo
Tokuji Kasai	KASAI Tokuji
Isaku Kida	KIDA Isaku
Yatugi	YATUGI
Taira	TAIRA
Isimaru	ISIMARU
Beate Sirota	
Masaru Ogawa	OGAWA Masaru
Kazu Nakamura	NAKAMURA Kazu
Koichi Hosono	HOSONO Koichi
Makoto Oike	OIKE Makoto
Shoichi Nakai	NAKAI Shoichi
Satoko Togano	TOGANO Satoko
Tsuruko Yamazaki	YAMAZAKI Tsuruko
Hatsu Ando	ANDO Hatsu
Fumiko Yamashita	YAMASHITA Fumiko
Sei Yoshida	YOSHIDA Sei
Mitsu Omura	OMURA Mitsu
Tatsu Takeda	TAKEDA Tatsu
Tsune Yamashita	YAMASHITA Tsune
Kiyoko Miki	MIKI Kiyoko
Hanko Honda	HONDA Hanko
Hatsu Imai	IMAI Hatsu
Chiyo Kira	KIRA Chiyo
Teiko Sugita	SUGITA Teiko
Utako Takeda	TAKEDA Utako
Harue Yamazaki	YAMAZAKI Harue
Hideko Mogami	MOGAMI Hideko
Yone Asato	ASATO Yone
Rio Matsuo	MATSUO Rio
Tame Nakano	NAKANO Tame
Tei Seki	SEKI Tei
Chiyo Takada	TAKADA Chiyo
Fusa Fukuda	FUKUDA Fusa
Toshiko Kikuchi	KIKUCHI Toshiko
Michiko Yoneyama	YONEYAMA Michiko
Toshiko Otomo	OTOMO Toshiko
Yoshie Otomo	OTOMO Yoshie
Toshiko Karasawa	KARASAWA Toshiko
Toshi Matsuo	MATSUO Toshi
Matsu Takahashi	TAKAHASHI Matsu
Tsune Takeuchi	TAKEUCHI Tsune
Shizue Yamaguchi	YAMAGUCHI Shizue
Haru Mori	MORI Haru
Kimi Omi	OMI Kimi
Mitsu Kimura	KIMURA Mitsu
K. Tamura	TAMURA K.
Chuji Yamashita	YAMASHITA Chuji
F. A. Hinman	
J. Antonio Tijerino	
Osa Hume	
M. K. Yeima	
Daese Sie	
W. C. Poore	
Mankene Donshie	
June Pope	
E. L. Tobie	
Mrs. E. M. Yike	
J. A. Bean	
Mrs. J. A. Bean	
Mrs. C. G. Page	
C. G. Page	
June I. Hure	
Zina M. Janea	
Marine Egame	
Jane Finiau	
Joan Rude	
Zoa Haradama	
Mrs. B. Watson	
J. H. Maitui	
A. Jamison	
Gene Shue	
T. S. Monroe	
G. H. Paine	
Major General Matsuda	Major General MATSUDA
Noshiro Ukakure	
Yoshimoto Kobayashi	KOBAYASHI Yoshimoto
Yosiyuki Inouye	INOUYE Yosiyuki
Kanhe Yatsugi	YATSUGI Kanhe
Tokuzi Taira	TAIRA Tokuzi
Goro Shimamaru	SHIMAMARU Goro
Johann Renn	
Hou Kikuchi	KIKUCHI Hou
Tsunesaburo Umene	UMENE Tsunesaburo
Yoshiyuki Tsunoda	TSUNODA Yoshiyuki
Tokubō Inoue	INOUE Tokubō
Shigeo Ōhara	ŌHARA Shigeo
Sakichi Miyashita	MIYASHITA Sakichi
Saburō Takahashi	TAKAHASHI Saburō
Tamotsu Miyama	MIYAMA Tamotsu
Hiroshi Yamashita	YAMASHITA Hiroshi
Kiyoshi Yamamizu	YAMAMIZU Kiyoshi
Tsutomu Miyama	MIYAMA Tsutomu
Michio Toyama	TOYAMA Michio
Kazu Yamada	YAMADA Kazu
Hajime Tateishi	TATEISHI Hajime
Mitsuyoshi Tateyama	TATEYAMA Mitsuyoshi
Matanari Mizukami	MIZUKAMI Matanari
Kōji Tanigawa	TANIGAWA Kōji
Yoshito Igawa	IGAWA Yoshito
Inosuke Morioka	MORIOKA Inosuke
Chikayuki Tateyama	TATEYAMA Chikayuki
Mitsue Suzuki	SUZUKI Mitsue
Toramatsu Oda	ODA Toramatsu
Sei Miyama	MIYAMA Sei
Kimie Shundō	SHUNDŌ Kimie
Masataka Matsumoto	MATSUMOTO Masataka
Mitsuo Kita	KITA Mitsuo
Tōichi Minami	MINAMI Tōichi
Akiko Nakajima	NAKAJIMA Akiko
Noboru Kikuhara	KIKUHARA Noboru
Ryōsei Tsunoda	TSUNODA Ryōsei
Tomoko	
Masahide Murakami	MURAKAMI Masahide
Hiroshi Suzuki	SUZUKI Hiroshi
Kengo Mukai	MUKAI Kengo
Yudairō Nakajima	NAKAJIMA Yudairō
Ichitarō Horie	HORIE Ichitarō
Atsuo Sugiyama	SUGIYAMA Atsuo
Masao	
Hikozō Yamazaki	YAMAZAKI Hikozō
Matsukichi Nishiyama	NISHIYAMA Matsukichi
Tokujiro Mano	MANO Tokujiro
Ichizō	
Hideo Itō	ITŌ Hideo
Naoko Hata	HATA Naoko
Kōichi Imura	IMURA Kōichi
Hosaku Itō	ITŌ Hosaku
Seijirō Sawa	SAWA Seijirō
Yukiko Yamada	YAMADA Yukiko
Takeshi Yamada	YAMADA Takeshi
Tarō Daikoku	DAIKOKU Tarō
Heihachirō Daikoku	DAIKOKU Heihachirō
Kazue Daikoku	DAIKOKU Kazue
Shinjirō Daikoku	DAIKOKU Shinjirō
Umeko Iwanaga	IWANAGA Umeko
Shizuko Miyama	MIYAMA Shizuko
Tarō Miyama	MIYAMA Tarō
Ichitarō Sugiyama	SUGIYAMA Ichitarō
Sachino Mukai	MUKAI Sachino
Matsuko Kōga	KŌGA Matsuko
Shibazō Saitō	SAITŌ Shibazō
Chitose Kawaguchi	KAWAGUCHI Chitose
Hanji Mio	MIO Hanji
Kayoko Yamada	YAMADA Kayoko
Masanobu Tashiro	TASHIRO Masanobu
Takeshi Nagano	NAGANO Takeshi
Jan Boon	
A. Dumon	
K. Piron	
Henri Pipon	
Yoshitomi	YOSHITOMI
Professor Tanaka	Professor TANAKA
Admiral Yamamoto	Admiral YAMAMOTO
Kakutaro Nagano	NAGANO Kakutaro
Mr. Kuno	Mr. KUNO
Tobasi	TOBASI
Yodogawa	YODOGAWA
Yayoi	
Dr. Osawa	Dr. OSAWA
Ichihara Emiko	ICHIHARA Emiko
Ichihara Masao	ICHIHARA Masao
Uchiyama Kiyoshi	UCHIYAMA Kiyoshi
Ishizaki Goichi	ISHIZAKI Goichi
Ishizaki Matazō	ISHIZAKI Matazō
Ishikawa Bunsuke	ISHIKAWA Bunsuke
Ichihara Haru	ICHIHARA Haru
Kenji	
Mitsue	
Yoshie	
Shizuka	
Yukio	
Matsushita	MATSUSHITA
Nanyo	
Migone	
Infante	
Nishi	NISHI
Tada	TADA
Kinta Arai	ARAI Kinta
Taito	
Sozan Iyoshi	IYOSHI Sozan
Fumio Nomura (Tsuura)	NOMURA Fumio (Tsuura)
Shigeichi Yoshima	YOSHIMA Shigeichi
Nobu Yoshima	YOSHIMA Nobu
Atsuko Yoshima	YOSHIMA Atsuko
Osamu Yoshima	YOSHIMA Osamu
Akira Yoshima	YOSHIMA Akira
Yuta Kobayashi	KOBAYASHI Yuta
Yumi Kobayashi	KOBAYASHI Yumi
Keiko Kobayashi	KOBAYASHI Keiko
Jiro Fujikura	FUJIKURA Jiro
Yoshi Fujikura	FUJIKURA Yoshi
Tameyo Suda	SUDA Tameyo
Setsuko Suda	SUDA Setsuko
Tamemasa Suda	SUDA Tamemasa
Nobutoshi Kuroyanagi	KUROYANAGI Nobutoshi
Mamoru Suzuki	SUZUKI Mamoru
Fumio Fukaya	FUKAYA Fumio
Ayako Fukaya	FUKAYA Ayako
Shoji Ando	ANDO Shoji
Harue Ando	ANDO Harue
Reiko Ando	ANDO Reiko
Youko Ando	ANDO Youko
Heikichi Horibe	HORIBE Heikichi
Yaeko Horibe	HORIBE Yaeko
Masako Horibe	HORIBE Masako
Akiko Horibe	HORIBE Akiko
Hiroko Minoda	MINODA Hiroko
Sadao Fujita	FUJITA Sadao
Mitsuko Fujita	FUJITA Mitsuko
Yoshimichi Fujita	FUJITA Yoshimichi
Shigeru Sakane	SAKANE Shigeru
Sumiko Sakane	SAKANE Sumiko
Noemia Atsuko Sakane	SAKANE Noemia Atsuko
Yasuo Utsunomiya	UTSUNOMIYA Yasuo
Sin-Itiro Yazima	YAZIMA Sin-Itiro
Sada Yazima	YAZIMA Sada
Hiroko Yazima	YAZIMA Hiroko
Hideo Nisibayasi	NISIBAYASI Hideo
Sadajiro Kaneko	KANEKO Sadajiro
Masahumi Segawa	SEGAWA Masahumi
Keitaro Yasuoka	YASUOKA Keitaro
Yoshiko Yasuoka	YASUOKA Yoshiko
Hiroshi Yasuoka	YASUOKA Hiroshi
Nisau Yasuoka	YASUOKA Nisau
Takeshi Shirai	SHIRAI Takeshi
Harue Shirai	SHIRAI Harue
Noribumi Shirai	SHIRAI Noribumi
Maki Shirai	SHIRAI Maki
Isuro Shirai	SHIRAI Isuro
Takuji Yanagawa	YANAGAWA Takuji
Taeko Yanagawa	YANAGAWA Taeko
Kenji Otsubo	OTSUBO Kenji
Matsuyo Otsubo	OTSUBO Matsuyo
Shigeki Otsubo	OTSUBO Shigeki
Romeu Shioziro Otsubo	OTSUBO Romeu Shioziro
Teodora Kana Otsubo	OTSUBO Teodora Kana
Kazuo Ihio	IHIO Kazuo
Aiko Ihio	IHIO Aiko
Yukiyoshi Izumita	IZUMITA Yukiyoshi
Hiroko Izumita	IZUMITA Hiroko
Teruko Izumita	IZUMITA Teruko
Shiro Nakatsui	NAKATSUI Shiro
Toshiko Nakatsui	NAKATSUI Toshiko
Katumi Kano	KANO Katumi
Hironao Karasawa	KARASAWA Hironao
Tokiya Washizuka	WASHIZUKA Tokiya
Jun Washizuka	WASHIZUKA Jun
Reiko Washizuka	WASHIZUKA Reiko
Ikuya Washizuka	WASHIZUKA Ikuya
Tamigo Yoshioka	YOSHIOKA Tamigo
Tamaki Yoshioka	YOSHIOKA Tamaki
Seisaku Yoshioka	YOSHIOKA Seisaku
Shichiro Yoshioka	YOSHIOKA Shichiro
Michio Yoshioka	YOSHIOKA Michio
Akira Yamamoto	YAMAMOTO Akira
Sakae Yamamoto	YAMAMOTO Sakae
Takayuki Yamamoto	YAMAMOTO Takayuki
Takesaburo Yamamoto	YAMAMOTO Takesaburo
Sadako Yamamoto	YAMAMOTO Sadako
Eini Yamane	YAMANE Eini
Etuko Yamane	YAMANE Etuko
Eitaro Yamane	YAMANE Eitaro
Tadao Shimizu	SHIMIZU Tadao
Takie Shimizu	SHIMIZU Takie
Yasuhiko Shimizu	SHIMIZU Yasuhiko
Kisaburo Miyamori	MIYAMORI Kisaburo
Sueguma Nakamura	NAKAMURA Sueguma
Hisako Takayama	TAKAYAMA Hisako
Tetsuo Matsuoka	MATSUOKA Tetsuo
Seigi Fujihira	FUJIHIRA Seigi
Fumiko Fujihira	FUJIHIRA Fumiko
Masae Fujihira	FUJIHIRA Masae
Akio Fujihira	FUJIHIRA Akio
Kurazi Hozumi	HOZUMI Kurazi
Yoshio Mizobe	MIZOBE Yoshio
Masae Mizobe	MIZOBE Masae
Jun Mizobe	MIZOBE Jun
Ruriko Mizobe	MIZOBE Ruriko
Turue Samaki	SAMAKI Turue
Furuseki	FURUSEKI
Ogiwara	OGIWARA
Nango	NANGO
Kurihara	KURIHARA
Shiratori	SHIRATORI
Morio Aoki	AOKI Morio
Hidaka	HIDAKA
Suma	SUMA
Horishima	HORISHIMA
Nakao	NAKAO
Shinomura	SHINOMURA
Michimata	MICHIMATA
Naoe Sakai	SAKAI Naoe
Wakuta	WAKUTA
Taki	TAKI
Mrs. Hirose	Mrs. HIROSE
Hidai	
Tejima	TEJIMA
Miebe	
Nagasaki	NAGASAKI
W. L. Chan	
Mein	
Henri Piron	
Seishirō Honjō	HONJŌ Seishirō
Shoichi Goto	GOTO Shoichi
Janeichi Miyahe	MIYAHE Janeichi
Shigeyuki Ogawa	OGAWA Shigeyuki
Yuzo Yonekura	YONEKURA Yuzo
Itaro Takano	TAKANO Itaro
Sen Sanba	SANBA Sen
Morikichi Arimura	ARIMURA Morikichi
Karayo Ito	ITO Karayo
Takeshi Onaga	ONAGA Takeshi
Toyo Sugiyama	SUGIYAMA Toyo
Ichitaro Sugiyama	SUGIYAMA Ichitaro
Setsuko Ikawa	IKAWA Setsuko
Hidemi Miyama	MIYAMA Hidemi
Naoto Amano	AMANO Naoto
Etsuko Miyama	MIYAMA Etsuko
Tokichi Moriyama	MORIYAMA Tokichi
Jutaro Kawakami	KAWAKAMI Jutaro
Michio	
Hiroshi Teraoka	TERAOKA Hiroshi
Shimanuki	SHIMANUKI
Susui	SUSUI
Y. Amano	AMANO Y.
Yoichi Ikawa	IKAWA Yoichi
Susumu Furatsu	FURATSU Susumu
Shoji No	NO Shoji
Fumio Mashida	MASHIDA Fumio
Hideichi Ise	ISE Hideichi
Kazuaki Yamamoto	YAMAMOTO Kazuaki
Hideo Yoshikawa	YOSHIKAWA Hideo
Mitsukazu Shinozaki	SHINOZAKI Mitsukazu
Tatsumi Miwa	MIWA Tatsumi
Yonosuke Uchida	UCHIDA Yonosuke
Shozo Ito	ITO Shozo
Minoru Ishikawa	ISHIKAWA Minoru
Fukusaburo Nakajima	NAKAJIMA Fukusaburo
Tsuyoshi Katayama	KATAYAMA Tsuyoshi
Tomio Ito	ITO Tomio
Ikusaburo Watanabe	WATANABE Ikusaburo
Sinichiro Miya	MIYA Sinichiro
Yoshio Kimura	KIMURA Yoshio
Hirata	HIRATA
Tsurumi	TSURUMI
Kuno	KUNO
Yukishita	YUKISHITA
Desanti	
Moreno	
Ahumada	
Mrs. Migone	
Koose	
Vice Consul Rowe	
Chuichi Ariyoshi	ARIYOSHI Chuichi
Nagako Nabeshima	NABESHIMA Nagako
Mrs. Tsuneo Matsudaira	Mrs. MATSUDAIRA Tsuneo
Setsuko Matsudaira	MATSUDAIRA Setsuko
Hidesaburo Yokoyama	YOKOYAMA Hidesaburo
Yoshiko Sato	SATO Yoshiko
Toshiko Matsudaira	MATSUDAIRA Toshiko
Miss Tsuda	Miss TSUDA
Keizaburo Ashino	ASHINO Keizaburo
Hiroshi Ashino	ASHINO Hiroshi
Madame Debuchi	Madame DEBUCHI
Yasutaro Tokuda	TOKUDA Yasutaro
Hiroshi Matsudaira	MATSUDAIRA Hiroshi
Kahei Otani	OTANI Kahei
S. Sawada	SAWADA S.
Keiko Nakamura	NAKAMURA Keiko
Hamaguchi	HAMAGUCHI
Dooman	
Yoshisuke Ayukawa	AYUKAWA Yoshisuke
Hiroshi Kondo	KONDO Hiroshi
Yumaichi Yamamoto	YAMAMOTO Yumaichi
Prince Hirobumi Ito	Prince ITO Hirobumi
Tamotsu Sakamoto	SAKAMOTO Tamotsu
Kenji Oshima	OSHIMA Kenji
Kazuo Akaike	AKAIKE Kazuo
Juichi Nisiyama	NISIYAMA Juichi
Iwakusu Ida	IDA Iwakusu
W. E. Moore	
Usui	USUI
Kiichiro Toyoda	TOYODA Kiichiro
Takemaro Kaneko	KANEKO Takemaro
Yukinori Nango	NANGO Yukinori
Chokiuro Kanzaki	KANZAKI Chokiuro
Kageyama	KAGEYAMA
Isao Kawata	KAWATA Isao
Tateo Kanda	KANDA Tateo
Kuniyoshi Uramatsu	URAMATSU Kuniyoshi
Shosho Kawada	KAWADA Shosho
Juji Matsumoto	MATSUMOTO Juji
Tunezo Wachi	WACHI Tunezo
Yamagiwa	YAMAGIWA
Admiral Nakamura	Admiral NAKAMURA
Taneki Komabe	KOMABE Taneki
Kensuke Aikawa	AIKAWA Kensuke
Shinichi Kojima	KOJIMA Shinichi
Prince Saionji Kinmochi	Prince SAIONJI Kinmochi
Tasuku Harada	HARADA Tasuku
Yutaka Hibino	HIBINO Yutaka
K. Kanokogi	KANOKOGI K.
Adachi Kinnosuke	ADACHI Kinnosuke
Asataro Miyamori	MIYAMORI Asataro
General Yoshibashi	General YOSHIBASHI
Major Okoshi	Major OKOSHI
Shizuko Nogi	NOGI Shizuko
Emperor Yoshihito	
Baron Ikeda	Baron IKEDA
Juei Honda	HONDA Juei
Major Koga	Major KOGA
Kira Yoshinaka	KIRA Yoshinaka
Katsumuko Nagasaki	NAGASAKI Katsumuko
Tei-ichi Muto	MUTO Tei-ichi
S. Hoshi	HOSHI S.
Prince Asaakira Kuni	Prince KUNI Asaakira
Fujimaro Tsukuba	TSUKUBA Fujimaro
Motokuma Nakajima	NAKAJIMA Motokuma
J. Minoguchi	MINOGUCHI J.
I. Kawaguchi	KAWAGUCHI I.
Ogoshi	OGOSHI
Shiota	SHIOTA
Shinohara	SHINOHARA
Maeda	MAEDA
Rabon	
Hisanori Hijikata	HIJIKATA Hisanori
Masahide Kanayama	KANAYAMA Masahide
Yoshitane Kiuchi	KIUCHI Yoshitane
Gyakujo Hanzawa	HANZAWA Gyakujo
S. Ueno	UENO S.
Shonoya Moriyama	MORIYAMA Shonoya
Tsutake Tokugawa	TOKUGAWA Tsutake
Takematsu Otsuka	OTSUKA Takematsu
Asano	ASANO
Yukitaka Kobani	KOBANI Yukitaka
Junichi Otani	OTANI Junichi
Toshimichi Okubo	OKUBO Toshimichi
Michio Matsunami	MATSUNAMI Michio
Zenzo Kamo	KAMO Zenzo
Sotoyama	SOTOYAMA
Tsuneta Yano	YANO Tsuneta
Shirasaki	SHIRASAKI
Kobei Kanda	KANDA Kobei
Rozo Taniyama	TANIYAMA Rozo
Keishiro Irie	IRIE Keishiro
Isamu Goto	GOTO Isamu
Toyo Beima	BEIMA Toyo
Naito	NAITO
Kotobuki Iwata	IWATA Kotobuki
Satomi	SATOMI
Keichi Utane	UTANE Keichi
Rikimatsu Azuma	AZUMA Rikimatsu
Setsuo Matsuda	MATSUDA Setsuo
Katsuo Furuyama	FURUYAMA Katsuo
Tanada	TANADA
Kamino	KAMINO
Kiyoshi Utsunomiya	UTSUNOMIYA Kiyoshi
Kasahara	KASAHARA
Mifu	
Jitsuhiko Yamamoto	YAMAMOTO Jitsuhiko
Kashiwa	KASHIWA
Hashiba	HASHIBA
Saburo Sato	SATO Saburo
Miyai	MIYAI
Masami Sugihara	SUGIHARA Masami
Iwai	IWAI
Takegashi	TAKEGASHI
Shodo Mishima	MISHIMA Shodo
Hideo Yoshida	YOSHIDA Hideo
Tabata	TABATA
Kawano	KAWANO
Hikoshi Otori	OTORI Hikoshi
Kaijima	KAIJIMA
Yoichi Suzuki	SUZUKI Yoichi
Sugima	SUGIMA
Minao Ishiyama	ISHIYAMA Minao
Goichi Yoshimori	YOSHIMORI Goichi
Sukemori Okamatsu	OKAMATSU Sukemori
Miyajima	MIYAJIMA
Toshi Yamada	YAMADA Toshi
Doichi Matsuda	MATSUDA Doichi
Kazuo Matsubara	MATSUBARA Kazuo
Moriaki Shimizu	SHIMIZU Moriaki
Iya Kitazawa	KITAZAWA Iya
Shoji Yamamoto	YAMAMOTO Shoji
Yasuro Morikawa	MORIKAWA Yasuro
Takaichi Kawahashi	KAWAHASHI Takaichi
Nakasuga	NAKASUGA
Kashiguma	KASHIGUMA
Prince Yoshihito Fushimi	Prince FUSHIMI Yoshihito
Fukawaka	FUKAWAKA
Soyeshima Taneomi	SOYESHIMA Taneomi
Yaichi Kondo	KONDO Yaichi
Tsuneki Ashida	ASHIDA Tsuneki
Mitsuha Igawa	IGAWA Mitsuha
Ohira	OHIRA
Akira Okura	OKURA Akira
Heigo Arai	ARAI Heigo
Sansei Yamamoto	YAMAMOTO Sansei
Seiichi Yamagata	YAMAGATA Seiichi
Bungei Tozuka	TOZUKA Bungei
Naosuke Sato	SATO Naosuke
Hiroshi Ishiwara	ISHIWARA Hiroshi
O. Hashimoto	HASHIMOTO O.
Minoru Shibata	SHIBATA Minoru
Katsumi Kuroita	KUROITA Katsumi
Naoto Kayo	KAYO Naoto
Katsunosuke Ando	ANDO Katsunosuke
Katsuo Takata	TAKATA Katsuo
Teruhisa Nakano	NAKANO Teruhisa
Sadaji Minamigumo	MINAMIGUMO Sadaji
Shinichiro Nishi	NISHI Shinichiro
Kiyoshi Fukuoka	FUKUOKA Kiyoshi
Dr. Hiraizumi	Dr. HIRAIZUMI
Heichi Yamamoto	YAMAMOTO Heichi
Koigawa	KOIGAWA
Nakatani	NAKATANI
Uchio	UCHIO
Horie	HORIE
Chiro Kawata	KAWATA Chiro
Kiyoshi	
Professor Kanai	Professor KANAI
Murata	MURATA
Ihei Hinoshita	HINOSHITA Ihei
Sadamitsu Susuki	SUSUKI Sadamitsu
Koho Taki	TAKI Koho
Ryujiro Uemura	UEMURA Ryujiro
Masaaki Narita	NARITA Masaaki
Michio Shiohama	SHIOHAMA Michio
Satoru Kagiyama	KAGIYAMA Satoru
Kanekiti Takase	TAKASE Kanekiti
Chojuro Saito	SAITO Chojuro
Sadao Wado	WADO Sadao
Tochio Takeyama	TAKEYAMA Tochio
Naoki Matsuyama	MATSUYAMA Naoki
Moriyoshi Cho	
Masayuki Miyakawa	MIYAKAWA Masayuki
Kenso Inoue	INOUE Kenso
Kamae Umezaki	UMEZAKI Kamae
Yasuto Tamai	TAMAI Yasuto
Toshikiyo Nakano	NAKANO Toshikiyo
Masa Mogi	MOGI Masa
Sigeo Sato	SATO Sigeo
Ryosuke Honda	HONDA Ryosuke
Isao Yamasaki	YAMASAKI Isao
Mieko Inoue	INOUE Mieko
Hiroshi Inoue	INOUE Hiroshi
Shunichi Komine	KOMINE Shunichi
Fumiko Komine	KOMINE Fumiko
Yukiko Komine	KOMINE Yukiko
Yoshiko Komine	KOMINE Yoshiko
Masana Horiuchi	HORIUCHI Masana
Fumiko Horiuchi	HORIUCHI Fumiko
Koji Ichikawa	ICHIKAWA Koji
Sadako Ueno	UENO Sadako
Yumiko Ueno	UENO Yumiko
Akio Ueno	UENO Akio
Teiji Ueno	UENO Teiji
Yeikichi Kamikoshikimachi	KAMIKOSHIKIMACHI Yeikichi
Fujiko Kamikoshikimachi	KAMIKOSHIKIMACHI Fujiko
Yeiichi Kamikoshikimachi	KAMIKOSHIKIMACHI Yeiichi
Hideo Goto	GOTO Hideo
Rose	
Kensuke Ichikawa	ICHIKAWA Kensuke
Hiroshi Nemoto	NEMOTO Hiroshi
S. Nakawa	NAKAWA S.
Guido Donegani	
Biamonti	
Hagishima	HAGISHIMA
T. Ogishima	OGISHIMA T.
Okura	OKURA
Tokiti Saida	SAIDA Tokiti
Kintaro Nao	NAO Kintaro
S. Kanaya	KANAYA S.
H. Takahashi	TAKAHASHI H.
Shinzo Takuma	TAKUMA Shinzo
T. Niikura	NIIKURA T.
Yasutada Teshima	TESHIMA Yasutada
Mataji Okuna	OKUNA Mataji
Yasuji Orito	ORITO Yasuji
Shige Orito	ORITO Shige
Takenobu Yoshitarō	TAKENOBU Yoshitarō
Inazō Nitobe	NITOBE Inazō
Takizō Nagao	NAGAO Takizō
H. Inouye	INOUYE H.
G. Shimada	SHIMADA G.
T. Hamada	HAMADA T.
Hokiichi Saitō	SAITŌ Hokiichi
Sumie Seo Mishima	MISHIMA Sumie Seo
Yosaburo Takegoshi	TAKEGOSHI Yosaburo
T. Takehara	TAKEHARA T.
N. Matsunami	MATSUNAMI N.
Namio Nakafuji	NAKAFUJI Namio
V. Chapin	
Tu Yuen-tan	
H. H. Gosho	GOSHO H. H.
Nobutaka Ike	IKE Nobutaka
Komine	KOMINE
Seiji Mori	MORI Seiji
Ushino Ishibashi	ISHIBASHI Ushino
Sakaguchi	SAKAGUCHI
Kikusaki	KIKUSAKI
Tayo Hokujo	HOKUJO Tayo
Ishibashi	ISHIBASHI
Count Sutemi Chinda	Count CHINDA Sutemi
Taketoku Kikuchi	KIKUCHI Taketoku
Kiyomaru Kawai	KAWAI Kiyomaru
Matsumi	MATSUMI
Minagawa	MINAGAWA
Kenjiro Den	DEN Kenjiro
Minoru Konda	KONDA Minoru
Shigesaburo Saito	SAITO Shigesaburo
Hayao Yoshikawa	YOSHIKAWA Hayao
Yotsumiya	YOTSUMIYA
Hoseki	
Genkuro Akaishi	AKAISHI Genkuro
Tokuji Kuroi	KUROI Tokuji
Okubo	OKUBO
Heizin	
Emperor Shomu	
Yanagi	YANAGI
Masatoshi Kuroda	KURODA Masatoshi
Kengai Abe	ABE Kengai
Chuta Ito	ITO Chuta
Chikao Shibata	SHIBATA Chikao
Naofumi Ochiai	OCHIAI Naofumi
Fujimaru	FUJIMARU
Yaichi Haga	HAGA Yaichi
Jiro Shimoda	SHIMODA Jiro
Yasuto Tsunanaga	TSUNANAGA Yasuto
Tono Fujimaru	FUJIMARU Tono
Uko Washio	WASHIO Uko
Haruyuki Yamada	YAMADA Haruyuki
Hiroshi Ishihara	ISHIHARA Hiroshi
Masa Aoki	AOKI Masa
Hanawa	HANAWA
Kikutake	KIKUTAKE
Mitsuji Masuda	MASUDA Mitsuji
Zohei Raishi	RAISHI Zohei
Iwagaki	IWAGAKI
Onohi Nagata	NAGATA Onohi
Sewake	SEWAKE
Masayoshi Seda	SEDA Masayoshi
Sanshiro Kawazu	KAWAZU Sanshiro
Reishi Nan	NAN Reishi
Yasakiyo Aoki	AOKI Yasakiyo
Rikyo Sasaki	SASAKI Rikyo
Wachiro Fujii	FUJII Wachiro
Miyoshi Ozaki	OZAKI Miyoshi
Sadaki Terauchi	TERAUCHI Sadaki
Mitsuru Minabe	MINABE Mitsuru
Kamejiro Fukuroya	FUKUROYA Kamejiro
Rojin Banju	BANJU Rojin
Saburo Shimada	SHIMADA Saburo
Ihei Uegaki	UEGAKI Ihei
Ichiji	
Hidemi Omori	OMORI Hidemi
Ginbei Iye	IYE Ginbei
Zohei Gohara	GOHARA Zohei
Makoto Mochizuki	MOCHIZUKI Makoto
Sadaichi Ishimura	ISHIMURA Sadaichi
Ihachi Suguraya	SUGURAYA Ihachi
Shinpei Kobayashi	KOBAYASHI Shinpei
Fumio Sanno	SANNO Fumio
Fumio Murata	MURATA Fumio
Masahide Ishihara	ISHIHARA Masahide
Yoshiharu Morita	MORITA Yoshiharu
Masaichi Ito	ITO Masaichi
Toyomi Matsumoto	MATSUMOTO Toyomi
Katsuo Maruyama	MARUYAMA Katsuo
Kada	KADA
Hiromachi Okada	OKADA Hiromachi
Hiroshi Matsuhara	MATSUHARA Hiroshi
Horii	HORII
Keijiro Iwata	IWATA Keijiro
Muneyoshi Takatsubo	TAKATSUBO Muneyoshi
Juji Enomoto	ENOMOTO Juji
Genko Kishida	KISHIDA Genko
Gen'ichiro Fukuchi	FUKUCHI Gen'ichiro
Ryushu Takatani	TAKATANI Ryushu
Seiichi Koike	KOIKE Seiichi
Wakayama	WAKAYAMA
Torao Furuta	FURUTA Torao
Koichi Nozawa	NOZAWA Koichi
Shinzo Mitsunaga	MITSUNAGA Shinzo
Kenji Takeuchi	TAKEUCHI Kenji
Maichi Shirosaki	SHIROSAKI Maichi
Tetsusaburo Sakuma	SAKUMA Tetsusaburo
Yasuhiro Minamitane	MINAMITANE Yasuhiro
Takenosuke Sakaguchi	SAKAGUCHI Takenosuke
Hajime Kato	KATO Hajime
Tokiji Nagaoka	NAGAOKA Tokiji
Kentaro Imai	IMAI Kentaro
Sainosuke Akita	AKITA Sainosuke
Haruo Maekawa	MAEKAWA Haruo
Ichihei Kurihara	KURIHARA Ichihei
Yoshihiko Taniguchi	TANIGUCHI Yoshihiko
Sadakichi Tamaki	TAMAKI Sadakichi
Jubei Hashimoto	HASHIMOTO Jubei
Tojiro Iwakura	IWAKURA Tojiro
Kurahashi	KURAHASHI
Tetsuhiko Sawanabe	SAWANABE Tetsuhiko
Tamesaburo Ota	OTA Tamesaburo
Yashiro	YASHIRO
Kenjiro Sumimoto	SUMIMOTO Kenjiro
Sugiura	SUGIURA
Genichi Kato	KATO Genichi
Masujiro Sugita	SUGITA Masujiro
Toyomune Minamoto	MINAMOTO Toyomune
Taro Moribayashi	MORIBAYASHI Taro
Seisensui Ogiwara	OGIWARA Seisensui
Seiichiro Okazaki	OKAZAKI Seiichiro
Kawane	KAWANE
Tadanao Nakayama	NAKAYAMA Tadanao
H. Amano	AMANO H.
Itagaki	ITAGAKI
Rinyo Kosaku	KOSAKU Rinyo
Yoshino Kamibara	KAMIBARA Yoshino
Junichiro Kodama	KODAMA Junichiro
Masaichiro Matsuda	MATSUDA Masaichiro
Masato Iwamura	IWAMURA Masato
Kasho Machida	MACHIDA Kasho
Yahichi Kineya	KINEYA Yahichi
Minetaro Yamanaka	YAMANAKA Minetaro
Jun'ichiro Tanizaki	TANIZAKI Jun'ichiro
Junzo Kato	KATO Junzo
Shofu Matsumura	MATSUMURA Shofu
Ashihei Hino	HINO Ashihei
Taisuke Seki	SEKI Taisuke
Hakuyo Nakamura	NAKAMURA Hakuyo
Tatsuo Hayashi	HAYASHI Tatsuo
Hajime Hirai	HIRAI Hajime
Masashi Kobayashi	KOBAYASHI Masashi
Akira Maeda	MAEDA Akira
Tahara	TAHARA
Gin Igarashi	IGARASHI Gin
Teiju Nishimura	NISHIMURA Teiju
Guido Reni	
Domenichino	
T. G. Tsukahira	TSUKAHIRA T. G.
Moriichi Sakamoto	SAKAMOTO Moriichi
Ryoichi Takiyama	TAKIYAMA Ryoichi
Yoshi Chika Yoshida	YOSHIDA Yoshi Chika
Chika Yoshida	YOSHIDA Chika
Kiso Tsuru	
Masao Imuro Ota	OTA Masao Imuro
Paetau	
Hokei Yanagisawa	YANAGISAWA Hokei
Hyoe Ouchi	OUCHI Hyoe
Seiichi Katsumata	KATSUMATA Seiichi
Kiyoshi Nagata	NAGATA Kiyoshi
Mr. Boha	
Mr. Yamada	Mr. YAMADA
K. Yuasa	YUASA K.
Arito Yatugi	YATUGI Arito
Goro Isimaru	ISIMARU Goro
Tosio Murata	MURATA Tosio
Katumi Watari	WATARI Katumi
Yuzuru Sanematu	SANEMATU Yuzuru
Yoshio Sudo	SUDO Yoshio
Rai Ishida	ISHIDA Rai
Toru Nagae	NAGAE Toru
Tadashi Yoshida	YOSHIDA Tadashi
Chiyokichi Kato	KATO Chiyokichi
Mitsuo Niwa	NIWA Mitsuo
Tokue Ohashi	OHASHI Tokue
Kenzo Nakasato	NAKASATO Kenzo
Iori Kawabe	KAWABE Iori
Kenbun Fujiki	FUJIKI Kenbun
Shoichiro Kizaki	KIZAKI Shoichiro
Isaku Yamada	YAMADA Isaku
Kiyoshi Hashimoto	HASHIMOTO Kiyoshi
Ryuichi Ohira	OHIRA Ryuichi
Kikuji Nakayama	NAKAYAMA Kikuji
Suekichi Hirose	HIROSE Suekichi
Takekatu Endo	ENDO Takekatu
Kazuo Imai	IMAI Kazuo
Magoto Takita	TAKITA Magoto
Sigeyoshi Sakabe	SAKABE Sigeyoshi
Moritosi Maeda	MAEDA Moritosi
Ichiro Ito	ITO Ichiro
Takeo Omori	OMORI Takeo
Sueo Mimura	MIMURA Sueo
Sadayosi Nakayama	NAKAYAMA Sadayosi
Hisashi Nihei	NIHEI Hisashi
Eitaro Kato	KATO Eitaro
Hayabuchi	HAYABUCHI
Akutagawa	AKUTAGAWA
Nakahara	NAKAHARA
Uzawa	UZAWA
Takeo Haraguchi	HARAGUCHI Takeo
Kanichi Naitō	NAITŌ Kanichi
Keiji Shibazaki	SHIBAZAKI Keiji
Yorishada Tokugawa	TOKUGAWA Yorishada
Kenryō Satō	SATŌ Kenryō
Yoshiei Aida	AIDA Yoshiei
Jutaro Kori	KORI Jutaro
Kosei Shimizugawa	SHIMIZUGAWA Kosei
Eiichi Okajima	OKAJIMA Eiichi
Nimaru Tanoue	TANOUE Nimaru
Teikichi Okimura	OKIMURA Teikichi
Agarie	AGARIE
Fumio Takinami	TAKINAMI Fumio
Hikozō Saitō	SAITŌ Hikozō
Masao Oshiro	OSHIRO Masao
Kurajirō Ishikawa	ISHIKAWA Kurajirō
Kichihei Hoshi	HOSHI Kichihei
Kunio Yasuda	YASUDA Kunio
Seisaburō Mukoyama	MUKOYAMA Seisaburō
Okura Araiwa	ARAIWA Okura
Hiroshi Amari	AMARI Hiroshi
Mototarō Shimizu	SHIMIZU Mototarō
Jun Sakurai	SAKURAI Jun
Yoshitomi Naitō	NAITŌ Yoshitomi
Tokio Yamagata	YAMAGATA Tokio
Tadao Yamada	YAMADA Tadao
Manpei Takaichi	TAKAICHI Manpei
Akira Masuyama	MASUYAMA Akira
Masamasa Ishihara	ISHIHARA Masamasa
Akira Nishimura	NISHIMURA Akira
Keiji Katō	KATŌ Keiji
Nobuichi Takeda	TAKEDA Nobuichi
Masao Kida	KIDA Masao
Setsuichi Sakurai	SAKURAI Setsuichi
Yukio Kimura	KIMURA Yukio
Shiro Nishimoto	NISHIMOTO Shiro
Mrs. Shiro Nishimoto	Mrs. NISHIMOTO Shiro
Take Ehara	EHARA Take
Koroku Haniu	HANIU Koroku
Yuhachi Haniu	HANIU Yuhachi
Masao Ouka	OUKA Masao
Shinsaku Yamagishi	YAMAGISHI Shinsaku
Saburō Suzuki	SUZUKI Saburō
Takao Arai	ARAI Takao
Tarō Sukagawa	SUKAGAWA Tarō
Eisaku Iino	IINO Eisaku
Saijirō Tsuji	TSUJI Saijirō
Haruo Nakagawa	NAKAGAWA Haruo
Kihei Funai	FUNAI Kihei
Saiji Joto	JOTO Saiji
Shigeru Takaichi	TAKAICHI Shigeru
Akio Kawase	KAWASE Akio
Shigeyoshi Bise	BISE Shigeyoshi
Ryōhei Katayama	KATAYAMA Ryōhei
Kiichirō Suzuki	SUZUKI Kiichirō
Kenichi Satō	SATŌ Kenichi
Kōichi Sasaki	SASAKI Kōichi
Hideji Omura	OMURA Hideji
Shinichi Akiba	AKIBA Shinichi
Tetsuzō Kokubu	KOKUBU Tetsuzō
Watarō Seo	SEO Watarō
Ryūichi Shintaku	SHINTAKU Ryūichi
Takuichi Morita	MORITA Takuichi
Shunji Igarashi	IGARASHI Shunji
Itaru Utsunomiya	UTSUNOMIYA Itaru
Yasumitsu Shinsaki	SHINSAKI Yasumitsu
Sadahiko Kondō	KONDŌ Sadahiko
Masatarō Kimura	KIMURA Masatarō
Rokurō Yoshikawa	YOSHIKAWA Rokurō
Takenosuke Honda	HONDA Takenosuke
Masaji Irie	IRIE Masaji
Kyūhei Gashu	GASHU Kyūhei
Kitagawa	KITAGAWA
Heizō Taira	TAIRA Heizō
Yukio Yajima	YAJIMA Yukio
Takeji Furukawa	FURUKAWA Takeji
Toraichi Watanabe	WATANABE Toraichi
Osamu Iwashita	IWASHITA Osamu
Hajime Nakabayashi	NAKABAYASHI Hajime
Gorō Miyasaki	MIYASAKI Gorō
Hideji Fushimi	FUSHIMI Hideji
Yakichi Fukunaga	FUKUNAGA Yakichi
Torao Harada	HARADA Torao
Saburō Koyama	KOYAMA Saburō
Seishirō Fujii	FUJII Seishirō
Moto Miyahara	MIYAHARA Moto
Hideji Sugimori	SUGIMORI Hideji
Yoshio Fushimi	FUSHIMI Yoshio
Moto Matsuzaki	MATSUZAKI Moto
Tadanao Yamasaki	YAMASAKI Tadanao
Hosokawa	HOSOKAWA
Ryōichi Furuta	FURUTA Ryōichi
Kaihara	KAIHARA
Morigawa	MORIGAWA
Mrs. Tokujiro Furuta	Mrs. FURUTA Tokujiro
Tōgō Heihachirō	TŌGŌ Heihachirō
Kuwaki	KUWAKI
Shigeru Yokoyama	YOKOYAMA Shigeru
Takami Nishizaka	NISHIZAKA Takami
Saburō Sakurai	SAKURAI Saburō
Anzai	ANZAI
Omurasaki	OMURASAKI
Shigeki Hayashi	HAYASHI Shigeki
Masao Katō	KATŌ Masao
Yorishige	
Oyuga Higa	HIGA Oyuga
Masaichi Ishihara	ISHIHARA Masaichi
Seishirō Nemoto	NEMOTO Seishirō
Mrs. Seishirō Nemoto	Mrs. NEMOTO Seishirō
Katsuji Inoue	INOUE Katsuji
Antonio Nishimura	NISHIMURA Antonio
Fukushima	FUKUSHIMA
Kiyozō Kuwahara	KUWAHARA Kiyozō
Genji Tomino	TOMINO Genji
Sugahara	SUGAHARA
Otsubo	OTSUBO
Sakima	SAKIMA
Nagata	NAGATA
Zenuemon Shoji	SHOJI Zenuemon
Kenzo Tanabe	TANABE Kenzo
Seizo Ikeda	IKEDA Seizo
Kojiro Tanaka	TANAKA Kojiro
Komazo Yoshida	YOSHIDA Komazo
Sonichi Ogura	OGURA Sonichi
Tadashi Inatomi	INATOMI Tadashi
Unai Makino	MAKINO Unai
Tetsuo Tomari	TOMARI Tetsuo
Kyuhei Gashu	GASHU Kyuhei
Jin-ichi Yasukawa	YASUKAWA Jin-ichi
Suetomo Hiragawa	HIRAGAWA Suetomo
Naguo Morita	MORITA Naguo
Nagamura	NAGAMURA
Kamero Hamamura	HAMAMURA Kamero
Torazo Akiyoshi	AKIYOSHI Torazo
Jiro Uehara	UEHARA Jiro
Fumio Furuyama	FURUYAMA Fumio
Yokichi Miura	MIURA Yokichi
Takeo Morimoto	MORIMOTO Takeo
Tokuji Kaeriyama	KAERIYAMA Tokuji
M. Takimoto	TAKIMOTO M.
Eiichi Nakaya	NAKAYA Eiichi
Mitsugu Watanabe	WATANABE Mitsugu
Miyoshi Aiboshi	AIBOSHI Miyoshi
Okimura	OKIMURA
Takinami	TAKINAMI
Takaichi	TAKAICHI
Yukie Maegawa	MAEGAWA Yukie
Shiro Yonai	YONAI Shiro
Nobumi Ito	ITO Nobumi
Saburo Kido	KIDO Saburo
Minoru Yasui	YASUI Minoru
Nobusada Shimomura	SHIMOMURA Nobusada
Yataro Orai	ORAI Yataro
Kameda	KAMEDA
Jiro Yokozaki	YOKOZAKI Jiro
Shintaku	SHINTAKU
Morihiro Higashikuni	HIGASHIKUNI Morihiro
Kuribayashi	KURIBAYASHI
Osamu Tsuboka	TSUBOKA Osamu
Yoshi Murakami	MURAKAMI Yoshi
Rokuro Suzuki	SUZUKI Rokuro
Shin Okada	OKADA Shin
Chen Chu Hui	
Chen Chun Pu	
Yu Chin-ho	
Shusuke Suzuki	SUZUKI Shusuke
Mr. Iguchi	Mr. IGUCHI
Denshichi Okawachi	OKAWACHI Denshichi
Yukitake Nikaido	NIKAIDO Yukitake
Nakahata	NAKAHATA
Tobita	TOBITA
Umeki	UMEKI
Shigenori Tashiro	TASHIRO Shigenori
Kenkichi Kimura	KIMURA Kenkichi
Shinji Sekito	SEKITO Shinji
Sagataro Kaku	KAKU Sagataro
Tsunejiro Shimizu	SHIMIZU Tsunejiro
Shogo Ishibashi	ISHIBASHI Shogo
Dr. Koki	Dr. KOKI
Ukane	UKANE
Sekine	SEKINE
Nakazawa	NAKAZAWA
Sōmei Tō	TŌ Sōmei
Kazuo Kubota	KUBOTA Kazuo
Shizuo Kobayashi	KOBAYASHI Shizuo
Asho Ro	
Asho Rin	
Kiroku Rai	
Professor Horiuchi	Professor HORIUCHI
Horai Katayama	KATAYAMA Horai
Kyosuke Matsui	MATSUI Kyosuke
Yasuji Kikuchi	KIKUCHI Yasuji
Seiryo Masuda	MASUDA Seiryo
Sogoro Horiuchi	HORIUCHI Sogoro
Misao Miyata	MIYATA Misao
Senjiro Teranishi	TERANISHI Senjiro
Kokuki Teranishi	TERANISHI Kokuki
Keien Ko	
Chosei Ko	
Jiro Morioka	MORIOKA Jiro
To Gin-bun	
Yo Yo-sei	
Ban Shi-chi	
Chai Shin-gen	
Sai Kin-to	
Chin Shin-i	
Sanzo Nozaka	NOZAKA Sanzo
Koshi	
T. Abie	ABIE T.
Toshiye Yamashita	YAMASHITA Toshiye
Yoshichi Mitsui	MITSUI Yoshichi
Siusi Saito	SAITO Siusi
Hasekura Rokuemon Tsunenaga	HASEKURA Rokuemon Tsunenaga
G. Serato	SERATO G.
W. Hebeedo	
Ennosuke Touji	TOUJI Ennosuke
Masafumi Aoyama	AOYAMA Masafumi
Tōjirō Kurahashi	KURAHASHI Tōjirō
Hachitaro Taki	TAKI Hachitaro
Naganori	
Saburo Inoue	INOUE Saburo
Hayashi Ken	HAYASHI Ken
Juzaburo Ishii	ISHII Juzaburo
Shigeo Tajima	TAJIMA Shigeo
Turuhagua	
Naotaro Kobayashi	KOBAYASHI Naotaro
E. W. Eaton	
Ote Kamade	KAMADE Ote
Matauahi Haruse	HARUSE Matauahi
H. Hama	HAMA H.
Kiyokatsu Satō	SATŌ Kiyokatsu
Nobuko	
Rear Admiral Uematsu	Rear Admiral UEMATSU
Empress Jingū	
Hangaku Gozen	
Empress Kōmyō	
Sei Shōnagon	
Murasaki Shikibu	
Kesa Gozen	
Ono no Komachi	
Hōjō Masako	
Bifukumon-in	
Nogi Maresuke	NOGI Maresuke
Kikuchi Kan	KIKUCHI Kan
Tayama Katai	TAYAMA Katai
Mushanokōji Saneatsu	MUSHANOKŌJI Saneatsu
Arishima Takeo	ARISHIMA Takeo
Gō Yoshihiro	GŌ Yoshihiro
Tōyama Mitsuru	TŌYAMA Mitsuru
Emperor Kinmei	
Shin Shibata	SHIBATA Shin
Dr. Mitsui	Dr. MITSUI
V. Tsuru	TSURU V.
R. Ninomiya	NINOMIYA R.
S. Yamagata	YAMAGATA S.
K. Ebina	EBINA K.
Shintaro Hara	HARA Shintaro
I. Kawashima	KAWASHIMA I.
S. Aseno	ASENO S.
I. Tauda	TAUDA I.
T. Abiko	ABIKO T.
Kakuzo Ichimaru	ICHIMARU Kakuzo
K. Hatakeyama	HATAKEYAMA K.
K. Okagaki	OKAGAKI K.
Eigo Higashi	HIGASHI Eigo
Asae Ichimaru	ICHIMARU Asae
K. Abiko	ABIKO K.
Tadahiro Tamaki	TAMAKI Tadahiro
Date	DATE
Yamashiro	YAMASHIRO
E. E. Eaton	
Ki-Nu-Yema	
Tokugawa Ienari	TOKUGAWA Ienari
Ōshio Heihachirō	ŌSHIO Heihachirō
Kiokatsu Satō	SATŌ Kiokatsu
Kohei Ochi	OCHI Kohei
Rinosuke Kawachi	KAWACHI Rinosuke
Captain Kumano	Captain KUMANO
Antonio Y. Kurachi	KURACHI Antonio Y.
Tokichi Umaba	UMABA Tokichi
Nimo	NIMO
Kurachi	KURACHI
Kataho Nimo	NIMO Kataho
So Yasuhara	YASUHARA So
Minoru Tajii	TAJII Minoru
Teizo Nishi	NISHI Teizo
M. Kurikawa	KURIKAWA M.
Nitobe Inazō	NITOBE Inazō
Kurusu	KURUSU
Hiro Yuasa	YUASA Hiro
Motuo Hokenura	HOKENURA Motuo
L. Fujita	FUJITA L.
Jirō Hasegawa	HASEGAWA Jirō
Fujimura	FUJIMURA
Kenishi Tomita	TOMITA Kenishi
Nobuo Nakamura	NAKAMURA Nobuo
Tsuguharu Foujita	FOUJITA Tsuguharu
Jiro Hasegawa	HASEGAWA Jiro
Viscount Ishii Kikujirō	Viscount ISHII Kikujirō
Tsao Kun	
Hioki Eki	HIOKI Eki
Komura Jutarō	KOMURA Jutarō
M. Sakamoto	SAKAMOTO M.
Han Fuju	
Hu Hanmin	
Hamakichi Nonaka	NONAKA Hamakichi
Somei To	TO Somei
Chozen Ri	
Shoren Cho	
Sōmei To	TO Sōmei
Mrs. Soriano	
A. D. Hansen	
Fusajiro Abe	ABE Fusajiro
Naohiko Masaki	MASAKI Naohiko
Shuzo Aoki	AOKI Shuzo
Yoshiaki Fujimura	FUJIMURA Yoshiaki
Shigeru Morita	MORITA Shigeru
Kaichiro Nezu	NEZU Kaichiro
Komao Odaira	ODAIRA Komao
Shintaro Ohashi	OHASHI Shintaro
Masao Otani	OTANI Masao
Mikita Sakata	SAKATA Mikita
Masaue Inada	INADA Masaue
Katsutaro Inahata	INAHATA Katsutaro
Yonejiro Ito	ITO Yonejiro
Fujiya Suzuki	SUZUKI Fujiya
Chokuro Kadono	KADONO Chokuro
Nobusuke Takatsukasa	TAKATSUKASA Nobusuke
Eikichi Ketsuta	KETSUTA Eikichi
Ginjiro Katsuta	KATSUTA Ginjiro
Kyujiro Yamada	YAMADA Kyujiro
Kusuyata Kimura	KIMURA Kusuyata
Kankichi Yukawa	YUKAWA Kankichi
Motosada Zumoto	ZUMOTO Motosada
Kin-ichi Komura	KOMURA Kin-ichi
Manzo Kushida	KUSHIDA Manzo
Isei Otsuka	OTSUKA Isei
Gyoji Arai	ARAI Gyoji
Tokutaro Sakai	SAKAI Tokutaro
Jinnosuke Takaku	TAKAKU Jinnosuke
Teiji Goto	GOTO Teiji
Tadataka Hirohata	HIROHATA Tadataka
Daizaburo Tsugita	TSUGITA Daizaburo
Keiichi Kubota	KUBOTA Keiichi
Choji Minabe	MINABE Choji
Tetsuzo Watanabe	WATANABE Tetsuzo
Taneki Kumabe	KUMABE Taneki
Dainobu	DAINOBU
Kiyoshi Nakarai	NAKARAI Kiyoshi
Kaneko Kentarō	KANEKO Kentarō
Genji Kuribara	KURIBARA Genji
Tsuneshiro Yamazaki	YAMAZAKI Tsuneshiro
Viscount Nobutsune Oda	Viscount ODA Nobutsune
Kuramatsu Kishi	KISHI Kuramatsu
Itsuo Goto	GOTO Itsuo
Kiyoshi Ishikawa	ISHIKAWA Kiyoshi
Masataka Matsukuma	MATSUKUMA Masataka
Ikichi Takashima	TAKASHIMA Ikichi
Yokichi Okajima	OKAJIMA Yokichi
Sueo Tanaka	TANAKA Sueo
Takenosuke Nozawa	NOZAWA Takenosuke
Jotaro Takayanagi	TAKAYANAGI Jotaro
Hitoshi Sugiura	SUGIURA Hitoshi
Meiko Nagashima	NAGASHIMA Meiko
Hironobu Inoue	INOUE Hironobu
Shintaro Iwasaki	IWASAKI Shintaro
Hayato Kudo	KUDO Hayato
Hidesato Ozeki	OZEKI Hidesato
Kozo Yoshida	YOSHIDA Kozo
Jinzo Takao	TAKAO Jinzo
Shoichi Kanki	KANKI Shoichi
Takeo Kinoshita	KINOSHITA Takeo
Shigehisa Kawamura	KAWAMURA Shigehisa
Takemi Miura	MIURA Takemi
Chikayuki Akagi	AKAGI Chikayuki
Yayoi Iwanaga	IWANAGA Yayoi
Kichiji Suematsu	SUEMATSU Kichiji
Katsutaro Miyazaki	MIYAZAKI Katsutaro
Masaomi Yoshitomi	YOSHITOMI Masaomi
Tadakatsu Suzuki	SUZUKI Tadakatsu
Yoshitaro Yamada	YAMADA Yoshitaro
Shiro Murai	MURAI Shiro
Naomichi Tanaka	TANAKA Naomichi
Benji Yamanaka	YAMANAKA Benji
Kenjiro Kitajima	KITAJIMA Kenjiro
Toyoki Nagakawa	NAGAKAWA Toyoki
Tadashi Masaya	MASAYA Tadashi
Shunsuke Asada	ASADA Shunsuke
Seifu Inagaki	INAGAKI Seifu
Tatsuoki Sakamoto	SAKAMOTO Tatsuoki
Manki Doi	DOI Manki
Fumio Morita	MORITA Fumio
Kanzo Shiozaki	SHIOZAKI Kanzo
Eijiro Fukada	FUKADA Eijiro
Tetsunosuke Kashima	KASHIMA Tetsunosuke
Yoshinori Hanawa	HANAWA Yoshinori
Shoshiro Sato	SATO Shoshiro
Denjiro Kato	KATO Denjiro
Go Inoue	INOUE Go
Shinichi Shibusawa	SHIBUSAWA Shinichi
Takashi Mori	MORI Takashi
Tadao Sato	SATO Tadao
Kiyoshi Tsutsui	TSUTSUI Kiyoshi
Joji Machida	MACHIDA Joji
Ken Tsurumi	TSURUMI Ken
Shigetomo Saegusa	SAEGUSA Shigetomo
Kanekiyo Ijuin	IJUIN Kanekiyo
Saekichi Suetomo	SUETOMO Saekichi
Tsueo Matsumura	MATSUMURA Tsueo
Shokichi Okubo	OKUBO Shokichi
Shigehide Osawa	OSAWA Shigehide
Masataka Okuma	OKUMA Masataka
Shingo Tamura	TAMURA Shingo
Shoichi Nakayama	NAKAYAMA Shoichi
Yoshio Muto	MUTO Yoshio
Katsumi Niino	NIINO Katsumi
Hiroyuki Kawai	KAWAI Hiroyuki
Tsuneo Yanai	YANAI Tsuneo
Kyuichi Kano	KANO Kyuichi
Harukazu Nagaoka	NAGAOKA Harukazu
Shin Sakuma	SAKUMA Shin
Motoharu Shichida	SHICHIDA Motoharu
Ichiji Kameyama	KAMEYAMA Ichiji
Jotaro Kanda	KANDA Jotaro
Masatoshi Akiyama	AKIYAMA Masatoshi
Hiroshi Kawamura	KAWAMURA Hiroshi
Toshitaka Okubo	OKUBO Toshitaka
Viscount Seiichi Motono	Viscount MOTONO Seiichi
Masutaro Inouye	INOUYE Masutaro
Masaharu Shimada	SHIMADA Masaharu
Katsusaburo Sasaki	SASAKI Katsusaburo
Shigeru Shimada	SHIMADA Shigeru
Yoshiro Ando	ANDO Yoshiro
Hyoji Nihei	NIHEI Hyoji
Kiichi Gunji	GUNJI Kiichi
Yoshizo Tanaka	TANAKA Yoshizo
Kaoru Maki	MAKI Kaoru
Eishiro Nuida	NUIDA Eishiro
Baron Keizo Fujii	Baron FUJII Keizo
Takeshi Tsukamoto	TSUKAMOTO Takeshi
Shichitaro Yada	YADA Shichitaro
Kozo Ichige	ICHIGE Kozo
Shinichi Chiba	CHIBA Shinichi
Shojiro Otaka	OTAKA Shojiro
Toyokichi Fukuma	FUKUMA Toyokichi
Viscount Kintomo Mushakoji	Viscount MUSHAKOJI Kintomo
Saburo Kato	KATO Saburo
Yujiro Sugishita	SUGISHITA Yujiro
Riye Watanabe	WATANABE Riye
Yasukichi Nagata	NAGATA Yasukichi
Kikuo Kobayashi	KOBAYASHI Kikuo
Kiyoshi Nagai	NAGAI Kiyoshi
Toshiharu Harima	HARIMA Toshiharu
Shintaro Kawashima	KAWASHIMA Shintaro
Sentaro Ueda	UEDA Sentaro
Waro Moriya	MORIYA Waro
Kanjo Horiuchi	HORIUCHI Kanjo
Kenjiro Hayashide	HAYASHIDE Kenjiro
Shinichi Uemura	UEMURA Shinichi
Tomio Takatsu	TAKATSU Tomio
Iyemasa Tokugawa	TOKUGAWA Iyemasa
Yoshio Iwate	IWATE Yoshio
Jun Fukui	FUKUI Jun
Arata Aoki	AOKI Arata
Kyozo Motono	MOTONO Kyozo
Yasusaburo Mori	MORI Yasusaburo
Masamoto Kitada	KITADA Masamoto
Ichiro Omori	OMORI Ichiro
Jiro Yamasaki	YAMASAKI Jiro
Teiichiro Takaoka	TAKAOKA Teiichiro
Hideo Masutani	MASUTANI Hideo
Shinjiro Matsuyama	MATSUYAMA Shinjiro
Kikuji Yonezawa	YONEZAWA Kikuji
Kenzo Ito	ITO Kenzo
Isoyo Asahi	ASAHI Isoyo
Tanichiro Yoshida	YOSHIDA Tanichiro
Utaji Nonomura	NONOMURA Utaji
Tetsujiro Kori	KORI Tetsujiro
Taku Taniguchi	TANIGUCHI Taku
Katsujiro Tamaki	TAMAKI Katsujiro
Kogyo Yonegaki	YONEGAKI Kogyo
Mizuo Narita	NARITA Mizuo
Akira Otaki	OTAKI Akira
Yuki Sato	SATO Yuki
Katsuzo Okumura	OKUMURA Katsuzo
Shigeyoshi Daga	DAGA Shigeyoshi
Sakujiro Kurihara	KURIHARA Sakujiro
Umetaro Sato	SATO Umetaro
Chosaku Mogaki	MOGAKI Chosaku
Sakae Yamasaki	YAMASAKI Sakae
Sentaro Yedo	YEDO Sentaro
Hiraku Iwanaga	IWANAGA Hiraku
Toyoji Inouye	INOUYE Toyoji
Tatsuo Sakuma	SAKUMA Tatsuo
Toyoji Kaneko	KANEKO Toyoji
Sukeyuki Akamatsu	AKAMATSU Sukeyuki
Ichitaro Shibata	SHIBATA Ichitaro
Hisakichi Okamoto	OKAMOTO Hisakichi
Tomoe Watanabe	WATANABE Tomoe
Yoshimi Sato	SATO Yoshimi
Yoshihito Sato	SATO Yoshihito
Mikaeru Shibasaki	SHIBASAKI Mikaeru
Kaoru Toyoda	TOYODA Kaoru
Motohachi Yagi	YAGI Motohachi
Kaneo Nakagawa	NAKAGAWA Kaneo
Nobuo Shigematsu	SHIGEMATSU Nobuo
Takaichi Nakano	NAKANO Takaichi
Kinya Takikawa	TAKIKAWA Kinya
Hanroku Nagaoka	NAGAOKA Hanroku
Masanaga Okudaira	OKUDAIRA Masanaga
Shizuka Mochizuki	MOCHIZUKI Shizuka
Tojiro Mogi	MOGI Tojiro
Shohei Morioka	MORIOKA Shohei
Seikichi Sato	SATO Seikichi
Toshifusa Fujimura	FUJIMURA Toshifusa
Waichi Miura	MIURA Waichi
Yoshinori Yakashiro	YAKASHIRO Yoshinori
Harunosuke Maeda	MAEDA Harunosuke
Akiyoshi Tajiri	TAJIRI Akiyoshi
Yasushi Shirai	SHIRAI Yasushi
Rokuro Goto	GOTO Rokuro
Taro Kasahara	KASAHARA Taro
Jinmatsu Azuma	AZUMA Jinmatsu
Seijiro Takiyama	TAKIYAMA Seijiro
Koichi Nishida	NISHIDA Koichi
Yasu Tagaya	TAGAYA Yasu
Takayoshi Sasaki	SASAKI Takayoshi
Onari Yoshimura	YOSHIMURA Onari
Sajihiko Aoki	AOKI Sajihiko
Jitsunosuke Noda	NODA Jitsunosuke
Hiyoshi Kato	KATO Hiyoshi
Hokeji Ototsu	OTOTSU Hokeji
Motokichi Hasegawa	HASEGAWA Motokichi
Hatsutaro Hanasato	HANASATO Hatsutaro
Sotaro Tanaka	TANAKA Sotaro
Fumio Osaki	OSAKI Fumio
Suehiko Takai	TAKAI Suehiko
Uheiji Kurematsu	KUREMATSU Uheiji
Teijiro Tamura	TAMURA Teijiro
Tokinosuke Takenouchi	TAKENOUCHI Tokinosuke
Tokihiko Takenouchi	TAKENOUCHI Tokihiko
Harutoshi Hiratsuka	HIRATSUKA Harutoshi
Yaoichi Shimizu	SHIMIZU Yaoichi
Roka Shibasaki	SHIBASAKI Roka
Wasaburo Otani	OTANI Wasaburo
Nobuichi Kondo	KONDO Nobuichi
Kunikata Ishizuka	ISHIZUKA Kunikata
Yoshiro Owaku	OWAKU Yoshiro
Takashi Toyama	TOYAMA Takashi
Tsuneshiro Yamasaki	YAMASAKI Tsuneshiro
Mitsuo Arakawa	ARAKAWA Mitsuo
Goro Uchida	UCHIDA Goro
Naosuke Nakane	NAKANE Naosuke
Seiichiro Yamasaki	YAMASAKI Seiichiro
Eizo Iwasaki	IWASAKI Eizo
Shoichi Kawaminami	KAWAMINAMI Shoichi
Saijiro Shimada	SHIMADA Saijiro
Hakuo Shibazaki	SHIBAZAKI Hakuo
Kiyoshi Kawano	KAWANO Kiyoshi
Masayoshi Urakawa	URAKAWA Masayoshi
Renji Kasuya	KASUYA Renji
Chotaro Seino	SEINO Chotaro
Hirobumi Terajima	TERAJIMA Hirobumi
Shizue Takeuchi	TAKEUCHI Shizue
Yukichi Nakano	NAKANO Yukichi
Seiichiro Nakashima	NAKASHIMA Seiichiro
Toyozo Kawanishi	KAWANISHI Toyozo
Tetsuo Umimoto	UMIMOTO Tetsuo
Nobumasa Sato	SATO Nobumasa
Mitsuo Hamaguchi	HAMAGUCHI Mitsuo
Yoshiro Yamashita	YAMASHITA Yoshiro
Chuichiro Harada	HARADA Chuichiro
Jiro Kurosawa	KUROSAWA Jiro
Ushio Munemura	MUNEMURA Ushio
Jiro Tomoda	TOMODA Jiro
Tokitaro Kuroki	KUROKI Tokitaro
Akira Yamaji	YAMAJI Akira
Fujio Minoda	MINODA Fujio
Masaaki Tomiya	TOMIYA Masaaki
Kakumei Kasuga	KASUGA Kakumei
Tan-un Kodani	KODANI Tan-un
Tsutomu Suwa	SUWA Tsutomu
Masaki Yodogawa	YODOGAWA Masaki
Seishuku Ogata	OGATA Seishuku
Tametaro Yamaguchi	YAMAGUCHI Tametaro
Tadao Kawasumi	KAWASUMI Tadao
Seigo Sasaki	SASAKI Seigo
Bunichiro Tanaka	TANAKA Bunichiro
Kozo Izumi	IZUMI Kozo
Yukio Koyanagi	KOYANAGI Yukio
Mineichiro Adachi	ADACHI Mineichiro
Morizo Ida	IDA Morizo
Heitaro Yokotake	YOKOTAKE Heitaro
Kanso Morita	MORITA Kanso
Meijiro Hara	HARA Meijiro
Kesaemon Kawatani	KAWATANI Kesaemon
Shigemitsu Iwamura	IWAMURA Shigemitsu
Ichitaro Kawamura	KAWAMURA Ichitaro
Funao Miyakawa	MIYAKAWA Funao
Tokitomo Fuchi	FUCHI Tokitomo
Yasundo Shuto	SHUTO Yasundo
Torao Wakamatsu	WAKAMATSU Torao
Hisao Yanai	YANAI Hisao
Tadao Sajima	SAJIMA Tadao
Nobuichi Mikuriya	MIKURIYA Nobuichi
Tamao Sakamoto	SAKAMOTO Tamao
Keizo Naito	NAITO Keizo
Minoru Hirata	HIRATA Minoru
Shirao Shibasaki	SHIBASAKI Shirao
Taizo Kitazawa	KITAZAWA Taizo
Akira Tajima	TAJIMA Akira
Manabu Arino	ARINO Manabu
Tsuruya Tamaki	TAMAKI Tsuruya
Motokichi Seino	SEINO Motokichi
Nariyoshi Kuga	KUGA Nariyoshi
Sadayoshi Takazawa	TAKAZAWA Sadayoshi
Ryusuke Moriyama	MORIYAMA Ryusuke
Shozo Endo	ENDO Shozo
Niura Saito	SAITO Niura
Noritake Yoshioka	YOSHIOKA Noritake
Iichi Kishi	KISHI Iichi
Shoji Ogata	OGATA Shoji
Tadao Kudo	KUDO Tadao
Suemitsu Kadowaki	KADOWAKI Suemitsu
Tsuneo Mayama	MAYAMA Tsuneo
Shigeshi Motoi	MOTOI Shigeshi
Hiroshi Yoshida	YOSHIDA Hiroshi
Keizo Hishikawa	HISHIKAWA Keizo
Motoki Matsumura	MATSUMURA Motoki
Naokichi Kitazawa	KITAZAWA Naokichi
Tsuru Kuwahara	KUWAHARA Tsuru
Shintaro Sato	SATO Shintaro
Nikichi Hara	HARA Nikichi
Saburo Kasahara	KASAHARA Saburo
Saku Tanaka	TANAKA Saku
Jiro Otani	OTANI Jiro
Jugi Saida	SAIDA Jugi
Harusaburo Shimaoka	SHIMAOKA Harusaburo
Shaku Kohase	KOHASE Shaku
Hirokichi Nemichi	NEMICHI Hirokichi
Taizen Bun	
Kametaro Hadano	HADANO Kametaro
Katsuji Kako	KAKO Katsuji
Yashichi Sekoo	SEKOO Yashichi
Kyuko Okamoto	OKAMOTO Kyuko
Hikozo Tanaka	TANAKA Hikozo
Ryuta Takeuchi	TAKEUCHI Ryuta
Eisei Terasaki	TERASAKI Eisei
Yoji Hirota	HIROTA Yoji
Shu Yosano	YOSANO Shu
Katsushiro Narita	NARITA Katsushiro
Ren Naruse	NARUSE Ren
Nobutoshi Mizuta	MIZUTA Nobutoshi
Naokichi Katsuta	KATSUTA Naokichi
Kaoru Hara	HARA Kaoru
Kakichi Ozawa	OZAWA Kakichi
Setsuo Hirose	HIROSE Setsuo
Viscount Takanori Iwaki	Viscount IWAKI Takanori
Bumajiro Takahashi	TAKAHASHI Bumajiro
Takeo Iino	IINO Takeo
Kogo Kuroda	KURODA Kogo
Takeshi Ono	ONO Takeshi
Shiro Nagai	NAGAI Shiro
Kazuo Miura	MIURA Kazuo
Kan Yoshida	YOSHIDA Kan
Kyo Mori	MORI Kyo
Ryudai Shimazu	SHIMAZU Ryudai
Ginjiro Sumino	SUMINO Ginjiro
Taizo Watanabe	WATANABE Taizo
Seiichi Osawa	OSAWA Seiichi
Shigeto Yubashi	YUBASHI Shigeto
Takeo Himiya	HIMIYA Takeo
Hide Yoshano	YOSHANO Hide
Minoru Kinoshita	KINOSHITA Minoru
Ryuichi Harada	HARADA Ryuichi
Kei Iwanaga	IWANAGA Kei
Motokichi Kiyono	KIYONO Motokichi
Isamu Shoji	SHOJI Isamu
Kyoyo Shinozuka	SHINOZUKA Kyoyo
Seisaburo Sendoda	SENDODA Seisaburo
Kyuichi Shimokawa	SHIMOKAWA Kyuichi
Tomohide Naito	NAITO Tomohide
Toyomitsu Isaka	ISAKA Toyomitsu
Shigenobu Shima	SHIMA Shigenobu
Kiyoshi Aiba	AIBA Kiyoshi
Eijiro Mihara	MIHARA Eijiro
Hironobu Onouye	ONOUYE Hironobu
Hideharu Matsubara	MATSUBARA Hideharu
Kansei Inouye	INOUYE Kansei
Motonosuke Yonekawa	YONEKAWA Motonosuke
Mineo Nomoto	NOMOTO Mineo
Nobukatsu Nagaoka	NAGAOKA Nobukatsu
Nobukazu Kamimura	KAMIMURA Nobukazu
Ichiro Aoyagi	AOYAGI Ichiro
Ryuji Takeuchi	TAKEUCHI Ryuji
Kiura Saito	SAITO Kiura
Shoshiro Narita	NARITA Shoshiro
Masaru Yozano	YOZANO Masaru
Saburo Ota	OTA Saburo
Jiro Isogai	ISOGAI Jiro
Kanzo Shiosaki	SHIOSAKI Kanzo
Tatsuki Sakamoto	SAKAMOTO Tatsuki
Yayoi Nagaiwa	NAGAIWA Yayoi
Yozo Hirota	HIROTA Yozo
Kaoru Saka	SAKA Kaoru
Shosei Shimada	SHIMADA Shosei
Einosuke Ishii	ISHII Einosuke
Nobuo Miyajima	MIYAJIMA Nobuo
Katsumi Niro	NIRO Katsumi
Teruhiko Hasegawa	HASEGAWA Teruhiko
Kiyoshi Fukui	FUKUI Kiyoshi
Shun Sato	SATO Shun
Tetsunosuke Kajima	KAJIMA Tetsunosuke
Hisanaru Yamada	YAMADA Hisanaru
Sakae Sekishima	SEKISHIMA Sakae
Yuzo Osono	OSONO Yuzo
Toshito Sato	SATO Toshito
Shun Tsuchiya	TSUCHIYA Shun
Jiro Arimitsu	ARIMITSU Jiro
Masa Kurihara	KURIHARA Masa
Takeo Nimiya	NIMIYA Takeo
Nagaharu Minobe	MINOBE Nagaharu
Nobuyoshi Akama	AKAMA Nobuyoshi
Tatsukichi Irisawa	IRISAWA Tatsukichi
Kanji Sato	SATO Kanji
Naoki Karino	KARINO Naoki
Shinzo Ouchi	OUCHI Shinzo
Ryuhei Shiroiwa	SHIROIWA Ryuhei
Umekichi Yoneyama	YONEYAMA Umekichi
Teizo Tsubokami	TSUBOKAMI Teizo
Koki Yokomizu	YOKOMIZU Koki
Ko Irie	IRIE Ko
Shuzo Okada	OKADA Shuzo
Ki Nagashima	NAGASHIMA Ki
Kota Omori	OMORI Kota
Momoji Nagayasu	NAGAYASU Momoji
Hanjiro Oya	OYA Hanjiro
Shiro Kiuchi	KIUCHI Shiro
Masatoshi Yokota	YOKOTA Masatoshi
Akira Miyazaki	MIYAZAKI Akira
Isoshi Asahi	ASAHI Isoshi
Kyudai Shimazu	SHIMAZU Kyudai
Shiro Ishiguro	ISHIGURO Shiro
Ko Chiba	CHIBA Ko
Kyohei Teraoka	TERAOKA Kyohei
Morisaburo Seki	SEKI Morisaburo
Shinjiro Tomura	TOMURA Shinjiro
Kuniyoshi Negishi	NEGISHI Kuniyoshi
Koreyuki Takashima	TAKASHIMA Koreyuki
Seishiro Ogawa	OGAWA Seishiro
Kojiro Inoue	INOUE Kojiro
Arekisan Nagai	NAGAI Arekisan
Shigeo Imai	IMAI Shigeo
Fujio Uchida	UCHIDA Fujio
Hiroo Furuuchi	FURUUCHI Hiroo
Nobuhiko Ushiba	USHIBA Nobuhiko
Fumihiko Kai	KAI Fumihiko
Naokichi Katsuda	KATSUDA Naokichi
Ninzo Watanabe	WATANABE Ninzo
Morio Sugi	SUGI Morio
Cho Tetsu-ju	
Kazuichi Miura	MIURA Kazuichi
Kozaemon Kawatani	KAWATANI Kozaemon
Satokazu Kawano	KAWANO Satokazu
Hideo Ota	OTA Hideo
Ryuhei Honda	HONDA Ryuhei
Jushi Moto	MOTO Jushi
Tsuneo Hayama	HAYAMA Tsuneo
Toyoji Inoue	INOUE Toyoji
Yashichi Sako	SAKO Yashichi
Wataru Okuma	OKUMA Wataru
Yujiro Iseki	ISEKI Yujiro
Otoshiro Kuroda	KURODA Otoshiro
Yu Nakagawa	NAKAGAWA Yu
Jiro Takase	TAKASE Jiro
Toshio Sasaki	SASAKI Toshio
Keiichi Tatsuke	TATSUKE Keiichi
Yoshiyuki Hanawa	HANAWA Yoshiyuki
Akira Oye	OYE Akira
Choji Akutagawa	AKUTAGAWA Choji
Tadao Kiuchi	KIUCHI Tadao
Hidetoshi Kawaguchi	KAWAGUCHI Hidetoshi
Eiichi Nomi	NOMI Eiichi
Takeki Horiuchi	HORIUCHI Takeki
Seiichi Motono	MOTONO Seiichi
Tetsu Hagiwara	HAGIWARA Tetsu
Koichiro Asami	ASAMI Koichiro
Kunzo Shimizu	SHIMIZU Kunzo
Hajime Iwoki	IWOKI Hajime
Tsuyoshi Inoue	INOUE Tsuyoshi
Yosoe Agimi	AGIMI Yosoe
Nobuo Watanabe	WATANABE Nobuo
Shunkichiro Miyoshi	MIYOSHI Shunkichiro
Keizo Fujii	FUJII Keizo
Ko Yamaguchi	YAMAGUCHI Ko
Nobubumi Ito	ITO Nobubumi
Hisakazu Kano	KANO Hisakazu
Kenkichi Yoshida	YOSHIDA Kenkichi
Yukio Toyohara	TOYOHARA Yukio
Shinichi Sano	SANO Shinichi
Kosuke Katsuno	KATSUNO Kosuke
Tomoo Watanabe	WATANABE Tomoo
Genichiro Omori	OMORI Genichiro
Sotaro Hosokawa	HOSOKAWA Sotaro
Toshio Katsube	KATSUBE Toshio
Koichi Takagi	TAKAGI Koichi
Buryo Yoshioka	YOSHIOKA Buryo
Sentaro Edo	EDO Sentaro
Soshiro Sato	SATO Soshiro
Kaneyuki Akiyama	AKIYAMA Kaneyuki
Nobuto Teraoka	TERAOKA Nobuto
Shiroshichi Kimura	KIMURA Shiroshichi
Kanji Sonoda	SONODA Kanji
Sanjiro Hanawa	HANAWA Sanjiro
Manjiro Machida	MACHIDA Manjiro
Isamu Soshi	SOSHI Isamu
On Kosakabe	KOSAKABE On
Yonosuke Ogawa	OGAWA Yonosuke
Aikichi Fukui	FUKUI Aikichi
Masao Masui	MASUI Masao
Nagatoshi Osawa	OSAWA Nagatoshi
So San-do	
Shigekazu Ozawa	OZAWA Shigekazu
Reitetsu Iwata	IWATA Reitetsu
Toshitsugu Koizumi	KOIZUMI Toshitsugu
Junichi Nagai	NAGAI Junichi
Nagayasu Nishida	NISHIDA Nagayasu
Kichinosuke Wakui	WAKUI Kichinosuke
Shigeyuki Murakami	MURAKAMI Shigeyuki
Teru Domyo	DOMYO Teru
Seizaburo Senda	SENDA Seizaburo
Seiichi Uyeda	UYEDA Seiichi
Kojiro Iwai	IWAI Kojiro
Hisaichi Shimokawa	SHIMOKAWA Hisaichi
Tasuke Saegi	SAEGI Tasuke
Jusaburo Ikejiri	IKEJIRI Jusaburo
Hideshige Terasaki	TERASAKI Hideshige
Nobuyuki Tabata	TABATA Nobuyuki
Mikaku Fukuyama	FUKUYAMA Mikaku
Takashi Taniguchi	TANIGUCHI Takashi
Kazuo Ikuta	IKUTA Kazuo
Kyoya Niisaka	NIISAKA Kyoya
Tsunehachi Mizumoto	MIZUMOTO Tsunehachi
Tokuzo Katayanagi	KATAYANAGI Tokuzo
Akira Saito	SAITO Akira
Awayuki Kotani	KOTANI Awayuki
Teruo Sugita	SUGITA Teruo
Takezo Toko	TOKO Takezo
Kogyo Yonezaki	YONEZAKI Kogyo
Takio Kida	KIDA Takio
Kotaro Nagumo	NAGUMO Kotaro
Kadori Naruse	NARUSE Kadori
Tatsuru Masaki	MASAKI Tatsuru
Yoshio Sasamoto	SASAMOTO Yoshio
Shitsujiro Shimomura	SHIMOMURA Shitsujiro
Shigeto Yuhashi	YUHASHI Shigeto
Yoshiro Okitsu	OKITSU Yoshiro
Fumiichiro Tanaka	TANAKA Fumiichiro
Yasutsugu Goto	GOTO Yasutsugu
Yoshinori Nakatsumi	NAKATSUMI Yoshinori
Chotaro Kiyono	KIYONO Chotaro
Masayasu Hashimoto	HASHIMOTO Masayasu
Seiichiro Yamazaki	YAMAZAKI Seiichiro
Tsukuru Tanaka	TANAKA Tsukuru
Yuzo Matsumura	MATSUMURA Yuzo
Sadaji Yoshitake	YOSHITAKE Sadaji
Hakuo Shibasaki	SHIBASAKI Hakuo
Renzo Kasuya	KASUYA Renzo
Rokuzo Yaguchi	YAGUCHI Rokuzo
Sadayoshi Takasawa	TAKASAWA Sadayoshi
Katsutoshi Yutani	YUTANI Katsutoshi
Kenichiro Suga	SUGA Kenichiro
Hokoji Ototsu	OTOTSU Hokoji
Michizo Ono	ONO Michizo
Shigeyoshi Kuga	KUGA Shigeyoshi
Tomotsune Ota	OTA Tomotsune
Shintaro Fukushima	FUKUSHIMA Shintaro
Seiichi Shirakura	SHIRAKURA Seiichi
Shizuo Kanaya	KANAYA Shizuo
Yoriyoshi Saita	SAITA Yoriyoshi
Shichiro Haraguchi	HARAGUCHI Shichiro
Masao Fujimoto	FUJIMOTO Masao
Katsuhiko Samejima	SAMEJIMA Katsuhiko
Teruo Hamaguchi	HAMAGUCHI Teruo
Tomiya Furuseki	FURUSEKI Tomiya
Shitoshi Sugiura	SUGIURA Shitoshi
Kiichiro Yamamoto	YAMAMOTO Kiichiro
Hideaki Kurimoto	KURIMOTO Hideaki
Tomio Koseki	KOSEKI Tomio
Shigezo Tanaka	TANAKA Shigezo
Teiji Murase	MURASE Teiji
Masayoshi Onishi	ONISHI Masayoshi
Tadayoshi Nomura	NOMURA Tadayoshi
Haruo Koga	KOGA Haruo
Miyakichi Yamaguchi	YAMAGUCHI Miyakichi
Masanao Kawamaba	KAWAMABA Masanao
Isamu Shiraishi	SHIRAISHI Isamu
Risei Yamato	YAMATO Risei
Eiichi Fukuda	FUKUDA Eiichi
Satoshi Takahashi	TAKAHASHI Satoshi
Masataka Ide	IDE Masataka
Kodai Miyaki	MIYAKI Kodai
Takehito Maikawa	MAIKAWA Takehito
Hisaji Hongo	HONGO Hisaji
Gen-i Yukawa	YUKAWA Gen-i
Torasaburo Niitani	NIITANI Torasaburo
Shizuo Shimada	SHIMADA Shizuo
Junichi Yamamoto	YAMAMOTO Junichi
Toyosaku Hirose	HIROSE Toyosaku
Shunsaku Kawahara	KAWAHARA Shunsaku
Nobukichi Ito	ITO Nobukichi
Takahiko Kawashima	KAWASHIMA Takahiko
Kisaburo Yokota	YOKOTA Kisaburo
Masa Tamura	TAMURA Masa
Hanzo Sano	SANO Hanzo
Koji Omori	OMORI Koji
Takao Kasuya	KASUYA Takao
Kijiro Miyake	MIYAKE Kijiro
Tatsuo Fukai	FUKAI Tatsuo
Kenichi Odabe	ODABE Kenichi
Tatsuichi Harada	HARADA Tatsuichi
Yoshie Yamatsu	YAMATSU Yoshie
Kensuke Sato	SATO Kensuke
Mikizo Nagai	NAGAI Mikizo
Keisuke Kojima	KOJIMA Keisuke
Shiro Hoka	HOKA Shiro
Morisumi Yoshiura	YOSHIURA Morisumi
Kosaku Tanaka	TANAKA Kosaku
Sho Hiroshima	HIROSHIMA Sho
Shigeru Hayashi	HAYASHI Shigeru
Taro Inagaki	INAGAKI Taro
Haju Hirasawa	HIRASAWA Haju
Koichi Suzuki	SUZUKI Koichi
Minato Kinugawa	KINUGAWA Minato
Yoshimitsu Ando	ANDO Yoshimitsu
Toyochiyo Nakada	NAKADA Toyochiyo
Minoru Takata	TAKATA Minoru
Yasushi Tagaya	TAGAYA Yasushi
Kametaro Watanabe	WATANABE Kametaro
Rokuro Tenda	TENDA Rokuro
Mokichi Fujimura	FUJIMURA Mokichi
Jun Ogimi	OGIMI Jun
Ichiroku Ide	IDE Ichiroku
Keizo Harada	HARADA Keizo
Tamotsu Hirooka	HIROOKA Tamotsu
Shigeo Inui	INUI Shigeo
Chuzaburo Nakajima	NAKAJIMA Chuzaburo
Ekinosuke Nakamura	NAKAMURA Ekinosuke
Hideo Harada	HARADA Hideo
Toshio Katsuno	KATSUNO Toshio
Taku Katagiri	KATAGIRI Taku
Masasuke Sonobe	SONOBE Masasuke
Sadaki Muto	MUTO Sadaki
Seikei Ogasawara	OGASAWARA Seikei
Katsumasa Furuya	FURUYA Katsumasa
Taku Sai	
Kankichi Fujita	FUJITA Kankichi
Genta Hamada	HAMADA Genta
Munetaka Iwaya	IWAYA Munetaka
Nariyuki Murakami	MURAKAMI Nariyuki
Choshun Osawa	OSAWA Choshun
Namiki Tsuchiya	TSUCHIYA Namiki
Chikata Ikeda	IKEDA Chikata
Hideakira Kitamura	KITAMURA Hideakira
Sakutaro Kato	KATO Sakutaro
Iwao Kakegawa	KAKEGAWA Iwao
Shigeru Takahashi	TAKAHASHI Shigeru
Shunji Kobayashi	KOBAYASHI Shunji
Tadahisa Matsudaira	MATSUDAIRA Tadahisa
Shinichi Hayasaki	HAYASAKI Shinichi
Masayoshi Anetsubo	ANETSUBO Masayoshi
Shichiro Suzuki	SUZUKI Shichiro
Kazukichi Inagaki	INAGAKI Kazukichi
Takeo Saito	SAITO Takeo
Eitaro Okatani	OKATANI Eitaro
Denroku Asaba	ASABA Denroku
Naotada Arihisa	ARIHISA Naotada
Tetsuo Mimura	MIMURA Tetsuo
Masanobu Kubota	KUBOTA Masanobu
Binjiro Kudo	KUDO Binjiro
Shuzo Ichikawa	ICHIKAWA Shuzo
Keiji Okabe	OKABE Keiji
Masakazu Tanaka	TANAKA Masakazu
Kikusu Komori	KOMORI Kikusu
Ryozo Tsurumi	TSURUMI Ryozo
Todoroku Kobayashi	KOBAYASHI Todoroku
Uchida, Yasuya	UCHIDA Yasuya
Horinouchi, Kensuke	HORINOUCHI Kensuke
Kurusu, Saburo	KURUSU Saburo
Matsudaira, Tsuneo	MATSUDAIRA Tsuneo
Matsuoka, Yosuke	MATSUOKA Yosuke
Wajima, Eiji	WAJIMA Eiji
Kase, Shunichi	KASE Shunichi
Masaki, Jinzaburo	MASAKI Jinzaburo
Mori, Kaku	MORI Kaku
Hirofumi Terashima	TERASHIMA Hirofumi
Hironobu Onoe	ONOE Hironobu
Tozo Shimizu	SHIMIZU Tozo
Hideharu Matsuhara	MATSUHARA Hideharu
Kansei Inoue	INOUE Kansei
Rikichi Ohami	OHAMI Rikichi
Toru Hagihara	HAGIHARA Toru
Naruyoshi Tajiri	TAJIRI Naruyoshi
Keishi Saeki	SAEKI Keishi
Akira Ohe	OHE Akira
Teiichi Demoto	DEMOTO Teiichi
Onji Kanai	KANAI Onji
Maekichi Kitazawa	KITAZAWA Maekichi
Shinichi Mikuriya	MIKURIYA Shinichi
Ichiro Kameyama	KAMEYAMA Ichiro
Sho Yamaji	YAMAJI Sho
Kaoru Ban	BAN Kaoru
Hiko Kotaki	KOTAKI Hiko
Taro Matsuda	MATSUDA Taro
Rihito Akiyama	AKIYAMA Rihito
Mizuo Sakamoto	SAKAMOTO Mizuo
Taku Kohase	KOHASE Taku
Kyuko Takata	TAKATA Kyuko
Ken Yanagisawa	YANAGISAWA Ken
Tokuji Amaki	AMAKI Tokuji
Shinjirō Matsuyama	MATSUYAMA Shinjirō
Sho Miyazaki	MIYAZAKI Sho
Kyushu Yamada	YAMADA Kyushu
Takeso Toko	TOKO Takeso
Tadakazu Suzuki	SUZUKI Tadakazu
Tadayuki Takashima	TAKASHIMA Tadayuki
Chu Sugaya	SUGAYA Chu
Toshio Iwate	IWATE Toshio
Maekichi Katsuda	KATSUDA Maekichi
Hideichi Sakawa	SAKAWA Hideichi
Jiro Kurozawa	KUROZAWA Jiro
Shigeshi Moto	MOTO Shigeshi
Takeyoshi Miura	MIURA Takeyoshi
Ryuji Ito	ITO Ryuji
Yasundo Sudo	SUDO Yasundo
Mozo Ichiko	ICHIKO Mozo
Kazuo Moriya	MORIYA Kazuo
Tomomaro Gunji	GUNJI Tomomaro
Giryo Ando	ANDO Giryo
Tozo Isono	ISONO Tozo
Shin Aoki	AOKI Shin
Jun Ongimi	ONGIMI Jun
Hideo Yoshano	YOSHANO Hideo
Jutsushi Ito	ITO Jutsushi
Keizo Izumi	IZUMI Keizo
Shoichi Wakayama	WAKAYAMA Shoichi
Kanzo Horiuchi	HORIUCHI Kanzo
Yoshitaka Hori	HORI Yoshitaka
Gien Murakami	MURAKAMI Gien
Shojo Endo	ENDO Shojo
Takesuke Yoshioka	YOSHIOKA Takesuke
Motoharu Shichita	SHICHITA Motoharu
Rikei Watanabe	WATANABE Rikei
Shinpachi Tanaka	TANAKA Shinpachi
Matsuo Kusano	KUSANO Matsuo
Tokin Go	
Seiichi Ozawa	OZAWA Seiichi
Reizo Iwata	IWATA Reizo
Ko Matsuura	MATSUURA Ko
Sei Kurihara	KURIHARA Sei
Toshiji Koizumi	KOIZUMI Toshiji
Kyoya Shinzaka	SHINZAKA Kyoya
Seiko Murakami	MURAKAMI Seiko
Tojiro Moki	MOKI Tojiro
Gen Ioki	IOKI Gen
Senpachi Tanaka	TANAKA Senpachi
Yazo Kokitsu	KOKITSU Yazo
Tasuke Saeki	SAEKI Tasuke
Tetsujiro Koori	KOORI Tetsujiro
Jun Kimura	KIMURA Jun
Tanun Kodani	KODANI Tanun
Shofu Sugita	SUGITA Shofu
Kaneichi Okada	OKADA Kaneichi
Kintaro Mabuchi	MABUCHI Kintaro
Ei Nanjo	NANJO Ei
Jiro Tomeda	TOMEDA Jiro
Teigi Takazawa	TAKAZAWA Teigi
Sachio Toyohara	TOYOHARA Sachio
Kumao Koyanagi	KOYANAGI Kumao
Yoshimori Nakatsumi	NAKATSUMI Yoshimori
Shoichi Kawanami	KAWANAMI Shoichi
Choko Nishida	NISHIDA Choko
Junpei Aneha	ANEHA Junpei
Seibi Kuga	KUGA Seibi
Koichi Hori	HORI Koichi
Kei Iwamoto	IWAMOTO Kei
Shōhei Fujinuma	FUJINUMA Shōhei
Tamemoto Kuroki	KUROKI Tamemoto
Prince Shōtoku	
Otojirō Kawakami	KAWAKAMI Otojirō
Uda Kunie	UDA Kunie
Motono Kensuke	MOTONO Kensuke
Nikaido Susumu	NIKAIDO Susumu
Yoshida Shigeru	YOSHIDA Shigeru
Kikuta Kazuo	KIKUTA Kazuo
Ikawa	IKAWA
Kita Katsutaro	KITA Katsutaro
Miyabe	MIYABE
Miyage	MIYAGE
Arahata Kanson	ARAHATA Kanson
Kondo Eizo	KONDO Eizo
Sano Gaku	SANO Gaku
Nabeyama Sadakichi	NABEYAMA Sadakichi
Mitamura Shiro	MITAMURA Shiro
Oyama Ikuo	OYAMA Ikuo
Watanabe Masanosuke	WATANABE Masanosuke
Sakai Toshihiko	SAKAI Toshihiko
Kōtoku Denjirō	KŌTOKU Denjirō
Hakamada Satomi	HAKAMADA Satomi
Suekawa Hiroshi	SUEKAWA Hiroshi
Takigawa Koshin	TAKIGAWA Koshin
Sasaki Seichi	SASAKI Seichi
Suzuki Bunji	SUZUKI Bunji
Kono Ichiro	KONO Ichiro
Takakura Teru	TAKAKURA Teru
Karasawa Toshiko	KARASAWA Toshiko
Nakanishi Inosuke	NAKANISHI Inosuke
Hasegawa Hiroshi	HASEGAWA Hiroshi
Ito Kenichi	ITO Kenichi
Ito Ritsu	ITO Ritsu
Kasuga Shojiro	KASUGA Shojiro
Konno Yojiro	KONNO Yojiro
Nishizawa Ryuji	NISHIZAWA Ryuji
Matsuzaki Kumaji	MATSUZAKI Kumaji
Uchino Takechiyo	UCHINO Takechiyo
Mizutani Takashi	MIZUTANI Takashi
Kurahara Korehito	KURAHARA Korehito
Okada Bunkichi	OKADA Bunkichi
Hirano Rikizo	HIRANO Rikizo
Naki Yu	NAKI Yu
Iwamoto Akiko	IWAMOTO Akiko
Inukai Ken	INUKAI Ken
Nakahashi Wataru	NAKAHASHI Wataru
Tanaka Isaji	TANAKA Isaji
Kasai Juji	KASAI Juji
Osawa Hisashi	OSAWA Hisashi
Yoshino Sakuzo	YOSHINO Sakuzo
Nagayo Nakako	NAGAYO Nakako
Nagayo Tatsukichi	NAGAYO Tatsukichi
Mrs. Hiroshi Saito	Mrs. SAITO Hiroshi
Hiratsuka Tsunejiro	HIRATSUKA Tsunejiro
Okubo Tomajiro	OKUBO Tomajiro
Ono Takashi	ONO Takashi
Kuriyama Chojiro	KURIYAMA Chojiro
Okubo Tomejiro	OKUBO Tomejiro
Wada Hiroo	WADA Hiroo
Ishibashi Tanzan	ISHIBASHI Tanzan
Sasamori Junzo	SASAMORI Junzo
Ishizaki Sensatsu	ISHIZAKI Sensatsu
Ikegami Takusuke	IKEGAMI Takusuke
Matsubara Kazuhiko	MATSUBARA Kazuhiko
Hikida Toshio	HIKIDA Toshio
Hosozako Kanemitsu	HOSOZAKO Kanemitsu
Kimura Tokutaro	KIMURA Tokutaro
Tanaka Kotaro	TANAKA Kotaro
Ikawa Tadao	IKAWA Tadao
Aka Toraichi	AKA Toraichi
Matsumoto Takizo	MATSUMOTO Takizo
Fujita Eiichi	FUJITA Eiichi
Miyato Mitsuo	MIYATO Mitsuo
Ando Hatsu	ANDO Hatsu
Nakano Shiro	NAKANO Shiro
Ishiwara Noboru	ISHIWARA Noboru
Konishi Toramatsu	KONISHI Toramatsu
Yoneyama Hachiya	YONEYAMA Hachiya
Yoneyama Fumiko	YONEYAMA Fumiko
Toyoguchi Eitaro	TOYOGUCHI Eitaro
Maruyama Shuichiro	MARUYAMA Shuichiro
Ono Notoji	ONO Notoji
Ishida Ichimatsu	ISHIDA Ichimatsu
Isoda Masunori	ISODA Masunori
Miyato Yoshiko	MIYATO Yoshiko
Yoshida Sei	YOSHIDA Sei
Suzuki Yagoro	SUZUKI Yagoro
Matsutani Tenkoko	MATSUTANI Tenkoko
Enomoto Saichi	ENOMOTO Saichi
Miki Kiyoko	MIKI Kiyoko
Sato Yayoji	SATO Yayoji
Takeya Gentaro	TAKEYA Gentaro
Abe Shungo	ABE Shungo
Inoue Tojiro	INOUE Tojiro
Hashimoto Tomisaburo	HASHIMOTO Tomisaburo
Togano Satoko	TOGANO Satoko
Tanaka Hisao	TANAKA Hisao
Tsuguta Torao	TSUGUTA Torao
Nuno Toshiaki	NUNO Toshiaki
Ito Iwao	ITO Iwao
Mori Yukio	MORI Yukio
Kawano Yoshimitsu	KAWANO Yoshimitsu
Ohashi Kimi	OHASHI Kimi
Ohara Hiroo	OHARA Hiroo
Chiya Gosaburo	CHIYA Gosaburo
Nishi Torioto	NISHI Torioto
Hara Kuni	HARA Kuni
Mizuno Fumihiko	MIZUNO Fumihiko
Hirano Hachiro	HIRANO Hachiro
Tajima Yoshibumi	TAJIMA Yoshibumi
Koshihara Haru	KOSHIHARA Haru
Chizaki Usaburo	CHIZAKI Usaburo
Shiikuma Saburo	SHIIKUMA Saburo
Tanaka Seigi	TANAKA Seigi
Takeuchi Utako	TAKEUCHI Utako
Tsuji Karoku	TSUJI Karoku
Nozaka Sanzo	NOZAKA Sanzo
Hara Hyonosuke	HARA Hyonosuke
Tahara Haruji	TAHARA Haruji
Nomizo Masaru	NOMIZO Masaru
Yonekubo Mitsusuke	YONEKUBO Mitsusuke
Matsumoto Haruichiro	MATSUMOTO Haruichiro
Yagi Hidetsugu	YAGI Hidetsugu
Tokugawa Yoshichika	TOKUGAWA Yoshichika
Hanashi Shingoro	HANASHI Shingoro
Otsuka Motonosuke	OTSUKA Motonosuke
Honda Ichiro	HONDA Ichiro
Ono Tomomutsu	ONO Tomomutsu
Takeda Shinosuke	TAKEDA Shinosuke
Takahashi Eikichi	TAKAHASHI Eikichi
Tonoda Takatsugu	TONODA Takatsugu
Ozeki Giichi	OZEKI Giichi
Arita Jiro	ARITA Jiro
Suzuki Senhachi	SUZUKI Senhachi
Yamaguchi Kikuichiro	YAMAGUCHI Kikuichiro
Ezaki Masumi	EZAKI Masumi
Watari Shiro	WATARI Shiro
Sugita Ichiro	SUGITA Ichiro
Honda Eisaku	HONDA Eisaku
Shoji Ichiro	SHOJI Ichiro
Nakajima Moritoshi	NAKAJIMA Moritoshi
Kita Reikichi	KITA Reikichi
Yamamoto Katsuichi	YAMAMOTO Katsuichi
Aoki Takayoshi	AOKI Takayoshi
Tomeji Hidatoshi	TOMEJI Hidatoshi
Hitotsumatsu Sadakichi	HITOTSUMATSU Sadakichi
Kawai Yoshinari	KAWAI Yoshinari
Inoue Tomoharu	INOUE Tomoharu
Kitamura Tokutaro	KITAMURA Tokutaro
Sugamata Kaoru	SUGAMATA Kaoru
Hara Fujiro	HARA Fujiro
Yasutoshi Shigeru	YASUTOSHI Shigeru
Yoshioka Yayoi	YOSHIOKA Yayoi
Nagao Tatsuo	NAGAO Tatsuo
Takizawa Hamakichi	TAKIZAWA Hamakichi
Tsukuda Ryoichi	TSUKUDA Ryoichi
Tanaka Manitsu	TANAKA Manitsu
Marushima Isamu	MARUSHIMA Isamu
Hayashi Ren	HAYASHI Ren
Hoshi Hajime	HOSHI Hajime
Aizawa Kan	AIZAWA Kan
Yauiyama Shigeo	YAUIYAMA Shigeo
Kin Tenkai	
Hasegawa Ko	HASEGAWA Ko
Suga Shojiro	SUGA Shojiro
Kono Yojiro	KONO Yojiro
Ichizawa Ryuichi	ICHIZAWA Ryuichi
Miki Takeo	MIKI Takeo
Maramoto Futahe	MARAMOTO Futahe
Matsumoto Hokutaro	MATSUMOTO Hokutaro
Morita Yukio	MORITA Yukio
Yonekura Tatsuya	YONEKURA Tatsuya
Hayashi Heima	HAYASHI Heima
Akita Josuke	AKITA Josuke
Fukuda Kyoji	FUKUDA Kyoji
Aizawa Takashi	AIZAWA Takashi
Akazawa Masanichi	AKAZAWA Masanichi
Hayashi Ichiro	HAYASHI Ichiro
Ito Kyoichi	ITO Kyoichi
Okada Seiichi	OKADA Seiichi
Hayakawa Takashi	HAYAKAWA Takashi
Kubo Takeo	KUBO Takeo
Otsu Keiichi	OTSU Keiichi
Masui Keitaro	MASUI Keitaro
Prince Nashimoto	
Manome	MANOME
Gōko Kiyoshi	GŌKO Kiyoshi
Funada Kyoji	FUNADA Kyoji
Ōkubo Tomejirō	ŌKUBO Tomejirō
Iwasaki Seishichi	IWASAKI Seishichi
Okamoto Jitsutarō	OKAMOTO Jitsutarō
Kobayashi Toshio	KOBAYASHI Toshio
Kuki Monjūrō	KUKI Monjūrō
Nakada Eitarō	NAKADA Eitarō
Tanaka Genzaburō	TANAKA Genzaburō
Hosoda Chūjirō	HOSODA Chūjirō
Ōishi Yon'e	ŌISHI Yon'e
Tsujii Taminosuke	TSUJII Taminosuke
Yagi Sataji	YAGI Sataji
Koike Shintarō	KOIKE Shintarō
Hoshijima Jirō	HOSHIJIMA Jirō
Ikemura Heitarō	IKEMURA Heitarō
Ōmiya Gosaburō	ŌMIYA Gosaburō
Maeda Einosuke	MAEDA Einosuke
Yakushijin Iwatarō	YAKUSHIJIN Iwatarō
Hirano Ichitarō	HIRANO Ichitarō
Yano Shōtarō	YANO Shōtarō
Koga Kōtarō	KOGA Kōtarō
Ishii Mitsujirō	ISHII Mitsujirō
Itō Ushirō	ITŌ Ushirō
Komiyama Shichijūgorō	KOMIYAMA Shichijūgorō
Hibino Minpei	HIBINO Minpei
Hosokawa Yasohachi	HOSOKAWA Yasohachi
Kita Narajirō	KITA Narajirō
Nakagawa Fusajirō	NAKAGAWA Fusajirō
Kitaura Keitarō	KITAURA Keitarō
Nishiyama Fusata	NISHIYAMA Fusata
Kimura Kozaemon	KIMURA Kozaemon
Iikuni Sōzaburō	IIKUNI Sōzaburō
Kuba Shōjirō	KUBA Shōjirō
Ueda Seijirō	UEDA Seijirō
Kitamura Tokutarō	KITAMURA Tokutarō
Koyanagi Tomitarō	KOYANAGI Tomitarō
Kurihara Ōshimatarō	KURIHARA Ōshimatarō
Yasaka Zenichirō	YASAKA Zenichirō
Matoba Kin'emon	MATOBA Kin'emon
Shidehara Kijūrō	SHIDEHARA Kijūrō
Hatoyama Ichirō	HATOYAMA Ichirō
Hirano Rikizō	HIRANO Rikizō
Narahashi Wataru	NARAHASHI Wataru
Tōjō Hideki	TŌJŌ Hideki
Hara Takeshi	HARA Takeshi
Saitō Takeo	SAITŌ Takeo
Kawasaki Katsu	KAWASAKI Katsu
Ichinomiya Fusajirō	ICHINOMIYA Fusajirō
Ushizuka Toratarō	USHIZUKA Toratarō
Arita Hachirō	ARITA Hachirō
Hirota Kōki	HIROTA Kōki
Konoe Fumimaro	KONOE Fumimaro
Hiranuma Kiichirō	HIRANUMA Kiichirō
Shimanaka Yūsaku	SHIMANAKA Yūsaku
Andō Masazumi	ANDŌ Masazumi
Matsuno Tsuruhei	MATSUNO Tsuruhei
Bandō Kōtarō	BANDŌ Kōtarō
Kōno Ichirō	KŌNO Ichirō
Machida Shirō	MACHIDA Shirō
Kitaoka Juitsu	KITAOKA Juitsu
Kuwaki Gen'yoku	KUWAKI Gen'yoku
Katō Kanju	KATŌ Kanju
Katsuda Eikichi	KATSUDA Eikichi
Ishiguro Takeshige	ISHIGURO Takeshige
Yamaguchi Kikuichirō	YAMAGUCHI Kikuichirō
Ōishi Rinji	ŌISHI Rinji
Hanashi Shingorō	HANASHI Shingorō
Tōhata Seiichi	TŌHATA Seiichi
Fujiwara Sakuhei	FUJIWARA Sakuhei
Hayashi Jirō	HAYASHI Jirō
Miki Bukichi	MIKI Bukichi
Higai Senzo	HIGAI Senzo
Ōtsuka Junnosuke	ŌTSUKA Junnosuke
Uyetsuka Tsukasa	UYETSUKA Tsukasa
Honda Ichirō	HONDA Ichirō
Katō Mutsunosuke	KATŌ Mutsunosuke
Hiratsuka Tsunejirō	HIRATSUKA Tsunejirō
Shutō Hideo	SHUTŌ Hideo
Uehara Etsujirō	UEHARA Etsujirō
Kure	KURE
Murayasu Shinkorō	MURAYASU Shinkorō
Matsumura Kenzō	MATSUMURA Kenzō
Sakurai Hyōgorō	SAKURAI Hyōgorō
Tsurumi Yūsuke	TSURUMI Yūsuke
Nakajima Chikuhei	NAKAJIMA Chikuhei
Tōgō Minoru	TŌGŌ Minoru
Tarobe Shichiroku	TAROBE Shichiroku
Vice Admiral Yosuke Saburō	
Nakaigawa Umekichi	NAKAIGAWA Umekichi
Katsu Masanori	KATSU Masanori
Tanaka Takeo	TANAKA Takeo
Ogasawara Sankurō	OGASAWARA Sankurō
Kogure Sanshirō	KOGURE Sanshirō
Shibusawa Eiichi	SHIBUSAWA Eiichi
Kuboi Yoshimatsu	KUBOI Yoshimatsu
Matsuda Shōichi	MATSUDA Shōichi
Matsukata Kōjirō	MATSUKATA Kōjirō
Miyoshi Kijirō	MIYOSHI Kijirō
Ieda Kōkichi	IEDA Kōkichi
Kawashima Tsuneo	KAWASHIMA Tsuneo
Takahashi Morihei	TAKAHASHI Morihei
Nomura Kichisaburō	NOMURA Kichisaburō
Mitsuchi Chūzō	MITSUCHI Chūzō
Higashikuni	
Machida Chuji	MACHIDA Chuji
Tanabe Tadao	TANABE Tadao
Noda Takeo	NODA Takeo
Nakamura Umekichi	NAKAMURA Umekichi
Ito Goro	ITO Goro
Koyanagi Makie	KOYANAGI Makie
Naguno Shosako	NAGUNO Shosako
Yamamoto Takeo	YAMAMOTO Takeo
Murai Hachiro	MURAI Hachiro
Kawasaki Katsuzo	KAWASAKI Katsuzo
Hara Seijiro	HARA Seijiro
Matsuda Shoichi	MATSUDA Shoichi
Tanaka Mitsugi	TANAKA Mitsugi
Narushima Isamu	NARUSHIMA Isamu
Nakagawa Shigeharu	NAKAGAWA Shigeharu
Kudo Tetsuo	KUDO Tetsuo
Hoshio Hajime	HOSHIO Hajime
Nagai Gen	NAGAI Gen
Kiuchi Kyo	KIUCHI Kyo
Muraoka Hanako	MURAOKA Hanako
Takara Tomiko	TAKARA Tomiko
Tanaka Takao	TANAKA Takao
Okada Kitaro	OKADA Kitaro
Kogure	KOGURE
Matsumura	MATSUMURA
Tanaka Man'itsu	TANAKA Man'itsu
Miyazawa Saikichi	MIYAZAWA Saikichi
Hirino Minpei	HIRINO Minpei
Horikawa Kyohei	HORIKAWA Kyohei
Shibata Hyoichiro	SHIBATA Hyoichiro
Kobayashi Kanae	KOBAYASHI Kanae
Tsuchikura Muneaki	TSUCHIKURA Muneaki
Kimura Tomiko	KIMURA Tomiko
Nagata Tadao	NAGATA Tadao
Mizutani Chosaburo	MIZUTANI Chosaburo
Takano Iwasaburo	TAKANO Iwasaburo
Miyake Masaichi	MIYAKE Masaichi
Funada Naka	FUNADA Naka
Arima Yoriyasu	ARIMA Yoriyasu
Hoshijima Jiro	HOSHIJIMA Jiro
Matsumoto Jichiro	MATSUMOTO Jichiro
Yamakawa Hitoshi	YAMAKAWA Hitoshi
Ono Shunichi	ONO Shunichi
Shimagami Zengoro	SHIMAGAMI Zengoro
Sasakawa Ryoichi	SASAKAWA Ryoichi
Fuji Yoshio	FUJI Yoshio
Michiko Fujiwara	FUJIWARA Michiko
Yamazaki Kenji	YAMAZAKI Kenji
Sugiyama Motojiro	SUGIYAMA Motojiro
Nomizo Katsu	NOMIZO Katsu
Miyake Shoichi	MIYAKE Shoichi
Sunaga Ko	SUNAGA Ko
Kitada Ichiro	KITADA Ichiro
Yamahana Hideo	YAMAHANA Hideo
Osawa Hisaaki	OSAWA Hisaaki
Nakahara Kenji	NAKAHARA Kenji
Ito Ushiro	ITO Ushiro
Akamatsu Isamu	AKAMATSU Isamu
Niizuma Itoko	NIIZUMA Itoko
Muto Unijiro	MUTO Unijiro
Sakakibara Chiyo	SAKAKIBARA Chiyo
Yamazaki Tsunokichi	YAMAZAKI Tsunokichi
Masaki Kiyoshi	MASAKI Kiyoshi
Tanaka Shogetsu	TANAKA Shogetsu
Osawa Kyumei	OSAWA Kyumei
Kimijima Sadakichi	KIMIJIMA Sadakichi
Takase Dan	TAKASE Dan
Sengoku Torataro	SENGOKU Torataro
Kurozawa Torizo	KUROZAWA Torizo
Fujiyama Aiichiro	FUJIYAMA Aiichiro
Kagawa Kanekichi	KAGAWA Kanekichi
Yoshiue Shosuke	YOSHIUE Shosuke
Kimura Torataro	KIMURA Torataro
Nakatani Takeo	NAKATANI Takeo
Yoshida Tadashi	YOSHIDA Tadashi
Funada Kyoso	FUNADA Kyoso
Miyabe Ichiro	MIYABE Ichiro
Miyagi Koji	MIYAGI Koji
Oku Mumeo	OKU Mumeo
Tanno Minoru	TANNO Minoru
Moto Tokiso	MOTO Tokiso
Narahashi	NARAHASHI
Kasai Giuji	KASAI Giuji
Omiya Gosaburo	OMIYA Gosaburo
Kobayashi Genzan	KOBAYASHI Genzan
Kinoshita Sekae	KINOSHITA Sekae
Takeyama Yutaro	TAKEYAMA Yutaro
Azuma Takashi	AZUMA Takashi
Aso Shozo	ASO Shozo
Hirakawa Atsuo	HIRAKAWA Atsuo
Kajima Toru	KAJIMA Toru
Harada Sakichi	HARADA Sakichi
Araki Tōichi	ARAKI Tōichi
Asanuma Inejirō	ASANUMA Inejirō
Suzuki Senpachi	SUZUKI Senpachi
Takeuchi Shigeyo	TAKEUCHI Shigeyo
Yamaguchi Shizue	YAMAGUCHI Shizue
Ishida Tenimatsu	ISHIDA Tenimatsu
Nakamura Ichisaburō	NAKAMURA Ichisaburō
Nome Yoshiharu	NOME Yoshiharu
Okazaki Toshirō	OKAZAKI Toshirō
Yamada Takeo	YAMADA Takeo
Suzuki Mosaburō	SUZUKI Mosaburō
Akamatsu Tsuneko	AKAMATSU Tsuneko
Kunita Sōji	KUNITA Sōji
Okino Saburō	OKINO Saburō
Hosomizu Kō	HOSOMIZU Kō
Kubota Utsubo	KUBOTA Utsubo
Henri de Saint-Simon	
Kawano Mitsu	KAWANO Mitsu
Kuwahara	KUWAHARA
Arai Teizō	ARAI Teizō
Nishimura Masao	NISHIMURA Masao
Tayama Iwao	TAYAMA Iwao
Matsuoka	MATSUOKA
Morita Michisuke	MORITA Michisuke
Inoue Isamu	INOUE Isamu
Ishibashi Genshirō	ISHIBASHI Genshirō
Miki Akira	MIKI Akira
Baba Eiichi	BABA Eiichi
Ushiyama	USHIYAMA
Tanaka Takusō	TANAKA Takusō
Matsumoto Jiichirō	MATSUMOTO Jiichirō
Kyō Kiuchi	KIUCHI Kyō
Tetsuo Kudō	KUDŌ Tetsuo
Kanaye Kobayashi	KOBAYASHI Kanaye
Hyoichirō Shibata	SHIBATA Hyoichirō
Tomiko Kōra	KŌRA Tomiko
Somei Tsuchikura	TSUCHIKURA Somei
Isamu Narishima	NARISHIMA Isamu
Fujirō Hara	HARA Fujirō
Shōichi Matsuda	MATSUDA Shōichi
Hanako Muraoka	MURAOKA Hanako
Yaoi Yoshioka	YOSHIOKA Yaoi
Kozaemon Kimura	KIMURA Kozaemon
Yūji Satsuma	SATSUMA Yūji
Minotarō Kawasaki	KAWASAKI Minotarō
Keiichi Ishiguro	ISHIGURO Keiichi
Kasaburō Uemura	UEMURA Kasaburō
Shōgo Kusumi	KUSUMI Shōgo
Yūjirō Koshino	KOSHINO Yūjirō
Senichirō Sakashita	SAKASHITA Senichirō
Kaoru Sugamata	SUGAMATA Kaoru
Shitsu Takami	TAKAMI Shitsu
Sadakichi Hitotsumatsu	HITOTSUMATSU Sadakichi
Shigeru Hori	HORI Shigeru
Hideko Murakami	MURAKAMI Hideko
Takeo Yamamoto	YAMAMOTO Takeo
Tadao Tanabe	TANABE Tadao
Shinji Ōtsuki	ŌTSUKI Shinji
Junichirō Hara	HARA Junichirō
Masazō Sase	SASE Masazō
Ganyoku Kuwaki	KUWAKI Ganyoku
Bunpei Go	GO Bunpei
Kōtarō Hanto	HANTO Kōtarō
Yasutarō Fujiu	FUJIU Yasutarō
Tomejirō Ōkubo	ŌKUBO Tomejirō
Ichirō Shōji	SHŌJI Ichirō
Ichirō Honda	HONDA Ichirō
Kikuchirō Yamaguchi	YAMAGUCHI Kikuchirō
Shingorō Hanashi	HANASHI Shingorō
Matsuhei Matsuoka	MATSUOKA Matsuhei
Masabumi Suzuki	SUZUKI Masabumi
Shūzō Yoshino	YOSHINO Shūzō
Hisakichi Shinomiya	SHINOMIYA Hisakichi
Kiyoshi Kawanishi	KAWANISHI Kiyoshi
Marukichi Ishihara	ISHIHARA Marukichi
Natsuo Etō	ETŌ Natsuo
Shirō Hanamura	HANAMURA Shirō
Hideo Shutō	SHUTŌ Hideo
Katsuichi Yamamoto	YAMAMOTO Katsuichi
Senzō Higai	HIGAI Senzō
Kyōji Funada	FUNADA Kyōji
Sanehiko Yamamoto	YAMAMOTO Sanehiko
Takeji Miyagi	MIYAGI Takeji
Hyō Hara	HARA Hyō
Hisao Kuroda	KURODA Hisao
Masaru Nomizo	NOMIZO Masaru
Konomu Sunaga	SUNAGA Konomu
Shigeo Kamiyama	KAMIYAMA Shigeo
Ryūji Nishizawa	NISHIZAWA Ryūji
Takechiyo Uchino	UCHINO Takechiyo
Korehito Kurahara	KURAHARA Korehito
Kenichi Itō	ITŌ Kenichi
Hiroshi Hasegawa	HASEGAWA Hiroshi
Shōichi Kasuga	KASUGA Shōichi
Shōjirō Kasuga	KASUGA Shōjirō
Kumaji Matsuzaki	MATSUZAKI Kumaji
Takashi Mizutani	MIZUTANI Takashi
Bunkichi Okada	OKADA Bunkichi
Shigetoku Kuroki	KUROKI Shigetoku
Yuriko Miyamoto	MIYAMOTO Yuriko
Kiyojūrō Arafune	ARAFUNE Kiyojūrō
Nobuyuki Iwamoto	IWAMOTO Nobuyuki
Shōichi Yamamoto	YAMAMOTO Shōichi
Kaiji Onogi	ONOGI Kaiji
Chōjirō Kuriyama	KURIYAMA Chōjirō
Senpachi Suzuki	SUZUKI Senpachi
Morikazu Nakajima	NAKAJIMA Morikazu
Shigeyo Takeuchi	TAKEUCHI Shigeyo
Mikio Mizuta	MIZUTA Mikio
Isaburō Kataoka	KATAOKA Isaburō
Shinjirō Yamamura	YAMAMURA Shinjirō
Tomohira Iida	IIDA Tomohira
Yasuo Takahashi	TAKAHASHI Yasuo
Ryōzō Hiraoka	HIRAOKA Ryōzō
Kōtarō Bandō	BANDŌ Kōtarō
Masanobu Ogawara	OGAWARA Masanobu
Ichirō Sugita	SUGITA Ichirō
Yoshio Kimijima	KIMIJIMA Yoshio
Rinji Ōishi	ŌISHI Rinji
Yasomi Ogasawara	OGASAWARA Yasomi
Gisuke Takeda	TAKEDA Gisuke
Torakichi Nakano	NAKANO Torakichi
Ankichi Utsumi	UTSUMI Ankichi
Jirō Satō	SATŌ Jirō
Heiichirō Suzuki	SUZUKI Heiichirō
Jinnosuke Ōtsuka	ŌTSUKA Jinnosuke
Hideji Kanaya	KANAYA Hideji
Jisaku Itakura	ITAKURA Jisaku
Ichirō Arita	ARITA Ichirō
Banboku Ōno	ŌNO Banboku
Masumi Ezaki	EZAKI Masumi
Seiichi Sekō	SEKŌ Seiichi
Sanjirō Kitaura	KITAURA Sanjirō
Genzaburō Tanaka	TANAKA Genzaburō
Tadayoshi Saeki	SAEKI Tadayoshi
Tadao Watanabe	WATANABE Tadao
Mitsujirō Ishii	ISHII Mitsujirō
Eikichi Uehayashiyama	UEHAYASHIYAMA Eikichi
Eisaku Honda	HONDA Eisaku
Chōichirō Fuchida	FUCHIDA Chōichirō
Tsukasa Kamitsuka	KAMITSUKA Tsukasa
Akira Suzuki	SUZUKI Akira
Shōsuke Miyahara	MIYAHARA Shōsuke
Susumu Miyamae	MIYAMAE Susumu
Kyūzō Sekine	SEKINE Kyūzō
Sadakichi Ōshima	ŌSHIMA Sadakichi
Kōichirō Yamaguchi	YAMAGUCHI Kōichirō
Kyōhei Suzuki	SUZUKI Kyōhei
Chūbei Onozuka	ONOZUKA Chūbei
Shun'ichi Honda	HONDA Shun'ichi
Denzō Ōkubo	ŌKUBO Denzō
Gizō Kuremuchi	KUREMUCHI Gizō
Bunji Sameshima	SAMESHIMA Bunji
Hidekichi Shirai	SHIRAI Hidekichi
Shūdairō Suzuki	SUZUKI Shūdairō
Hachirō Murai	MURAI Hachirō
Harue Yamamoto	YAMAMOTO Harue
Akinosuke Ōta	ŌTA Akinosuke
Hide Kawasaki	KAWASAKI Hide
Monjūrō Kuki	KUKI Monjūrō
Nitarō Yoshizawa	YOSHIZAWA Nitarō
Hanji Ogawa	OGAWA Hanji
Man'itsu Tanaka	TANAKA Man'itsu
Minpei Hibino	HIBINO Minpei
Masukichi Hirano	HIRANO Masukichi
Sataji Yagi	YAGI Sataji
Tei Saitō	SAITŌ Tei
Fusajirō Nakagawa	NAKAGAWA Fusajirō
Takejirō Araki	ARAKI Takejirō
Sanae Inamura	INAMURA Sanae
Satoru Inoue	INOUE Satoru
Ichirō Yasaka	YASAKA Ichirō
Masaharu Hayashida	HAYASHIDA Masaharu
Shizue Katō	KATŌ Shizue
Yūtarō Takeyama	TAKEYAMA Yūtarō
Kanemitsu Aoki	AOKI Kanemitsu
Naozō Doi	DOI Naozō
Toshiko Matsuo	MATSUO Toshiko
Kanson Arahata	ARAHATA Kanson
Haruo Okada	OKADA Haruo
Ito Niizuma	NIIZUMA Ito
Saburō Machida	MACHIDA Saburō
Susumu Nikaidō	NIKAIDŌ Susumu
Kinjirō Ishikawa	ISHIKAWA Kinjirō
Mitsuo Hosono	HOSONO Mitsuo
Shinsaku Karata	KARATA Shinsaku
Kiyoichi Ōsawa	ŌSAWA Kiyoichi
Mikiji Mori	MORI Mikiji
Hisao Tanaka	TANAKA Hisao
Shirō Nakano	NAKANO Shirō
Chiyo Kamibayashi	KAMIBAYASHI Chiyo
Junzō Inamura	INAMURA Junzō
Kimi Ōhashi	ŌHASHI Kimi
Ryōichi Inoue	INOUE Ryōichi
Hisa Sawada	SAWADA Hisa
Kisaburō Yao	YAO Kisaburō
Kazuo Nagae	NAGAE Kazuo
Taminosuke Tsujii	TSUJII Taminosuke
Eiichi Nishimura	NISHIMURA Eiichi
Seijirō Ueda	UEDA Seijirō
Makio Morimoto	MORIMOTO Makio
Usaburō Itō	ITŌ Usaburō
Kaichi Mutō	MUTŌ Kaichi
Kyōichi Itō	ITŌ Kyōichi
Senshō Ishizaki	ISHIZAKI Senshō
Shigeki Nakajima	NAKAJIMA Shigeki
Daisuke Akita	AKITA Daisuke
Masamichi Akazawa	AKAZAWA Masamichi
Kanemitsu Hosozako	HOSOZAKO Kanemitsu
Seiichirō Kuba	KUBA Seiichirō
Seitarō Ōta	ŌTA Seitarō
Masanori Tobita	TOBITA Masanori
Tenkōkō Matsutani	MATSUTANI Tenkōkō
Ichimatsu Ishida	ISHIDA Ichimatsu
Sakae Kinoshita	KINOSHITA Sakae
Saburō Kawasaki	KAWASAKI Saburō
Saburō Kumazawa	KUMAZAWA Saburō
Satoko Tō	TŌ Satoko
Utako Takeuchi	TAKEUCHI Utako
Tōhei Komai	KOMAI Tōhei
Haru Koshihara	KOSHIHARA Haru
Tōjirō Inoue	INOUE Tōjirō
Fumiko Yoneyama	YONEYAMA Fumiko
Yagorō Suzuki	SUZUKI Yagorō
Shūichirō Maruyama	MARUYAMA Shūichirō
Saburō Ōmiya	ŌMIYA Saburō
Hanako Honda	HONDA Hanako
Toramatsu Konishi	KONISHI Toramatsu
Kayoko Miki	MIKI Kayoko
Kenji Inada	INADA Kenji
Hatsu Andō	ANDŌ Hatsu
Hachirō Hirano	HIRANO Hachirō
Hisao Kikuchi	KIKUCHI Hisao
Keiichi Ōtsu	ŌTSU Keiichi
Ryūtarō Takadera	TAKADERA Ryūtarō
Iwao Itō	ITŌ Iwao
Katsujiro Nagai	NAGAI Katsujiro
Eiichi Arima	ARIMA Eiichi
Eiichi Nakayama	NAKAYAMA Eiichi
Yoshimitsu Kawano	KAWANO Yoshimitsu
Akira Mori	MORI Akira
Zentarō Kosaka	KOSAKA Zentarō
Ichitarō Ide	IDE Ichitarō
Ryūyū Ikegami	IKEGAMI Ryūyū
Shichirō Hozumi	HOZUMI Shichirō
Eijun Ōtani	ŌTANI Eijun
Toshio Sakai	SAKAI Toshio
Makoto Egawa	EGAWA Makoto
Shigeo Gonen	GONEN Shigeo
Eitarō Nakata	NAKATA Eitarō
Sata Nishiyama	NISHIYAMA Sata
Takashi Hayakawa	HAYAKAWA Takashi
Yoshinobu Inoue	INOUE Yoshinobu
Kin'emon Matoba	MATOBA Kin'emon
Kaiji Kai	KAI Kaiji
Takeo Kubo	KUBO Takeo
Tazō Ōshima	ŌSHIMA Tazō
Niko Hashimoto	HASHIMOTO Niko
Haruko Yamashita	YAMASHITA Haruko
Toraki Fujimoto	FUJIMOTO Toraki
Sadao Sano	SANO Sadao
Teizō Taira	TAIRA Teizō
Kenji Miyazawa	MIYAZAWA Kenji
Sōseki Natsume	NATSUME Sōseki
Hachirō Satō	SATŌ Hachirō
Shigetsuma Furuya	FURUYA Shigetsuma
Pan To-yuen	
Kan Makoto	KAN Makoto
Fukushima Shintaro	FUKUSHIMA Shintaro
Tsuru Shigeto	TSURU Shigeto
Kondo Shinichi	KONDO Shinichi
Kawai Kazuo	KAWAI Kazuo
Hirasawa Kazushige	HIRASAWA Kazushige
Dobashi Kazuyoshi	DOBASHI Kazuyoshi
Kikunami Katsumi	KIKUNAMI Katsumi
Gizo Tomabechi	TOMABECHI Gizo
Eiichi Ochiai	OCHIAI Eiichi
Yasuji Kita	KITA Yasuji
Bin Kanayama	KANAYAMA Bin
Yoshio Kamii	KAMII Yoshio
Kyoji Funada	FUNADA Kyoji
Kiyoshi Asai	ASAI Kiyoshi
Kazuyoshi Dobashi	DOBASHI Kazuyoshi
Makoto Kan	KAN Makoto
Yujiro Kunimatsu	KUNIMATSU Yujiro
Jiro Kirikaye	KIRIKAYE Jiro
Koichiro Kuzutani	KUZUTANI Koichiro
S. R. Mason	
H. Minomiya	MINOMIYA H.
Dr. Robinson	
Manzoni	
Yamaoka	YAMAOKA
Robeson	
J. D. Hutson	
H. S. Chase	
Tsuyoshi	
Toichi Doguchi	DOGUCHI Toichi
Seiichi Terada	TERADA Seiichi
Kizo Mikami	MIKAMI Kizo
Mamoru Fushimi	FUSHIMI Mamoru
Shojiro Kawamorita	KAWAMORITA Shojiro
Tomisaburo Sawa	SAWA Tomisaburo
Tokio Oga	OGA Tokio
Atsutaka Saruwatari	SARUWATARI Atsutaka
Toru Ogawa	OGAWA Toru
Dr. Deason	
Itsutaro Suehiro	SUEHIRO Itsutaro
Ochoa	
Bunn	
Lieutenant Colonel Fonte	
Fuminaga Fujii	FUJII Fuminaga
Mr. Ando	Mr. ANDO
Major General Ishikawa	Major General ISHIKAWA
Sanshiro Nii	NII Sanshiro
Y. Nagamatsu	NAGAMATSU Y.
Mr. Fujita	Mr. FUJITA
Mr. Kobayashi	Mr. KOBAYASHI
Mr. Yamaguchi	Mr. YAMAGUCHI
Mr. Yatake	Mr. YATAKE
Hishinuma	HISHINUMA
Dr. Bateman	
Mrs. Bateman	
Tomoyuki Nagamatsu	NAGAMATSU Tomoyuki
Ando	ANDO
Kishi	KISHI
Mitsu Yamaoka	YAMAOKA Mitsu
Takanobu Matsui	MATSUI Takanobu
Shigeo Nagano	NAGANO Shigeo
Yukie Nakamura	NAKAMURA Yukie
Toshiko Sagisaka	SAGISAKA Toshiko
Kentaro Suzuki	SUZUKI Kentaro
Yuriko Watanabe	WATANABE Yuriko
Yoshiyuki Onoma	ONOMA Yoshiyuki
Kimiko Yokoyama	YOKOYAMA Kimiko
Torazo Suguro	SUGURO Torazo
Mari Tamiya	TAMIYA Mari
Sekiya	SEKIYA
Katsuda	KATSUDA
I. Suzuki	SUZUKI I.
Tomihisa	TOMIHISA
Kitamura	KITAMURA
Keinoshin Watanabe	WATANABE Keinoshin
K. Sakuma	SAKUMA K.
Vice Admiral Hyakutake	Vice Admiral HYAKUTAKE
Mr. Taketomi	Mr. TAKETOMI
Mrs. Ryan	
Jose Shiraki	SHIRAKI Jose
Horinouchi	HORINOUCHI
Ineo Kumahuka	KUMAHUKA Ineo
Cheee	
T. Takatsu	TAKATSU T.
Morizo Morita	MORITA Morizo
Ramiro E.	
Koshin Shikiya	SHIKIYA Koshin
Sukio Nagamatsu	NAGAMATSU Sukio
Isoshi Asabi	ASABI Isoshi
Shunsuke Kondo	KONDO Shunsuke
X. Obata	OBATA X.
Kumatarō Honda	HONDA Kumatarō
Takeo Imai	IMAI Takeo
Akira Mutō	MUTŌ Akira
Kazumoto Machijiri	MACHIJIRI Kazumoto
Togō	TOGŌ
Soji Okada	OKADA Soji
Akaike	AKAIKE
Yohiji Minobe	MINOBE Yohiji
Teiko Kobayashi	KOBAYASHI Teiko
Shinjiro Osada	OSADA Shinjiro
Masao Kageyama	KAGEYAMA Masao
Uta Kageyama	KAGEYAMA Uta
Toshiro Kageyama	KAGEYAMA Toshiro
Noburo Kageyama	KAGEYAMA Noburo
Teru Kageyama	KAGEYAMA Teru
Junpei Kawasaki	KAWASAKI Junpei
Hiroshi Kawasaki	KAWASAKI Hiroshi
Kunihei Kawasaki	KAWASAKI Kunihei
Tayeko Kawasaki	KAWASAKI Tayeko
Sachiko Kawasaki	KAWASAKI Sachiko
Miyeko Kawasaki	KAWASAKI Miyeko
Tsutomu Kawasaki	KAWASAKI Tsutomu
Taketoshi Kawasaki	KAWASAKI Taketoshi
Toshiye Kawasaki	KAWASAKI Toshiye
Zenkichi Sakurai	SAKURAI Zenkichi
Sumiko Okugawa	OKUGAWA Sumiko
Hisashi Okugawa	OKUGAWA Hisashi
Suzu Okugawa	OKUGAWA Suzu
Kayoko Sato	SATO Kayoko
Mitsuye Sato	SATO Mitsuye
Fusako Shiozawa	SHIOZAWA Fusako
Tadashi Shiozawa	SHIOZAWA Tadashi
Shizuo Shiozawa	SHIOZAWA Shizuo
Yuriko Shiozawa	SHIOZAWA Yuriko
Emiko Shiozawa	SHIOZAWA Emiko
Masakichi Shiozawa	SHIOZAWA Masakichi
Kinu Shiozawa	SHIOZAWA Kinu
Nori Tamiya	TAMIYA Nori
Mitsuko Tamiya	TAMIYA Mitsuko
Katsu Tamiya	TAMIYA Katsu
Tokugawa Yoshinobu	TOKUGAWA Yoshinobu
Hayashi Fukusai	HAYASHI Fukusai
Ido Satohiro	IDO Satohiro
Izawa Masayoshi	IZAWA Masayoshi
Udono Todoroki	UDONO Todoroki
Sosuke Okaya	OKAYA Sosuke
Tokujiro Yafuso	YAFUSO Tokujiro
Hiroshi Teruya	TERUYA Hiroshi
M. Oyadomari	OYADOMARI M.
H. Hika	HIKA H.
Seiichi Iwamura	IWAMURA Seiichi
Kyosuke Mizuno	MIZUNO Kyosuke
Ofuku	
Hirotaro Tanaka	TANAKA Hirotaro
Takuzo Tanaka	TANAKA Takuzo
Kentaro Ishibashi	ISHIBASHI Kentaro
Hidetatsu Egawa	EGAWA Hidetatsu
Ryosen	
Hayashi Daigaku-no-kami	HAYASHI Daigaku-no-kami
Ieyasu Tokugawa	TOKUGAWA Ieyasu
Katsutaro Inabata	INABATA Katsutaro
Masayoshi Abe	ABE Masayoshi
R. P. Aikin	
Tsunekichi Asabuki	ASABUKI Tsunekichi
Mrs. Tsunekichi Asabuki	Mrs. ASABUKI Tsunekichi
Kyoichi Baba	BABA Kyoichi
Mrs. Katsuji Debuchi	Mrs. DEBUCHI Katsuji
Takako Debuchi	DEBUCHI Takako
Kinya Fujita	FUJITA Kinya
Kikusaburo Fukui	FUKUI Kikusaburo
Mrs. Kikusaburo Fukui	Mrs. FUKUI Kikusaburo
Miyoko Fukui	FUKUI Miyoko
H. T. Goto	GOTO H. T.
Kingo Goto	GOTO Kingo
Masauji Hachisuka	HACHISUKA Masauji
Keisaburo Hashimoto	HASHIMOTO Keisaburo
Mr. Hirai	Mr. HIRAI
Mrs. Hirai	Mrs. HIRAI
Chiyo Hirose	HIROSE Chiyo
Mrs. Seiji Hishida	Mrs. HISHIDA Seiji
Ichio Hori	HORI Ichio
Miss Hori	Miss HORI
Zenjuro Horikoshi	HORIKOSHI Zenjuro
Mrs. Zenjuro Horikoshi	Mrs. HORIKOSHI Zenjuro
Mrs. Kensuke Horinouchi	Mrs. HORINOUCHI Kensuke
K. Ikeda	IKEDA K.
Yasuo Ikeda	IKEDA Yasuo
Tadashiro Inouye	INOUYE Tadashiro
Mrs. Chokuro Kadono	Mrs. KADONO Chokuro
Takashi Kanoe	KANOE Takashi
Hideshige Kashiwagi	KASHIWAGI Hideshige
Takesada Kato	KATO Takesada
Taijiro Kato	KATO Taijiro
Motosuke Kawakami	KAWAKAMI Motosuke
Masao Kibe	KIBE Masao
Mrs. Eiichi Kobayashi	Mrs. KOBAYASHI Eiichi
Masao Kobayashi	KOBAYASHI Masao
Mrs. Masao Kobayashi	Mrs. KOBAYASHI Masao
Fuko Kobayashi	KOBAYASHI Fuko
Mrs. Takashi Komatsu	Mrs. KOMATSU Takashi
Yoshitomo Komai	KOMAI Yoshitomo
Shinjiro Kurokawa	KUROKAWA Shinjiro
Shigeki Mihara	MIHARA Shigeki
Fumiko Mihara	MIHARA Fumiko
Kokichi Mikimoto	MIKIMOTO Kokichi
Ryozo Mishima	MISHIMA Ryozo
Mrs. Ryozo Mishima	Mrs. MISHIMA Ryozo
Mikinosuke Miyajima	MIYAJIMA Mikinosuke
Tsunematsu Miyoka	MIYOKA Tsunematsu
Shinjiro Mizota	MIZOTA Shinjiro
Mrs. Kyosuke Mizuno	Mrs. MIZUNO Kyosuke
Yoshiro Nagashima	NAGASHIMA Yoshiro
Morio Nakamatsu	NAKAMATSU Morio
Fukujiro Nakamura	NAKAMURA Fukujiro
Mrs. C. M. Nuno	Mrs. NUNO C. M.
Miss M. Okamura	Miss OKAMURA M.
Ichiro Onishi	ONISHI Ichiro
Nobuo Owada	OWADA Nobuo
Captain Rose	
Mrs. Rose	
Mrs. Soichi Saito	Mrs. SAITO Soichi
Tsuneyoshi Sakano	SAKANO Tsuneyoshi
Tokuya Sakurauchi	SAKURAUCHI Tokuya
Junzaburo Sashida	SASHIDA Junzaburo
Konosuke Seko	SEKO Konosuke
Mrs. Konosuke Seko	Mrs. SEKO Konosuke
Mine Seko	SEKO Mine
Seisaburo Shimizu	SHIMIZU Seisaburo
Mrs. Seisaburo Shimizu	Mrs. SHIMIZU Seisaburo
Yasuji Shimizu	SHIMIZU Yasuji
Mrs. Yasuji Shimizu	Mrs. SHIMIZU Yasuji
Masasuke Shimomura	SHIMOMURA Masasuke
Mrs. Jiro Shirasu	Mrs. SHIRASU Jiro
Michimasa Soyeshima	SOYESHIMA Michimasa
Giichi Suga	SUGA Giichi
Kazuma Sugita	SUGITA Kazuma
Mrs. Kantaro Suzuki	Mrs. SUZUKI Kantaro
Ryukichi Takagi	TAKAGI Ryukichi
Mrs. Ryukichi Takagi	Mrs. TAKAGI Ryukichi
N. Takashima	TAKASHIMA N.
Mrs. N. Takashima	Mrs. TAKASHIMA N.
Yenji Takeda	TAKEDA Yenji
Shugenori Tashiro	TASHIRO Shugenori
Shuro Terada	TERADA Shuro
Miss Togo	Miss TOGO
Toyoko Tokugawa	TOKUGAWA Toyoko
Sadatsuchi Uchida	UCHIDA Sadatsuchi
Mizutaro Watanabe	WATANABE Mizutaro
Mrs. Mizutaro Watanabe	Mrs. WATANABE Mizutaro
Chonosuke Yada	YADA Chonosuke
Mrs. Chonosuke Yada	Mrs. YADA Chonosuke
Keiichi Yamazaki	YAMAZAKI Keiichi
Tomoo Odaka	ODAKA Tomoo
Naganuma	NAGANUMA
Gen Yo Toku	
Sadao Yamada	YAMADA Sadao
Joji Kyodo	KYODO Joji
Seiichiro Katsurayama	KATSURAYAMA Seiichiro
Teruo Nimura	NIMURA Teruo
Tetsuka Kubota	KUBOTA Tetsuka
Tsutomu Yusa	YUSA Tsutomu
Takao Shinguchi	SHINGUCHI Takao
Susumu Saiki	SAIKI Susumu
Toshiaki Kimura	KIMURA Toshiaki
Tsuruo Fujioki	FUJIOKI Tsuruo
Hajime Shimada	SHIMADA Hajime
Yuichi Doiguchi	DOIGUCHI Yuichi
Kaoru Furuya	FURUYA Kaoru
Hifumi Ishikawa	ISHIKAWA Hifumi
Isami Masuda	MASUDA Isami
Kakuro Nakata	NAKATA Kakuro
Eiichi Nishikawa	NISHIKAWA Eiichi
Hideo Okusako	OKUSAKO Hideo
Shiro Saito	SAITO Shiro
Yojiro Somekawa	SOMEKAWA Yojiro
Tsutsumida Tamae	TSUTSUMIDA Tamae
Kazuma Ueno	UENO Kazuma
Masao Ekimoto	EKIMOTO Masao
Masakado Hirotsuka	HIROTSUKA Masakado
Masayoshi Hoshimi	HOSHIMI Masayoshi
Tsuyoshi Ishii	ISHII Tsuyoshi
Shoichi Iwata	IWATA Shoichi
Kiichiro Kawatani	KAWATANI Kiichiro
Namio Kida	KIDA Namio
Hideo Kuwahara	KUWAHARA Hideo
Seiko Masunaga	MASUNAGA Seiko
Ritsuo Matsushima	MATSUSHIMA Ritsuo
Shigebi Mazawa	MAZAWA Shigebi
Taro Ogawa	OGAWA Taro
Shigemasa Ozaki	OZAKI Shigemasa
Seiichi Sakamoto	SAKAMOTO Seiichi
Yoshio Shimogaki	SHIMOGAKI Yoshio
Toichiro Takamura	TAKAMURA Toichiro
Shuichi Tomita	TOMITA Shuichi
Yoshio Chida	CHIDA Yoshio
Yoshitaka Hamayasu	HAMAYASU Yoshitaka
Norio Hide	HIDE Norio
Masakazu Kuwahara	KUWAHARA Masakazu
Yutaka Matsuda	MATSUDA Yutaka
Mutsuya Matsumoto	MATSUMOTO Mutsuya
Arata Miyamoto	MIYAMOTO Arata
Hajime Miyazato	MIYAZATO Hajime
Mikiji Nii	NII Mikiji
Yoneo Tsutsui	TSUTSUI Yoneo
Hajime Yamazaki	YAMAZAKI Hajime
Kiyoshi Yoshida	YOSHIDA Kiyoshi
Akira Rikimaru	RIKIMARU Akira
Kazu Rikimaru	RIKIMARU Kazu
Kenichi Rikimaru	RIKIMARU Kenichi
Satoshi Rikimaru	RIKIMARU Satoshi
Shigeru Tabata	TABATA Shigeru
Shunkichi Ueda	UEDA Shunkichi
Norio Yamazaki	YAMAZAKI Norio
Seifu Muto	MUTO Seifu
Asajiro Tooi	TOOI Asajiro
Kanae Hatano	HATANO Kanae
Tomozo Ogawa	OGAWA Tomozo
N. Takahashi	TAKAHASHI N.
M. Kurimoto	KURIMOTO M.
Bobo	
F. C. Page	
J. O. Chien	
C. B. Rape	
Y. Noda	NODA Y.
R. Paige	
Dr. Inazo Nitobe	Dr. NITOBE Inazo
Admiral Takeshi Takarabe	Admiral TAKARABE Takeshi
General Giichi Tanaka	General TANAKA Giichi
General Hanzo Yamanashi	General YAMANASHI Hanzo
Lieutenant Kiyoshi Koga	Lieutenant KOGA Kiyoshi
Princess Asaka	
Mitsuaki Tanaka	TANAKA Mitsuaki
Kozaburo Tachibana	TACHIBANA Kozaburo
Zei Nishida	NISHIDA Zei
Nagamitsu Kawasaki	KAWASAKI Nagamitsu
Kenichiro Honma	HONMA Kenichiro
Masayo Hayashi	HAYASHI Masayo
Shozo Hayashi	HAYASHI Shozo
Hideo Okuda	OKUDA Hideo
Kosaburo Tachibana	TACHIBANA Kosaburo
Toru Obata	OBATA Toru
Hatori	HATORI
Yasuhito Chichibu	
Sakano	SAKANO
Takashi Takarabe	TAKARABE Takashi
Kenjiro Matsuura	MATSUURA Kenjiro
Kōki Adachi	ADACHI Kōki
Koto Fujii	FUJII Koto
Tadayoshi Fujii	FUJII Tadayoshi
Toyo Ikoma	IKOMA Toyo
Keijiro Tanaka	TANAKA Keijiro
Tomotada Ohara	OHARA Tomotada
Ko Watanabe	WATANABE Ko
Koshin Watanabe	WATANABE Koshin
Mineko Ota	OTA Mineko
Kyoko Tokonami	TOKONAMI Kyoko
Isamu Uchida	UCHIDA Isamu
Tadashi Konuma	KONUMA Tadashi
Kishiro Suda	SUDA Kishiro
Akinori Goto	GOTO Akinori
Ichinosuke Shinohara	SHINOHARA Ichinosuke
Haruo Yagi	YAGI Haruo
Kenichi Sakamoto	SAKAMOTO Kenichi
Hitoshi Fujii	FUJII Hitoshi
Kakushi Murayama	MURAYAMA Kakushi
Taku Mikami	MIKAMI Taku
Isamu Kuroiwa	KUROIWA Isamu
Hiroshi Yamagishi	YAMAGISHI Hiroshi
Kanetake Oura	OURA Kanetake
Isaburo Yamagata	YAMAGATA Isaburo
Renzo Okamoto	OKAMOTO Renzo
Rihei Okada	OKADA Rihei
Heigo Nakano	NAKANO Heigo
Tsutomu Mori	MORI Tsutomu
Prince Kan'in (Kotohito)	
Shiro Yoda	YODA Shiro
Prince Nashimoto (Morimasa)	
Tomoharu Nara	NARA Tomoharu
Colonel Ueno	Colonel UENO
Lieutenant Colonel Kurashige	Lieutenant Colonel KURASHIGE
Captain Takagi	Captain TAKAGI
Lieutenant Colonel Nakamura	Lieutenant Colonel NAKAMURA
Count Iwaki	Count IWAKI
Mr. Hashimoto	Mr. HASHIMOTO
Marquis Yorisada Tokugawa	Marquis TOKUGAWA Yorisada
Suzuki Harunobu	SUZUKI Harunobu
Shigekichi Mihara	MIHARA Shigekichi
Viscount Kikujiro Ishii	Viscount ISHII Kikujiro
Sojo Henjo	
Viscount Nagakage Okabe	Viscount OKABE Nagakage
Count Kiyoshi Kuroda	Count KURODA Kiyoshi
Ken Awaya	AWAYA Ken
Dr. Kosaku Hamada	Dr. HAMADA Kosaku
Chokiuro Kadono	KADONO Chokiuro
Masao Oya	OYA Masao
Dr. Junjiro Takakusu	Dr. TAKAKUSU Junjiro
Dr. Saburo Yamada	Dr. YAMADA Saburo
Toshikata Okubo	OKUBO Toshikata
Mrs. Tamon Maeda	Mrs. MAEDA Tamon
Itsuo Hamaoka	HAMAOKA Itsuo
Dr. Torasaburo Araki	Dr. ARAKI Torasaburo
Tokutaro Osawa	OSAWA Tokutaro
Fusajiro Kashima	KASHIMA Fusajiro
W. Araki	ARAKI W.
Norihiko Yatsushiro	YATSUSHIRO Norihiko
Naokata Kataoka	KATAOKA Naokata
Viscount Kentaro Kaneko	Viscount KANEKO Kentaro
Admiral Kichisaburo Nomura	Admiral NOMURA Kichisaburo
Takeko Kujo	KUJO Takeko
Empress Shoken	
Dr. Kencho Suematsu	Dr. SUEMATSU Kencho
Yuzo Ishimaru	ISHIMARU Yuzo
Dr. Niichiro Matsunami	Dr. MATSUNAMI Niichiro
Riei Inogi	INOGI Riei
E. Misa	
Himenesu	
Major Tominaga	Major TOMINAGA
Haruko (Maruka) Ito	ITO Haruko (Maruka)
Masu	
Yeiza	
T. Okura	OKURA T.
Hugo Ohide	OHIDE Hugo
Noemi Chimasu	CHIMASU Noemi
Sono Ohida	OHIDA Sono
K. Makayoma	MAKAYOMA K.
N. Ozawa	OZAWA N.
A. Zunzunegui	
Aizo Ozawa	OZAWA Aizo
Hugo Ohain	OHAIN Hugo
Takaha Hito	
T. Makabayashi	MAKABAYASHI T.
Manryu Shiraishi	SHIRAISHI Manryu
Yosuke Adachi	ADACHI Yosuke
Yoshitaro Kawamoto	KAWAMOTO Yoshitaro
Toriji Okada	OKADA Toriji
Kun Makata	MAKATA Kun
Sukeo Hamada	HAMADA Sukeo
Tokuji Yamanaka	YAMANAKA Tokuji
Kunihiko Tenbo	TENBO Kunihiko
Ryuzo Hashimoto	HASHIMOTO Ryuzo
Shuo Ishihara	ISHIHARA Shuo
Kazuo Awazawa	AWAZAWA Kazuo
Chigoro Sugiyama	SUGIYAMA Chigoro
General Jinzaburo Masaki	General MASAKI Jinzaburo
Admiral Makoto Saito	Admiral SAITO Makoto
Teizo Kurozaki	KUROZAKI Teizo
Emperor Hirohito (Showa Emperor)	
Wataru Imai	IMAI Wataru
Michisada Obata	OBATA Michisada
Masatsuru Taki	TAKI Masatsuru
Shigeaki Ikeda	IKEDA Shigeaki
Matsuzo Yamakawa	YAMAKAWA Matsuzo
Tadashi Kurihara	KURIHARA Tadashi
Takashi Sakai	SAKAI Takashi
Shizue Tsuda	TSUDA Shizue
Sanetaka Kusunoki	KUSUNOKI Sanetaka
Shunzo Mito	MITO Shunzo
Yaiichiro Shibata	SHIBATA Yaiichiro
Shinroku Hidaka	HIDAKA Shinroku
Tosuke Yamazaki	YAMAZAKI Tosuke
S. Natori	NATORI S.
Mitsuhiko Shimizu	SHIMIZU Mitsuhiko
Masao Ichimata	ICHIMATA Masao
Toyo Nakatsuka	NAKATSUKA Toyo
Mitsu Shimotsuka	SHIMOTSUKA Mitsu
Rubie Tajima	TAJIMA Rubie
Kikuye Yamada	YAMADA Kikuye
Norinaga Motoori	MOTOORI Norinaga
Tomomi Naito	NAITO Tomomi
Isamu Kumai	KUMAI Isamu
Ken Murayama	MURAYAMA Ken
Jiro Arakawa	ARAKAWA Jiro
Juro Shibayama	SHIBAYAMA Juro
Toru Kakimoto	KAKIMOTO Toru
Tazuko Yamada	YAMADA Tazuko
Toshitsugu Hagiya	HAGIYA Toshitsugu
Sadao Nagai	NAGAI Sadao
Sara Morimoto	MORIMOTO Sara
Mrs. Ken Murayama	Mrs. MURAYAMA Ken
Matsuko Kido	KIDO Matsuko
Koshi Miyazaki	MIYAZAKI Koshi
Joe Hatashita	HATASHITA Joe
Sen Nishiyama	NISHIYAMA Sen
Seiji Machida	MACHIDA Seiji
Shizue Ishikawa	ISHIKAWA Shizue
Seiji Otsubo	OTSUBO Seiji
Hana Ishigami	ISHIGAMI Hana
Kazu Shimizu	SHIMIZU Kazu
Michie Takita	TAKITA Michie
Tsuneo Tajima	TAJIMA Tsuneo
Yoshimoto	YOSHIMOTO
Hamasaki	HAMASAKI
Fukunaga	FUKUNAGA
Hiromu Hata	HATA Hiromu
Obana	OBANA
Kawashima	KAWASHIMA
Takamoto	TAKAMOTO
Ohama	OHAMA
Machida	MACHIDA
Tosaya	TOSAYA
Nagua	NAGUA
Imamura	IMAMURA
Kazahaya	KAZAHAYA
Fujioka	FUJIOKA
Nakadate	NAKADATE
Todo	TODO
Tasawa	TASAWA
Takemura	TAKEMURA
Jodo	JODO
A. Yoshida	YOSHIDA A.
T. Yoshida	YOSHIDA T.
Nakagami	NAKAGAMI
Fujika	FUJIKA
Iizuka	IIZUKA
Rokui	ROKUI
Kunimoto	KUNIMOTO
Sakumae	SAKUMAE
Mochida	MOCHIDA
Ukagami	UKAGAMI
Fukae	FUKAE
Sasanuma	SASANUMA
Oguro	OGURO
Ohori	OHORI
Sugiyama	SUGIYAMA
Yoshio Higashiuchi	HIGASHIUCHI Yoshio
Kazuo Kataoka	KATAOKA Kazuo
Kazuo Kawamura	KAWAMURA Kazuo
Yamachika	YAMACHIKA
Atsuyoshi Hosokawa	HOSOKAWA Atsuyoshi
Kazuko Kinoshita	KINOSHITA Kazuko
Yoritoshi Fujiwara	FUJIWARA Yoritoshi
A. Arai	ARAI A.
S. Ishikawa	ISHIKAWA S.
S. Nomura	NOMURA S.
Kenjiro Yamagawa	YAMAGAWA Kenjiro
Tanetaro Megata	MEGATA Tanetaro
Reitaro Ichinomiya	ICHINOMIYA Reitaro
Mr. Douteau	
H. Kato	KATO H.
Kunihei Ueji	UEJI Kunihei
Jiro Iwamoto	IWAMOTO Jiro
Fuji Adachi	ADACHI Fuji
Isao Nishijima	NISHIJIMA Isao
Umekichi Kobayashi	KOBAYASHI Umekichi
Mujimura	MUJIMURA
Tsunejiro Ashida	ASHIDA Tsunejiro
Daisuke Omoto	OMOTO Daisuke
Shiro Wada	WADA Shiro
Rokuro Tago	TAGO Rokuro
Teiji Sekiguchi	SEKIGUCHI Teiji
Matsutaro Kadiyama	KADIYAMA Matsutaro
Honichi Isaburo	
Tsugoro Shibayama	SHIBAYAMA Tsugoro
Suekazu Miura	MIURA Suekazu
H. Kimura	KIMURA H.
Toshitano Hara	HARA Toshitano
Tadashi Yamada	YAMADA Tadashi
Tokosa Hiroto	HIROTO Tokosa
Masuro Okamoto (Yokoyama)	OKAMOTO Masuro (Yokoyama)
Shintaka Okamoto	OKAMOTO Shintaka
Tatsu Okamoto	OKAMOTO Tatsu
Kinichi Araki	ARAKI Kinichi
Jiro Tabata	TABATA Jiro
Yoshiyuki Tamura	TAMURA Yoshiyuki
Ayako Okamoto (Yokoyama)	OKAMOTO Ayako (Yokoyama)
Nakamatsu Okada	OKADA Nakamatsu
Choko Shirakawa	SHIRAKAWA Choko
Shinichi Yokoyama	YOKOYAMA Shinichi
Yoshitomo Yamamoto	YAMAMOTO Yoshitomo
Hideo Ando	ANDO Hideo
Bunji Oashi (Watanabe)	OASHI Bunji (Watanabe)
Iwao Takenaka (Minami)	TAKENAKA Iwao (Minami)
Yasuichi Watano	WATANO Yasuichi
Shotaro Nishimura	NISHIMURA Shotaro
Katsuyoshi Fujita (Suzuki)	FUJITA Katsuyoshi (Suzuki)
Huyamura	HUYAMURA
T. Hayakawa	HAYAKAWA T.
Yadaharu Uyemura (Okuda)	UYEMURA Yadaharu (Okuda)
Mamasuke	
Hide	
Hisako Nakagawa Toga	
Kenosuke Kawaguchi (Murata)	KAWAGUCHI Kenosuke (Murata)
Torojiro Hayakawa	HAYAKAWA Torojiro
Rioko Higa	HIGA Rioko
Masayoshi Hiramatsu	HIRAMATSU Masayoshi
Seizo Mogami	MOGAMI Seizo
Yei Mamiya Fuhara	
Sueyuki Nakatsuka	NAKATSUKA Sueyuki
Shigeharu Takahashi	TAKAHASHI Shigeharu
Susumu Miyasaki	MIYASAKI Susumu
Jitsuichi Tayama	TAYAMA Jitsuichi
J. Chiachi	CHIACHI J.
Tsuneo Kaike	KAIKE Tsuneo
Teruo Miyake	MIYAKE Teruo
Kiyoshi Ichikawa	ICHIKAWA Kiyoshi
Takeshi Takenaka	TAKENAKA Takeshi
Jiro Matsumoto	MATSUMOTO Jiro
Kichimatsu Shinya	SHINYA Kichimatsu
Denosuke Nakagawa	NAKAGAWA Denosuke
Reikichi Tanabe	TANABE Reikichi
Enji Karaka	KARAKA Enji
Kazuo Kanetsuma	KANETSUMA Kazuo
Kenosuke Kawaguchi	KAWAGUCHI Kenosuke
Itsuo Miyamoto	MIYAMOTO Itsuo
Mitsuo Okayama	OKAYAMA Mitsuo
Shiziji Haramoto	HARAMOTO Shiziji
Tatsuo Mizokoshi	MIZOKOSHI Tatsuo
Hisashi Kunihiro	KUNIHIRO Hisashi
Toramatsu Yamada	YAMADA Toramatsu
Miyako	
Abe Kaiko	ABE Kaiko
Kozaburu Tada	TADA Kozaburu
Shirakata	SHIRAKATA
Toyokichi Senda	SENDA Toyokichi
Shigeo Okubo	OKUBO Shigeo
Hiroshi Izawa	IZAWA Hiroshi
Kurajiro Ishikawa	ISHIKAWA Kurajiro
Yoshio Miyakawa	MIYAKAWA Yoshio
Kiichiro Suzuki	SUZUKI Kiichiro
Keisaburo Fujii	FUJII Keisaburo
Isamu Ogawa	OGAWA Isamu
T. Shintaku	SHINTAKU T.
Y. S. Niimura	NIIMURA Y. S.
Rokuro Shimizu	SHIMIZU Rokuro
Tadeo Ara	ARA Tadeo
Toshiharu Suzuki	SUZUKI Toshiharu
Keuchi Yesunage	YESUNAGE Keuchi
R. Nagai	NAGAI R.
Sakahei Kawaguchi	KAWAGUCHI Sakahei
Mario Chosaburo Katsuda	KATSUDA Mario Chosaburo
Heisaku Ueda	UEDA Heisaku
Saijiro Tsuji	TSUJI Saijiro
Kinu Hosokawa	HOSOKAWA Kinu
Sadako Nishizawa	NISHIZAWA Sadako
Ryoichi Furuta	FURUTA Ryoichi
Kunito Miyasaka	MIYASAKA Kunito
Go Hioki	HIOKI Go
Shigeto Kishi	KISHI Shigeto
Hisakaza Kasamatsu	KASAMATSU Hisakaza
Shonosuke Oka	OKA Shonosuke
Naotaro Shimanaka	SHIMANAKA Naotaro
Yositaro Sakei	SAKEI Yositaro
Michiteru Ishii	ISHII Michiteru
Matsutaro Omura	OMURA Matsutaro
Iwao Nishizaki	NISHIZAKI Iwao
Masao Okada	OKADA Masao
Masagoro Imamura	IMAMURA Masagoro
Soshiro Yamada	YAMADA Soshiro
Shukichi Sagara	SAGARA Shukichi
Bunpei Takinami	TAKINAMI Bunpei
Tokuya Koseki	KOSEKI Tokuya
Aifo Hirota	HIROTA Aifo
Hachiro Fukuhara	FUKUHARA Hachiro
Masakatsu Nozaki	NOZAKI Masakatsu
Naonori Ishihara	ISHIHARA Naonori
Shin Kimitsuka	KIMITSUKA Shin
Fujio Mikami	MIKAMI Fujio
Goro Mori	MORI Goro
Hideo Tasanoushi	TASANOUSHI Hideo
Senjiro Hatanaka	HATANAKA Senjiro
Shigezo Okada	OKADA Shigezo
Sakae Nishihara	NISHIHARA Sakae
Tatsunosuke Harada	HARADA Tatsunosuke
Shota Kanzaki	KANZAKI Shota
Ryoji Kato	KATO Ryoji
Kuroki Awazu	AWAZU Kuroki
Tetsurei Segui	SEGUI Tetsurei
Tadao Hatanaka	HATANAKA Tadao
Midori Yoshioka	YOSHIOKA Midori
Mario Aoyama Kosaka	
Tekeichi Kido	KIDO Tekeichi
Ichira Hashimoto Kaminaga	
Toshio Shimizu	SHIMIZU Toshio
Mitsuo Takahashi	TAKAHASHI Mitsuo
Maso Imuro Ota	
Keiso Ito	ITO Keiso
Yoshio Sugano	SUGANO Yoshio
Shigeyoshi Fukushima	FUKUSHIMA Shigeyoshi
Katuya Sato	SATO Katuya
Benjamin Tanabe	TANABE Benjamin
Antonio Shiraki	SHIRAKI Antonio
Matsuni Kato	KATO Matsuni
Kimi Kondo	KONDO Kimi
V. S. Souza	
Hoshio Koga	KOGA Hoshio
Manye Yamanoha	YAMANOHA Manye
Maria Yama	
Tadao Ohira	OHIRA Tadao
Hugo Rinzo Ohira	OHIRA Hugo Rinzo
Seiichi Morikawa	MORIKAWA Seiichi
Sakee Nanjo	NANJO Sakee
Toshiyuki Okura	OKURA Toshiyuki
Kiichi Sakakibara	SAKAKIBARA Kiichi
Kiichi Iwama	IWAMA Kiichi
Goro Naito	NAITO Goro
Saburo Miyasaka	MIYASAKA Saburo
Chiutaro Ohashi	OHASHI Chiutaro
Umekichi Shimizu	SHIMIZU Umekichi
Toshiki Nakata	NAKATA Toshiki
Yasuo Nagase	NAGASE Yasuo
Shigemi Uyeno	UYENO Shigemi
Nobaru Tokanaga	TOKANAGA Nobaru
Toyokishi Inouye	INOUYE Toyokishi
K. Kawamura	KAWAMURA K.
B. Ohira	OHIRA B.
E. Tamura	TAMURA E.
Y. Isai	ISAI Y.
Hiyoshi Misutani	MISUTANI Hiyoshi
Nobura Hara	HARA Nobura
Kiyosi Hayakawa	HAYAKAWA Kiyosi
R. Naito	NAITO R.
Jikijiro Iwaya	IWAYA Jikijiro
Ranzo Ishiro	ISHIRO Ranzo
Shinzaku Hayashi	HAYASHI Shinzaku
Takeo Nishiama	NISHIAMA Takeo
Heitaka Taira	TAIRA Heitaka
Yugo Kusabake	KUSABAKE Yugo
Toshio Komuro	KOMURO Toshio
Misao Imaizumi	IMAIZUMI Misao
T. Hirasawa	HIRASAWA T.
Y. Koko	KOKO Y.
Yomurai	
Yuzo Tomito	TOMITO Yuzo
Tatsuo Ozaki	OZAKI Tatsuo
Renieo Katayama	KATAYAMA Renieo
Arinori Kawamura	KAWAMURA Arinori
Miochiro Adashi	ADASHI Miochiro
Tsuneharo Fujii	FUJII Tsuneharo
Yuei Eonozawa	EONOZAWA Yuei
Seite Sato	SATO Seite
Joao Kiuo Hirayama	HIRAYAMA Joao Kiuo
Yoshio Yameda	YAMEDA Yoshio
Kiyoto Uichi	UICHI Kiyoto
Seiti Moriyi	MORIYI Seiti
Nagashi	
Mitsutaka Oaki	OAKI Mitsutaka
Yogi Yoshikawa	YOSHIKAWA Yogi
Tomekiti Kira	KIRA Tomekiti
Tamematsu Okano	OKANO Tamematsu
Tamotsu Kodama	KODAMA Tamotsu
Shigehiko Miyakawa	MIYAKAWA Shigehiko
Colonel Wakiyama	Colonel WAKIYAMA
Lieutenant Colonel Yosikawa	Lieutenant Colonel YOSIKAWA
Captain Sakai	Captain SAKAI
Kaito Usui	USUI Kaito
Tatsu Mizuno	MIZUNO Tatsu
Binshiro Obata	OBATA Binshiro
Abe Akira	ABE Akira
Uye Akira	UYE Akira
Genichi Araki	ARAKI Genichi
Nagao Arita	ARITA Nagao
Juan Domingo	
Emperor Kanmu	
Susuma Fuginaka	FUGINAKA Susuma
Mirukana Fugio	FUGIO Mirukana
Kunihiro Hasashi	HASASHI Kunihiro
Tsunesaburo Hasegawa	HASEGAWA Tsunesaburo
Ichira Kaminaga Hashimoto	
Sengiro Hatanaka	HATANAKA Sengiro
Izawa Iwai	
L. M. Iwamoto	IWAMOTO L. M.
Iwao Nisizaki	NISIZAKI Iwao
Matsuri Kato	KATO Matsuri
Mijasaka Kato	KATO Mijasaka
Matagoro Kawai	KAWAI Matagoro
Kaiko Abe	ABE Kaiko
Ryoji Kanne	KANNE Ryoji
Kenkichi Iuda	IUDA Kenkichi
Heidiki Kido	KIDO Heidiki
Satoshi Kimura Murata	
Kinu Hosohawa	HOSOHAWA Kinu
Kioshi Yamamoto	YAMAMOTO Kioshi
Koichi Minami	MINAMI Koichi
Koichi Tamura	TAMURA Koichi
Ichinosuke Konishi	KONISHI Ichinosuke
Korekiyo Takanashi	TAKANASHI Korekiyo
Tomiga Koseki	KOSEKI Tomiga
Sigeo Kuno	KUNO Sigeo
Kuroku Awazu	AWAZU Kuroku
Tatsujiro Kurotobi	KUROTOBI Tatsujiro
Jose Kutugata	KUTUGATA Jose
Masami Uesugi Akira	
Sadanobu Matsudaira	MATSUDAIRA Sadanobu
Jurio Matsumoto	MATSUMOTO Jurio
Tateo Matsushima	MATSUSHIMA Tateo
Kiyoshi Misutani	MISUTANI Kiyoshi
Asana Miyakawa	MIYAKAWA Asana
Jose Morishige	MORISHIGE Jose
Ichitaro Morimoto	MORIMOTO Ichitaro
S. Nagabuchi	NAGABUCHI S.
Tukio Nagamatsu	NAGAMATSU Tukio
Makario Nakai	NAKAI Makario
Nikumatsu Okada	OKADA Nikumatsu
Chieko Nishino	NISHINO Chieko
Noboru Watanabe	WATANABE Noboru
Masakatsu Nosaki	NOSAKI Masakatsu
Y. S. Numura	NUMURA Y. S.
Bunji Oashi	OASHI Bunji
Jose S. Okamura	OKAMURA Jose S.
Tora Okugawa	OKUGAWA Tora
Ryoiti Mizutani	MIZUTANI Ryoiti
Masayoshi Sato	SATO Masayoshi
Seiichi Ametani	AMETANI Seiichi
Shigetaro Tanaka	TANAKA Shigetaro
Shigeyuki Ozawa	OZAWA Shigeyuki
Shiguezo Okada	OKADA Shiguezo
Shin Takeda	TAKEDA Shin
S. Shirakata	SHIRAKATA S.
Jose Tameto Shiraki	SHIRAKI Jose Tameto
Shiro Kuramoto Naito	
Suekaza Miura	MIURA Suekaza
S. Suganami	SUGANAMI S.
Junji Suzuki	SUZUKI Junji
Kanematsu Suzuki	SUZUKI Kanematsu
Toshitake Suzuki	SUZUKI Toshitake
Seijiro Tabata	TABATA Seijiro
Tadao Sato Ito	
Tadao Taniguchi	TANIGUCHI Tadao
Junjiro Takakusu	TAKAKUSU Junjiro
Iwao Takenaka	TAKENAKA Iwao
Hideo Tamanoushi	TAMANOUSHI Hideo
Okura Tanake	
Kitsuichi Tayama	TAYAMA Kitsuichi
Harou Tesima	TESIMA Harou
Tetuo Morimura	MORIMURA Tetuo
Jinichiro Togushi	TOGUSHI Jinichiro
Toshio Doku Shiotani	
Toyokei Senda	SENDA Toyokei
Hasekura Tsunenaga	HASEKURA Tsunenaga
Tokichi Umara Baba	
Atunari Utida	UTIDA Atunari
Masaji Yamaota	YAMAOTA Masaji
Yoshihei Yamashita	YAMASHITA Yoshihei
Yuzo Yonekura Yamashita	
Yonsha	
Yoshifumi Murota	MUROTA Yoshifumi
Tokugawa Yoshimune	TOKUGAWA Yoshimune
Yoshio Yoshikawa	YOSHIKAWA Yoshio
Eitaro Yosioka	YOSIOKA Eitaro
Teijiro Yumoto	YUMOTO Teijiro
Tsunezo Yagi	YAGI Tsunezo
Buitoro Torii	TORII Buitoro
Masayoshi Eshima Yasunaga	
Tetsuo Morimura	MORIMURA Tetsuo
Yosoe Ongimi	ONGIMI Yosoe
Fuginaka Susuma	FUGINAKA Susuma
Sengoro Takada	TAKADA Sengoro
Mariano Bureta	
Moriji Okada	OKADA Moriji
Katsuyoshi Fujita	FUJITA Katsuyoshi
Uesugi Akira Masami	UESUGI Akira Masami
Nakataro Arai	ARAI Nakataro
Genzo Nimura	NIMURA Genzo
Kitada	KITADA
Mrs. Seijiro Tabata	Mrs. TABATA Seijiro
Mario Aiki	AIKI Mario
Kazuki Tateishi	TATEISHI Kazuki
Danosuke Nokogawa	NOKOGAWA Danosuke
Sadoyoshi Nakayama	NAKAYAMA Sadoyoshi
Susumu Miyazaki	MIYAZAKI Susumu
Kozaburo Tada	TADA Kozaburo
Wani	
Nakatomi no Kamatari	
Emperor Go-Daigo	
Emperor Kōmyō	
Oda Nobunaga	ODA Nobunaga
Junjirō Takakusu	TAKAKUSU Junjirō
Lieutenant Colonel Tachibana	Lieutenant Colonel TACHIBANA
Mario Aoyama	AOYAMA Mario
Kyoho Hamanaka	HAMANAKA Kyoho
Miyasaka Kato	KATO Miyasaka
Tsunesaburō Hasegawa	HASEGAWA Tsunesaburō
Shoju Koyama	KOYAMA Shoju
Yozo Makino	MAKINO Yozo
Tanezo Koyama	KOYAMA Tanezo
Kunitaro Koyama	KOYAMA Kunitaro
Kyujiro Okazaki	OKAZAKI Kyujiro
Harukichi Miura	MIURA Harukichi
Senkuro Matsumiya	MATSUMIYA Senkuro
Hikojiro Suga	SUGA Hikojiro
Kiyoshi Kiyozawa	KIYOZAWA Kiyoshi
Yuki Uyeminami	UYEMINAMI Yuki
Sanjo Miura	MIURA Sanjo
Kyoji Nishihara	NISHIHARA Kyoji
Sunde	
Abe Hiroaki	ABE Hiroaki
Abe Kasuke	ABE Kasuke
Abe Katsuo	ABE Katsuo
Asakuma Hikokichi	ASAKUMA Hikokichi
Kuniko	
Chiba Keizo	CHIBA Keizo
Endo Yoshikazu	ENDO Yoshikazu
Fujimori Seiichiro	FUJIMORI Seiichiro
Fujita Risaburo	FUJITA Risaburo
Fujita Ruitaro	FUJITA Ruitaro
Fukuda Ryozo	FUKUDA Ryozo
Fukudome Shigeru	FUKUDOME Shigeru
Fushimi Hiroyasu	FUSHIMI Hiroyasu
Fushimi Sadanaru	FUSHIMI Sadanaru
Tokugawa Keiki	TOKUGAWA Keiki
Goga Keijiro	GOGA Keijiro
Gosho Shizuka	GOSHO Shizuka
Goto Aritomo	GOTO Aritomo
Goto Eiji	GOTO Eiji
Hara Chuichi	HARA Chuichi
Hara Kenzaburo	HARA Kenzaburo
Hara Kiyoshi	HARA Kiyoshi
Hasegawa Kiyoshi	HASEGAWA Kiyoshi
Togo Heihachiro	TOGO Heihachiro
Hatakeyama Koichiro	HATAKEYAMA Koichiro
Hibino Masaharu	HIBINO Masaharu
Shizu	
Higo Shuichiro	HIGO Shuichiro
Higo Kiyoshi	HIGO Kiyoshi
Hiraoka Iwao	HIRAOKA Iwao
Hiraoka Kumeichi	HIRAOKA Kumeichi
Hirata Noboru	HIRATA Noboru
Hirata Tosuke	HIRATA Tosuke
Hirose Masatsune	HIROSE Masatsune
Hokotachi Kaname	HOKOTACHI Kaname
Horiuchi Shigenori	HORIUCHI Shigenori
Horie Rokuro	HORIE Rokuro
Hoshino Shuichi	HOSHINO Shuichi
Hosogaya Boshiro	HOSOGAYA Boshiro
Nobu	
Hyakutake Gengo	HYAKUTAKE Gengo
Hyakutake Saburo	HYAKUTAKE Saburo
Inagaki Ayao	INAGAKI Ayao
Inouye Shigeyoshi	INOUYE Shigeyoshi
Hideji Inouye	INOUYE Hideji
Tatsuo Inouye	INOUYE Tatsuo
Inouye Yasuo	INOUYE Yasuo
Ishii Tsumejiro	ISHII Tsumejiro
Ito Seiichi	ITO Seiichi
Iwamoto Kaname	IWAMOTO Kaname
Iwamura Seiichi	IWAMURA Seiichi
Imamura Sadataka	IMAMURA Sadataka
Jinbo Benichi	JINBO Benichi
Kawashima Setsuo	KAWASHIMA Setsuo
Kakuta Kakuji	KAKUTA Kakuji
Kanazawa Masao	KANAZAWA Masao
Kaneko Toyokichi	KANEKO Toyokichi
Kasuga Atsushi	KASUGA Atsushi
Katagiri Eikichi	KATAGIRI Eikichi
Soyoko	
Kato Takayoshi	KATO Takayoshi
Kato Tomosaburo	KATO Tomosaburo
Funakoshi Mitsunojo	FUNAKOSHI Mitsunojo
Suetsugu Nobumasa	SUETSUGU Nobumasa
Kawase Shiro	KAWASE Shiro
Kimura Jin	KIMURA Jin
Kishi Fukuji	KISHI Fukuji
Kishimoto Kashiji	KISHIMOTO Kashiji
Kobayashi Masashi	KOBAYASHI Masashi
Kobayashi Sonosuke	KOBAYASHI Sonosuke
Toki	
Kobayashi Tetsuri	KOBAYASHI Tetsuri
Koga Mineichi	KOGA Mineichi
Yaeko	
Koike Shiro	KOIKE Shiro
Hama	
Komatsu Teruhisa	KOMATSU Teruhisa
Kitashirakawa Yoshihisa	KITASHIRAKAWA Yoshihisa
Prince Kitashirakawa	
Prince Takeda	
Count Ueno	Count UENO
Shimazu Tadasuke	SHIMAZU Tadasuke
Kondo Nobutake	KONDO Nobutake
Misao	
O. Yajima	YAJIMA O.
Koori Hidesaburo	KOORI Hidesaburo
Kurioka Yuzuru	KURIOKA Yuzuru
Yone	
Kurita Takeo	KURITA Takeo
Kusaka Jinichi	KUSAKA Jinichi
Kuwahara Torao	KUWAHARA Torao
Nikaido Yukitake	NIKAIDO Yukitake
Marumo Kuninori	MARUMO Kuninori
Matsugi Masuyoshi	MATSUGI Masuyoshi
Matsunaga Jiro	MATSUNAGA Jiro
Matsuura Eijiro	MATSUURA Eijiro
Mikawa Gunichi	MIKAWA Gunichi
Abo Kiyotane	ABO Kiyotane
Takarabe Takeshi	TAKARABE Takeshi
Mishuku Konoma	MISHUKU Konoma
Mito Shunso	MITO Shunso
Nagano Osami	NAGANO Osami
Shiozawa Koichi	SHIOZAWA Koichi
Shimada Shigetaro	SHIMADA Shigetaro
Ozui Tokusaburo	OZUI Tokusaburo
Kuga Takeo	KUGA Takeo
Yamaguchi Tamon	YAMAGUCHI Tamon
Mito Yoshihiko	MITO Yoshihiko
Nagumo Chuichi	NAGUMO Chuichi
Nakajima Torahiko	NAKAJIMA Torahiko
Nakamura Kamesaburo	NAKAMURA Kamesaburo
Nakamura Toshihisa	NAKAMURA Toshihisa
Nakasugi Kujiro	NAKASUGI Kujiro
Niimi Masaichi	NIIMI Masaichi
Nomura Naokuni	NOMURA Naokuni
Obata Aiki	OBATA Aiki
Oka Arata	OKA Arata
Oka Takasumi	OKA Takasumi
Okochi Denshichi	OKOCHI Denshichi
Okuma Masayoshi	OKUMA Masayoshi
Onishi Takijiro	ONISHI Takijiro
Ono Tadashi	ONO Tadashi
Ono Ichiro	ONO Ichiro
Oshima Shiro	OSHIMA Shiro
Ota Taiji	OTA Taiji
Ozawa Jisaburo	OZAWA Jisaburo
Ozawa Senkichi	OZAWA Senkichi
Sakai Shigeyoshi	SAKAI Shigeyoshi
Sakamoto Ikuta	SAKAMOTO Ikuta
Sakurai Tadatake	SAKURAI Tadatake
Samejima Tomoshige	SAMEJIMA Tomoshige
Sasaki Kiyoyasu	SASAKI Kiyoyasu
Sato Genzo	SATO Genzo
Sato Ichiro	SATO Ichiro
Samoto Yorio	SAMOTO Yorio
Seno Tomoyuki	SENO Tomoyuki
Shibata Yuichiro	SHIBATA Yuichiro
Shibuya Ryutaro	SHIBUYA Ryutaro
Shima Kiyohide	SHIMA Kiyohide
Shimizu Mitsumi	SHIMIZU Mitsumi
Shimomura Katsumi	SHIMOMURA Katsumi
Shiroya Kiyoshi	SHIROYA Kiyoshi
Shishido Yoshinobu	SHISHIDO Yoshinobu
Soma Rokuro	SOMA Rokuro
Soejima Daisuke	SOEJIMA Daisuke
Sugiyama Rokuzo	SUGIYAMA Rokuzo
Sugiyama Toshisuke	SUGIYAMA Toshisuke
Sukigawa Tamazo	SUKIGAWA Tamazo
Sumiyama Tokutaro	SUMIYAMA Tokutaro
Sunagawa Kanzo	SUNAGAWA Kanzo
Suzuki Hisatake	SUZUKI Hisatake
Takagi Takeo	TAKAGI Takeo
Takahashi Ibo	TAKAHASHI Ibo
Takasu Sanjiro	TAKASU Sanjiro
Takasu Shiro	TAKASU Shiro
Takatsuka Seigo	TAKATSUKA Seigo
Takeda Moriji	TAKEDA Moriji
Tanimoto Umataro	TANIMOTO Umataro
Tayui Minoru	TAYUI Minoru
Terada Kokichi	TERADA Kokichi
Teraoka Kinpei	TERAOKA Kinpei
Toyoda Soemu	TOYODA Soemu
Tozuka Michitaro	TOZUKA Michitaro
Tsuchida Kakuji	TSUCHIDA Kakuji
Tsunanari Nishizo	TSUNANARI Nishizo
Tsuzuki Ishichi	TSUZUKI Ishichi
Uchiki Kanji	UCHIKI Kanji
Ueno Nobukazu	UENO Nobukazu
Ugaki Matome	UGAKI Matome
Ujiie Nagaaki	UJIIE Nagaaki
Ukita Hidehiko	UKITA Hidehiko
Wada Kizo	WADA Kizo
Wakabayashi Seisaku	WAKABAYASHI Seisaku
Waki Kanae	WAKI Kanae
Yamada Mitsu	YAMADA Mitsu
Yamagata Seigo	YAMAGATA Seigo
Yamaguchi Gisaburo	YAMAGUCHI Gisaburo
Yamamoto Isoroku	YAMAMOTO Isoroku
Yamamoto Junpei	YAMAMOTO Junpei
Yamamoto Koki	YAMAMOTO Koki
Yanagihara Hiromitsu	YANAGIHARA Hiromitsu
Yoshida Zengo	YOSHIDA Zengo
Mitsunami Teizo	MITSUNAMI Teizo
Miwa Shigeyoshi	MIWA Shigeyoshi
Miyata Giichi	MIYATA Giichi
Miyata Hajime	MIYATA Hajime
Mizuno Junichi	MIZUNO Junichi
Mori Shinichi	MORI Shinichi
Myoga Hideo	MYOGA Hideo
Nabeshima Shigeaki	NABESHIMA Shigeaki
Toshihiko Iito	IITO Toshihiko
Shigeyoshi Miwa	MIWA Shigeyoshi
Giichi Miyata	MIYATA Giichi
Junichi Mizuno	MIZUNO Junichi
Shinichi Mochizuki	MOCHIZUKI Shinichi
Hideo Myoga	MYOGA Hideo
Shigeaki Nabeshima	NABESHIMA Shigeaki
Harukichi Nagano	NAGANO Harukichi
Masamichi Nagano	NAGANO Masamichi
Chuichi Nagumo	NAGUMO Chuichi
Riki Nagumo	NAGUMO Riki
Torahiko Nakajima	NAKAJIMA Torahiko
Kujiro Nakasugi	NAKASUGI Kujiro
Sumiko Niimi	NIIMI Sumiko
Yukitake Niikaido	NIIKAIDO Yukitake
Yayo Nomura	NOMURA Yayo
Niki Obata	OBATA Niki
Iwahashi	IWAHASHI
Shinichi Tanaka	TANAKA Shinichi
Shigeharu Matsumoto	MATSUMOTO Shigeharu
Tokujiro Saito	SAITO Tokujiro
Retsu Kiyosawa	KIYOSAWA Retsu
Tomo Ushiba	USHIBA Tomo
Hayao Mabuchi	MABUCHI Hayao
Chūichi Ohashi	OHASHI Chūichi
Jane Momoko Takeda	TAKEDA Jane Momoko
Yayoi Kegawa	KEGAWA Yayoi
Tadamatsu Ishiguro	ISHIGURO Tadamatsu
Genzo Onuma	ONUMA Genzo
Hideo Iwaguro	IWAGURO Hideo
Mr. Iikawa	Mr. IIKAWA
Miya Sannomiya	SANNOMIYA Miya
Tadashi Sato	SATO Tadashi
Kozen Tsunemitsu	TSUNEMITSU Kozen
T. H. Shimanouchi	SHIMANOUCHI T. H.
Toshio Tsukahira	TSUKAHIRA Toshio
Himeko Nishikawa	NISHIKAWA Himeko
Kazuo Ikeda	IKEDA Kazuo
Kimie Yamada	YAMADA Kimie
Hajime Watanabe	WATANABE Hajime
Shoichiro Matsumoto	MATSUMOTO Shoichiro
Hatsumi Ohama	OHAMA Hatsumi
Makio Teshirogi	TESHIROGI Makio
Yutaka Nii	NII Yutaka
Michikata Nishimoto	NISHIMOTO Michikata
Taketo Abe	ABE Taketo
Masaru Akutagawa	AKUTAGAWA Masaru
Tatsu Tanabe	TANABE Tatsu
Tadao Kaneko	KANEKO Tadao
Kiyoko Kuroishi	KUROISHI Kiyoko
Riuzo Shiota	SHIOTA Riuzo
Hugo Okonogi	OKONOGI Hugo
Iwao Fukushima	FUKUSHIMA Iwao
Shuichi Horikoshi	HORIKOSHI Shuichi
Hana Kawai	KAWAI Hana
Shizu Kawai	KAWAI Shizu
Nori Shimomuta	SHIMOMUTA Nori
Yae Togasaki	TOGASAKI Yae
Aiko Tashiro	TASHIRO Aiko
Masayasu Tozawa	TOZAWA Masayasu
J. C. Mann	
Tetsujiro Shidachi	SHIDACHI Tetsujiro
Baron Ichizaemon Morimura	Baron MORIMURA Ichizaemon
Kazuya Matsumiya	MATSUMIYA Kazuya
Yuko Kako	KAKO Yuko
Tomi Matsumoto	MATSUMOTO Tomi
Tsuna Miyako	MIYAKO Tsuna
Seiji Akiba	AKIBA Seiji
Masami Mizuno	MIZUNO Masami
Yasu Nozawa	NOZAWA Yasu
Fuku Doi	DOI Fuku
Kazue Noguchi	NOGUCHI Kazue
Ryuichi Kitagaki	KITAGAKI Ryuichi
Shika Hara	HARA Shika
Tetsu Takamizawa	TAKAMIZAWA Tetsu
Masatoshi Matsushita	MATSUSHITA Masatoshi
Akio Ozeki	OZEKI Akio
Noritake Tsuda	TSUDA Noritake
Shizu Ishikawa	ISHIKAWA Shizu
Yoshinawo Fujii	FUJII Yoshinawo
Toku Osawa	OSAWA Toku
Fumiko Kawabata	KAWABATA Fumiko
Takako Irie	IRIE Takako
Michio Ito	ITO Michio
Kiyoto Saiki	SAIKI Kiyoto
Shinichi Ishikura	ISHIKURA Shinichi
Dr. Kenzo Takayanagi	Dr. TAKAYANAGI Kenzo
Ozeki	OZEKI
Masasada Shiozawa	SHIOZAWA Masasada
Hozumi Tanaka	TANAKA Hozumi
Tota Fujii	FUJII Tota
Riichiro Hoashi	HOASHI Riichiro
Yodo Mukotani	MUKOTANI Yodo
Junichi Natori	NATORI Junichi
Tadaoki Yamamoto	YAMAMOTO Tadaoki
Shigeho Shinozaki	SHINOZAKI Shigeho
Meiji Emperor	
Azusa Ono	ONO Azusa
Sanae Takada	TAKADA Sanae
Michitaka Sugawara	SUGAWARA Michitaka
Haruo Matsui	MATSUI Haruo
J. Iwasaki	IWASAKI J.
Makio Toshiyoshi	TOSHIYOSHI Makio
Riuso Shiota	SHIOTA Riuso
Hugo Omonogi	OMONOGI Hugo
Nori Shimomura	SHIMOMURA Nori
Yae Torii	TORII Yae
Seijirō Yoshizawa	YOSHIZAWA Seijirō
Motokazu Machijiri	MACHIJIRI Motokazu
Ryūkichi Minobe	MINOBE Ryūkichi
Mr. Kusama	Mr. KUSAMA
Tsunetaka Komuchi	KOMUCHI Tsunetaka
Tsuneo Yamanishi	YAMANISHI Tsuneo
Count Uchida	Count UCHIDA
Mr. Fujimoto	Mr. FUJIMOTO
Shapiro	
Rikichi Ando	ANDO Rikichi
Baron Takaharu Mitsui	Baron MITSUI Takaharu
Yuki Watanabe Uyeminami	
Baron Kishichiro Okura	Baron OKURA Kishichiro
Makoto Matsutani	MATSUTANI Makoto
Kōki Horinouchi	HORINOUCHI Kōki
Tsuyo Mishima	MISHIMA Tsuyo
Sōnyū Ōtani	ŌTANI Sōnyū
Kōtarō Nakamura	NAKAMURA Kōtarō
Fumisaburō Kawagishi	KAWAGISHI Fumisaburō
Shinjirō Yamamoto	YAMAMOTO Shinjirō
Kazuyuki Suzuki	SUZUKI Kazuyuki
Nagayo Motoori	MOTOORI Nagayo
Masaoki Sato	SATO Masaoki
Shosaku Matsukata	MATSUKATA Shosaku
Yoshinobu Shishido	SHISHIDO Yoshinobu
Tsutomu Ishii	ISHII Tsutomu
Kintomo Mushanokoji	MUSHANOKOJI Kintomo
Kiyoshi Sejimo	SEJIMO Kiyoshi
Kami	
L. Kagan	
Kotaro Nagai	NAGAI Kotaro
Daikichi Ubukata	UBUKATA Daikichi
M. Yasutake	YASUTAKE M.
Sadao Terachi	TERACHI Sadao
Eiji Nishijima	NISHIJIMA Eiji
Mitsuo Ariga	ARIGA Mitsuo
Naomi Nishijima	NISHIJIMA Naomi
Masanobu Tokutomi	TOKUTOMI Masanobu
Takashi Kanno	KANNO Takashi
Amaterasu Omikami	
Necho II	
Tatsuo Anno	ANNO Tatsuo
Saburo Yamaguchi	YAMAGUCHI Saburo
Princess Nobuko Asaka	
Gonbei Yamamoto	YAMAMOTO Gonbei
Motoo Furusō	FURUSŌ Motoo
Lieutenant General Takamiya	Lieutenant General TAKAMIYA
Tetsujirō Sakano	SAKANO Tetsujirō
Masayuki Maeda	MAEDA Masayuki
Yūzaburō Kuratomi	KURATOMI Yūzaburō
Eimei Kuramoto	KURAMOTO Eimei
Choku Obara	OBARA Choku
Tamekichi Ōta	ŌTA Tamekichi
Sukeatsu Tanakamaru	TANAKAMARU Sukeatsu
Masaru Katō	KATŌ Masaru
Yasuo Ko	
Shimomura	SHIMOMURA
Sudo	SUDO
Chuzaburo Yamasumi	YAMASUMI Chuzaburo
Baron Mitsunojo	
Emperor Akihito	
Teijiro Sakamaki	SAKAMAKI Teijiro
Hikoichi Naito	NAITO Hikoichi
Otohiko Matsukata	MATSUKATA Otohiko
Shintaro Matsukata	MATSUKATA Shintaro
Hiroshi Kuroda	KURODA Hiroshi
Shunya Uchida	UCHIDA Shunya
Shozaburo Kobayashi	KOBAYASHI Shozaburo
Kon-ichi Nakaoka	NAKAOKA Kon-ichi
H. Mizuno	MIZUNO H.
Lieutenant General Kamashima	Lieutenant General KAMASHIMA
Baron Toshiatsu Sakamoto	Baron SAKAMOTO Toshiatsu
Yoshiki Kesago	KESAGO Yoshiki
Shuzo Okawa	OKAWA Shuzo
Count Yoshihide Futaara	Count FUTAARA Yoshihide
Baron Kumakichi Nakajima	Baron NAKAJIMA Kumakichi
Eizo Okamoto	OKAMOTO Eizo
Shinya Mochizuki	MOCHIZUKI Shinya
General Jinzaburo Mazaki	General MAZAKI Jinzaburo
General Kunishige Tanaka	General TANAKA Kunishige
Yamamasu	YAMAMASU
Baron Iwakura	Baron IWAKURA
Rear Admiral Sakano	Rear Admiral SAKANO
Rear Admiral Tsuda	Rear Admiral TSUDA
Ei-ichi Baba	BABA Ei-ichi
Jean	
Chi Yi Chen	
Nagakichi Shoda	SHODA Nagakichi
G. Asahara	ASAHARA G.
Hachiro Tago	TAGO Hachiro
Sakichi Toyoda	TOYODA Sakichi
Umetaro Suzuki	SUZUKI Umetaro
Junzo Kurimoto	KURIMOTO Junzo
Hideki Yukawa	YUKAWA Hideki
Ukichiro Nakatani	NAKATANI Ukichiro
Torahiko Terada	TERADA Torahiko
Kunio Oka	OKA Kunio
Kyoji Yoshida	YOSHIDA Kyoji
Tai Tanabe	TANABE Tai
Matsujiro Oyama	OYAMA Matsujiro
Sadako Nakatani	NAKATANI Sadako
Hideo Kumabe	KUMABE Hideo
Yurei Nakano	NAKANO Yurei
Tomio Ogata	OGATA Tomio
Hiroshi Maeda	MAEDA Hiroshi
Kazuo Ishikawa	ISHIKAWA Kazuo
Taimei Yoshimura	YOSHIMURA Taimei
Yoshio Nishina	NISHINA Yoshio
Jun Nagai	NAGAI Jun
Minoru Iida	IIDA Minoru
Ichiro Kinimoto	KINIMOTO Ichiro
Masanori Nose	NOSE Masanori
Takatsugu Hidaka	HIDAKA Takatsugu
Ukichiro Nakaya	NAKAYA Ukichiro
Isamu Inouye	INOUYE Isamu
Keishiro Iriye	IRIYE Keishiro
Shinichiro Kudo	KUDO Shinichiro
Takeo Naoi	NAOI Takeo
Tetsutaro Miura	MIURA Tetsutaro
Iwao Ayuzawa	AYUZAWA Iwao
Shizuo Saito	SAITO Shizuo
Kanichi Hatano	HATANO Kanichi
Itaru Kaku	KAKU Itaru
Hyoye Ouchi	OUCHI Hyoye
Kanzo Uchiyama	UCHIYAMA Kanzo
Shinzo Koizumi	KOIZUMI Shinzo
Masao Kiyokawa	KIYOKAWA Masao
Ki Kimura	KIMURA Ki
Joe Koide	KOIDE Joe
Ryoichi Fujii	FUJII Ryoichi
H. Gosho	GOSHO H.
Mimei Azuma	AZUMA Mimei
Joji Doi	DOI Joji
Ken Goto	GOTO Ken
Shigeo Hata	HATA Shigeo
Takeo Oba	OBA Takeo
Taiji Sato	SATO Taiji
Isamu Yamada	YAMADA Isamu
Shoichi Murata	MURATA Shoichi
Eiji Oyama	OYAMA Eiji
Shigeaki Fujita	FUJITA Shigeaki
Ryukichi Takazuka	TAKAZUKA Ryukichi
Hitoshi Kihara	KIHARA Hitoshi
Susumu Kana	KANA Susumu
Shoichi Nishimura	NISHIMURA Shoichi
Ryuichi Tamanouchi	TAMANOUCHI Ryuichi
Soichi Sugitani	SUGITANI Soichi
Itarō Mitsune	MITSUNE Itarō
Yuan Chento	
Captain Robin	
Captain Jouan	
Kyōji Tominaga	TOMINAGA Kyōji
Jōtarō Kondō	KONDŌ Jōtarō
Shigemasa Aoki	AOKI Shigemasa
Tadao Odaira	ODAIRA Tadao
Kinkichi Yamamoto	YAMAMOTO Kinkichi
Koshirō Shiba	SHIBA Koshirō
Heima Shinosaki	SHINOSAKI Heima
Kōji Ogawa	OGAWA Kōji
Shōji Kobayashi	KOBAYASHI Shōji
Rokurō Suzuki	SUZUKI Rokurō
Ichirō Fujiyama	FUJIYAMA Ichirō
Yūzō Isono	ISONO Yūzō
Yonejirō Noguchi	NOGUCHI Yonejirō
Jirō Saitō	SAITŌ Jirō
Sakuzaburō Uchigasaki	UCHIGASAKI Sakuzaburō
Hisaji Sasaki	SASAKI Hisaji
Josaia Adia	
Anna	
Marie	
Antonio Pajaa	
Kaibara Ekiken	KAIBARA Ekiken
Moriichi Kaibara	KAIBARA Moriichi
Genken Chō	CHŌ Genken
Professor Shindō	Professor SHINDŌ
Hatsukō Kokubun	KOKUBUN Hatsukō
Tsuneyoshi Tsuzumi	TSUZUMI Tsuneyoshi
Ichitoshi Kono	KONO Ichitoshi
Etsuzō Kurihara	KURIHARA Etsuzō
Yoshio Omura	OMURA Yoshio
Chou Fo-hai	
Chou Tso-yin	
Fukujiro Hasegawa	HASEGAWA Fukujiro
Ina Hasegawa	HASEGAWA Ina
Yoshiichi Hasegawa	HASEGAWA Yoshiichi
Takeo Hasegawa	HASEGAWA Takeo
Saburo Hasegawa	HASEGAWA Saburo
Yasuro Hasegawa	HASEGAWA Yasuro
Akio Hasegawa	HASEGAWA Akio
Hisao Hasegawa	HASEGAWA Hisao
Sodejiro	
Kahei Hasegawa	HASEGAWA Kahei
Shao Hoan	
Shao Hokuo	
Yoshirō Nagayo	NAGAYO Yoshirō
Haruo Satō	SATŌ Haruo
Jun Takami	TAKAMI Jun
Naotoshi Kohiyama	KOHIYAMA Naotoshi
Marutan	
Toshitake Ōkubo	ŌKUBO Toshitake
Toshimichi Ōkubo	ŌKUBO Toshimichi
Junkichi Mukai	MUKAI Junkichi
Sataro Tanaka	TANAKA Sataro
Ryōhei Koiso	KOISO Ryōhei
Nobu Kurihara	KURIHARA Nobu
Tsuguo Suzuki	SUZUKI Tsuguo
Kakutaro Kashiwara	KASHIWARA Kakutaro
Tatsushiro Takabata	TAKABATA Tatsushiro
Tokushiro Kohayakawa	KOHAYAKAWA Tokushiro
Genichiro Inokuma	INOKUMA Genichiro
Itsuki Saito	SAITO Itsuki
Jitsuji Maekawa	MAEKAWA Jitsuji
Tiao Yu-ha	
Chou So-min	
Karahiko Arakuni	ARAKUNI Karahiko
Mitsuharu Yamada	YAMADA Mitsuharu
Mawaguehi	
Mishizaki	
Kinoshita Getsu	KINOSHITA Getsu
Kojiro	
Yoshio Maruyama	MARUYAMA Yoshio
Yoshio Ihata	IHATA Yoshio
Haruichi Iwata	IWATA Haruichi
Chiryu Murano	MURANO Chiryu
Isakichiro Honji	HONJI Isakichiro
Fujishima	FUJISHIMA
Masayuki Yokoya	YOKOYA Masayuki
Masuhiro Yokoyama	YOKOYAMA Masuhiro
Yokoyama Shire	YOKOYAMA Shire
Kawa	
Kumori	
Toshio Yoneyama	YONEYAMA Toshio
Fukuyuki	
Uesugi	UESUGI
Shibuya	SHIBUYA
Yuborure Shin	
Kobira	
Choon Tai	
Chen-n	
Kiichi Sakurai	SAKURAI Kiichi
Otashime	
Yukari	
Miyutaka Itu	
Watoshio Maruke	
Koro Takahashi	TAKAHASHI Koro
Yoshita	
Kawamata	KAWAMATA
Kanai	KANAI
Mr. Totsuyo	
Tetsukusa Takei	TAKEI Tetsukusa
Hakiko Isobe	ISOBE Hakiko
Teruei Yamamoto	YAMAMOTO Teruei
Yunuue	
Tuture	
Haruyei Senba	SENBA Haruyei
Mr. Yukiko	
Fukui Tijiro	FUKUI Tijiro
Hunku	
Izumi Sasaki	SASAKI Izumi
Wu Huawen	
Yu Huai'an	
Kuo Shoutien	
Chun	
Chen Chunhui	
S. Narayanan	
Kengo Tominaga	TOMINAGA Kengo
Prince Yi Geon	
Kumaichi Teramoto	TERAMOTO Kumaichi
Tasuku Ito	ITO Tasuku
Kanichi Naito	NAITO Kanichi
Sugitani	SUGITANI
Bennosuke Omigishi	OMIGISHI Bennosuke
Tsuichi Yokoyama	YOKOYAMA Tsuichi
Tadeyuki Furumi	FURUMI Tadeyuki
Matsujiro Nakamura	NAKAMURA Matsujiro
Chou Fu-hai	
Gengo Kodera	KODERA Gengo
Masutaro Kimura	KIMURA Masutaro
Kikujiro Takashima	TAKASHIMA Kikujiro
Chen Yao-tsu	
Magohei Tanaka	TANAKA Magohei
Masakichi Hori	HORI Masakichi
Takehiko Ishikawa	ISHIKAWA Takehiko
Aiko Saita	SAITA Aiko
Shuzo Tanakadate	TANAKADATE Shuzo
Shigeru Nakasaki	NAKASAKI Shigeru
Major Saito	Major SAITO
Hirota	HIROTA
Ryoichi Hara	HARA Ryoichi
E. Gitaro Kojima	KOJIMA E. Gitaro
Kotaro Minakuti	MINAKUTI Kotaro
Masatsugu Fukuda	FUKUDA Masatsugu
Shigaru Okamoto	OKAMOTO Shigaru
Kaoru Okamoto	OKAMOTO Kaoru
Tomemori Nakano	NAKANO Tomemori
Sada Yoshime	
Sunchoo Choi	
Chanho Min	
Katsu Koike	KOIKE Katsu
Consul General Fukuma	Consul General FUKUMA
Viscount K. Ishii	Viscount ISHII K.
Takie Okumura	OKUMURA Takie
Shinryu Umehara	UMEHARA Shinryu
Yoshi S. Kuno	KUNO Yoshi S.
Hiroshi Noguchi	NOGUCHI Hiroshi
Toji Ae	
Gihiro Masuo	MASUO Gihiro
Osamu Ishizuka	ISHIZUKA Osamu
Toyoji Takeshita	TAKESHITA Toyoji
Chuji Utsumi	UTSUMI Chuji
Fuchio Imagawa	IMAGAWA Fuchio
Gifu Nishizawa	NISHIZAWA Gifu
Hidefumi Mori	MORI Hidefumi
Yuki Oiwa	OIWA Yuki
Kiyoshi Noguchi	NOGUCHI Kiyoshi
Masachika Hirata	HIRATA Masachika
Masabumi Yamauchi	YAMAUCHI Masabumi
Sai Shuku Kai	
Chin Hatsu Rin	
Chin So Kai	
Chin Tai Ho	
Chin Kin Ka	
Ko Katsu	
Go Shin	
Cho Shin Jo	
Sai Gyoku Wa	
Kaku Zui	
Chin Shun Sei	
Hatano	HATANO
Kabashima	KABASHIMA
Nishio	NISHIO
Kanamaru	KANAMARU
Utsumi	UTSUMI
Kumasawa	KUMASAWA
Hidekihara	
Saisuke Saito	SAITO Saisuke
Kaoru Nakayama	NAKAYAMA Kaoru
Michiyoshi Kajiwara	KAJIWARA Michiyoshi
Yoshihiko Saka	SAKA Yoshihiko
Mutsuo Yamazaki	YAMAZAKI Mutsuo
Nenezo Utsushigawa	UTSUSHIGAWA Nenezo
Erin Asai	ASAI Erin
Yoshisuke Asai	ASAI Yoshisuke
Teoku Nichizawa	NICHIZAWA Teoku
Jiro Hagano	HAGANO Jiro
Tatsuo Ito	ITO Tatsuo
Gishiro Masuo	MASUO Gishiro
Jōji Sakurai	SAKURAI Jōji
Count Keigo Kiyoura	Count KIYOURA Keigo
Eiichi Kiyooka	KIYOOKA Eiichi
Tizuka	TIZUKA
Mrs. Haan	
Rikio Sugano	SUGANO Rikio
Tokushi Suhara	SUHARA Tokushi
Ryokai Fukui	FUKUI Ryokai
Masusaku Nakamura	NAKAMURA Masusaku
Mrs. Kiyooka	Mrs. KIYOOKA
Etsu Sugimoto	SUGIMOTO Etsu
Count Sanji Kuroki	Count KUROKI Sanji
Yoshiro Kadono	KADONO Yoshiro
Fana	
Suyan	
Jose	
Simeona	
Uban	
Menangue	
Sanji Kuroki	KUROKI Sanji
Yasaka Takaki	TAKAKI Yasaka
Kinzo Umeda	UMEDA Kinzo
Tsuruki Moriyama	MORIYAMA Tsuruki
Tadao Fujiyoshi	FUJIYOSHI Tadao
T. Sorayama	SORAYAMA T.
N. Minami	MINAMI N.
T. Komoto	KOMOTO T.
T. Morimura	MORIMURA T.
Miyuki Fujii	FUJII Miyuki
Shigeki Tamura	TAMURA Shigeki
W. K. Fujita	FUJITA W. K.
K. Kimoto	KIMOTO K.
E. Mishima	MISHIMA E.
K. Izumi	IZUMI K.
Mrs. Saiki	Mrs. SAIKI
Toru Kawamoto	KAWAMOTO Toru
K. Yonegaki	YONEGAKI K.
Setsuechi Aoki	AOKI Setsuechi
Ichimura	ICHIMURA
Yaichiro Isobe	ISOBE Yaichiro
Nobuko Kobayashi	KOBAYASHI Nobuko
Kenjiro Tokutomi	TOKUTOMI Kenjiro
Sakae Shioya	SHIOYA Sakae
Kōyō Ozaki	OZAKI Kōyō
Futabatei Shimei	
Takiji Kobayashi	KOBAYASHI Takiji
M. Shiozawa	SHIOZAWA M.
Gotō Shinpei	GOTŌ Shinpei
Shun Giga	
Denichi Ishii	ISHII Denichi
Masashi Kato	KATO Masashi
Toshiko Kaya	
Masao Okubo	OKUBO Masao
Tsuchiyama	TSUCHIYAMA
Matsuyo Nagai	NAGAI Matsuyo
Katsusuke Nagasaki	NAGASAKI Katsusuke
Ginji Yokoyama	YOKOYAMA Ginji
Ii Naosuke	II Naosuke
Ichiji Iio	IIO Ichiji
Kuma Suzuki	SUZUKI Kuma
Yasutaro Iwashita	IWASHITA Yasutaro
Yoshitaka Ono	ONO Yoshitaka
Juso Oda	ODA Juso
Princess Chichibu (Setsuko)	
Itsumi Ito	ITO Itsumi
Tsuromitsu	
Hiroshi Tamura	TAMURA Hiroshi
Tatsukichi Ota	OTA Tatsukichi
Oizumi	OIZUMI
Hakutaro Hayashi	HAYASHI Hakutaro
Takakimi Mitsui	MITSUI Takakimi
Empress Kojun (Nagako)	
Emperor Showa (Hirohito)	
Empress Teimei (Sadako)	
Yoshiharu Murakami	MURAKAMI Yoshiharu
Kanao Nanjo	NANJO Kanao
Hyakutaro Miyakegawa	MIYAKEGAWA Hyakutaro
Otoshichi Shoji	SHOJI Otoshichi
Etienne Fougere	
Tan Takahashi	TAKAHASHI Tan
Kimitomo Mushakoji	MUSHAKOJI Kimitomo
Masahiko Yokoyama	YOKOYAMA Masahiko
Mikio Furusho	FURUSHO Mikio
Chusaburo Yukawa	YUKAWA Chusaburo
Neiji Okamura	OKAMURA Neiji
Kotaro Iwashita	IWASHITA Kotaro
Chosaburo Yamada	YAMADA Chosaburo
Sosaku Suzuki	SUZUKI Sosaku
Prince Hitachi	
Count Yoshinori Futara	Count FUTARA Yoshinori
Prince Kaya	
Shukichi Nagaoka	NAGAOKA Shukichi
Hyozaburo Hirao	HIRAO Hyozaburo
Shoichi Kuriyama	KURIYAMA Shoichi
Toyozo Toyama	TOYAMA Toyozo
Minji Hata	HATA Minji
Shinoji	
Eiji Furuchi	FURUCHI Eiji
Princess Kaya	
Koichi Shiosawa	SHIOSAWA Koichi
E. F. Johansen	
Yasoichi Budo	BUDO Yasoichi
Isao Miki	MIKI Isao
Teikichi Sato	SATO Teikichi
Junichi Inouye	INOUYE Junichi
Kasuji Inouye	INOUYE Kasuji
Eiji Aoyagi	AOYAGI Eiji
Keizo Yamamoto	YAMAMOTO Keizo
Kiyooka	KIYOOKA
Iwame Torahike	
Mrs. Takie Okumura	Mrs. OKUMURA Takie
Umetaro Koumura	KOUMURA Umetaro
Shigeo Soga	SOGA Shigeo
J. Sanjume	SANJUME J.
Y. Yama	YAMA Y.
Masuo Ogoshi	OGOSHI Masuo
F. Okumura	OKUMURA F.
S. Kanda	KANDA S.
K. Tanimoto	TANIMOTO K.
I. Hanaoka	HANAOKA I.
Chishin Yamashita	YAMASHITA Chishin
Chisen Yamashita	YAMASHITA Chisen
Hiroki Yamada	YAMADA Hiroki
Yoshio Iwamoto	IWAMOTO Yoshio
Kiyoshi Kaneshiro	KANESHIRO Kiyoshi
Michio Kinoshita	KINOSHITA Michio
Aiko Maeda	MAEDA Aiko
Funiye Miho	MIHO Funiye
Katsuso Miho	MIHO Katsuso
Aiko Morimoto	MORIMOTO Aiko
Matsue Motoki	MOTOKI Matsue
Ichiro Okada	OKADA Ichiro
Shigeru Oshiro	OSHIRO Shigeru
Kaname Saito	SAITO Kaname
Fumi Seki	SEKI Fumi
Yodo Shigemura	SHIGEMURA Yodo
Genko Shimabukuro	SHIMABUKURO Genko
Akiko Taira	TAIRA Akiko
Ginei Ben Takayesu	TAKAYESU Ginei Ben
Sadao Tsunoto	TSUNOTO Sadao
Masayoshi Wakai	WAKAI Masayoshi
Yoji Yasui	YASUI Yoji
Hidesuke Akimine	AKIMINE Hidesuke
Hajime Akita	AKITA Hajime
Rijo Hori	HORI Rijo
Sadamoto Iwashita	IWASHITA Sadamoto
Kanemi Kanazawa	KANAZAWA Kanemi
Kinji Kanazawa	KANAZAWA Kinji
Kaname Kataoka	KATAOKA Kaname
Mitsue Koinu	KOINU Mitsue
Kikuo Kuramoto	KURAMOTO Kikuo
Hisanobu Matsui	MATSUI Hisanobu
Toshiaki Matsushima	MATSUSHIMA Toshiaki
Shichiro Moriguchi	MORIGUCHI Shichiro
Yukio Nakao	NAKAO Yukio
Tatsuki Yoshida	YOSHIDA Tatsuki
Haruko Daikokuya	DAIKOKUYA Haruko
Kiyono Fukuda	FUKUDA Kiyono
Mitsugi Hanada	HANADA Mitsugi
Hisashi Hasegawa	HASEGAWA Hisashi
Hatsuye Higaki	HIGAKI Hatsuye
Yuriko Hiramoto	HIRAMOTO Yuriko
Tomiko Honda	HONDA Tomiko
Shizue	
Mae Akiho Maeda	MAEDA Mae Akiho
June Umeda Minato	MINATO June Umeda
Anne Shigeko Miyashiro	MIYASHIRO Anne Shigeko
Harue Morimoto	MORIMOTO Harue
Mitsuko Muraoka	MURAOKA Mitsuko
Yoshio Nobu	NOBU Yoshio
Chiyoko Hoshino Oda	ODA Chiyoko Hoshino
Yuki Orai	ORAI Yuki
Michiko Shimokawa	SHIMOKAWA Michiko
Itsuko Sueoka	SUEOKA Itsuko
Kiyoko Suzuki	
Suna I. Takabuki	TAKABUKI Suna I.
Waichi Takemoto	TAKEMOTO Waichi
Shizuko Tanaka	TANAKA Shizuko
Koto Tanaka	TANAKA Koto
Megata	MEGATA
Reinke	
F. Nakahara	NAKAHARA F.
Yuro Koga	KOGA Yuro
Sawamoto	SAWAMOTO
Ishimaru	ISHIMARU
I. Shubin	
S. Shima	SHIMA S.
G. C. Bateman	
I. Okura	OKURA I.
Mata B. Roudin	
Tetsuo Miyakawa	MIYAKAWA Tetsuo
Higashikuze	HIGASHIKUZE
Sadaki Tsuru	TSURU Sadaki
Shiro Yamaguchi	YAMAGUCHI Shiro
P. M. Robinson	
M. Oshima	OSHIMA M.
Kenzō Iwahara	IWAHARA Kenzō
Shichirō Komori	KOMORI Shichirō
Hachirō Ōhashi	ŌHASHI Hachirō
Takeo Ikuta	IKUTA Takeo
Kenjirō Yabe	YABE Kenjirō
Daitero Yokowa	YOKOWA Daitero
Chūhei Anzawa	ANZAWA Chūhei
Minosuke Morishima	MORISHIMA Minosuke
Satoji Sasaki	SASAKI Satoji
Jun Yokoyama	YOKOYAMA Jun
Hisao Sumina	SUMINA Hisao
Norizō Matsuuchi	MATSUUCHI Norizō
Misoji Nishimoto	NISHIMOTO Misoji
Fuji Tada	TADA Fuji
Yoshizō Hashimoto	HASHIMOTO Yoshizō
Taiichirō Satō	SATŌ Taiichirō
Kumajirō Ishimura	ISHIMURA Kumajirō
Tsugen Taharada	TAHARADA Tsugen
Takeji Takahashi	TAKAHASHI Takeji
Seiichi Mizukawa	MIZUKAWA Seiichi
Masaki Sakiyama	SAKIYAMA Masaki
Makoto Yoshida	YOSHIDA Makoto
Torao Matsuda	MATSUDA Torao
Shigeru Nakamura	NAKAMURA Shigeru
Takeji Hori	HORI Takeji
Kiwamu Momoteba	MOMOTEBA Kiwamu
Iwao Kumekawa	KUMEKAWA Iwao
Kei Mizogami	MIZOGAMI Kei
Michi Uta	UTA Michi
Kenjirō Takayanagi	TAKAYANAGI Kenjirō
Gennosuke Hara	HARA Gennosuke
Satoru Takamura	TAKAMURA Satoru
Hikoshirō Yokoyama	YOKOYAMA Hikoshirō
Shigeo Takahashi	TAKAHASHI Shigeo
K. Tanabe	TANABE K.
H. Kowa	KOWA H.
S. Miyo	MIYO S.
M. Sasashima	SASASHIMA M.
Y. Gorai	GORAI Y.
S. Kurosawa	KUROSAWA S.
F. Fukushima	FUKUSHIMA F.
E. Arimitsu	ARIMITSU E.
M. Okuzu	OKUZU M.
H. Teramoto	TERAMOTO H.
Y. Koshikiri	KOSHIKIRI Y.
H. Suzuki	SUZUKI H.
Y. Shimomura	SHIMOMURA Y.
H. Ōsaka	ŌSAKA H.
K. Hamada	HAMADA K.
S. Yamamoto	YAMAMOTO S.
T. Shōji	SHŌJI T.
S. Sakai	SAKAI S.
K. Urakawa	URAKAWA K.
K. Yukawa	YUKAWA K.
I. Iwami	IWAMI I.
T. Nishiguchi	NISHIGUCHI T.
Y. Ueno	UENO Y.
K. Nagano	NAGANO K.
T. Kitamoto	KITAMOTO T.
I. Kaneko	KANEKO I.
M. Kawahira	KAWAHIRA M.
S. Miyazaki	MIYAZAKI S.
T. Ogasawara	OGASAWARA T.
S. Hamada	HAMADA S.
T. Kumagai	KUMAGAI T.
K. Ogasawara	OGASAWARA K.
S. Aizawa	AIZAWA S.
F. Suzuki	SUZUKI F.
Y. Murayama	MURAYAMA Y.
S. Satō	SATŌ S.
H. Miura	MIURA H.
T. Chiba	CHIBA T.
Y. Ohira	OHIRA Y.
F. Usui	USUI F.
K. Oikawa	OIKAWA K.
K. Suzuki	SUZUKI K.
S. Aoyama	AOYAMA S.
S. Futo	FUTO S.
T. Kataishi	KATAISHI T.
C. Takatsu	TAKATSU C.
N. Satō	SATŌ N.
Y. Ogata	OGATA Y.
K. Uenodai	UENODAI K.
I. Karikomi	KARIKOMI I.
K. Tobita	TOBITA K.
T. Nemoto	NEMOTO T.
T. Isobe	ISOBE T.
R. Ogata	OGATA R.
K. Yoshii	YOSHII K.
Y. Motoyoshi	MOTOYOSHI Y.
Z. Yanagihara	YANAGIHARA Z.
J. Matsushima	MATSUSHIMA J.
Y. Masuda	MASUDA Y.
M. Sawabe	SAWABE M.
F. Takahama	TAKAHAMA F.
Y. Ōkawa	ŌKAWA Y.
E. Nakamura	NAKAMURA E.
M. Matsumoto	MATSUMOTO M.
G. Takahashi	TAKAHASHI G.
S. Inoue	INOUE S.
J. Matsuo	MATSUO J.
T. Honma	HONMA T.
Y. Yamazaki	YAMAZAKI Y.
H. Takatsu	TAKATSU H.
S. Arai	ARAI S.
N. Ōtaki	ŌTAKI N.
K. Matsushima	MATSUSHIMA K.
T. Handa	HANDA T.
G. Satō	SATŌ G.
S. Kawamura	KAWAMURA S.
T. Hamabe	HAMABE T.
T. Endō	ENDŌ T.
T. Yoshikawa	YOSHIKAWA T.
G. Murakami	MURAKAMI G.
Y. Hayashi	HAYASHI Y.
S. Tamamura	TAMAMURA S.
H. Saga	SAGA H.
Y. Koga	KOGA Y.
M. Sugai	SUGAI M.
S. Takai	TAKAI S.
T. Hirano	HIRANO T.
K. Sawano	SAWANO K.
M. Katsurada	KATSURADA M.
A. Saga	SAGA A.
S. Oguma	OGUMA S.
M. Kikui	KIKUI M.
R. Takano	TAKANO R.
K. Seto	SETO K.
U. Yamazaki	YAMAZAKI U.
T. Takamatsu	TAKAMATSU T.
S. Shinomi	SHINOMI S.
H. Hoshino	HOSHINO H.
Y. Sugai	SUGAI Y.
S. Misaki	MISAKI S.
K. Funagi	FUNAGI K.
H. Yoshida	YOSHIDA H.
Y. Kadoguchi	KADOGUCHI Y.
K. Kuriyama	KURIYAMA K.
R. Mikami	MIKAMI R.
K. Satō	SATŌ K.
H. Honma	HONMA H.
S. Honma	HONMA S.
K. Ōura	ŌURA K.
H. Ōwada	ŌWADA H.
S. Tsukada	TSUKADA S.
K. Karaki	KARAKI K.
Y. Moriguchi	MORIGUCHI Y.
S. Matsui	MATSUI S.
K. Hiromatsu	HIROMATSU K.
K. Tada	TADA K.
S. Saito	SAITO S.
I. Katsuse	KATSUSE I.
T. Tominaga	TOMINAGA T.
A. Tanizawa	TANIZAWA A.
S. Hori	HORI S.
T. Sakamaki	SAKAMAKI T.
K. Taifuku	TAIFUKU K.
S. Sumie	SUMIE S.
C. Hamawaki	HAMAWAKI C.
E. Motokawa	MOTOKAWA E.
T. Tada	TADA T.
T. Shiiki	SHIIKI T.
A. Hamazaki	HAMAZAKI A.
S. Gonohe	GONOHE S.
S. Hirosawa	HIROSAWA S.
T. Konishi	KONISHI T.
H. Hirano	HIRANO H.
G. Kando	KANDO G.
S. Kondo	KONDO S.
K. Masai	MASAI K.
A. Endo	ENDO A.
I. Oyama	OYAMA I.
K. Endo	ENDO K.
S. Kazawa	KAZAWA S.
Y. Miyo	MIYO Y.
S. Magami	MAGAMI S.
M. Magami	MAGAMI M.
Z. Kurokawa	KUROKAWA Z.
T. Kitazawa	KITAZAWA T.
K. Michino	MICHINO K.
K. Kannari	KANNARI K.
M. Kusano	KUSANO M.
T. Sakabe	SAKABE T.
G. Magami	MAGAMI G.
S. Kuboi	KUBOI S.
T. Tadokoro	TADOKORO T.
K. Kurokawa	KUROKAWA K.
Y. Sakamoto	SAKAMOTO Y.
S. Hirano	HIRANO S.
T. Nakatani	NAKATANI T.
K. Aburaya	ABURAYA K.
M. Kimura	KIMURA M.
S. Onishi	ONISHI S.
K. Oide	OIDE K.
S. Zako	ZAKO S.
Y. Isozaki	ISOZAKI Y.
I. Tsui	TSUI I.
S. Kumagai	KUMAGAI S.
M. Owada	OWADA M.
K. Koizumi	KOIZUMI K.
M. Omori	OMORI M.
T. Otani	OTANI T.
K. Amishiro	AMISHIRO K.
Y. Kamogawa	KAMOGAWA Y.
H. Murayama	MURAYAMA H.
T. Miyo	MIYO T.
R. Sato	SATO R.
S. Saiga	SAIGA S.
K. Murakami	MURAKAMI K.
R. Yoshikawa	YOSHIKAWA R.
E. Ogawa	OGAWA E.
S. Isono	ISONO S.
H. Tsukaguchi	TSUKAGUCHI H.
T. Kamogawa	KAMOGAWA T.
S. Denuma	DENUMA S.
T. Shinozuka	SHINOZUKA T.
H. Yamamoto	YAMAMOTO H.
S. Kamikabeya	KAMIKABEYA S.
U. Kawasaki	KAWASAKI U.
M. Saito	SAITO M.
H. Miyauchi	MIYAUCHI H.
Y. Ishii	ISHII Y.
S. Aminaka	AMINAKA S.
E. Isobe	ISOBE E.
S. Awaji	AWAJI S.
M. Torii	TORII M.
K. Hitachi	HITACHI K.
Y. Ikenaga	IKENAGA Y.
S. Kumano	KUMANO S.
Y. Nukaya	NUKAYA Y.
K. Tokoyada	TOKOYADA K.
T. Tokoyada	TOKOYADA T.
D. Tsujino	TSUJINO D.
K. Namura	NAMURA K.
K. Kubotani	KUBOTANI K.
S. Sakuma	SAKUMA S.
R. Terada	TERADA R.
G. Kumano	KUMANO G.
H. Izumi	IZUMI H.
K. Shibata	SHIBATA K.
H. Shirato	SHIRATO H.
I. Horii	HORII I.
E. Iizuka	IIZUKA E.
T. Zako	ZAKO T.
H. Kanai	KANAI H.
M. Uyama	UYAMA M.
I. Tomura	TOMURA I.
Y. Sanuki	SANUKI Y.
S. Innami	INNAMI S.
T. Miyoshi	MIYOSHI T.
S. Teramoto	TERAMOTO S.
M. Kojima	KOJIMA M.
Y. Yanagishita	YANAGISHITA Y.
B. Takanashi	TAKANASHI B.
R. Misaki	MISAKI R.
K. Numano	NUMANO K.
K. Kozawa	KOZAWA K.
K. Yamashita	YAMASHITA K.
S. Umehara	UMEHARA S.
G. Osawa	OSAWA G.
T. Murase	MURASE T.
U. Hisamura	HISAMURA U.
M. Taniwaki	TANIWAKI M.
M. Fukushima	FUKUSHIMA M.
I. Matsumoto	MATSUMOTO I.
G. Hashimoto	HASHIMOTO G.
K. Hamaguchi	HAMAGUCHI K.
K. Muya	MUYA K.
T. Eguchi	EGUCHI T.
K. Tsuda	TSUDA K.
J. Matsumoto	MATSUMOTO J.
S. Imoto	IMOTO S.
I. Yamashita	YAMASHITA I.
H. Fujinaka	FUJINAKA H.
I. Shimamori	SHIMAMORI I.
S. Takahashi	TAKAHASHI S.
K. Sekihashi	SEKIHASHI K.
S. Okubo	OKUBO S.
T. Hatakeyama	HATAKEYAMA T.
W. Katsukura	KATSUKURA W.
K. Kameya	KAMEYA K.
N. Henmi	HENMI N.
K. Matsuda	MATSUDA K.
Y. Ueki	UEKI Y.
Y. Murakami	MURAKAMI Y.
S. Oyama	OYAMA S.
S. Endo	ENDO S.
M. Kazawa	KAZAWA M.
I. Sato	SATO I.
E. Shio	SHIO E.
Y. Tamura	TAMURA Y.
T. Shiga	SHIGA T.
Y. Ishikawa	ISHIKAWA Y.
C. Sakamoto	SAKAMOTO C.
S. Wabuka	WABUKA S.
Y. Hasegawa	HASEGAWA Y.
Y. Mishiro	MISHIRO Y.
B. Kanenari	KANENARI B.
E. Shima	SHIMA E.
G. Chiba	CHIBA G.
T. Shinohara	SHINOHARA T.
J. Kawasaki	KAWASAKI J.
S. Miyahara	MIYAHARA S.
G. Takeko	TAKEKO G.
Y. Suzuki	SUZUKI Y.
B. Matsuyama	MATSUYAMA B.
N. Yamamoto	YAMAMOTO N.
S. Kariya	KARIYA S.
H. Fukaya	FUKAYA H.
J. Sugatatsu	SUGATATSU J.
J. Kiuchi	KIUCHI J.
T. Yamashita	YAMASHITA T.
T. Owari	OWARI T.
J. Hanazawa	HANAZAWA J.
T. Sakuma	SAKUMA T.
T. Tsuruta	TSURUTA T.
H. Sakuma	SAKUMA H.
S. Fukushima	FUKUSHIMA S.
M. Takeda	TAKEDA M.
C. Suzuki	SUZUKI C.
H. Nishihiro	NISHIHIRO H.
A. Sakamoto	SAKAMOTO A.
K. Nishikawa	NISHIKAWA K.
M. Ishikawa	ISHIKAWA M.
M. Saitō	SAITŌ M.
G. Takagi	TAKAGI G.
G. Ōsawa	ŌSAWA G.
K. Yagi	YAGI K.
I. Kojima	KOJIMA I.
K. Kawaguchi	KAWAGUCHI K.
M. Wake	WAKE M.
M. Moriguchi	MORIGUCHI M.
S. Tohi	TOHI S.
R. Tada	TADA R.
Z. Hirota	HIROTA Z.
J. Mori	MORI J.
S. Manabe	MANABE S.
K. Tokusue	TOKUSUE K.
H. Nada	NADA H.
K. Toyosaki	TOYOSAKI K.
H. Suzue	SUZUE H.
R. Hatsumura	HATSUMURA R.
H. Enomoto	ENOMOTO H.
D. Sasaki	SASAKI D.
S. Sano	SANO S.
S. Yamane	YAMANE S.
K. Saitō	SAITŌ K.
M. Katō	KATŌ M.
S. Yamano	YAMANO S.
C. Funaji	FUNAJI C.
S. Tsuda	TSUDA S.
R. Suzuki	SUZUKI R.
J. Satō	SATŌ J.
U. Watarai	WATARAI U.
Y. Asano	ASANO Y.
M. Yonetani	YONETANI M.
K. Ogata	OGATA K.
T. Satō	SATŌ T.
K. Sakamoto	SAKAMOTO K.
S. Yoshida	YOSHIDA S.
N. Yoshida	YOSHIDA N.
D. Yoshida	YOSHIDA D.
H. Sakamoto	SAKAMOTO H.
T. Futo	FUTO T.
U. Nagase	NAGASE U.
T. Kanenari	KANENARI T.
C. Ishikawa	ISHIKAWA C.
M. Yotsuya	YOTSUYA M.
Y. Takagi	TAKAGI Y.
M. Toda	TODA M.
S. Kanenari	KANENARI S.
K. Toga	TOGA K.
T. Seto	SETO T.
I. Medoki	MEDOKI I.
T. Miyamori	MIYAMORI T.
K. Tsuriya	TSURIYA K.
J. Higashide	HIGASHIDE J.
T. Munekata	MUNEKATA T.
S. Shibata	SHIBATA S.
E. Ishiyama	ISHIYAMA E.
Z. Koshikawa	KOSHIKAWA Z.
S. Takashima	TAKASHIMA S.
Y. Kita	KITA Y.
M. Hamabe	HAMABE M.
K. Ōsuga	ŌSUGA K.
U. Mori	MORI U.
N. Izumi	IZUMI N.
K. Kurahashi	KURAHASHI K.
H. Honda	HONDA H.
U. Matsumoto	MATSUMOTO U.
T. Kondō	KONDŌ T.
U. Iijima	IIJIMA U.
F. Masuda	MASUDA F.
R. Nishioka	NISHIOKA R.
E. Kishi	KISHI E.
M. Shimada	SHIMADA M.
C. Kawaguchi	KAWAGUCHI C.
M. Masutomi	MASUTOMI M.
R. Sakishima	SAKISHIMA R.
M. Hiromatsu	HIROMATSU M.
Y. Kodama	KODAMA Y.
S. Takashi	TAKASHI S.
S. Saitō	SAITŌ S.
Y. Kamishiro	KAMISHIRO Y.
M. Mikami	MIKAMI M.
H. Yoshikawa	YOSHIKAWA H.
K. Suda	SUDA K.
M. Ōwada	ŌWADA M.
H. Hatakeyama	HATAKEYAMA H.
M. Hisa	HISA M.
T. Katayori	KATAYORI T.
Z. Nakada	NAKADA Z.
T. Iida	IIDA T.
Y. Murata	MURATA Y.
K. Okinaka	OKINAKA K.
I. Hatae	HATAE I.
S. Hisamura	HISAMURA S.
S. Kuwahara	KUWAHARA S.
S. Yoshimura	YOSHIMURA S.
G. Yamazaki	YAMAZAKI G.
J. Matsushita	MATSUSHITA J.
B. Takahashi	TAKAHASHI B.
T. Kubota	KUBOTA T.
C. Funagi	FUNAGI C.
Y. Egawa	EGAWA Y.
E. Yanagihara	YANAGIHARA E.
G. Masuda	MASUDA G.
M. Ōsawa	ŌSAWA M.
S. Masuda	MASUDA S.
H. Onoda	ONODA H.
S. Ueda	UEDA S.
T. Arakawa	ARAKAWA T.
M. Muramatsu	MURAMATSU M.
M. Kuboyama	KUBOYAMA M.
T. Kawaguchi	KAWAGUCHI T.
H. Ōsawa	ŌSAWA H.
Y. Teraoka	TERAOKA Y.
S. Ōishi	ŌISHI S.
K. Koike	KOIKE K.
G. Ōishi	ŌISHI G.
M. Takechi	TAKECHI M.
T. Saitō	SAITŌ T.
G. Kitahara	KITAHARA G.
G. Shimizu	SHIMIZU G.
N. Yamada	YAMADA N.
E. Suzuki	SUZUKI E.
T. Morita	MORITA T.
K. Fukumoto	FUKUMOTO K.
M. Tomioka	TOMIOKA M.
W. Takahashi	TAKAHASHI W.
C. Ōkado	ŌKADO C.
T. Sasayama	SASAYAMA T.
T. Hiratsuka	HIRATSUKA T.
R. Yamashita	YAMASHITA R.
E. Seko	SEKO E.
I. Sanki	SANKI I.
M. Uchiyama	UCHIYAMA M.
Y. Nakamura	NAKAMURA Y.
H. Yuasa	YUASA H.
D. Hamaji	HAMAJI D.
R. Nakamura	NAKAMURA R.
S. Uchiyama	UCHIYAMA S.
Y. Katō	KATŌ Y.
H. Ōkawa	ŌKAWA H.
E. Yamashiro	YAMASHIRO E.
K. Kido	KIDO K.
Y. Yuasa	YUASA Y.
S. Takahama	TAKAHAMA S.
T. Miki	MIKI T.
K. Ōkawa	ŌKAWA K.
Y. Hamada	HAMADA Y.
R. Saitō	SAITŌ R.
I. Miki	MIKI I.
S. Murata	MURATA S.
J. Tsujikawa	TSUJIKAWA J.
Y. Miki	MIKI Y.
M. Shōji	SHŌJI M.
Y. Yamato	YAMATO Y.
A. Terata	TERATA A.
T. Ōkawa	ŌKAWA T.
S. Terada	TERADA S.
J. Yamakawa	YAMAKAWA J.
T. Takasu	TAKASU T.
S. Ōkawa	ŌKAWA S.
G. Ōkawa	ŌKAWA G.
E. Hamaguchi	HAMAGUCHI E.
O. Hayamizu	HAYAMIZU O.
G. Seko	SEKO G.
Y. Shiroyama	SHIROYAMA Y.
B. Nagao	NAGAO B.
H. Takenaka	TAKENAKA H.
A. Isoda	ISODA A.
S. Terakawa	TERAKAWA S.
Y. Ametani	AMETANI Y.
M. Shioya	SHIOYA M.
Y. Marutani	MARUTANI Y.
S. Ōhichi	ŌHICHI S.
K. Isoda	ISODA K.
T. Taniguchi	TANIGUCHI T.
M. Hamamoto	HAMAMOTO M.
W. Wake	WAKE W.
M. Nakagawa	NAKAGAWA M.
T. Hamaguchi	HAMAGUCHI T.
T. Hagata	HAGATA T.
K. Hamanaka	HAMANAKA K.
T. Yamagata	YAMAGATA T.
S. Tsui	TSUI S.
I. Hamaji	HAMAJI I.
S. Fuji	FUJI S.
T. Munetoki	MUNETOKI T.
M. Isozaki	ISOZAKI M.
K. Tamaki	TAMAKI K.
I. Teramoto	TERAMOTO I.
Y. Azuma	AZUMA Y.
T. Isetani	ISETANI T.
H. Nagata	NAGATA H.
Y. Yamami	YAMAMI Y.
R. Shintani	SHINTANI R.
C. Hayata	HAYATA C.
G. Suzuki	SUZUKI G.
S. Hamanaka	HAMANAKA S.
M. Hamada	HAMADA M.
M. Shiba	SHIBA M.
S. Kishino	KISHINO S.
J. Okada	OKADA J.
C. Okada	OKADA C.
R. Hamada	HAMADA R.
Z. Katō	KATŌ Z.
N. Nishida	NISHIDA N.
T. Yamashiro	YAMASHIRO T.
Y. Takeda	TAKEDA Y.
R. Kuwabara	KUWABARA R.
S. Wada	WADA S.
K. Mukai	MUKAI K.
T. Maeda	MAEDA T.
T. Takemura	TAKEMURA T.
K. Nakashisa	NAKASHISA K.
T. Akizawa	AKIZAWA T.
Y. Kawamoto	KAWAMOTO Y.
M. Kubo	KUBO M.
E. Yamada	YAMADA E.
G. Ōnishi	ŌNISHI G.
T. Ujihara	UJIHARA T.
S. Takei	TAKEI S.
J. Kitagawa	KITAGAWA J.
M. Fukumitsu	FUKUMITSU M.
H. Ueda	UEDA H.
S. Kuroiwa	KUROIWA S.
N. Hiromatsu	HIROMATSU N.
S. Tokunaga	TOKUNAGA S.
S. Kitamura	KITAMURA S.
M. Inoue	INOUE M.
E. Hiromatsu	HIROMATSU E.
K. Kuroiwa	KUROIWA K.
T. Kataoka	KATAOKA T.
K. Ajiro	AJIRO K.
M. Saiga	SAIGA M.
T. Tsukaguchi	TSUKAGUCHI T.
S. Gorai	GORAI S.
C. Saiga	SAIGA C.
K. Kōbo	KŌBO K.
M. Yamada	YAMADA M.
M. Fuse	FUSE M.
A. Kawasaki	KAWASAKI A.
N. Tada	TADA N.
Y. Izumi	IZUMI Y.
S. Tobita	TOBITA S.
S. Kawahata	KAWAHATA S.
G. Honma	HONMA G.
M. Usami	USAMI M.
D. Hoshino	HOSHINO D.
K. Kawano	KAWANO K.
I. Miura	MIURA I.
U. Sakakibara	SAKAKIBARA U.
O. Katō	KATŌ O.
M. Ebata	EBATA M.
F. Kimino	KIMINO F.
K. Ayuhara	AYUHARA K.
S. Yamaguchi	YAMAGUCHI S.
M. Honma	HONMA M.
K. Tsuzuki	TSUZUKI K.
T. Kuboya	KUBOYA T.
C. Higuchi	HIGUCHI C.
K. Kubo	KUBO K.
H. Tawara	TAWARA H.
S. Namura	NAMURA S.
G. Nakada	NAKADA G.
T. Izumi	IZUMI T.
T. Ōtsuka	ŌTSUKA T.
I. Akiba	AKIBA I.
D. Iwata	IWATA D.
S. Fukai	FUKAI S.
C. Sakao	SAKAO C.
C. Koike	KOIKE C.
I. Seko	SEKO I.
G. Kandō	KANDŌ G.
Y. Satō	SATŌ Y.
A. Endō	ENDŌ A.
K. Endō	ENDŌ K.
S. Ōnishi	ŌNISHI S.
K. Ōide	ŌIDE K.
M. Ōmori	ŌMORI M.
T. Ōtani	ŌTANI T.
R. Satō	SATŌ R.
S. Shinomiya	SHINOMIYA S.
K. Kosawa	KOSAWA K.
S. Ōkubo	ŌKUBO S.
S. Endō	ENDŌ S.
I. Satō	SATŌ I.
C. Chiba	CHIBA C.
Y. Nakanishi	NAKANISHI Y.
T. Irifuku	IRIFUKU T.
H. Sakata	SAKATA H.
H. Takemura	TAKEMURA H.
I. Yamamoto	YAMAMOTO I.
S. Taniguchi	TANIGUCHI S.
S. Hiromatsu	HIROMATSU S.
M. Yonezawa	YONEZAWA M.
T. Takamura	TAKAMURA T.
U. Inuyoshi	INUYOSHI U.
R. Tanioka	TANIOKA R.
Y. Uozawa	UOZAWA Y.
J. Hirano	HIRANO J.
R. Nishimura	NISHIMURA R.
S. Yoshikawa	YOSHIKAWA S.
S. Niino	NIINO S.
T. Sumida	SUMIDA T.
M. Kamei	KAMEI M.
K. Mōri	MŌRI K.
K. Tsurui	TSURUI K.
Y. Izui	IZUI Y.
T. Ōnishi	ŌNISHI T.
K. Yoshifuku	YOSHIFUKU K.
K. Yoshino	YOSHINO K.
M. Maeda	MAEDA M.
H. Masui	MASUI H.
Y. Yoshinaga	YOSHINAGA Y.
J. Nishiura	NISHIURA J.
S. Iwakiri	IWAKIRI S.
Y. Iwamoto	IWAMOTO Y.
S. Iwatani	IWATANI S.
O. Hirakawa	HIRAKAWA O.
J. Kanda	KANDA J.
U. Maeda	MAEDA U.
M. Inano	INANO M.
J. Kusaka	KUSAKA J.
S. Sakimura	SAKIMURA S.
K. Matsuyama	MATSUYAMA K.
S. Hatoguchi	HATOGUCHI S.
E. Tabara	TABARA E.
N. Namimura	NAMIMURA N.
S. Yoshinaga	YOSHINAGA S.
M. Oshige	OSHIGE M.
S. Taniyama	TANIYAMA S.
N. Kondō	KONDŌ N.
S. Kuwabara	KUWABARA S.
H. Miyata	MIYATA H.
M. Saikawa	SAIKAWA M.
J. Tsuda	TSUDA J.
H. Hamada	HAMADA H.
Y. Saitō	SAITŌ Y.
Y. Matsuyama	MATSUYAMA Y.
I. Tsuji	TSUJI I.
M. Tsuchiyama	TSUCHIYAMA M.
R. Toda	TODA R.
T. Yamatani	YAMATANI T.
H. Nomura	NOMURA H.
G. Natsubori	NATSUBORI G.
Z. Takahashi	TAKAHASHI Z.
D. Yanagiya	YANAGIYA D.
S. Enya	ENYA S.
R. Ishikawa	ISHIKAWA R.
M. Arakawa	ARAKAWA M.
I. Nakajima	NAKAJIMA I.
U. Kubo	KUBO U.
Y. Machida	MACHIDA Y.
L. Masaya	MASAYA L.
Y. Nukido	NUKIDO Y.
C. Kikuchi	KIKUCHI C.
K. Kashiwazaki	KASHIWAZAKI K.
Y. Wakayama	WAKAYAMA Y.
M. Fujiwara	FUJIWARA M.
K. Isozaki	ISOZAKI K.
K. Nakai	NAKAI K.
K. Katō	KATŌ K.
U. Tanaka	TANAKA U.
K. Miura	MIURA K.
T. Yamazaki	YAMAZAKI T.
Y. Hamaki	HAMAKI Y.
Y. Haga	HAGA Y.
H. Kumagai	KUMAGAI H.
C. Funaki	FUNAKI C.
T. Hamanaga	HAMANAGA T.
H. Sasaki	SASAKI H.
Y. Hamakawa	HAMAKAWA Y.
K. Terada	TERADA K.
H. Wakayama	WAKAYAMA H.
H. Usui	USUI H.
O. Funaki	FUNAKI O.
K. Shōzushima	SHŌZUSHIMA K.
C. Iwama	IWAMA C.
Y. Iwayama	IWAYAMA Y.
S. Fujisawa	FUJISAWA S.
C. Sugawara	SUGAWARA C.
Y. Hatakeyama	HATAKEYAMA Y.
S. Hatakeyama	HATAKEYAMA S.
Y. Hamano	HAMANO Y.
Y. Henmi	HENMI Y.
K. Henmi	HENMI K.
R. Ueno	UENO R.
K. Asano	ASANO K.
K. Ashikaga	ASHIKAGA K.
B. Kaizuka	KAIZUKA B.
W. Ogata	OGATA W.
Y. Utsumi	UTSUMI Y.
H. Murata	MURATA H.
T. Kida	KIDA T.
T. Narisawa	NARISAWA T.
T. Nishi	NISHI T.
M. Sawamura	SAWAMURA M.
M. Yamazaki	YAMAZAKI M.
M. Hatakeyama	HATAKEYAMA M.
M. Suenaga	SUENAGA M.
S. Inai	INAI S.
I. Gotō	GOTŌ I.
I. Maekawa	MAEKAWA I.
T. Sete	SETE T.
J. Nihei	NIHEI J.
K. Aizawa	AIZAWA K.
M. Miura	MIURA M.
H. Aoki	AOKI H.
K. Bōshū	
N. Endō	ENDŌ N.
G. Asano	ASANO G.
M. Bōshū	
S. Kodama	KODAMA S.
S. Akama	AKAMA S.
F. Matsu	
M. Shinomi	SHINOMI M.
Y. Tsuda	TSUDA Y.
A. Tashiro	TASHIRO A.
Y. Ōhira	ŌHIRA Y.
G. Nakazawa	NAKAZAWA G.
N. Katō	KATŌ N.
K. Gotō	GOTŌ K.
S. Ueki	UEKI S.
T. Usui	USUI T.
K. Konno	KONNO K.
M. Imano	IMANO M.
H. Imano	IMANO H.
T. Imano	IMANO T.
Y. Yokoe	YOKOE Y.
K. Yonemoto	YONEMOTO K.
S. Ojima	OJIMA S.
S. Kameyama	KAMEYAMA S.
K. Onodera	ONODERA K.
R. Chiba	CHIBA R.
S. Ōwada	ŌWADA S.
S. Sawa	SAWA S.
D. Ōkubo	ŌKUBO D.
R. Mizuno	MIZUNO R.
T. Yotsuya	YOTSUYA T.
Y. Kanenari	KANENARI Y.
T. Shirato	SHIRATO T.
Y. Mitsushiro	MITSUSHIRO Y.
S. Nozaki	NOZAKI S.
U. Nakada	NAKADA U.
T. Enomoto	ENOMOTO T.
C. Yoshida	YOSHIDA C.
N. Akatsu	AKATSU N.
M. Satō	SATŌ M.
K. Toda	TODA K.
M. Takiguchi	TAKIGUCHI M.
I. Konishi	KONISHI I.
S. Takiguchi	TAKIGUCHI S.
T. Hakosaki	HAKOSAKI T.
F. Yoshida	YOSHIDA F.
Y. Hisa	HISA Y.
T. Sakuyama	SAKUYAMA T.
K. Miyo	MIYO K.
U. Ōkubo	ŌKUBO U.
E. Sakamoto	SAKAMOTO E.
S. Hisa	HISA S.
J. Takenaka	TAKENAKA J.
K. Kazawa	KAZAWA K.
T. Nagayama	NAGAYAMA T.
G. Araki	ARAKI G.
K. Yoshihara	YOSHIHARA K.
T. Murayama	MURAYAMA T.
Y. Niizuma	NIIZUMA Y.
G. Sakai	SAKAI G.
K. Tajima	TAJIMA K.
S. Kuboki	KUBOKI S.
Y. Takiuchi	TAKIUCHI Y.
K. Ōwada	ŌWADA K.
M. Tanno	TANNO M.
H. Niizuma	NIIZUMA H.
N. Yanagiuchi	YANAGIUCHI N.
K. Takagi	TAKAGI K.
I. Shibuya	SHIBUYA I.
K. Magami	MAGAMI K.
Z. Nakata	NAKATA Z.
R. Shōji	SHŌJI R.
Y. Nakata	NAKATA Y.
K. Kanenari	KANENARI K.
G. Tanaka	TANAKA G.
J. Kuboki	KUBOKI J.
I. Tachibana	TACHIBANA I.
T. Tazawa	TAZAWA T.
S. Hisada	HISADA S.
K. Kakihara	KAKIHARA K.
G. Miyachi	MIYACHI G.
N. Kamitono	KAMITONO N.
Y. Kazawa	KAZAWA Y.
S. Miyano	MIYANO S.
R. Hama	HAMA R.
M. Sasaki	SASAKI M.
S. Mashiko	MASHIKO S.
S. Kanai	KANAI S.
H. Kamei	KAMEI H.
S. Kurosaki	KUROSAKI S.
C. Shirato	SHIRATO C.
R. Kikumoto	KIKUMOTO R.
S. Shirato	SHIRATO S.
R. Iijima	IIJIMA R.
K. Isono	ISONO K.
K. Ōuchi	ŌUCHI K.
M. Sasajima	SASAJIMA M.
Z. Kawakami	KAWAKAMI Z.
F. Ōuchi	ŌUCHI F.
R. Miyo	MIYO R.
U. Usui	USUI U.
A. Denuma	DENUMA A.
G. Obata	OBATA G.
T. Suzaki	SUZAKI T.
S. Ōuchi	ŌUCHI S.
K. Futagawa	FUTAGAWA K.
G. Shirato	SHIRATO G.
R. Usui	USUI R.
H. Kozawa	KOZAWA H.
S. Nemoto	NEMOTO S.
S. Yukiyasu	YUKIYASU S.
H. Tadokoro	TADOKORO H.
T. Nishinoyo	NISHINOYO T.
K. Kurosawa	KUROSAWA K.
A. Ishizaki	ISHIZAKI A.
H. Koizume	KOIZUME H.
M. Imahashi	IMAHASHI M.
N. Takenaka	TAKENAKA N.
M. Sukekawa	SUKEKAWA M.
J. Katayori	KATAYORI J.
T. Tsuruda	TSURUDA T.
F. Ishibashi	ISHIBASHI F.
R. Watanabe	WATANABE R.
R. Fukuhara	FUKUHARA R.
Y. Yoshizawa	YOSHIZAWA Y.
M. Torei	TOREI M.
T. Sano	SANO T.
K. Aminaka	AMINAKA K.
K. Hidachi	HIDACHI K.
C. Miura	MIURA C.
O. Kase	KASE O.
I. Tsuchide	TSUCHIDE I.
K. Tsuchide	TSUCHIDE K.
U. Suzuki	SUZUKI U.
F. Banatani	BANATANI F.
Y. Maruya	MARUYA Y.
T. Shindō	SHINDŌ T.
Y. Shindō	SHINDŌ Y.
T. Tsuruoka	TSURUOKA T.
C. Yahoya	YAHOYA C.
S. Sakamoto	SAKAMOTO S.
S. Dote	DOTE S.
C. Saitō	SAITŌ C.
M. Ueki	UEKI M.
T. Takanashi	TAKANASHI T.
K. J. Suzuki	SUZUKI K. J.
Y. Maeno	MAENO Y.
S. Iida	IIDA S.
Z. Sakai	SAKAI Z.
O. Usui	USUI O.
C. Eushū	
K. Oshimoto	OSHIMOTO K.
J. Yamaguchi	YAMAGUCHI J.
K. Murai	MURAI K.
E. Gotō	GOTŌ E.
I. Saitō	SAITŌ I.
T. Asanuma	ASANUMA T.
K. Nakagawa	NAKAGAWA K.
S. Yotsumiya	YOTSUMIYA S.
S. Amano	AMANO S.
O. Kanazawa	KANAZAWA O.
M. Teramoto	TERAMOTO M.
H. Shinomiya	SHINOMIYA H.
T. Kanazawa	KANAZAWA T.
F. Tomizawa	TOMIZAWA F.
M. Shinomiya	SHINOMIYA M.
K. Fujii	FUJII K.
K. Nishi	NISHI K.
S. Kosugi	KOSUGI S.
W. Shimosato	SHIMOSATO W.
J. Obata	OBATA J.
T. Yamamura	YAMAMURA T.
I. Ikeda	IKEDA I.
N. Maruta	MARUTA N.
H. Ieda	IEDA H.
D. Matsuda	MATSUDA D.
E. Kawaguchi	KAWAGUCHI E.
U. Yamamoto	YAMAMOTO U.
A. Takeuchi	TAKEUCHI A.
Tetsutaro Hamano	HAMANO Tetsutaro
Toyokichi Tabuchi	TABUCHI Toyokichi
Azuma Matsunaga	MATSUNAGA Azuma
Taneyu Miyazawa	MIYAZAWA Taneyu
Yasakichi Hayashi	HAYASHI Yasakichi
Noritomi Mitsui	MITSUI Noritomi
Yoshiji Tatekawa	TATEKAWA Yoshiji
Junichiro Kobayashi	KOBAYASHI Junichiro
Genkuro Kudo	KUDO Genkuro
Tanenori Irie	IRIE Tanenori
Kyuzo Takayama	TAKAYAMA Kyuzo
Masuzo Yoshida	YOSHIDA Masuzo
Teisuke Imaizumi	IMAIZUMI Teisuke
Shigeo Moriya	MORIYA Shigeo
Yasundo Shudo	SHUDO Yasundo
Kazuteru Kita	KITA Kazuteru
Teruo Nakabashi	NAKABASHI Teruo
Kiyosada Koda	KODA Kiyosada
Yasuhide Kurihara	KURIHARA Yasuhide
Saburo Ogawa	OGAWA Saburo
Sukekuro Hirano	HIRANO Sukekuro
Anton Hansen	
A. E. Johann	
Kakuzo Okakura	OKAKURA Kakuzo
Yorihito Matsudaira	MATSUDAIRA Yorihito
Shoji Koyama	KOYAMA Shoji
Keijiro Saito	SAITO Keijiro
Taki Hirabayashi	HIRABAYASHI Taki
Kimiteru Sanjo	SANJO Kimiteru
Kiichi Sawatani	SAWATANI Kiichi
Masatsune Ōkura	ŌKURA Masatsune
Noboru Ōtani	ŌTANI Noboru
Tamaki Makita	MAKITA Tamaki
Katsutarō Inabata	INABATA Katsutarō
Manzō Kushida	KUSHIDA Manzō
Chōkyūrō Kadono	KADONO Chōkyūrō
Chiyoko Konoe	KONOE Chiyoko
Kōshō Ōtani	ŌTANI Kōshō
Yoshiko Tokudaiji	TOKUDAIJI Yoshiko
Teijirō Ueda	UEDA Teijirō
Isamu Yokoyama	YOKOYAMA Isamu
Yuzo Itano	ITANO Yuzo
Kotaro Sakuda	SAKUDA Kotaro
Kumasaki	KUMASAKI
Gentaro Okada	OKADA Gentaro
C. Maeda	MAEDA C.
Iwahiko Nishio	NISHIO Iwahiko
Teijiro Ueda	UEDA Teijiro
Yuji Akamatsu	AKAMATSU Yuji
Shichiro Nakagawa	NAKAGAWA Shichiro
Hachiro Shudo	SHUDO Hachiro
Kesago Nakajima	NAKAJIMA Kesago
Jitsutaro Okamoto	OKAMOTO Jitsutaro
Ryozo Makino	MAKINO Ryozo
Giiji Yamamasu	YAMAMASU Giiji
Takeo Yasuda	YASUDA Takeo
Masakazu Kawabe	KAWABE Masakazu
Mamoru Hara	HARA Mamoru
Tomoyuki Kiyokawa	KIYOKAWA Tomoyuki
Masayoshi Ide	IDE Masayoshi
Kakusuke Ozawa	OZAWA Kakusuke
Sojiro Tochinai	TOCHINAI Sojiro
Yoshitake Ueda	UEDA Yoshitake
Mishina	MISHINA
K. Kawarada	KAWARADA K.
Kuramoto	KURAMOTO
C. C. Robinson	
Sohei Tashiro	TASHIRO Sohei
Hiroshi Kawahara	KAWAHARA Hiroshi
Choso Takamatsu	TAKAMATSU Choso
Zenji Ikuta	IKUTA Zenji
Yoshikane Higuchi	HIGUCHI Yoshikane
Megumu Fujiyoshi	FUJIYOSHI Megumu
Sekizo Uno	UNO Sekizo
Hakaru Higure	HIGURE Hakaru
Kiugoro Shimamoto	SHIMAMOTO Kiugoro
Hiroshi Kusagawa	KUSAGAWA Hiroshi
Teruhisa Komatsu	KOMATSU Teruhisa
Shigeoki Nobeta	NOBETA Shigeoki
Atsushi Yamasaki	YAMASAKI Atsushi
Sugao Yokoyama	YOKOYAMA Sugao
Hidehiko Ukita	UKITA Hidehiko
Shinichiro Higashi	HIGASHI Shinichiro
Ryoei Fukuda	FUKUDA Ryoei
Tokushiro Watanabe	WATANABE Tokushiro
Kiyoshi Oikawa	OIKAWA Kiyoshi
Captain Suga	Captain SUGA
Vice Admiral Kato	Vice Admiral KATO
Vice Admiral Hara	Vice Admiral HARA
Sumiye Sugimoto	SUGIMOTO Sumiye
Motoko I. Hirose	HIROSE Motoko I.
Shoji Nishikawa	NISHIKAWA Shoji
Mitsuko Kakiuchi	KAKIUCHI Mitsuko
Shiro Nagano	NAGANO Shiro
Saburo Ishiwata	ISHIWATA Saburo
Eiichi Nishizawa	NISHIZAWA Eiichi
Hidesaburo Hoashi	HOASHI Hidesaburo
Soichi Tsuji	TSUJI Soichi
Hidekazu Kaneki	KANEKI Hidekazu
H. J. Miyazaki	MIYAZAKI H. J.
Atsuo Ozawa	OZAWA Atsuo
Ryo Shibata	SHIBATA Ryo
Ko Ogata	OGATA Ko
Captain Wada	Captain WADA
Yasuo Muto	MUTO Yasuo
Mikitaro Abe	ABE Mikitaro
Fujimaro Tanaka	TANAKA Fujimaro
Yurei Mori	MORI Yurei
Tsugumichi Saigo	SAIGO Tsugumichi
Takeaki Enomoto	ENOMOTO Takeaki
Iwao Oyama	OYAMA Iwao
Ryuichiro Nagaoka	NAGAOKA Ryuichiro
Kanzo Komura	KOMURA Kanzo
Takeshi Koide	KOIDE Takeshi
Kenko Kimura	KIMURA Kenko
Toshiki Sano	SANO Toshiki
Naotaro Oki	OKI Naotaro
Teiyu Amano	AMANO Teiyu
Shuhei Ishiyama	ISHIYAMA Shuhei
Shigeichi Douchi	DOUCHI Shigeichi
Shuhaku Kondo	KONDO Shuhaku
Masao Yamashita	YAMASHITA Masao
Kenichi Ozawa	OZAWA Kenichi
Yoshizo Nogawa	NOGAWA Yoshizo
Tsunekichi Muramatsu	MURAMATSU Tsunekichi
Yukio Togawa	TOGAWA Yukio
Muneomi Kaigo	KAIGO Muneomi
Torashiro Ozaki	OZAKI Torashiro
Motokichi Kyoguchi	KYOGUCHI Motokichi
Kaname Hayashi	HAYASHI Kaname
Seidai Fujima	FUJIMA Seidai
Masao Kuroda	KURODA Masao
Moriyoshi Takano	TAKANO Moriyoshi
Toshio Hosoya	HOSOYA Toshio
Kichie Iwashita	IWASHITA Kichie
Katsuyoshi Ichibori	ICHIBORI Katsuyoshi
Mitsuaki Yasui	YASUI Mitsuaki
Arata Hongo	HONGO Arata
Chozo Saito	SAITO Chozo
Kiyoshi Shingyoji	SHINGYOJI Kiyoshi
Yoshihiko Kurimoto	KURIMOTO Yoshihiko
Masao Murayama	MURAYAMA Masao
Tsuneo Muramatsu	MURAMATSU Tsuneo
Takeshi Koi	KOI Takeshi
Chugo Watanabe	WATANABE Chugo
Mrs. Irene T. Heineman	
Mrs. Anna Mann	
Miss Sara Senie	
Keisho Honda	HONDA Keisho
Yasuzo Suzuki	SUZUKI Yasuzo
Toshio Tamamura	TAMAMURA Toshio
Yoshiro Nagayo	NAGAYO Yoshiro
Takeshi Tatsuno	TATSUNO Takeshi
Yoshishige Abe	ABE Yoshishige
Tsunetake Furuya	FURUYA Tsunetake
Takeo Kuwabara	KUWABARA Takeo
Akira Yoshida	YOSHIDA Akira
Tamotaro Suzuki	SUZUKI Tamotaro
Hidemitsu Sugimoto	SUGIMOTO Hidemitsu
Yoshino Sato	SATO Yoshino
D. X. Buchanan	
Risaburo Torigai	TORIGAI Risaburo
Koichi Shimada	SHIMADA Koichi
Seiichiro Takahashi	TAKAHASHI Seiichiro
Kosaku Kakinuma	KAKINUMA Kosaku
Takamichi Takahashi	TAKAHASHI Takamichi
Rikichi Sekiguchi	SEKIGUCHI Rikichi
Toshikata Sano	SANO Toshikata
Toyotaka Komiya	KOMIYA Toyotaka
Naoaki Ueno	UENO Naoaki
Ai Hoshino	HOSHINO Ai
Risaku Mutai	MUTAI Risaku
Ryudo Kikuchi	KIKUCHI Ryudo
Fusataro Tagawa	TAGAWA Fusataro
Eiichi Otani	OTANI Eiichi
Tsuraki Yano	YANO Tsuraki
Eiji Ushiyama	USHIYAMA Eiji
Sanji Aruga	ARUGA Sanji
Aikichi Nagura	NAGURA Aikichi
Taketoshi Yamagiwa	YAMAGIWA Taketoshi
Sozo Kurahashi	KURAHASHI Sozo
Taro Ochiai	OCHIAI Taro
Kazuo Kinoshita	KINOSHITA Kazuo
Unosuke Kawamoto	KAWAMOTO Unosuke
Masatsugu Ando	ANDO Masatsugu
Bantaro Kido	KIDO Bantaro
Yasushi Sekiguchi	SEKIGUCHI Yasushi
Michiharu Tajima	TAJIMA Michiharu
Michiko Kawai	KAWAI Michiko
Ryotei Hanetani	HANETANI Ryotei
Mitsujiro Ishii	ISHII Mitsujiro
Mitsue Tsuburaya	TSUBURAYA Mitsue
Hideji Arima	ARIMA Hideji
Yone Moriyama	MORIYAMA Yone
Tadashi Oikawa	OIKAWA Tadashi
Eitaro Nakada	NAKADA Eitaro
Nobuko Takamine	TAKAMINE Nobuko
Toyotaro Kawanishi	KAWANISHI Toyotaro
Kunio Odaka	ODAKA Kunio
Fumi Ogawa	OGAWA Fumi
Joe Mason	
Miss Ware	
R. W. Moore	
G. M. Chute	
A. F. Tiche	
Taichi Ito	ITO Taichi
Sadatoshi Sakamoto	SAKAMOTO Sadatoshi
Torazo Hashimoto	HASHIMOTO Torazo
Masayuki Isomura	ISOMURA Masayuki
Kumazo Imaye	IMAYE Kumazo
E. Sawada	SAWADA E.
L. C. Denise	
Juan Raonu	
Jeo C. Roren	
Jaura Jeuseu	
H. L. Rasidae	
Rose Hin	
J. B. Furon	
S. K. Hauen	
Oun R. Heu Tuie	
Kanichiro Matsuki	MATSUKI Kanichiro
Fukumoto	FUKUMOTO
Mineta	MINETA
H. Hisayasu	HISAYASU H.
Jose F. Romero	
Kōjirō Matsukata	MATSUKATA Kōjirō
Shizuo Yamanouchi	YAMANOUCHI Shizuo
Dr. S. W. Washio	Dr. WASHIO S. W.
Sadachika Nabeyama	NABEYAMA Sadachika
Professor Yukitoki Takikawa	Professor TAKIKAWA Yukitoki
Dr. Naoshige Konishi	Dr. KONISHI Naoshige
General Takashi Hishikari	General HISHIKARI Takashi
Sakamaki	SAKAMAKI
Sadae Eguchi	EGUCHI Sadae
Shojiro Komai	KOMAI Shojiro
Yukitoki Takikawa	TAKIKAWA Yukitoki
Kingo Tatsugi	TATSUGI Kingo
Tokuji Taira	TAIRA Tokuji
J. Ogawa	OGAWA J.
General Ueda	General UEDA
General Terauchi	General TERAUCHI
Inta B. Bosin	
A. S. Boone	
S. Taki	TAKI S.
Z. V. Tsumura	TSUMURA Z. V.
H. Kawamura	KAWAMURA H.
Viscount Ishii	Viscount ISHII
F. Chin	
Captain Pesa	
K. Tsunoda	TSUNODA K.
K. P. Bennen	
E. M. Matson	
Mr. Erain	
Kiyoshi Mitsutani	MITSUTANI Kiyoshi
Sabura Nango	NANGO Sabura
Yoshio Miyamoto	MIYAMOTO Yoshio
Kentaro Yamabe	YAMABE Kentaro
Taku Koizumi	KOIZUMI Taku
Senzo Shimazaki	SHIMAZAKI Senzo
Kikuo Misawa	MISAWA Kikuo
Yoshimi Sunaga	SUNAGA Yoshimi
Shinji Shoji	SHOJI Shinji
Sakae Fujita	FUJITA Sakae
Genbu Yoshino	YOSHINO Genbu
Terasu Tomita	TOMITA Terasu
Teisuke Aoki	AOKI Teisuke
Fumie Hosaka	HOSAKA Fumie
Shinsaku Fukuchi	FUKUCHI Shinsaku
Masataka Tokohara	TOKOHARA Masataka
Shoichi Daitoku	DAITOKU Shoichi
Chuei Onose	ONOSE Chuei
Tokuya Watanabe	WATANABE Tokuya
Senjiro Hataya	HATAYA Senjiro
Hiromichi Okada	OKADA Hiromichi
Fumio Taguchi	TAGUCHI Fumio
Yoshio Matsuyama	MATSUYAMA Yoshio
Chuzaburo Miura	MIURA Chuzaburo
Seisoku Seki	SEKI Seisoku
Giichi Yamagishi	YAMAGISHI Giichi
Kisaburo Horiuchi	HORIUCHI Kisaburo
Shinichiro Nakano	NAKANO Shinichiro
Giichi Maruyama	MARUYAMA Giichi
Sadaichi Kiuchi	KIUCHI Sadaichi
Giichi Hirai	HIRAI Giichi
Hiroshi Ashida	ASHIDA Hiroshi
Kumao Iwami	IWAMI Kumao
Hisashi Mitsui	MITSUI Hisashi
Isamu Narushima	NARUSHIMA Isamu
Take Yamamoto	YAMAMOTO Take
Kyo Hara	HARA Kyo
Yoshio Matsunaga	MATSUNAGA Yoshio
Zengoro Shimagami	SHIMAGAMI Zengoro
Yoneko Omachi	OMACHI Yoneko
Ritsu Ito	ITO Ritsu
Eiichi Iwata	IWATA Eiichi
Kenshi Nomura	NOMURA Kenshi
Takeo Hori	HORI Takeo
Rokuro Iwasa	IWASA Rokuro
Sanji Mikami	MIKAMI Sanji
Ryutaro Nagata	NAGATA Ryutaro
Takaakira Kato	KATO Takaakira
Miyano	MIYANO
Kayaba	KAYABA
Mitsuyuki	
Naotaka Sato	SATO Naotaka
Yasuhito	
Keisuke Yamamoto	YAMAMOTO Keisuke
Raizaburō Hayashi	HAYASHI Raizaburō
Kōkyō Nakaoka	NAKAOKA Kōkyō
Teijirō Tamura	TAMURA Teijirō
Yoneko Aizawa	AIZAWA Yoneko
Terujiro Kita	KITA Terujiro
Mitsugu Nishida	NISHIDA Mitsugu
Motoaki Nakahashi	NAKAHASHI Motoaki
Tsuguo Takeshima	TAKESHIMA Tsuguo
Seichu Nibu	NIBU Seichu
Naoshi Sakai	SAKAI Naoshi
Masaru Tanaka	TANAKA Masaru
Masaru Yasuda	YASUDA Masaru
Taro Takahashi	TAKAHASHI Taro
Hachiro Hayashi	HAYASHI Hachiro
Genichi Mizukami	MIZUKAMI Genichi
Yoshimichi Imaizumi	IMAIZUMI Yoshimichi
Kiyonari Mugiya	MUGIYA Kiyonari
Minoru Tokiwa	TOKIWA Minoru
Kinjiro Suzuki	SUZUKI Kinjiro
Kohei Kiyohara	KIYOHARA Kohei
Toshihiko Ikeda	IKEDA Toshihiko
Tokisan Ujino	UJINO Tokisan
Hajime Nagase	NAGASE Hajime
Seisaku Watanabe	WATANABE Seisaku
Akio Oe	OE Akio
Kenjiro Oshima	OSHIMA Kenjiro
Masao Hiruta	HIRUTA Masao
Ginji Aoki	AOKI Ginji
Takejiro Ohara	OHARA Takejiro
Hiroshi Kitajima	KITAJIMA Hiroshi
Risaburo Tateishi	TATEISHI Risaburo
Nakakichi Maeda	MAEDA Nakakichi
Takeshi Hayashi	HAYASHI Takeshi
Ichiro Saito	SAITO Ichiro
Tsuyu Nagata	NAGATA Tsuyu
Kiichi Dogome	DOGOME Kiichi
Masao Arata	ARATA Masao
Hanakichi Idaka	IDAKA Hanakichi
Masaharu Izawa	IZAWA Masaharu
Hisao Toyohara	TOYOHARA Hisao
Chozaburo Kamiya	KAMIYA Chozaburo
Yuzaburo Kuwabara	KUWABARA Yuzaburo
Wakao Fukuhara	FUKUHARA Wakao
Kitsuru Kadowaki	KADOWAKI Kitsuru
Kiyoshi Nakamura	NAKAMURA Kiyoshi
Kumeji Tajima	TAJIMA Kumeji
Harukichi Watanabe	WATANABE Harukichi
Nobuo Okuyama	OKUYAMA Nobuo
Masayoshi Kogawa	KOGAWA Masayoshi
Masuji Kajima	KAJIMA Masuji
Masayoshi Kibe	KIBE Masayoshi
Sakuzo Oki	OKI Sakuzo
Masao Yamada	YAMADA Masao
Seichi Hori	HORI Seichi
Yasuo Kubokawa	KUBOKAWA Yasuo
Kanichi Fujikura	FUJIKURA Kanichi
Kiyoyasu Yamamoto	YAMAMOTO Kiyoyasu
Korehei Arai	ARAI Korehei
Ushizo Omori	OMORI Ushizo
Ichiro Uchida	UCHIDA Ichiro
Iwao Maru	MARU Iwao
Rimoto Fukushima	FUKUSHIMA Rimoto
Yohei Nakajima	NAKAJIMA Yohei
Eiichi Okura	OKURA Eiichi
Saburo Suganami	SUGANAMI Saburo
Yoriyoshi Ogishi	OGISHI Yoriyoshi
Keiji Tsuboi	TSUBOI Keiji
Otokichi Kuratomo	KURATOMO Otokichi
Akira Miyata	MIYATA Akira
Seiji Nakajima	NAKAJIMA Seiji
Wataru Kuroda	KURODA Wataru
Shozo Watabiki	WATABIKI Shozo
Kakuichi Kurosawa	KUROSAWA Kakuichi
Mata Yamamoto	YAMAMOTO Mata
Kamozaemon Murakami	MURAKAMI Kamozaemon
Kiyomatsu Tsuchii	TSUCHII Kiyomatsu
Kiyomatsu Odate	ODATE Kiyomatsu
Seijuro Hasebe	HASEBE Seijuro
Teruo Nakahashi	NAKAHASHI Teruo
Akimitsu Matsudaira	MATSUDAIRA Akimitsu
Masaru Nakada	NAKADA Masaru
Suzuko Watanabe	WATANABE Suzuko
Suzue Mori	MORI Suzue
Kamezo Iwamoto	IWAMOTO Kamezo
Takako Suzuki	SUZUKI Takako
Tatsuo Inoue	INOUE Tatsuo
Toshio Shioda	SHIODA Toshio
Tetsu Itagaki	ITAGAKI Tetsu
Goro Suzuki	SUZUKI Goro
Yasuhira Suzuki	SUZUKI Yasuhira
Tadashi Katakura	KATAKURA Tadashi
Mitsui	MITSUI
Kofuji	KOFUJI
Masao Nii	NII Masao
Chikara Nishida	NISHIDA Chikara
H. Y. Sato	SATO H. Y.
Tomosaburo Shimada	SHIMADA Tomosaburo
Yoriyoshi Okishi	OKISHI Yoriyoshi
Atsushi Gomiya	GOMIYA Atsushi
Shozaburo Sato	SATO Shozaburo
Megumu Kofuji	KOFUJI Megumu
Suketoshi Kitani	KITANI Suketoshi
Tamizo Kimura	KIMURA Tamizo
Heikichi Wakamatsu	WAKAMATSU Heikichi
Kotaro Sugihara	SUGIHARA Kotaro
Sone	SONE
Hideo Niimi	NIIMI Hideo
Sutejiro Koshimura	KOSHIMURA Sutejiro
Eiji Kusakari	KUSAKARI Eiji
Masanobu Tsuji	TSUJI Masanobu
Koshiro Mitsui	MITSUI Koshiro
Atsushi Atomiya	ATOMIYA Atsushi
Kunijiro Ito	ITO Kunijiro
Toru Nakamura	NAKAMURA Toru
Kesakichi Nakajima	NAKAJIMA Kesakichi
Munetake Yamamuro	YAMAMURO Munetake
Mikoto Matsui	MATSUI Mikoto
Mitsunobu Sano	SANO Mitsunobu
Toshishiro Obata	OBATA Toshishiro
Naonori Fujita	FUJITA Naonori
Kawagoe	KAWAGOE
Count Kabayama	Count KABAYAMA
Mr. Okada	Mr. OKADA
K. Asakawa	ASAKAWA K.
Saitō Musashibō Benkei	
Fukuzawa Yukichi	FUKUZAWA Yukichi
Tatsuji Takeuchi	TAKEUCHI Tatsuji
Mrs. Kanakanui	
Mr. Araki	Mr. ARAKI
General Nishi	General NISHI
Yasujirō Tsutsumi	TSUTSUMI Yasujirō
General Araki	General ARAKI
Baron Tanaka	Baron TANAKA
Chokume Matsuo	MATSUO Chokume
Captain Kuroda	Captain KURODA
Minister Shimamura	Minister SHIMAMURA
Y. Soga	SOGA Y.
Mason	
Shimamura	SHIMAMURA
Prince Fushimi Sadanaru	Prince FUSHIMI Sadanaru
Mankichi	
E. Yoshimura	YOSHIMURA E.
Kango Kawasaki	KAWASAKI Kango
Kiyosaki	KIYOSAKI
Shimizu Matsutaro	SHIMIZU Matsutaro
Mr. Shinoda	Mr. SHINODA
Mr. Ishikawa	Mr. ISHIKAWA
Mr. Matsusakaya	Mr. MATSUSAKAYA
Minoru Murakami	MURAKAMI Minoru
K. Omanaka	OMANAKA K.
A. A. Akina	
Professor Kiyooka	Professor KIYOOKA
Admiral Tōgō	Admiral TŌGŌ
Baron Giichi Tanaka	Baron TANAKA Giichi
Prince Itō Hirobumi	Prince ITŌ Hirobumi
Chitei Ishibuchi	ISHIBUCHI Chitei
Mitsui Hachirōbei	MITSUI Hachirōbei
Sōchiku	
Asahi	
Shinryu Umebara	UMEBARA Shinryu
Shiro Fujioka	FUJIOKA Shiro
Tadaiki Iizuka	IIZUKA Tadaiki
Fukuma	FUKUMA
Komaji Takeuchi	TAKEUCHI Komaji
Chokumei Matsuo	MATSUO Chokumei
Seiichiro Yasui	YASUI Seiichiro
Kokichi Nakamura	NAKAMURA Kokichi
Teisen Imamura	IMAMURA Teisen
Taikichi Akimori	AKIMORI Taikichi
Satosuke Yasui	YASUI Satosuke
Kosuke Hirose	HIROSE Kosuke
Nagao Otsuka	OTSUKA Nagao
Mr. Ogawa	Mr. OGAWA
Toshijiro Kudo	KUDO Toshijiro
Kennosuke Sato	SATO Kennosuke
Keikichi Ishimoto	ISHIMOTO Keikichi
Michiaki Kamada	KAMADA Michiaki
Dr. Yoshimura	Dr. YOSHIMURA
Shinoda	SHINODA
Matsasakaya	MATSASAKAYA
Fujiwara no Nakamaro	
Hikaru Genji	
Tō no Chūjō	
Kūya	
Kamo no Chōmei	
Satō Tadanobu	SATŌ Tadanobu
Minamoto no Yoshitsune	
Musashibō Benkei	
Satō Tsuginobu	SATŌ Tsuginobu
Keion	
Taira no Kiyomori	
Okudaira	OKUDAIRA
Itō Tōgai	ITŌ Tōgai
Katsushika Hokusai	
Hishikawa Moronobu	HISHIKAWA Moronobu
Enya Hangan	ENYA Hangan
Ōboshi Yuranosuke	ŌBOSHI Yuranosuke
Yaji	
Taira no Atsumori	
Taira no Tsunemori	
Chiyo-ni	
Amaterasu-no-Ōmikami	
Ame-no-Minaka-Nushi-no-Mikoto	
Baron Shuntoko Sakamoto	Baron SAKAMOTO Shuntoko
Yasushi Taji	TAJI Yasushi
Kaname A. Suzuki	SUZUKI Kaname A.
Mr. Motoyama	Mr. MOTOYAMA
K. Inoue	INOUE K.
S. Tisakawa	TISAKAWA S.
Kuraji Takahashi	TAKAHASHI Kuraji
Yoriwo Yomamoto	YOMAMOTO Yoriwo
Benzo Nishimura	NISHIMURA Benzo
Shizuo Ade	ADE Shizuo
Eisaburo Fujii	FUJII Eisaburo
Yasuo E. Muraoka	MURAOKA Yasuo E.
Mazutani	MAZUTANI
W. P. Wooten	
N. Nakaoka	NAKAOKA N.
W. W. Edie	
Kenzie	
Ryoichi Naito	NAITO Ryoichi
Yamauti	YAMAUTI
Mr. Howe	
Hison	
Masafumi Yamauti	YAMAUTI Masafumi
Dr. Miyagawa	Dr. MIYAGAWA
Mr. Dunn	
Kuwabara	KUWABARA
Yokozeki	YOKOZEKI
J. Takeda	TAKEDA J.
Kiyoshi Okura	OKURA Kiyoshi
T. Miyauchi	MIYAUCHI T.
Yoshiyuki Itimiya	ITIMIYA Yoshiyuki
Okira Yamaki	YAMAKI Okira
B. Yamaguchi	YAMAGUCHI B.
Mrs. Jenison	
C. T. Hansen	
Mrs. Tsuge	Mrs. TSUGE
Takeo Suyemasa	SUYEMASA Takeo
Mrs. Suyemasa	Mrs. SUYEMASA
Hideo Mizutani	MIZUTANI Hideo
Kasuda	KASUDA
Mrs. Masasuke Kobayashi	Mrs. KOBAYASHI Masasuke
Kiyoshi Oda	ODA Kiyoshi
Hironishi Yohara	YOHARA Hironishi
K. Sadakata	SADAKATA K.
Baron Ijuin	Baron IJUIN
Marquis Komura	Marquis KOMURA
Colonel Sakurai	Colonel SAKURAI
Yoshitane Higashi	HIGASHI Yoshitane
Mr. Fujii	Mr. FUJII
Lieutenant Kanamoto	Lieutenant KANAMOTO
Dr. Ichimura	Dr. ICHIMURA
