id,site_id,title,decimal,file_no,pages,ocr,catalogued,page_images,text_file
102.81-1210,japan-internal-affairs-102.81-administration-united-states,"102.81 Administration, United States Government, Bureau Of Foreign And Domestic Commerce., September 7, 1940 (File 1210)",102.81,1210,2,Mistral OCR,yes,https://archive.org/details/japan-internal-affairs-102.81-administration-united-states,102.81-1210.txt
311.22-1533,japan-internal-affairs-311.22-protection-of-interests,"311.22 Protection Of Interests, Protection In United States Of Private And Notional Interest Of Ecuador., August 30, 1946 - October 5, 1946 (File 1533)",311.22,1533,21,Mistral OCR,yes,https://archive.org/details/japan-internal-affairs-311.22-protection-of-interests,311.22-1533.txt
694.0031-1563,japan-internal-affairs-694.0031-commerce-customs-administration,"694.0031 Commerce. Customs Administration. Commercial Relations, Treaties And Conventions. Commercial And Trade Agreements., Import Tariff., Japan And The World, Commercial Relations. Commercial Treaties, Conventions, Commercial And Trade (File 1563)",694.0031,1563,5,Mistral OCR,yes,https://archive.org/details/japan-internal-affairs-694.0031-commerce-customs-administration,694.0031-1563.txt
694.1115-110,japan-internal-affairs-694.1115-commerce-customs-administration-1,"694.1115 Commerce. Customs Administration. Commercial Relations, Treaties And Conventions. Commercial And Trade Agreements., General Conditions Affecting Trade As Import Trade., Japan And United States, Governmental Attitude Of Exporting C (File 110)",694.1115,110,1,Mistral OCR,yes,https://archive.org/details/japan-internal-affairs-694.1115-commerce-customs-administration-1,694.1115-110.txt
694.1115-1298,japan-internal-affairs-694.1115-commerce-customs-administration-2,"694.1115 Commerce. Customs Administration. Commercial Relations, Treaties And Conventions. Commercial And Trade Agreements., General Conditions Affecting Trade As Import Trade., Japan And United States, Governmental Attitude Of Exporting C (File 1298)",694.1115,1298,1,Mistral OCR,yes,https://archive.org/details/japan-internal-affairs-694.1115-commerce-customs-administration-2,694.1115-1298.txt
800.8591-1264,japan-internal-affairs-800.8591-merchant-vessels-yachts,"800.8591 Merchant Vessels. Yachts. Immunities Of Government -Controlled., Other Matters Respecting Merchant Vessels., The World, Movement Of Merchant Vessels And Yachts., April 9, 1941 - April 30, 1941 (File 1264)",800.8591,1264,6,Mistral OCR,yes,https://archive.org/details/japan-internal-affairs-800.8591-merchant-vessels-yachts,800.8591-1264.txt
848G.114-1355,japan-internal-affairs-848g.114-regulations-governing-basutoland,"848G.114 Regulations Governing, Basutoland, Traffic In Liquors And Habit-Forming Drugs., June 18th, 1942 (File 1355)",848G.114,1355,3,Mistral OCR,yes,https://archive.org/details/japan-internal-affairs-848g.114-regulations-governing-basutoland,848G.114-1355.txt
848H.114-1356,japan-internal-affairs-848h.114-regulations-governing-bechuanaland-2,"848H.114 Regulations Governing, Bechuanaland, Traffic In Liquors And Habit-Forming Drugs., June 19th, 1942 (File 1356)",848H.114,1356,74,PaddleOCR,yes,https://archive.org/details/japan-internal-affairs-848h.114-regulations-governing-bechuanaland-2,848H.114-1356.txt
848H.114-1364,japan-internal-affairs-848h.114-regulations-governing-bechuanaland,"848H.114 Regulations Governing, Bechuanaland, Traffic In Liquors And Habit-Forming Drugs. Each Subdivision Will Be Made A Separate Case., September 12, 1942 (File 1364)",848H.114,1364,1,Mistral OCR,yes,https://archive.org/details/japan-internal-affairs-848h.114-regulations-governing-bechuanaland,848H.114-1364.txt
851A.6341-1602,japan-internal-affairs-851a.6341-mines-mining-concessions,"851A.6341 Mines. Mining. Concessions., Precious Metals And Precious Stones., St. Pierre And Miquelon, Gold., November 10, 1947 (File 1602)",851A.6341,1602,2,Mistral OCR,yes,https://archive.org/details/japan-internal-affairs-851a.6341-mines-mining-concessions,851A.6341-1602.txt
862.51-1582,japan-internal-affairs-862.51-germany-financial-conditions,"862.51 Germany, Financial Conditions. Budget. Dept. Bond Issues. Loans. Public Securities. Credits., July 9, 1947 (File 1582)",862.51,1582,3,Mistral OCR,yes,https://archive.org/details/japan-internal-affairs-862.51-germany-financial-conditions,862.51-1582.txt
891.48-1258,japan-internal-affairs-891.48-iran-calamities-disasters,"891.48 Iran, Calamities. Disasters. Earthquake. Hurricane. Fire. Flood. Famine. Disease. Relief Measures., April 10, 1941 (File 1258)",891.48,1258,1,Mistral OCR,yes,https://archive.org/details/japan-internal-affairs-891.48-iran-calamities-disasters,891.48-1258.txt
893.50-1156,japan-internal-affairs-893.50-china-economic-matters,"893.50 China, Economic Matters., December 13, 1939 (File 1156)",893.50,1156,8,Mistral OCR,yes,https://archive.org/details/japan-internal-affairs-893.50-china-economic-matters,893.50-1156.txt
893.5017-1670,japan-internal-affairs-893.5017-economic-matters-statistics,"893.5017 Economic Matters., Statistics, General., China, Cost Of Living., October 21, 1948 (File 1670)",893.5017,1670,4,Mistral OCR,yes,https://archive.org/details/japan-internal-affairs-893.5017-economic-matters-statistics,893.5017-1670.txt
893.516-949,japan-internal-affairs-893.516-financial-conditions-budget,"893.516 Financial Conditions. Budget. Dept. Bond Issues. Loans. Public Securities. Credits., China, Banks. Banking., October 14, 1935 - April 12, 1937 (File 949)",893.516,949,2,Mistral OCR,yes,https://archive.org/details/japan-internal-affairs-893.516-financial-conditions-budget,893.516-949.txt
893.543-1485,japan-internal-affairs-893.543-intellectual-and-industrial,"893.543 Intellectual And Industrial Property. Applications For Patents And Copyrights, Registration Of Particular Trade Marks, And Contests Arising Therefrom Are Arranged Alphabetically Under The Respective Numbers., Trade-Marks. Trade Name (File 1485)",893.543,1485,11,Mistral OCR,yes,https://archive.org/details/japan-internal-affairs-893.543-intellectual-and-industrial,893.543-1485.txt
893.60-1540,japan-internal-affairs-893.60-china-industrial-matters,"893.60 China, Industrial Matters., November 5, 1946 (File 1540)",893.60,1540,4,Mistral OCR,yes,https://archive.org/details/japan-internal-affairs-893.60-china-industrial-matters,893.60-1540.txt
893.61A-1543,japan-internal-affairs-893.61a-agriculture-china-agriculture,"893.61A Agriculture., China, Agriculture Adviser., October 28, 1946 - November 8, 1946 (File 1543)",893.61A,1543,4,Mistral OCR,yes,https://archive.org/details/japan-internal-affairs-893.61a-agriculture-china-agriculture,893.61A-1543.txt
893.6511-1557,japan-internal-affairs-893.6511-manufactures-manufacturing-metals,"893.6511 Manufactures. Manufacturing., Metals., China, Iron. Steel., January 13, 1947 (File 1557)",893.6511,1557,11,Mistral OCR,yes,https://archive.org/details/japan-internal-affairs-893.6511-manufactures-manufacturing-metals,893.6511-1557.txt
894.00-74,japan-internal-affairs-894.00-japan-political-affairs-8,"894.00 Japan, Political Affairs. (File 74)",894.00,74,2,Mistral OCR,yes,https://archive.org/details/japan-internal-affairs-894.00-japan-political-affairs-8,894.00-74.txt
894.00-75,japan-internal-affairs-894.00-japan-political-affairs-9,"894.00 Japan, Political Affairs. (File 75)",894.00,75,4,Mistral OCR,yes,https://archive.org/details/japan-internal-affairs-894.00-japan-political-affairs-9,894.00-75.txt
894.00-76,japan-internal-affairs-894.00-japan-political-affairs-10,"894.00 Japan, Political Affairs. (File 76)",894.00,76,2,Mistral OCR,yes,https://archive.org/details/japan-internal-affairs-894.00-japan-political-affairs-10,894.00-76.txt
894.00-78,japan-internal-affairs-894.00-japan-political-affairs-11,"894.00 Japan, Political Affairs. (File 78)",894.00,78,1,Mistral OCR,yes,https://archive.org/details/japan-internal-affairs-894.00-japan-political-affairs-11,894.00-78.txt
894.00-201,japan-internal-affairs-894.00-japan-political-affairs-12,"894.00 Japan, Political Affairs. (File 201)",894.00,201,1,Mistral OCR,yes,https://archive.org/details/japan-internal-affairs-894.00-japan-political-affairs-12,894.00-201.txt
894.00-327,japan-internal-affairs-894.00-japan-political-affairs-13,"894.00 Japan, Political Affairs. (File 327)",894.00,327,13,Mistral OCR,yes,https://archive.org/details/japan-internal-affairs-894.00-japan-political-affairs-13,894.00-327.txt
894.00-460,japan-internal-affairs-894.00-japan-political-affairs-14,"894.00 Japan, Political Affairs. (File 460)",894.00,460,3,Mistral OCR,yes,https://archive.org/details/japan-internal-affairs-894.00-japan-political-affairs-14,894.00-460.txt
894.00-727,japan-internal-affairs-894.00-japan-political-affairs-16,"894.00 Japan, Political Affairs., February 8, 1930 - June 30, 1931 (File 727)",894.00,727,221,PaddleOCR,yes,https://archive.org/details/japan-internal-affairs-894.00-japan-political-affairs-16,894.00-727.txt
894.00-732,japan-internal-affairs-894.00-japan-political-affairs-1,"894.00 Japan, Political Affairs., December 18, 1931 (File 732)",894.00,732,5,Mistral OCR,yes,https://archive.org/details/japan-internal-affairs-894.00-japan-political-affairs-1,894.00-732.txt
894.00-822-1,japan-internal-affairs-894.00-japan-political-affairs-17-part-1,"894.00 Japan, Political Affairs., August 1, 1931 - July 2, 1934 (File 822), part 1 of 3",894.00,822,472,PaddleOCR,yes,https://archive.org/details/japan-internal-affairs-894.00-japan-political-affairs-17/894.00%20Japan%2C%20Political%20Affairs.%2C%20August%201%2C%201931%20-%20July%202%2C%201934%20822-part-1,894.00-822-1.txt
894.00-822-2,japan-internal-affairs-894.00-japan-political-affairs-17-part-2,"894.00 Japan, Political Affairs., August 1, 1931 - July 2, 1934 (File 822), part 2 of 3",894.00,822,419,PaddleOCR,yes,https://archive.org/details/japan-internal-affairs-894.00-japan-political-affairs-17/894.00%20Japan%2C%20Political%20Affairs.%2C%20August%201%2C%201931%20-%20July%202%2C%201934%20822-part-2,894.00-822-2.txt
894.00-822-3,japan-internal-affairs-894.00-japan-political-affairs-17-part-3,"894.00 Japan, Political Affairs., August 1, 1931 - July 2, 1934 (File 822), part 3 of 3",894.00,822,349,PaddleOCR,yes,https://archive.org/details/japan-internal-affairs-894.00-japan-political-affairs-17/894.00%20Japan%2C%20Political%20Affairs.%2C%20August%201%2C%201931%20-%20July%202%2C%201934%20822-part-3,894.00-822-3.txt
894.00-846-1,japan-internal-affairs-894.00-japan-political-affairs-15-part-1,"894.00 Japan, Political Affairs., January 25, 1930 - February 6, 1935 (File 846), part 1 of 2",894.00,846,685,PaddleOCR,yes,https://archive.org/details/japan-internal-affairs-894.00-japan-political-affairs-15/894.00%20Japan%2C%20Political%20Affairs.%2C%20January%2025%2C%201930%20-%20February%206%2C%201935%20846-part-1,894.00-846-1.txt
894.00-846-2,japan-internal-affairs-894.00-japan-political-affairs-15-part-2,"894.00 Japan, Political Affairs., January 25, 1930 - February 6, 1935 (File 846), part 2 of 2",894.00,846,644,PaddleOCR,yes,https://archive.org/details/japan-internal-affairs-894.00-japan-political-affairs-15/894.00%20Japan%2C%20Political%20Affairs.%2C%20January%2025%2C%201930%20-%20February%206%2C%201935%20846-part-2,894.00-846-2.txt
894.00-997-1,japan-internal-affairs-894.00-japan-political-affairs-20-part-1,"894.00 Japan, Political Affairs., September 17, 1934 - January 18, 1938 (File 997), part 1 of 2",894.00,997,701,PaddleOCR,yes,https://archive.org/details/japan-internal-affairs-894.00-japan-political-affairs-20/894.00%20Japan%2C%20Political%20Affairs.%2C%20September%2017%2C%201934%20-%20January%2018%2C%201938%20997-part-1,894.00-997-1.txt
894.00-997-2,japan-internal-affairs-894.00-japan-political-affairs-20-part-2,"894.00 Japan, Political Affairs., September 17, 1934 - January 18, 1938 (File 997), part 2 of 2",894.00,997,644,PaddleOCR,yes,https://archive.org/details/japan-internal-affairs-894.00-japan-political-affairs-20/894.00%20Japan%2C%20Political%20Affairs.%2C%20September%2017%2C%201934%20-%20January%2018%2C%201938%20997-part-2,894.00-997-2.txt
894.00-1006-1,japan-internal-affairs-894.00-japan-political-affairs-21-part-1,"894.00 Japan, Political Affairs., May 2, 1935 - March 17, 1938 (File 1006), part 1 of 3",894.00,1006,509,PaddleOCR,yes,https://archive.org/details/japan-internal-affairs-894.00-japan-political-affairs-21/894.00%20Japan%2C%20Political%20Affairs.%2C%20May%202%2C%201935%20-%20March%2017%2C%201938%201006-part-1,894.00-1006-1.txt
894.00-1006-2,japan-internal-affairs-894.00-japan-political-affairs-21-part-2,"894.00 Japan, Political Affairs., May 2, 1935 - March 17, 1938 (File 1006), part 2 of 3",894.00,1006,461,PaddleOCR,yes,https://archive.org/details/japan-internal-affairs-894.00-japan-political-affairs-21/894.00%20Japan%2C%20Political%20Affairs.%2C%20May%202%2C%201935%20-%20March%2017%2C%201938%201006-part-2,894.00-1006-2.txt
894.00-1006-3,japan-internal-affairs-894.00-japan-political-affairs-21-part-3,"894.00 Japan, Political Affairs., May 2, 1935 - March 17, 1938 (File 1006), part 3 of 3",894.00,1006,510,PaddleOCR,yes,https://archive.org/details/japan-internal-affairs-894.00-japan-political-affairs-21/894.00%20Japan%2C%20Political%20Affairs.%2C%20May%202%2C%201935%20-%20March%2017%2C%201938%201006-part-3,894.00-1006-3.txt
894.00-1015-1,japan-internal-affairs-894.00-japan-political-affairs-19-part-1,"894.00 Japan, Political Affairs., December 12, 1933 - April 11, 1938 (File 1015), part 1 of 2",894.00,1015,386,PaddleOCR,yes,https://archive.org/details/japan-internal-affairs-894.00-japan-political-affairs-19/894.00%20Japan%2C%20Political%20Affairs.%2C%20December%2012%2C%201933%20-%20April%2011%2C%201938%201015-part-1,894.00-1015-1.txt
894.00-1015-2,japan-internal-affairs-894.00-japan-political-affairs-19-part-2,"894.00 Japan, Political Affairs., December 12, 1933 - April 11, 1938 (File 1015), part 2 of 2",894.00,1015,372,PaddleOCR,yes,https://archive.org/details/japan-internal-affairs-894.00-japan-political-affairs-19/894.00%20Japan%2C%20Political%20Affairs.%2C%20December%2012%2C%201933%20-%20April%2011%2C%201938%201015-part-2,894.00-1015-2.txt
894.00-1089,japan-internal-affairs-894.00-japan-political-affairs-2,"894.00 Japan, Political Affairs., March 28, 1939 (File 1089)",894.00,1089,1,Mistral OCR,yes,https://archive.org/details/japan-internal-affairs-894.00-japan-political-affairs-2,894.00-1089.txt
894.00-1146,japan-internal-affairs-894.00-japan-political-affairs-18,"894.00 Japan, Political Affairs., March 16, 1932 - November 7th, 1939 (File 1146)",894.00,1146,197,PaddleOCR,yes,https://archive.org/details/japan-internal-affairs-894.00-japan-political-affairs-18,894.00-1146.txt
894.00-1169-1,japan-internal-affairs-894.00-japan-political-affairs-22-part-1,"894.00 Japan, Political Affairs., March 18, 1938 - December 28, 1939 (File 1169), part 1 of 2",894.00,1169,438,PaddleOCR,yes,https://archive.org/details/japan-internal-affairs-894.00-japan-political-affairs-22/894.00%20Japan%2C%20Political%20Affairs.%2C%20March%2018%2C%201938%20-%20December%2028%2C%201939%201169-part-1,894.00-1169-1.txt
894.00-1169-2,japan-internal-affairs-894.00-japan-political-affairs-22-part-2,"894.00 Japan, Political Affairs., March 18, 1938 - December 28, 1939 (File 1169), part 2 of 2",894.00,1169,477,PaddleOCR,yes,https://archive.org/details/japan-internal-affairs-894.00-japan-political-affairs-22/894.00%20Japan%2C%20Political%20Affairs.%2C%20March%2018%2C%201938%20-%20December%2028%2C%201939%201169-part-2,894.00-1169-2.txt
894.00-1247-1,japan-internal-affairs-894.00-japan-political-affairs-23-part-1,"894.00 Japan, Political Affairs., January 30, 1940 - February 17, 1941 (File 1247), part 1 of 2",894.00,1247,560,PaddleOCR,yes,https://archive.org/details/japan-internal-affairs-894.00-japan-political-affairs-23/894.00%20Japan%2C%20Political%20Affairs.%2C%20January%2030%2C%201940%20-%20February%2017%2C%201941%201247-part-1,894.00-1247-1.txt
894.00-1247-2,japan-internal-affairs-894.00-japan-political-affairs-23-part-2,"894.00 Japan, Political Affairs., January 30, 1940 - February 17, 1941 (File 1247), part 2 of 2",894.00,1247,573,PaddleOCR,yes,https://archive.org/details/japan-internal-affairs-894.00-japan-political-affairs-23/894.00%20Japan%2C%20Political%20Affairs.%2C%20January%2030%2C%201940%20-%20February%2017%2C%201941%201247-part-2,894.00-1247-2.txt
894.00-1259,japan-internal-affairs-894.00-japan-political-affairs-3,"894.00 Japan, Political Affairs., April 10, 1941 (File 1259)",894.00,1259,1,Mistral OCR,yes,https://archive.org/details/japan-internal-affairs-894.00-japan-political-affairs-3,894.00-1259.txt
894.00-1276,japan-internal-affairs-894.00-japan-political-affairs-4,"894.00 Japan, Political Affairs., June 23, 1941 - June 24, 1941 (File 1276)",894.00,1276,8,Mistral OCR,yes,https://archive.org/details/japan-internal-affairs-894.00-japan-political-affairs-4,894.00-1276.txt
894.00-1302,japan-internal-affairs-894.00-japan-political-affairs-25,"894.00 Japan, Political Affairs., March 24, 1941 - September 23, 1941 (File 1302)",894.00,1302,619,PaddleOCR,yes,https://archive.org/details/japan-internal-affairs-894.00-japan-political-affairs-25,894.00-1302.txt
894.00-1367-1,japan-internal-affairs-894.00-japan-political-affairs-24-part-1,"894.00 Japan, Political Affairs., September 6, 1940 - October 24, 1942 (File 1367), part 1 of 2",894.00,1367,734,PaddleOCR,yes,https://archive.org/details/japan-internal-affairs-894.00-japan-political-affairs-24/894.00%20Japan%2C%20Political%20Affairs.%2C%20September%206%2C%201940%20-%20October%2024%2C%201942%201367-part-1,894.00-1367-1.txt
894.00-1367-2,japan-internal-affairs-894.00-japan-political-affairs-24-part-2,"894.00 Japan, Political Affairs., September 6, 1940 - October 24, 1942 (File 1367), part 2 of 2",894.00,1367,628,PaddleOCR,yes,https://archive.org/details/japan-internal-affairs-894.00-japan-political-affairs-24/894.00%20Japan%2C%20Political%20Affairs.%2C%20September%206%2C%201940%20-%20October%2024%2C%201942%201367-part-2,894.00-1367-2.txt
894.00-1453,japan-internal-affairs-894.00-japan-political-affairs-26,"894.00 Japan, Political Affairs., September 9, 1942 - October 3, 1944 (File 1453)",894.00,1453,304,PaddleOCR,yes,https://archive.org/details/japan-internal-affairs-894.00-japan-political-affairs-26,894.00-1453.txt
894.00-1483,japan-internal-affairs-894.00-japan-political-affairs-5,"894.00 Japan, Political Affairs., October 26, 1944 - December 30, 1944 (File 1483)",894.00,1483,8,Mistral OCR,yes,https://archive.org/details/japan-internal-affairs-894.00-japan-political-affairs-5,894.00-1483.txt
894.00-1531,japan-internal-affairs-894.00-japan-political-affairs-6,"894.00 Japan, Political Affairs., July 19, 1946 - July 24, 1946 (File 1531)",894.00,1531,15,Mistral OCR,yes,https://archive.org/details/japan-internal-affairs-894.00-japan-political-affairs-6,894.00-1531.txt
894.00-1546-1,japan-internal-affairs-894.00-japan-political-affairs-27-part-1,"894.00 Japan, Political Affairs., January 6, 1945 - November 25, 1946 (File 1546), part 1 of 2",894.00,1546,551,PaddleOCR,yes,https://archive.org/details/japan-internal-affairs-894.00-japan-political-affairs-27/894.00%20Japan%2C%20Political%20Affairs.%2C%20January%206%2C%201945%20-%20November%2025%2C%201946%201546-part-1,894.00-1546-1.txt
894.00-1546-2,japan-internal-affairs-894.00-japan-political-affairs-27-part-2,"894.00 Japan, Political Affairs., January 6, 1945 - November 25, 1946 (File 1546), part 2 of 2",894.00,1546,427,PaddleOCR,yes,https://archive.org/details/japan-internal-affairs-894.00-japan-political-affairs-27/894.00%20Japan%2C%20Political%20Affairs.%2C%20January%206%2C%201945%20-%20November%2025%2C%201946%201546-part-2,894.00-1546-2.txt
894.00-1645-1,japan-internal-affairs-894.00-japan-political-affairs-28-part-1,"894.00 Japan, Political Affairs., January 8, 1947 - July 9, 1948 (File 1645), part 1 of 2",894.00,1645,532,PaddleOCR,no,https://archive.org/details/japan-internal-affairs-894.00-japan-political-affairs-28/894.00%20Japan%2C%20Political%20Affairs.%2C%20January%208%2C%201947%20-%20July%209%2C%201948%201645-part-1,894.00-1645-1.txt
894.00-1645-2,japan-internal-affairs-894.00-japan-political-affairs-28-part-2,"894.00 Japan, Political Affairs., January 8, 1947 - July 9, 1948 (File 1645), part 2 of 2",894.00,1645,685,PaddleOCR,no,https://archive.org/details/japan-internal-affairs-894.00-japan-political-affairs-28/894.00%20Japan%2C%20Political%20Affairs.%2C%20January%208%2C%201947%20-%20July%209%2C%201948%201645-part-2,894.00-1645-2.txt
894.00-1711,japan-internal-affairs-894.00-japan-political-affairs-7,"894.00 Japan, Political Affairs., April 7, 1949 (File 1711)",894.00,1711,3,Mistral OCR,yes,https://archive.org/details/japan-internal-affairs-894.00-japan-political-affairs-7,894.00-1711.txt
894.00-1737-1,japan-internal-affairs-894.00-japan-political-affairs-29-part-1,"894.00 Japan, Political Affairs., July 10, 1948 - June 30, 1949 (File 1737), part 1 of 2",894.00,1737,668,PaddleOCR,no,https://archive.org/details/japan-internal-affairs-894.00-japan-political-affairs-29/894.00%20Japan%2C%20Political%20Affairs.%2C%20July%2010%2C%201948%20-%20June%2030%2C%201949%201737-part-1,894.00-1737-1.txt
894.00-1737-2,japan-internal-affairs-894.00-japan-political-affairs-29-part-2,"894.00 Japan, Political Affairs., July 10, 1948 - June 30, 1949 (File 1737), part 2 of 2",894.00,1737,470,PaddleOCR,no,https://archive.org/details/japan-internal-affairs-894.00-japan-political-affairs-29/894.00%20Japan%2C%20Political%20Affairs.%2C%20July%2010%2C%201948%20-%20June%2030%2C%201949%201737-part-2,894.00-1737-2.txt
894.00-1833-1,japan-internal-affairs-894.00-japan-political-affairs-30-part-1,"894.00 Japan, Political Affairs., June 23, 1949 - December 29, 1949 (File 1833), part 1 of 2",894.00,1833,396,PaddleOCR,no,https://archive.org/details/japan-internal-affairs-894.00-japan-political-affairs-30/894.00%20Japan%2C%20Political%20Affairs.%2C%20June%2023%2C%201949%20-%20December%2029%2C%201949%201833-part-1,894.00-1833-1.txt
894.00-1833-2,japan-internal-affairs-894.00-japan-political-affairs-30-part-2,"894.00 Japan, Political Affairs., June 23, 1949 - December 29, 1949 (File 1833), part 2 of 2",894.00,1833,436,PaddleOCR,no,https://archive.org/details/japan-internal-affairs-894.00-japan-political-affairs-30/894.00%20Japan%2C%20Political%20Affairs.%2C%20June%2023%2C%201949%20-%20December%2029%2C%201949%201833-part-2,894.00-1833-2.txt
894.001-462,japan-internal-affairs-894.001-political-affairs-japan-4,"894.001 Political Affairs., Japan, Chief Executive. Sovereign. Visits. (File 462)",894.001,462,2,Mistral OCR,yes,https://archive.org/details/japan-internal-affairs-894.001-political-affairs-japan-4,894.001-462.txt
894.001-718,japan-internal-affairs-894.001-political-affairs-japan-1,"894.001 Political Affairs., Japan, Chief Executive. Sovereign. Visits., April 8, 1930 - February 7, 1931 (File 718)",894.001,718,9,Mistral OCR,yes,https://archive.org/details/japan-internal-affairs-894.001-political-affairs-japan-1,894.001-718.txt
894.001-1380,japan-internal-affairs-894.001-political-affairs-japan-2,"894.001 Political Affairs., Japan, Chief Executive. Sovereign. Visits., October 21, 1941 - March 4, 1943 (File 1380)",894.001,1380,25,Mistral OCR,yes,https://archive.org/details/japan-internal-affairs-894.001-political-affairs-japan-2,894.001-1380.txt
894.001-1436,japan-internal-affairs-894.001-political-affairs-japan-3,"894.001 Political Affairs., Japan, Chief Executive. Sovereign. Visits., January 21, 1944 - July 24, 1944 (File 1436)",894.001,1436,5,Mistral OCR,yes,https://archive.org/details/japan-internal-affairs-894.001-political-affairs-japan-3,894.001-1436.txt
894.001-1613,japan-internal-affairs-894.001-political-affairs-japan-5,"894.001 Political Affairs., Japan, Chief Executive. Sovereign. Visits., August 10, 1945 - February 5, 1948 (File 1613)",894.001,1613,70,PaddleOCR,yes,https://archive.org/details/japan-internal-affairs-894.001-political-affairs-japan-5,894.001-1613.txt
894.0011-200,japan-internal-affairs-894.0011-political-affairs-chief-7,"894.0011 Political Affairs., Chief Executive. Sovereign. Visits., Japan, Family. (File 200)",894.0011,200,1,Mistral OCR,yes,https://archive.org/details/japan-internal-affairs-894.0011-political-affairs-chief-7,894.0011-200.txt
894.0011-660,japan-internal-affairs-894.0011-political-affairs-chief-8,"894.0011 Political Affairs., Chief Executive. Sovereign. Visits., Japan, Family. (File 660)",894.0011,660,1,Mistral OCR,yes,https://archive.org/details/japan-internal-affairs-894.0011-political-affairs-chief-8,894.0011-660.txt
894.0011-883,japan-internal-affairs-894.0011-political-affairs-chief-9,"894.0011 Political Affairs., Chief Executive. Sovereign. Visits., Japan, Family., January 27, 1930 - November 29, 1935 (File 883)",894.0011,883,91,PaddleOCR,yes,https://archive.org/details/japan-internal-affairs-894.0011-political-affairs-chief-9,894.0011-883.txt
894.0011-970,japan-internal-affairs-894.0011-political-affairs-chief-1,"894.0011 Political Affairs., Chief Executive. Sovereign. Visits., Japan, Family., November 28, 1935 - October 5, 1937 (File 970)",894.0011,970,5,Mistral OCR,yes,https://archive.org/details/japan-internal-affairs-894.0011-political-affairs-chief-1,894.0011-970.txt
894.0011-1000,japan-internal-affairs-894.0011-political-affairs-chief-2,"894.0011 Political Affairs., Chief Executive. Sovereign. Visits., Japan, Family., February 19, 1938 (File 1000)",894.0011,1000,47,Mistral OCR,yes,https://archive.org/details/japan-internal-affairs-894.0011-political-affairs-chief-2,894.0011-1000.txt
894.0011-1372,japan-internal-affairs-894.0011-political-affairs-chief-3,"894.0011 Political Affairs., Chief Executive. Sovereign. Visits., Japan, Family., October 21, 1941 - November 18, 1942 (File 1372)",894.0011,1372,9,Mistral OCR,yes,https://archive.org/details/japan-internal-affairs-894.0011-political-affairs-chief-3,894.0011-1372.txt
894.0011-1562,japan-internal-affairs-894.0011-political-affairs-chief-5,"894.0011 Political Affairs., Chief Executive. Sovereign. Visits., Japan, Family., February 17, 1947 (File 1562)",894.0011,1562,2,Mistral OCR,yes,https://archive.org/details/japan-internal-affairs-894.0011-political-affairs-chief-5,894.0011-1562.txt
894.0011-1696,japan-internal-affairs-894.0011-political-affairs-chief-6,"894.0011 Political Affairs., Chief Executive. Sovereign. Visits., Japan, Family., February 17, 1949 (File 1696)",894.0011,1696,1,Mistral OCR,yes,https://archive.org/details/japan-internal-affairs-894.0011-political-affairs-chief-6,894.0011-1696.txt
894.0011-1697,japan-internal-affairs-894.0011-political-affairs-chief-4,"894.0011 Political Affairs., Chief Executive. Sovereign. Visits., Japan, Family., July 11, 1946 - February 18, 1949 (File 1697)",894.0011,1697,5,Mistral OCR,yes,https://archive.org/details/japan-internal-affairs-894.0011-political-affairs-chief-4,894.0011-1697.txt
894.001H61-202,japan-internal-affairs-894.001h61-political-affairs-chief-2,"894.001H61 Political Affairs., Chief Executive. Sovereign. Visits Of Japan In Hirohito. (File 202)",894.001H61,202,2,Mistral OCR,yes,https://archive.org/details/japan-internal-affairs-894.001h61-political-affairs-chief-2,894.001H61-202.txt
894.001H61-522,japan-internal-affairs-894.001h61-political-affairs-chief-3,"894.001H61 Political Affairs., Chief Executive. Sovereign. Visits Of Japan In Hirohito. (File 522)",894.001H61,522,10,Mistral OCR,yes,https://archive.org/details/japan-internal-affairs-894.001h61-political-affairs-chief-3,894.001H61-522.txt
894.001H61-1097,japan-internal-affairs-894.001h61-political-affairs-chief-4,"894.001H61 Political Affairs., Chief Executive. Sovereign. Visits Of Japan In Hirohito., April 29, 1930 - April 29, 1939 (File 1097)",894.001H61,1097,283,PaddleOCR,yes,https://archive.org/details/japan-internal-affairs-894.001h61-political-affairs-chief-4,894.001H61-1097.txt
894.001H61-1426,japan-internal-affairs-894.001h61-political-affairs-chief-1,"894.001H61 Political Affairs., Chief Executive. Sovereign. Visits Of Japan In Hirohito., January 25, 1940 - April 22, 1944 (File 1426)",894.001H61,1426,31,Mistral OCR,yes,https://archive.org/details/japan-internal-affairs-894.001h61-political-affairs-chief-1,894.001H61-1426.txt
894.002-199,japan-internal-affairs-894.002-political-affairs-japan-1,"894.002 Political Affairs., Japan, Cabinet. Ministry. (File 199)",894.002,199,12,Mistral OCR,yes,https://archive.org/details/japan-internal-affairs-894.002-political-affairs-japan-1,894.002-199.txt
894.002-659,japan-internal-affairs-894.002-political-affairs-japan-2,"894.002 Political Affairs., Japan, Cabinet. Ministry. (File 659)",894.002,659,26,Mistral OCR,yes,https://archive.org/details/japan-internal-affairs-894.002-political-affairs-japan-2,894.002-659.txt
894.002-1170,japan-internal-affairs-894.002-political-affairs-japan-3,"894.002 Political Affairs., Japan, Cabinet. Ministry., October 3, 1930 - December 28, 1939 (File 1170)",894.002,1170,755,PaddleOCR,yes,https://archive.org/details/japan-internal-affairs-894.002-political-affairs-japan-3,894.002-1170.txt
894.002-1477,japan-internal-affairs-894.002-political-affairs-japan-4,"894.002 Political Affairs., Japan, Cabinet. Ministry., January 15, 1940 - December 20, 1944 (File 1477)",894.002,1477,268,PaddleOCR,yes,https://archive.org/details/japan-internal-affairs-894.002-political-affairs-japan-4,894.002-1477.txt
894.002-1806,japan-internal-affairs-894.002-political-affairs-japan-5,"894.002 Political Affairs., Japan, Cabinet. Ministry., January 12, 1945 - December 12, 1949 (File 1806)",894.002,1806,237,PaddleOCR,no,https://archive.org/details/japan-internal-affairs-894.002-political-affairs-japan-5,894.002-1806.txt
894.00B-73,japan-internal-affairs-894.00b-japan-bolshevism-communism-3,"894.00B Japan, Bolshevism. Communism. Communistic Activities. Subversive Activities. (File 73)",894.00B,73,1,Mistral OCR,yes,https://archive.org/details/japan-internal-affairs-894.00b-japan-bolshevism-communism-3,894.00B-73.txt
894.00B-348,japan-internal-affairs-894.00b-japan-bolshevism-communism-4,"894.00B Japan, Bolshevism. Communism. Communistic Activities. Subversive Activities. (File 348)",894.00B,348,2,Mistral OCR,yes,https://archive.org/details/japan-internal-affairs-894.00b-japan-bolshevism-communism-4,894.00B-348.txt
894.00B-932,japan-internal-affairs-894.00b-japan-bolshevism-communism-5,"894.00B Japan, Bolshevism. Communism. Communistic Activities. Subversive Activities., February 10, 1930 - October 8, 1936 (File 932)",894.00B,932,188,PaddleOCR,yes,https://archive.org/details/japan-internal-affairs-894.00b-japan-bolshevism-communism-5,894.00B-932.txt
894.00B-1447,japan-internal-affairs-894.00b-japan-bolshevism-communism-1,"894.00B Japan, Bolshevism. Communism. Communistic Activities. Subversive Activities., October 7, 1940 - September 13, 1944 (File 1447)",894.00B,1447,7,Mistral OCR,yes,https://archive.org/details/japan-internal-affairs-894.00b-japan-bolshevism-communism-1,894.00B-1447.txt
894.00B-1457,japan-internal-affairs-894.00b-japan-bolshevism-communism-2,"894.00B Japan, Bolshevism. Communism. Communistic Activities. Subversive Activities., October 17, 1944 - October 19, 1944 (File 1457)",894.00B,1457,13,Mistral OCR,yes,https://archive.org/details/japan-internal-affairs-894.00b-japan-bolshevism-communism-2,894.00B-1457.txt
894.00B-1821-1,japan-internal-affairs-894.00b-japan-bolshevism-communism-6-part-1,"894.00B Japan, Bolshevism. Communism. Communistic Activities. Subversive Activities., July 10, 1946 - December 21, 1949 (File 1821), part 1 of 2",894.00B,1821,254,PaddleOCR,no,https://archive.org/details/japan-internal-affairs-894.00b-japan-bolshevism-communism-6/894.00B%20Japan%2C%20Bolshevism.%20Communism.%20Communistic%20Activities.%20Subversive%20Activities.%2C%20July%2010%2C%201946%20-%20December%2021%2C%201949%201821-part-1,894.00B-1821-1.txt
894.00B-1821-2,japan-internal-affairs-894.00b-japan-bolshevism-communism-6-part-2,"894.00B Japan, Bolshevism. Communism. Communistic Activities. Subversive Activities., July 10, 1946 - December 21, 1949 (File 1821), part 2 of 2",894.00B,1821,299,PaddleOCR,no,https://archive.org/details/japan-internal-affairs-894.00b-japan-bolshevism-communism-6/894.00B%20Japan%2C%20Bolshevism.%20Communism.%20Communistic%20Activities.%20Subversive%20Activities.%2C%20July%2010%2C%201946%20-%20December%2021%2C%201949%201821-part-2,894.00B-1821-2.txt
894.00F-347,japan-internal-affairs-894.00f-political-affairs-japan-2,"894.00F Political Affairs., Japan, Fascism. Fascist Activities. (File 347)",894.00F,347,1,Mistral OCR,yes,https://archive.org/details/japan-internal-affairs-894.00f-political-affairs-japan-2,894.00F-347.txt
894.00F-767,japan-internal-affairs-894.00f-political-affairs-japan-1,"894.00F Political Affairs., Japan, Fascism. Fascist Activities., April 7, 1932 - December 30, 1932 (File 767)",894.00F,767,16,Mistral OCR,yes,https://archive.org/details/japan-internal-affairs-894.00f-political-affairs-japan-1,894.00F-767.txt
894.00N-79,japan-internal-affairs-894.00n-political-affairs-japan-2,"894.00N Political Affairs., Japan, Nazi. Nazi Activities. (File 79)",894.00N,79,1,Mistral OCR,yes,https://archive.org/details/japan-internal-affairs-894.00n-political-affairs-japan-2,894.00N-79.txt
894.00N-1208,japan-internal-affairs-894.00n-political-affairs-japan-1,"894.00N Political Affairs., Japan, Nazi. Nazi Activities., August 31, 1940 (File 1208)",894.00N,1208,6,Mistral OCR,yes,https://archive.org/details/japan-internal-affairs-894.00n-political-affairs-japan-1,894.00N-1208.txt
894.00P-77,japan-internal-affairs-894.00p-political-affairs-japan-4,"894.00P Political Affairs., Japan, General Correspondence, Re - Propaganda. (File 77)",894.00P,77,1,Mistral OCR,yes,https://archive.org/details/japan-internal-affairs-894.00p-political-affairs-japan-4,894.00P-77.txt
894.00P-1142,japan-internal-affairs-894.00p-political-affairs-japan-1,"894.00P Political Affairs., Japan, General Correspondence, Re - Propaganda., October 25, 1939 (File 1142)",894.00P,1142,1,Mistral OCR,yes,https://archive.org/details/japan-internal-affairs-894.00p-political-affairs-japan-1,894.00P-1142.txt
894.00P-1199,japan-internal-affairs-894.00p-political-affairs-japan-2,"894.00P Political Affairs., Japan, General Correspondence, Re - Propaganda., March 26, 1940 - July 15, 1940 (File 1199)",894.00P,1199,22,Mistral OCR,yes,https://archive.org/details/japan-internal-affairs-894.00p-political-affairs-japan-2,894.00P-1199.txt
894.00P-1523,japan-internal-affairs-894.00p-political-affairs-japan-3,"894.00P Political Affairs., Japan, General Correspondence, Re - Propaganda., May 16, 1946 (File 1523)",894.00P,1523,3,Mistral OCR,yes,https://archive.org/details/japan-internal-affairs-894.00p-political-affairs-japan-3,894.00P-1523.txt
894.00R-1839,japan-internal-affairs-894.00r-political-affairs-japan,"894.00R Political Affairs., Japan, Relief., October 3, 1945 - December 31, 1949 (File 1839)",894.00R,1839,6,Mistral OCR,yes,https://archive.org/details/japan-internal-affairs-894.00r-political-affairs-japan,894.00R-1839.txt
894.00S-461,japan-internal-affairs-894.00s-political-affairs-japan,"894.00S Political Affairs., Japan, Socialism. Socialist Activists. Industrial Workers Of The World. I.W.W. (File 461)",894.00S,461,1,Mistral OCR,yes,https://archive.org/details/japan-internal-affairs-894.00s-political-affairs-japan,894.00S-461.txt
894.01-203,japan-internal-affairs-894.01-japan-government-mandates-4,"894.01 Japan, Government. Mandates, Recognition. (File 203)",894.01,203,3,Mistral OCR,yes,https://archive.org/details/japan-internal-affairs-894.01-japan-government-mandates-4,894.01-203.txt
894.01-550,japan-internal-affairs-894.01-japan-government-mandates-5,"894.01 Japan, Government. Mandates, Recognition. (File 550)",894.01,550,26,Mistral OCR,yes,https://archive.org/details/japan-internal-affairs-894.01-japan-government-mandates-5,894.01-550.txt
894.01-663,japan-internal-affairs-894.01-japan-government-mandates-6,"894.01 Japan, Government. Mandates, Recognition. (File 663)",894.01,663,2,Mistral OCR,yes,https://archive.org/details/japan-internal-affairs-894.01-japan-government-mandates-6,894.01-663.txt
894.01-737,japan-internal-affairs-894.01-japan-government-mandates-1,"894.01 Japan, Government. Mandates, Recognition., February 29, 1932 (File 737)",894.01,737,5,Mistral OCR,yes,https://archive.org/details/japan-internal-affairs-894.01-japan-government-mandates-1,894.01-737.txt
894.01-974,japan-internal-affairs-894.01-japan-government-mandates-2,"894.01 Japan, Government. Mandates, Recognition., January 5, 1933 - November 2, 1937 (File 974)",894.01,974,7,Mistral OCR,yes,https://archive.org/details/japan-internal-affairs-894.01-japan-government-mandates-2,894.01-974.txt
894.01-1207,japan-internal-affairs-894.01-japan-government-mandates-7,"894.01 Japan, Government. Mandates, Recognition., January 2, 1940 - August 16, 1940 (File 1207)",894.01,1207,72,PaddleOCR,yes,https://archive.org/details/japan-internal-affairs-894.01-japan-government-mandates-7,894.01-1207.txt
894.01-1410,japan-internal-affairs-894.01-japan-government-mandates-8,"894.01 Japan, Government. Mandates, Recognition., March 4, 1941 - January 4, 1944 (File 1410)",894.01,1410,193,PaddleOCR,yes,https://archive.org/details/japan-internal-affairs-894.01-japan-government-mandates-8,894.01-1410.txt
894.01-1434,japan-internal-affairs-894.01-japan-government-mandates-3,"894.01 Japan, Government. Mandates, Recognition., July 8, 1944 (File 1434)",894.01,1434,3,Mistral OCR,yes,https://archive.org/details/japan-internal-affairs-894.01-japan-government-mandates-3,894.01-1434.txt
894.01-1763,japan-internal-affairs-894.01-japan-government-mandates-9,"894.01 Japan, Government. Mandates, Recognition., July 10, 1944 - September 17, 1949 (File 1763)",894.01,1763,402,PaddleOCR,yes,https://archive.org/details/japan-internal-affairs-894.01-japan-government-mandates-9,894.01-1763.txt
894.011-548,japan-internal-affairs-894.011-government-mandates-recognition-3,"894.011 Government. Mandates, Recognition., Japan, Constitution. (File 548)",894.011,548,1,Mistral OCR,yes,https://archive.org/details/japan-internal-affairs-894.011-government-mandates-recognition-3,894.011-548.txt
894.011-702,japan-internal-affairs-894.011-government-mandates-recognition-1,"894.011 Government. Mandates, Recognition., Japan, Constitution., March 7, 1923 - May 30, 1930 (File 702)",894.011,702,20,Mistral OCR,yes,https://archive.org/details/japan-internal-affairs-894.011-government-mandates-recognition-1,894.011-702.txt
894.011-1695,japan-internal-affairs-894.011-government-mandates-recognition-4,"894.011 Government. Mandates, Recognition., Japan, Constitution., November 7, 1945 - February 16, 1949 (File 1695)",894.011,1695,392,PaddleOCR,no,https://archive.org/details/japan-internal-affairs-894.011-government-mandates-recognition-4,894.011-1695.txt
894.011-1794,japan-internal-affairs-894.011-government-mandates-recognition-2,"894.011 Government. Mandates, Recognition., Japan, Constitution., February 28, 1949 - November 28, 1949 (File 1794)",894.011,1794,26,Mistral OCR,yes,https://archive.org/details/japan-internal-affairs-894.011-government-mandates-recognition-2,894.011-1794.txt
894.012-117,japan-internal-affairs-894.012-government-mandates-recognition-2,"894.012 Government. Mandates, Recognition., Japan, Citizenship. Divide As 130 To 139. (File 117)",894.012,117,5,Mistral OCR,yes,https://archive.org/details/japan-internal-affairs-894.012-government-mandates-recognition-2,894.012-117.txt
894.012-547,japan-internal-affairs-894.012-government-mandates-recognition-3,"894.012 Government. Mandates, Recognition., Japan, Citizenship. Divide As 130 To 139. (File 547)",894.012,547,3,Mistral OCR,yes,https://archive.org/details/japan-internal-affairs-894.012-government-mandates-recognition-3,894.012-547.txt
894.012-1131,japan-internal-affairs-894.012-government-mandates-recognition-1,"894.012 Government. Mandates, Recognition., Japan, Citizenship. Divide As 130 To 139., May 8, 1930 - October 6, 1939 (File 1131)",894.012,1131,22,Mistral OCR,yes,https://archive.org/details/japan-internal-affairs-894.012-government-mandates-recognition-1,894.012-1131.txt
894.012-1429,japan-internal-affairs-894.012-government-mandates-recognition-4,"894.012 Government. Mandates, Recognition., Japan, Citizenship. Divide As 130 To 139., July 13, 1940 - June 13, 1944 (File 1429)",894.012,1429,66,PaddleOCR,yes,https://archive.org/details/japan-internal-affairs-894.012-government-mandates-recognition-4,894.012-1429.txt
894.012-1759,japan-internal-affairs-894.012-government-mandates-recognition-5,"894.012 Government. Mandates, Recognition., Japan, Citizenship. Divide As 130 To 139., October 17, 1945 - August 25, 1949 (File 1759)",894.012,1759,245,PaddleOCR,yes,https://archive.org/details/japan-internal-affairs-894.012-government-mandates-recognition-5,894.012-1759.txt
894.0127-546,japan-internal-affairs-894.0127-government-mandates-recognition-2,"894.0127 Government. Mandates, Recognition., Citizenship. Divide As 130 To 139., Japan, Registration. (File 546)",894.0127,546,1,Mistral OCR,yes,https://archive.org/details/japan-internal-affairs-894.0127-government-mandates-recognition-2,894.0127-546.txt
894.0127-1126,japan-internal-affairs-894.0127-government-mandates-recognition-1,"894.0127 Government. Mandates, Recognition., Citizenship. Divide As 130 To 139., Japan, Registration., September 6, 1939 (File 1126)",894.0127,1126,4,Mistral OCR,yes,https://archive.org/details/japan-internal-affairs-894.0127-government-mandates-recognition-1,894.0127-1126.txt
894.0128-116,japan-internal-affairs-894.0128-government-mandates-recognition-3,"894.0128 Government. Mandates, Recognition., Citizenship. Divide As 130 To 139., Japan, Passports. (File 116)",894.0128,116,1,Mistral OCR,yes,https://archive.org/details/japan-internal-affairs-894.0128-government-mandates-recognition-3,894.0128-116.txt
894.0128-545,japan-internal-affairs-894.0128-government-mandates-recognition-4,"894.0128 Government. Mandates, Recognition., Citizenship. Divide As 130 To 139., Japan, Passports. (File 545)",894.0128,545,2,Mistral OCR,yes,https://archive.org/details/japan-internal-affairs-894.0128-government-mandates-recognition-4,894.0128-545.txt
894.0128-1117,japan-internal-affairs-894.0128-government-mandates-recognition-1,"894.0128 Government. Mandates, Recognition., Citizenship. Divide As 130 To 139., Japan, Passports., October 25, 1932 - August 2, 1939 (File 1117)",894.0128,1117,34,Mistral OCR,yes,https://archive.org/details/japan-internal-affairs-894.0128-government-mandates-recognition-1,894.0128-1117.txt
894.0128-1682,japan-internal-affairs-894.0128-government-mandates-recognition-2,"894.0128 Government. Mandates, Recognition., Citizenship. Divide As 130 To 139., Japan, Passports., August 6, 1940 - December 21, 1948 (File 1682)",894.0128,1682,27,Mistral OCR,yes,https://archive.org/details/japan-internal-affairs-894.0128-government-mandates-recognition-2,894.0128-1682.txt
894.0128-1688,japan-internal-affairs-894.0128-government-mandates-recognition-5,"894.0128 Government. Mandates, Recognition., Citizenship. Divide As 130 To 139., Japan, Passports., April 1, 1947 - January 28, 1949 (File 1688)",894.0128,1688,92,PaddleOCR,yes,https://archive.org/details/japan-internal-affairs-894.0128-government-mandates-recognition-5,894.0128-1688.txt
894.012881-120,japan-internal-affairs-894.012881-government-mandates-recognition-2,"894.012881 Government. Mandates, Recognition., Citizenship. Divide As 130 To 139., Passports., Japan, Unauthorized Papers In The Nature Of Passports. Forged Or Fraudulent Passports. (File 120)",894.012881,120,1,Mistral OCR,yes,https://archive.org/details/japan-internal-affairs-894.012881-government-mandates-recognition-2,894.012881-120.txt
894.012881-1316,japan-internal-affairs-894.012881-government-mandates-recognition-1,"894.012881 Government. Mandates, Recognition., Citizenship. Divide As 130 To 139., Passports., Japan, Unauthorized Papers In The Nature Of Passports. Forged Or Fraudulent Passports., November 7, 1941 - December 17, 1941 (File 1316)",894.012881,1316,9,Mistral OCR,yes,https://archive.org/details/japan-internal-affairs-894.012881-government-mandates-recognition-1,894.012881-1316.txt
894.0131-544,japan-internal-affairs-894.0131-government-mandates-recognition-3,"894.0131 Government. Mandates, Recognition., Political Rights., Japan, Suffrage. (File 544)",894.0131,544,1,Mistral OCR,yes,https://archive.org/details/japan-internal-affairs-894.0131-government-mandates-recognition-3,894.0131-544.txt
894.0131-724,japan-internal-affairs-894.0131-government-mandates-recognition-1,"894.0131 Government. Mandates, Recognition., Political Rights., Japan, Suffrage., April 10, 1931 (File 724)",894.0131,724,2,Mistral OCR,yes,https://archive.org/details/japan-internal-affairs-894.0131-government-mandates-recognition-1,894.0131-724.txt
894.0131-1493,japan-internal-affairs-894.0131-government-mandates-recognition-2,"894.0131 Government. Mandates, Recognition., Political Rights., Japan, Suffrage., October 13, 1945 (File 1493)",894.0131,1493,3,Mistral OCR,yes,https://archive.org/details/japan-internal-affairs-894.0131-government-mandates-recognition-2,894.0131-1493.txt
894.0132-543,japan-internal-affairs-894.0132-government-mandates-recognition-2,"894.0132 Government. Mandates, Recognition., Political Rights., Japan, Freedom Of Speech. (File 543)",894.0132,543,1,Mistral OCR,yes,https://archive.org/details/japan-internal-affairs-894.0132-government-mandates-recognition-2,894.0132-543.txt
894.0132-1012,japan-internal-affairs-894.0132-government-mandates-recognition-1,"894.0132 Government. Mandates, Recognition., Political Rights., Japan, Freedom Of Speech., May 29, 1936 - April 8, 1938 (File 1012)",894.0132,1012,3,Mistral OCR,yes,https://archive.org/details/japan-internal-affairs-894.0132-government-mandates-recognition-1,894.0132-1012.txt
894.014-121,japan-internal-affairs-894.014-government-mandates-recognition-3,"894.014 Government. Mandates, Recognition., Japan, Territory. Maps (File 121)",894.014,121,4,Mistral OCR,yes,https://archive.org/details/japan-internal-affairs-894.014-government-mandates-recognition-3,894.014-121.txt
894.014-542,japan-internal-affairs-894.014-government-mandates-recognition-4,"894.014 Government. Mandates, Recognition., Japan, Territory. Maps (File 542)",894.014,542,4,Mistral OCR,yes,https://archive.org/details/japan-internal-affairs-894.014-government-mandates-recognition-4,894.014-542.txt
894.014-978,japan-internal-affairs-894.014-government-mandates-recognition-1,"894.014 Government. Mandates, Recognition., Japan, Territory. Maps, January 4, 1933 - November 24, 1937 (File 978)",894.014,978,40,Mistral OCR,yes,https://archive.org/details/japan-internal-affairs-894.014-government-mandates-recognition-1,894.014-978.txt
894.014-1476,japan-internal-affairs-894.014-government-mandates-recognition-5,"894.014 Government. Mandates, Recognition., Japan, Territory. Maps, January 3, 1940 - December 20, 1944 (File 1476)",894.014,1476,69,PaddleOCR,yes,https://archive.org/details/japan-internal-affairs-894.014-government-mandates-recognition-5,894.014-1476.txt
894.014-1591,japan-internal-affairs-894.014-government-mandates-recognition-2,"894.014 Government. Mandates, Recognition., Japan, Territory. Maps, August 7, 1947 (File 1591)",894.014,1591,3,Mistral OCR,yes,https://archive.org/details/japan-internal-affairs-894.014-government-mandates-recognition-2,894.014-1591.txt
894.014-1774,japan-internal-affairs-894.014-government-mandates-recognition-6,"894.014 Government. Mandates, Recognition., Japan, Territory. Maps, January 6, 1945 - October 24th, 1949 (File 1774)",894.014,1774,453,PaddleOCR,yes,https://archive.org/details/japan-internal-affairs-894.014-government-mandates-recognition-6,894.014-1774.txt
894.0144-554,japan-internal-affairs-894.0144-government-mandates-recognition-3,"894.0144 Government. Mandates, Recognition., Territory. Maps, Japan, Territorial Sovereignty. Violation. (File 554)",894.0144,554,1,Mistral OCR,yes,https://archive.org/details/japan-internal-affairs-894.0144-government-mandates-recognition-3,894.0144-554.txt
894.0144-1008,japan-internal-affairs-894.0144-government-mandates-recognition-1,"894.0144 Government. Mandates, Recognition., Territory. Maps, Japan, Territorial Sovereignty. Violation., June 27, 1931 - March 18, 1938 (File 1008)",894.0144,1008,22,Mistral OCR,yes,https://archive.org/details/japan-internal-affairs-894.0144-government-mandates-recognition-1,894.0144-1008.txt
894.0144-1388,japan-internal-affairs-894.0144-government-mandates-recognition-2,"894.0144 Government. Mandates, Recognition., Territory. Maps, Japan, Territorial Sovereignty. Violation., May 24, 1943 (File 1388)",894.0144,1388,14,Mistral OCR,yes,https://archive.org/details/japan-internal-affairs-894.0144-government-mandates-recognition-2,894.0144-1388.txt
894.0145-1555,japan-internal-affairs-894.0145-government-mandates-recognition,"894.0145 Government. Mandates, Recognition., Territory. Maps, Japan, Territorial Waters. Marginal Sea. Pollution., January 2, 1947 (File 1555)",894.0145,1555,7,Mistral OCR,yes,https://archive.org/details/japan-internal-affairs-894.0145-government-mandates-recognition,894.0145-1555.txt
894.0146-556,japan-internal-affairs-894.0146-government-mandates-recognition-3,"894.0146 Government. Mandates, Recognition., Territory. Maps, Japan, Territory Occupied By Foreign Military Forces. (File 556)",894.0146,556,1,Mistral OCR,yes,https://archive.org/details/japan-internal-affairs-894.0146-government-mandates-recognition-3,894.0146-556.txt
894.0146-979,japan-internal-affairs-894.0146-government-mandates-recognition-1,"894.0146 Government. Mandates, Recognition., Territory. Maps, Japan, Territory Occupied By Foreign Military Forces., November 25, 1937 (File 979)",894.0146,979,1,Mistral OCR,yes,https://archive.org/details/japan-internal-affairs-894.0146-government-mandates-recognition-1,894.0146-979.txt
894.0146-1446,japan-internal-affairs-894.0146-government-mandates-recognition-2,"894.0146 Government. Mandates, Recognition., Territory. Maps, Japan, Territory Occupied By Foreign Military Forces., July 12, 1940 - September 12, 1944 (File 1446)",894.0146,1446,3,Mistral OCR,yes,https://archive.org/details/japan-internal-affairs-894.0146-government-mandates-recognition-2,894.0146-1446.txt
894.0146-1698,japan-internal-affairs-894.0146-government-mandates-recognition-4,"894.0146 Government. Mandates, Recognition., Territory. Maps, Japan, Territory Occupied By Foreign Military Forces., January 22, 1945 - February 18, 1949 (File 1698)",894.0146,1698,45,PaddleOCR,yes,https://archive.org/details/japan-internal-affairs-894.0146-government-mandates-recognition-4,894.0146-1698.txt
894.015-122,japan-internal-affairs-894.015-government-mandates-recognition-3,"894.015 Government. Mandates, Recognition., Japan, Flag. (File 122)",894.015,122,2,Mistral OCR,yes,https://archive.org/details/japan-internal-affairs-894.015-government-mandates-recognition-3,894.015-122.txt
894.015-555,japan-internal-affairs-894.015-government-mandates-recognition-4,"894.015 Government. Mandates, Recognition., Japan, Flag. (File 555)",894.015,555,1,Mistral OCR,yes,https://archive.org/details/japan-internal-affairs-894.015-government-mandates-recognition-4,894.015-555.txt
894.015-963,japan-internal-affairs-894.015-government-mandates-recognition-1,"894.015 Government. Mandates, Recognition., Japan, Flag., July 30, 1937 (File 963)",894.015,963,1,Mistral OCR,yes,https://archive.org/details/japan-internal-affairs-894.015-government-mandates-recognition-1,894.015-963.txt
894.015-1756,japan-internal-affairs-894.015-government-mandates-recognition-2,"894.015 Government. Mandates, Recognition., Japan, Flag., July 21, 1949 - August 17, 1949 (File 1756)",894.015,1756,3,Mistral OCR,yes,https://archive.org/details/japan-internal-affairs-894.015-government-mandates-recognition-2,894.015-1756.txt
894.015211-558,japan-internal-affairs-894.015211-government-mandates-recognition-2,"894.015211 Government. Mandates, Recognition., Flag., Misuse As Use For Advertising Purposes Of Flag Of Japan In United States. (File 558)",894.015211,558,1,Mistral OCR,yes,https://archive.org/details/japan-internal-affairs-894.015211-government-mandates-recognition-2,894.015211-558.txt
894.015211-881,japan-internal-affairs-894.015211-government-mandates-recognition-1,"894.015211 Government. Mandates, Recognition., Flag., Misuse As Use For Advertising Purposes Of Flag Of Japan In United States., October 25, 1935 - October 26, 1935 (File 881)",894.015211,881,7,Mistral OCR,yes,https://archive.org/details/japan-internal-affairs-894.015211-government-mandates-recognition-1,894.015211-881.txt
894.015293-557,japan-internal-affairs-894.015293-government-mandates-recognition-2,"894.015293 Government. Mandates, Recognition., Flag., Misuse As Use For Advertising Purposes Of Flag Of Japan In China. (File 557)",894.015293,557,1,Mistral OCR,yes,https://archive.org/details/japan-internal-affairs-894.015293-government-mandates-recognition-2,894.015293-557.txt
894.015293-931,japan-internal-affairs-894.015293-government-mandates-recognition-1,"894.015293 Government. Mandates, Recognition., Flag., Misuse As Use For Advertising Purposes Of Flag Of Japan In China., June 26, 1936 - October 7, 1936 (File 931)",894.015293,931,6,Mistral OCR,yes,https://archive.org/details/japan-internal-affairs-894.015293-government-mandates-recognition-1,894.015293-931.txt
894.0159-551,japan-internal-affairs-894.0159-government-mandates-recognition-2,"894.0159 Government. Mandates, Recognition., Flag., Japan, National Anthem. (File 551)",894.0159,551,2,Mistral OCR,yes,https://archive.org/details/japan-internal-affairs-894.0159-government-mandates-recognition-2,894.0159-551.txt
894.0159-731,japan-internal-affairs-894.0159-government-mandates-recognition-1,"894.0159 Government. Mandates, Recognition., Flag., Japan, National Anthem., October 31, 1931 (File 731)",894.0159,731,3,Mistral OCR,yes,https://archive.org/details/japan-internal-affairs-894.0159-government-mandates-recognition-1,894.0159-731.txt
894.017-123,japan-internal-affairs-894.017-government-mandates-recognition-3,"894.017 Government. Mandates, Recognition., Japan, Civil Service. (File 123)",894.017,123,1,Mistral OCR,yes,https://archive.org/details/japan-internal-affairs-894.017-government-mandates-recognition-3,894.017-123.txt
894.017-552,japan-internal-affairs-894.017-government-mandates-recognition-4,"894.017 Government. Mandates, Recognition., Japan, Civil Service. (File 552)",894.017,552,1,Mistral OCR,yes,https://archive.org/details/japan-internal-affairs-894.017-government-mandates-recognition-4,894.017-552.txt
894.017-1113,japan-internal-affairs-894.017-government-mandates-recognition-1,"894.017 Government. Mandates, Recognition., Japan, Civil Service., June 3, 1936 - July 19, 1939 (File 1113)",894.017,1113,2,Mistral OCR,yes,https://archive.org/details/japan-internal-affairs-894.017-government-mandates-recognition-1,894.017-1113.txt
894.017-1193,japan-internal-affairs-894.017-government-mandates-recognition-2,"894.017 Government. Mandates, Recognition., Japan, Civil Service., June 11, 1940 (File 1193)",894.017,1193,5,Mistral OCR,yes,https://archive.org/details/japan-internal-affairs-894.017-government-mandates-recognition-2,894.017-1193.txt
894.017-1765,japan-internal-affairs-894.017-government-mandates-recognition-5,"894.017 Government. Mandates, Recognition., Japan, Civil Service., July 24, 1948 - September 23, 1949 (File 1765)",894.017,1765,174,PaddleOCR,yes,https://archive.org/details/japan-internal-affairs-894.017-government-mandates-recognition-5,894.017-1765.txt
894.0177-553,japan-internal-affairs-894.0177-government-mandates-recognition-2,"894.0177 Government. Mandates, Recognition., Civil Service., Japan, Salaries. Reclassification Of Salaries. (File 553)",894.0177,553,1,Mistral OCR,yes,https://archive.org/details/japan-internal-affairs-894.0177-government-mandates-recognition-2,894.0177-553.txt
894.0177-726,japan-internal-affairs-894.0177-government-mandates-recognition-1,"894.0177 Government. Mandates, Recognition., Civil Service., Japan, Salaries. Reclassification Of Salaries., August 1, 1930 - June 4, 1931 (File 726)",894.0177,726,9,Mistral OCR,yes,https://archive.org/details/japan-internal-affairs-894.0177-government-mandates-recognition-1,894.0177-726.txt
894.01A-661,japan-internal-affairs-894.01a-government-mandates-recognition-2,"894.01A Government. Mandates, Recognition., Japan, Foreign Adviser. Other Advisers Are Classified Subjectively, Financial Adviser, Ect. (File 661)",894.01A,661,1,Mistral OCR,yes,https://archive.org/details/japan-internal-affairs-894.01a-government-mandates-recognition-2,894.01A-661.txt
894.01A-1120,japan-internal-affairs-894.01a-government-mandates-recognition-1,"894.01A Government. Mandates, Recognition., Japan, Foreign Adviser. Other Advisers Are Classified Subjectively, Financial Adviser, Ect., December 4, 1937 - August 13, 1939 (File 1120)",894.01A,1120,30,Mistral OCR,yes,https://archive.org/details/japan-internal-affairs-894.01a-government-mandates-recognition-1,894.01A-1120.txt
894.01B-1099,japan-internal-affairs-894.01b-government-mandates-recognition,"894.01B Government. Mandates, Recognition., Japan, Agents., September 17, 1934 - May 10, 1939 (File 1099)",894.01B,1099,513,PaddleOCR,yes,https://archive.org/details/japan-internal-affairs-894.01b-government-mandates-recognition,894.01B-1099.txt
894.01B11-105,japan-internal-affairs-894.01b11-government-mandates-recognition-2,"894.01B11 Government. Mandates, Recognition., Agents Of Japan In United States. (File 105)",894.01B11,105,11,Mistral OCR,yes,https://archive.org/details/japan-internal-affairs-894.01b11-government-mandates-recognition-2,894.01B11-105.txt
894.01B11-662,japan-internal-affairs-894.01b11-government-mandates-recognition-3,"894.01B11 Government. Mandates, Recognition., Agents Of Japan In United States. (File 662)",894.01B11,662,9,Mistral OCR,yes,https://archive.org/details/japan-internal-affairs-894.01b11-government-mandates-recognition-3,894.01B11-662.txt
894.01B11-1167,japan-internal-affairs-894.01b11-government-mandates-recognition-4,"894.01B11 Government. Mandates, Recognition., Agents Of Japan In United States., May 8, 1939 - December 28, 1939 (File 1167)",894.01B11,1167,114,PaddleOCR,yes,https://archive.org/details/japan-internal-affairs-894.01b11-government-mandates-recognition-4,894.01B11-1167.txt
894.01B11-1245,japan-internal-affairs-894.01b11-government-mandates-recognition-5,"894.01B11 Government. Mandates, Recognition., Agents Of Japan In United States., December 28, 1939 - February 7th, 1941 (File 1245)",894.01B11,1245,238,PaddleOCR,yes,https://archive.org/details/japan-internal-affairs-894.01b11-government-mandates-recognition-5,894.01B11-1245.txt
894.01B11-1261,japan-internal-affairs-894.01b11-government-mandates-recognition-1,"894.01B11 Government. Mandates, Recognition., Agents Of Japan In United States., April 19, 1941 (File 1261)",894.01B11,1261,15,Mistral OCR,yes,https://archive.org/details/japan-internal-affairs-894.01b11-government-mandates-recognition-1,894.01B11-1261.txt
894.01B12-549,japan-internal-affairs-894.01b12-government-mandates-recognition,"894.01B12 Government. Mandates, Recognition., Agents Of Japan In Mexico. (File 549)",894.01B12,549,1,Mistral OCR,yes,https://archive.org/details/japan-internal-affairs-894.01b12-government-mandates-recognition,894.01B12-549.txt
894.02-385,japan-internal-affairs-894.02-japan-executive-departments-4,"894.02 Japan, Executive Departments Of Government. (File 385)",894.02,385,3,Mistral OCR,yes,https://archive.org/details/japan-internal-affairs-894.02-japan-executive-departments-4,894.02-385.txt
894.02-1092,japan-internal-affairs-894.02-japan-executive-departments-1,"894.02 Japan, Executive Departments Of Government., November 5, 1930 - April 8, 1939 (File 1092)",894.02,1092,33,Mistral OCR,yes,https://archive.org/details/japan-internal-affairs-894.02-japan-executive-departments-1,894.02-1092.txt
894.02-1370,japan-internal-affairs-894.02-japan-executive-departments-2,"894.02 Japan, Executive Departments Of Government., November 5, 1942 (File 1370)",894.02,1370,3,Mistral OCR,yes,https://archive.org/details/japan-internal-affairs-894.02-japan-executive-departments-2,894.02-1370.txt
894.02-1748,japan-internal-affairs-894.02-japan-executive-departments-3,"894.02 Japan, Executive Departments Of Government., December 11, 1947 - July 27, 1949 (File 1748)",894.02,1748,7,Mistral OCR,yes,https://archive.org/details/japan-internal-affairs-894.02-japan-executive-departments-3,894.02-1748.txt
894.021-119,japan-internal-affairs-894.021-executive-departments-of-2,"894.021 Executive Departments Of Government., Japan, Foreign Office. (File 119)",894.021,119,1,Mistral OCR,yes,https://archive.org/details/japan-internal-affairs-894.021-executive-departments-of-2,894.021-119.txt
894.021-198,japan-internal-affairs-894.021-executive-departments-of-3,"894.021 Executive Departments Of Government., Japan, Foreign Office. (File 198)",894.021,198,1,Mistral OCR,yes,https://archive.org/details/japan-internal-affairs-894.021-executive-departments-of-3,894.021-198.txt
894.021-384,japan-internal-affairs-894.021-executive-departments-of-4,"894.021 Executive Departments Of Government., Japan, Foreign Office. (File 384)",894.021,384,4,Mistral OCR,yes,https://archive.org/details/japan-internal-affairs-894.021-executive-departments-of-4,894.021-384.txt
894.021-1160,japan-internal-affairs-894.021-executive-departments-of-5,"894.021 Executive Departments Of Government., Japan, Foreign Office., June 27, 1930 - December 19, 1939 (File 1160)",894.021,1160,382,PaddleOCR,yes,https://archive.org/details/japan-internal-affairs-894.021-executive-departments-of-5,894.021-1160.txt
894.021-1348,japan-internal-affairs-894.021-executive-departments-of-1,"894.021 Executive Departments Of Government., Japan, Foreign Office., February 27, 1940 - May 23, 1942 (File 1348)",894.021,1348,22,Mistral OCR,yes,https://archive.org/details/japan-internal-affairs-894.021-executive-departments-of-1,894.021-1348.txt
894.021-1752,japan-internal-affairs-894.021-executive-departments-of-6,"894.021 Executive Departments Of Government., Japan, Foreign Office., February 9, 1948 - August 5, 1949 (File 1752)",894.021,1752,103,PaddleOCR,yes,https://archive.org/details/japan-internal-affairs-894.021-executive-departments-of-6,894.021-1752.txt
894.03-139,japan-internal-affairs-894.03-japan-legislative-branch-2,"894.03 Japan, Legislative Branch Of Government. (File 139)",894.03,139,16,Mistral OCR,yes,https://archive.org/details/japan-internal-affairs-894.03-japan-legislative-branch-2,894.03-139.txt
894.03-388,japan-internal-affairs-894.03-japan-legislative-branch-3,"894.03 Japan, Legislative Branch Of Government. (File 388)",894.03,388,1,Mistral OCR,yes,https://archive.org/details/japan-internal-affairs-894.03-japan-legislative-branch-3,894.03-388.txt
894.03-950,japan-internal-affairs-894.03-japan-legislative-branch-1,"894.03 Japan, Legislative Branch Of Government., October 31, 1936 - May 6, 1937 (File 950)",894.03,950,24,Mistral OCR,yes,https://archive.org/details/japan-internal-affairs-894.03-japan-legislative-branch-1,894.03-950.txt
894.03-1620,japan-internal-affairs-894.03-japan-legislative-branch-4,"894.03 Japan, Legislative Branch Of Government., December 20, 1946 - March 3, 1948 (File 1620)",894.03,1620,54,PaddleOCR,yes,https://archive.org/details/japan-internal-affairs-894.03-japan-legislative-branch-4,894.03-1620.txt
894.03-1787,japan-internal-affairs-894.03-japan-legislative-branch-5,"894.03 Japan, Legislative Branch Of Government., March 15, 1948 - November 18, 1949 (File 1787)",894.03,1787,78,PaddleOCR,yes,https://archive.org/details/japan-internal-affairs-894.03-japan-legislative-branch-5,894.03-1787.txt
894.031-387,japan-internal-affairs-894.031-legislative-branch-of-2,"894.031 Legislative Branch Of Government., Japan, Organization. (File 387)",894.031,387,1,Mistral OCR,yes,https://archive.org/details/japan-internal-affairs-894.031-legislative-branch-of-2,894.031-387.txt
894.031-1439,japan-internal-affairs-894.031-legislative-branch-of-1,"894.031 Legislative Branch Of Government., Japan, Organization., November 20, 1940 - August 10, 1944 (File 1439)",894.031,1439,2,Mistral OCR,yes,https://archive.org/details/japan-internal-affairs-894.031-legislative-branch-of-1,894.031-1439.txt
894.0311-386,japan-internal-affairs-894.0311-legislative-branch-of-2,"894.0311 Legislative Branch Of Government., Organization., Japan, Upper House. (File 386)",894.0311,386,1,Mistral OCR,yes,https://archive.org/details/japan-internal-affairs-894.0311-legislative-branch-of-2,894.0311-386.txt
894.0311-916,japan-internal-affairs-894.0311-legislative-branch-of-1,"894.0311 Legislative Branch Of Government., Organization., Japan, Upper House., June 27, 1936 (File 916)",894.0311,916,1,Mistral OCR,yes,https://archive.org/details/japan-internal-affairs-894.0311-legislative-branch-of-1,894.0311-916.txt
894.0312-390,japan-internal-affairs-894.0312-legislative-branch-of-2,"894.0312 Legislative Branch Of Government., Organization., Japan, Lowe House. (File 390)",894.0312,390,1,Mistral OCR,yes,https://archive.org/details/japan-internal-affairs-894.0312-legislative-branch-of-2,894.0312-390.txt
894.0312-946,japan-internal-affairs-894.0312-legislative-branch-of-1,"894.0312 Legislative Branch Of Government., Organization., Japan, Lowe House., January 22, 1937 - March 30, 1937 (File 946)",894.0312,946,3,Mistral OCR,yes,https://archive.org/details/japan-internal-affairs-894.0312-legislative-branch-of-1,894.0312-946.txt
894.032-118,japan-internal-affairs-894.032-legislative-branch-of-1,"894.032 Legislative Branch Of Government., Japan, Proceedings. Messages To The Parliament. Presidents Message To Congress. (File 118)",894.032,118,3,Mistral OCR,yes,https://archive.org/details/japan-internal-affairs-894.032-legislative-branch-of-1,894.032-118.txt
894.032-365,japan-internal-affairs-894.032-legislative-branch-of-2,"894.032 Legislative Branch Of Government., Japan, Proceedings. Messages To The Parliament. Presidents Message To Congress. (File 365)",894.032,365,3,Mistral OCR,yes,https://archive.org/details/japan-internal-affairs-894.032-legislative-branch-of-2,894.032-365.txt
894.032-389,japan-internal-affairs-894.032-legislative-branch-of-3,"894.032 Legislative Branch Of Government., Japan, Proceedings. Messages To The Parliament. Presidents Message To Congress. (File 389)",894.032,389,9,Mistral OCR,yes,https://archive.org/details/japan-internal-affairs-894.032-legislative-branch-of-3,894.032-389.txt
894.032-968,japan-internal-affairs-894.032-legislative-branch-of-4,"894.032 Legislative Branch Of Government., Japan, Proceedings. Messages To The Parliament. Presidents Message To Congress., March 30, 1937 - September 5, 1937 (File 968)",894.032,968,501,PaddleOCR,yes,https://archive.org/details/japan-internal-affairs-894.032-legislative-branch-of-4,894.032-968.txt
894.032-1148,japan-internal-affairs-894.032-legislative-branch-of-5,"894.032 Legislative Branch Of Government., Japan, Proceedings. Messages To The Parliament. Presidents Message To Congress., September 17, 1937 - November 11, 1939 (File 1148)",894.032,1148,117,PaddleOCR,yes,https://archive.org/details/japan-internal-affairs-894.032-legislative-branch-of-5,894.032-1148.txt
894.032-1441,japan-internal-affairs-894.032-legislative-branch-of-6,"894.032 Legislative Branch Of Government., Japan, Proceedings. Messages To The Parliament. Presidents Message To Congress., February 1, 1940 - August 16, 1944 (File 1441)",894.032,1441,106,PaddleOCR,yes,https://archive.org/details/japan-internal-affairs-894.032-legislative-branch-of-6,894.032-1441.txt
894.032-1781,japan-internal-affairs-894.032-legislative-branch-of-7,"894.032 Legislative Branch Of Government., Japan, Proceedings. Messages To The Parliament. Presidents Message To Congress., April 2, 1947 - November 14, 1949 (File 1781)",894.032,1781,336,PaddleOCR,no,https://archive.org/details/japan-internal-affairs-894.032-legislative-branch-of-7,894.032-1781.txt
894.04-1608,japan-internal-affairs-894.04-japan-judicial-branch,"894.04 Japan, Judicial Branch Of Government., December 27, 1945 - December 15, 1947 (File 1608)",894.04,1608,5,Mistral OCR,yes,https://archive.org/details/japan-internal-affairs-894.04-japan-judicial-branch,894.04-1608.txt
894.041-359,japan-internal-affairs-894.041-judicial-branch-of-3,"894.041 Judicial Branch Of Government., Japan, National Courts. (File 359)",894.041,359,1,Mistral OCR,yes,https://archive.org/details/japan-internal-affairs-894.041-judicial-branch-of-3,894.041-359.txt
894.041-884,japan-internal-affairs-894.041-judicial-branch-of-1,"894.041 Judicial Branch Of Government., Japan, National Courts., August 9, 1933 - December 12, 1935 (File 884)",894.041,884,3,Mistral OCR,yes,https://archive.org/details/japan-internal-affairs-894.041-judicial-branch-of-1,894.041-884.txt
894.041-1707,japan-internal-affairs-894.041-judicial-branch-of-2,"894.041 Judicial Branch Of Government., Japan, National Courts., September 4, 1946 - March 31, 1949 (File 1707)",894.041,1707,24,Mistral OCR,yes,https://archive.org/details/japan-internal-affairs-894.041-judicial-branch-of-2,894.041-1707.txt
894.0414-360,japan-internal-affairs-894.0414-judicial-branch-of-2,"894.0414 Judicial Branch Of Government., National Courts., Japan, Attorneys. Practice Of Law. (File 360)",894.0414,360,2,Mistral OCR,yes,https://archive.org/details/japan-internal-affairs-894.0414-judicial-branch-of-2,894.0414-360.txt
894.0414-1050,japan-internal-affairs-894.0414-judicial-branch-of-3,"894.0414 Judicial Branch Of Government., National Courts., Japan, Attorneys. Practice Of Law., November 22, 1935 - October 19, 1938 (File 1050)",894.0414,1050,44,PaddleOCR,yes,https://archive.org/details/japan-internal-affairs-894.0414-judicial-branch-of-3,894.0414-1050.txt
894.0414-1788,japan-internal-affairs-894.0414-judicial-branch-of-1,"894.0414 Judicial Branch Of Government., National Courts., Japan, Attorneys. Practice Of Law., April 29, 1946 - November 21, 1949 (File 1788)",894.0414,1788,10,Mistral OCR,yes,https://archive.org/details/japan-internal-affairs-894.0414-judicial-branch-of-1,894.0414-1788.txt
894.043-1762,japan-internal-affairs-894.043-judicial-branch-of,"894.043 Judicial Branch Of Government., Japan, Jurisdiction., May 5, 1949 - September 9, 1949 (File 1762)",894.043,1762,56,PaddleOCR,yes,https://archive.org/details/japan-internal-affairs-894.043-judicial-branch-of,894.043-1762.txt
894.0433-362,japan-internal-affairs-894.0433-judicial-branch-of-2,"894.0433 Judicial Branch Of Government., Jurisdiction., Japan, Right Of Aliens To Sue In National Courts. (File 362)",894.0433,362,1,Mistral OCR,yes,https://archive.org/details/japan-internal-affairs-894.0433-judicial-branch-of-2,894.0433-362.txt
894.0433-1127,japan-internal-affairs-894.0433-judicial-branch-of-1,"894.0433 Judicial Branch Of Government., Jurisdiction., Japan, Right Of Aliens To Sue In National Courts., September 8, 1938 - September 19, 1939 (File 1127)",894.0433,1127,19,Mistral OCR,yes,https://archive.org/details/japan-internal-affairs-894.0433-judicial-branch-of-1,894.0433-1127.txt
894.044-112,japan-internal-affairs-894.044-judicial-branch-of-3,"894.044 Judicial Branch Of Government., Japan, Laws. Statutes. Ordnances. Decrees. Codes. Procedures. (File 112)",894.044,112,1,Mistral OCR,yes,https://archive.org/details/japan-internal-affairs-894.044-judicial-branch-of-3,894.044-112.txt
894.044-361,japan-internal-affairs-894.044-judicial-branch-of-4,"894.044 Judicial Branch Of Government., Japan, Laws. Statutes. Ordnances. Decrees. Codes. Procedures. (File 361)",894.044,361,1,Mistral OCR,yes,https://archive.org/details/japan-internal-affairs-894.044-judicial-branch-of-4,894.044-361.txt
894.044-1094,japan-internal-affairs-894.044-judicial-branch-of-1,"894.044 Judicial Branch Of Government., Japan, Laws. Statutes. Ordnances. Decrees. Codes. Procedures., January 11, 1933 - April 20, 1939 (File 1094)",894.044,1094,8,Mistral OCR,yes,https://archive.org/details/japan-internal-affairs-894.044-judicial-branch-of-1,894.044-1094.txt
894.044-1417,japan-internal-affairs-894.044-judicial-branch-of-2,"894.044 Judicial Branch Of Government., Japan, Laws. Statutes. Ordnances. Decrees. Codes. Procedures., June 26, 1943 - March 3, 1944 (File 1417)",894.044,1417,9,Mistral OCR,yes,https://archive.org/details/japan-internal-affairs-894.044-judicial-branch-of-2,894.044-1417.txt
894.044-1742,japan-internal-affairs-894.044-judicial-branch-of-5,"894.044 Judicial Branch Of Government., Japan, Laws. Statutes. Ordnances. Decrees. Codes. Procedures., January 19, 1946 - July 20, 1949 (File 1742)",894.044,1742,155,PaddleOCR,yes,https://archive.org/details/japan-internal-affairs-894.044-judicial-branch-of-5,894.044-1742.txt
894.04413-364,japan-internal-affairs-894.04413-judicial-branch-of-2,"894.04413 Judicial Branch Of Government., Laws. Statutes. Ordnances. Decrees. Codes. Procedures., Criminal., Japan, Offenses Against Property. Larceny. Embezzlement. Cheating. Robbery. Receiving Stolen Goods Property. Forgery. (File 364)",894.04413,364,1,Mistral OCR,yes,https://archive.org/details/japan-internal-affairs-894.04413-judicial-branch-of-2,894.04413-364.txt
894.04413-703,japan-internal-affairs-894.04413-judicial-branch-of-1,"894.04413 Judicial Branch Of Government., Laws. Statutes. Ordnances. Decrees. Codes. Procedures., Criminal., Japan, Offenses Against Property. Larceny. Embezzlement. Cheating. Robbery. Receiving Stolen Goods Property. Forgery., May 23, 1930 (File 703)",894.04413,703,7,Mistral OCR,yes,https://archive.org/details/japan-internal-affairs-894.04413-judicial-branch-of-1,894.04413-703.txt
894.04417-1710,japan-internal-affairs-894.04417-judicial-branch-of,"894.04417 Judicial Branch Of Government., Laws. Statutes. Ordnances. Decrees. Codes. Procedures., Criminal., Japan, Offenses Against The Government. Treason. Lese-Majesty., February 6, 1946 - April 4, 1949 (File 1710)",894.04417,1710,11,Mistral OCR,yes,https://archive.org/details/japan-internal-affairs-894.04417-judicial-branch-of,894.04417-1710.txt
894.04418-363,japan-internal-affairs-894.04418-judicial-branch-of-2,"894.04418 Judicial Branch Of Government., Laws. Statutes. Ordnances. Decrees. Codes. Procedures., Criminal., Japan, Offenses Against International Law. (File 363)",894.04418,363,1,Mistral OCR,yes,https://archive.org/details/japan-internal-affairs-894.04418-judicial-branch-of-2,894.04418-363.txt
894.04418-914,japan-internal-affairs-894.04418-judicial-branch-of-1,"894.04418 Judicial Branch Of Government., Laws. Statutes. Ordnances. Decrees. Codes. Procedures., Criminal., Japan, Offenses Against International Law., September 5, 1935 - May 29, 1936 (File 914)",894.04418,914,2,Mistral OCR,yes,https://archive.org/details/japan-internal-affairs-894.04418-judicial-branch-of-1,894.04418-914.txt
894.0442-358,japan-internal-affairs-894.0442-judicial-branch-of-2,"894.0442 Judicial Branch Of Government., Laws. Statutes. Ordnances. Decrees. Codes. Procedures., Japan, Civil. (File 358)",894.0442,358,1,Mistral OCR,yes,https://archive.org/details/japan-internal-affairs-894.0442-judicial-branch-of-2,894.0442-358.txt
894.0442-1028,japan-internal-affairs-894.0442-judicial-branch-of-1,"894.0442 Judicial Branch Of Government., Laws. Statutes. Ordnances. Decrees. Codes. Procedures., Japan, Civil., October 28, 1935 - June 22, 1938 (File 1028)",894.0442,1028,12,Mistral OCR,yes,https://archive.org/details/japan-internal-affairs-894.0442-judicial-branch-of-1,894.0442-1028.txt
894.0444-1191,japan-internal-affairs-894.0444-judicial-branch-of,"894.0444 Judicial Branch Of Government., Laws. Statutes. Ordnances. Decrees. Codes. Procedures., Japan, Probate. Estates. Escheat. Wills. Heirship. Inheritance., May 18, 1940 (File 1191)",894.0444,1191,1,Mistral OCR,yes,https://archive.org/details/japan-internal-affairs-894.0444-judicial-branch-of,894.0444-1191.txt
894.045-356,japan-internal-affairs-894.045-judicial-branch-of-2,"894.045 Judicial Branch Of Government., Japan, Procurement Of Evidence. (File 356)",894.045,356,2,Mistral OCR,yes,https://archive.org/details/japan-internal-affairs-894.045-judicial-branch-of-2,894.045-356.txt
894.045-1151,japan-internal-affairs-894.045-judicial-branch-of-1,"894.045 Judicial Branch Of Government., Japan, Procurement Of Evidence., May 23, 1938 - November 27, 1939 (File 1151)",894.045,1151,25,Mistral OCR,yes,https://archive.org/details/japan-internal-affairs-894.045-judicial-branch-of-1,894.045-1151.txt
894.049-354,japan-internal-affairs-894.049-judicial-branch-of-2,"894.049 Judicial Branch Of Government., Japan, Other Juridical Mattes. (File 354)",894.049,354,1,Mistral OCR,yes,https://archive.org/details/japan-internal-affairs-894.049-judicial-branch-of-2,894.049-354.txt
894.049-972,japan-internal-affairs-894.049-judicial-branch-of-1,"894.049 Judicial Branch Of Government., Japan, Other Juridical Mattes., October 25, 1937 (File 972)",894.049,972,1,Mistral OCR,yes,https://archive.org/details/japan-internal-affairs-894.049-judicial-branch-of-1,894.049-972.txt
894.0492-1725,japan-internal-affairs-894.0492-judicial-branch-of,"894.0492 Judicial Branch Of Government., Other Juridical Mattes., Requirements Of Japan Regarding Authentication Of Documents For Use Therein. Fee., May 9, 1947 - May 18, 1949 (File 1725)",894.0492,1725,8,Mistral OCR,yes,https://archive.org/details/japan-internal-affairs-894.0492-judicial-branch-of,894.0492-1725.txt
894.05-1668,japan-internal-affairs-894.05-mixed-international-courts,"894.05 Mixed International Courts. Divided As 8**.01., October 19, 1948 (File 1668)",894.05,1668,1,Mistral OCR,yes,https://archive.org/details/japan-internal-affairs-894.05-mixed-international-courts,894.05-1668.txt
894.101-355,japan-internal-affairs-894.101-public-order-safety-2,"894.101 Public Order, Safety, Health, And Works. Charities And Philanthropic Organizations., Japan, Municipal Government. (File 355)",894.101,355,1,Mistral OCR,yes,https://archive.org/details/japan-internal-affairs-894.101-public-order-safety-2,894.101-355.txt
894.101-923,japan-internal-affairs-894.101-public-order-safety-1,"894.101 Public Order, Safety, Health, And Works. Charities And Philanthropic Organizations., Japan, Municipal Government., July 1, 1930 - August 20, 1936 (File 923)",894.101,923,13,Mistral OCR,yes,https://archive.org/details/japan-internal-affairs-894.101-public-order-safety-1,894.101-923.txt
894.105-352,japan-internal-affairs-894.105-public-order-safety-3,"894.105 Public Order, Safety, Health, And Works. Charities And Philanthropic Organizations., Japan, Police Organization. (File 352)",894.105,352,1,Mistral OCR,yes,https://archive.org/details/japan-internal-affairs-894.105-public-order-safety-3,894.105-352.txt
894.105-938,japan-internal-affairs-894.105-public-order-safety-1,"894.105 Public Order, Safety, Health, And Works. Charities And Philanthropic Organizations., Japan, Police Organization., June 24, 1933 - December 9, 1936 (File 938)",894.105,938,25,Mistral OCR,yes,https://archive.org/details/japan-internal-affairs-894.105-public-order-safety-1,894.105-938.txt
894.105-1347,japan-internal-affairs-894.105-public-order-safety-2,"894.105 Public Order, Safety, Health, And Works. Charities And Philanthropic Organizations., Japan, Police Organization., May 23, 1940 - May 23, 1942 (File 1347)",894.105,1347,4,Mistral OCR,yes,https://archive.org/details/japan-internal-affairs-894.105-public-order-safety-2,894.105-1347.txt
894.105-1773,japan-internal-affairs-894.105-public-order-safety-4,"894.105 Public Order, Safety, Health, And Works. Charities And Philanthropic Organizations., Japan, Police Organization., October 14, 1947 - October 20, 1949 (File 1773)",894.105,1773,137,PaddleOCR,yes,https://archive.org/details/japan-internal-affairs-894.105-public-order-safety-4,894.105-1773.txt
894.108-353,japan-internal-affairs-894.108-public-order-safety,"894.108 Public Order, Safety, Health, And Works. Charities And Philanthropic Organizations., Japan, Crime. Criminal Organizations. Suspects. (File 353)",894.108,353,1,Mistral OCR,yes,https://archive.org/details/japan-internal-affairs-894.108-public-order-safety,894.108-353.txt
894.108-695,japan-internal-affairs-894.108-public-order-safety-2,"894.108 Public Order, Safety, Health, And Works. Charities And Philanthropic Organizations., Japan, Crime. Criminal Organizations. Suspects., January 27, 1930 - February 26, 1930 (File 695)",894.108,695,50,PaddleOCR,yes,https://archive.org/details/japan-internal-affairs-894.108-public-order-safety-2,894.108-695.txt
894.11-1496,japan-internal-affairs-894.11-japan-regulations-governing-1,"894.11 Japan, Regulations Governing, November 6, 1945 (File 1496)",894.11,1496,1,Mistral OCR,yes,https://archive.org/details/japan-internal-affairs-894.11-japan-regulations-governing-1,894.11-1496.txt
894.11-1784,japan-internal-affairs-894.11-japan-regulations-governing-2,"894.11 Japan, Regulations Governing, October 13, 1949 - November 16, 1949 (File 1784)",894.11,1784,4,Mistral OCR,yes,https://archive.org/details/japan-internal-affairs-894.11-japan-regulations-governing-2,894.11-1784.txt
894.111-111,japan-internal-affairs-894.111-regulations-governing-japan-2,"894.111 Regulations Governing, Japan, Residence, Trade, Travel, And Foreign Courier Travel. (File 111)",894.111,111,2,Mistral OCR,yes,https://archive.org/details/japan-internal-affairs-894.111-regulations-governing-japan-2,894.111-111.txt
894.111-351,japan-internal-affairs-894.111-regulations-governing-japan-3,"894.111 Regulations Governing, Japan, Residence, Trade, Travel, And Foreign Courier Travel. (File 351)",894.111,351,6,Mistral OCR,yes,https://archive.org/details/japan-internal-affairs-894.111-regulations-governing-japan-3,894.111-351.txt
894.111-812,japan-internal-affairs-894.111-regulations-governing-japan-4,"894.111 Regulations Governing, Japan, Residence, Trade, Travel, And Foreign Courier Travel., August 28, 1930 - April 10, 1934 (File 812)",894.111,812,251,PaddleOCR,yes,https://archive.org/details/japan-internal-affairs-894.111-regulations-governing-japan-4,894.111-812.txt
894.111-1196,japan-internal-affairs-894.111-regulations-governing-japan-5,"894.111 Regulations Governing, Japan, Residence, Trade, Travel, And Foreign Courier Travel., April 16, 1940 - June 19, 1940 (File 1196)",894.111,1196,97,PaddleOCR,yes,https://archive.org/details/japan-internal-affairs-894.111-regulations-governing-japan-5,894.111-1196.txt
894.111-1558,japan-internal-affairs-894.111-regulations-governing-japan-7,"894.111 Regulations Governing, Japan, Residence, Trade, Travel, And Foreign Courier Travel., March 27, 1946 - January 28, 1947 (File 1558)",894.111,1558,177,PaddleOCR,yes,https://archive.org/details/japan-internal-affairs-894.111-regulations-governing-japan-7,894.111-1558.txt
894.111-1607-1,japan-internal-affairs-894.111-regulations-governing-japan-8-part-1,"894.111 Regulations Governing, Japan, Residence, Trade, Travel, And Foreign Courier Travel., January 29, 1947 - December 9, 1947 (File 1607), part 1 of 2",894.111,1607,543,PaddleOCR,yes,https://archive.org/details/japan-internal-affairs-894.111-regulations-governing-japan-8/894.111%20Regulations%20Governing%20%25D0%2C%20Japan%2C%20Residence%2C%20Trade%2C%20Travel%2C%20And%20Foreign%20Courier%20Travel.%2C%20January%2029%2C%201947%20-%20December%209%2C%201947%201607-part-1,894.111-1607-1.txt
894.111-1607-2,japan-internal-affairs-894.111-regulations-governing-japan-8-part-2,"894.111 Regulations Governing, Japan, Residence, Trade, Travel, And Foreign Courier Travel., January 29, 1947 - December 9, 1947 (File 1607), part 2 of 2",894.111,1607,547,PaddleOCR,yes,https://archive.org/details/japan-internal-affairs-894.111-regulations-governing-japan-8/894.111%20Regulations%20Governing%20%25D0%2C%20Japan%2C%20Residence%2C%20Trade%2C%20Travel%2C%20And%20Foreign%20Courier%20Travel.%2C%20January%2029%2C%201947%20-%20December%209%2C%201947%201607-part-2,894.111-1607-2.txt
894.111-1646-1,japan-internal-affairs-894.111-regulations-governing-japan-9-part-1,"894.111 Regulations Governing, Japan, Residence, Trade, Travel, And Foreign Courier Travel., December 11, 1947 - July 19, 1948 (File 1646), part 1 of 2",894.111,1646,546,PaddleOCR,yes,https://archive.org/details/japan-internal-affairs-894.111-regulations-governing-japan-9/894.111%20Regulations%20Governing%20%25D0%2C%20Japan%2C%20Residence%2C%20Trade%2C%20Travel%2C%20And%20Foreign%20Courier%20Travel.%2C%20December%2011%2C%201947%20-%20July%2019%2C%201948%201646-part-1,894.111-1646-1.txt
894.111-1646-2,japan-internal-affairs-894.111-regulations-governing-japan-9-part-2,"894.111 Regulations Governing, Japan, Residence, Trade, Travel, And Foreign Courier Travel., December 11, 1947 - July 19, 1948 (File 1646), part 2 of 2",894.111,1646,522,PaddleOCR,yes,https://archive.org/details/japan-internal-affairs-894.111-regulations-governing-japan-9/894.111%20Regulations%20Governing%20%25D0%2C%20Japan%2C%20Residence%2C%20Trade%2C%20Travel%2C%20And%20Foreign%20Courier%20Travel.%2C%20December%2011%2C%201947%20-%20July%2019%2C%201948%201646-part-2,894.111-1646-2.txt
894.111-1713-1,japan-internal-affairs-894.111-regulations-governing-japan-10-part-1,"894.111 Regulations Governing, Japan, Residence, Trade, Travel, And Foreign Courier Travel., July 20, 1948 - April 11, 1949 (File 1713), part 1 of 2",894.111,1713,575,PaddleOCR,yes,https://archive.org/details/japan-internal-affairs-894.111-regulations-governing-japan-10/894.111%20Regulations%20Governing%20%25D0%2C%20Japan%2C%20Residence%2C%20Trade%2C%20Travel%2C%20And%20Foreign%20Courier%20Travel.%2C%20July%2020%2C%201948%20-%20April%2011%2C%201949%201713-part-1,894.111-1713-1.txt
894.111-1713-2,japan-internal-affairs-894.111-regulations-governing-japan-10-part-2,"894.111 Regulations Governing, Japan, Residence, Trade, Travel, And Foreign Courier Travel., July 20, 1948 - April 11, 1949 (File 1713), part 2 of 2",894.111,1713,593,PaddleOCR,yes,https://archive.org/details/japan-internal-affairs-894.111-regulations-governing-japan-10/894.111%20Regulations%20Governing%20%25D0%2C%20Japan%2C%20Residence%2C%20Trade%2C%20Travel%2C%20And%20Foreign%20Courier%20Travel.%2C%20July%2020%2C%201948%20-%20April%2011%2C%201949%201713-part-2,894.111-1713-2.txt
894.111-1766,japan-internal-affairs-894.111-regulations-governing-japan-1,"894.111 Regulations Governing, Japan, Residence, Trade, Travel, And Foreign Courier Travel., October 3, 1949 (File 1766)",894.111,1766,8,Mistral OCR,yes,https://archive.org/details/japan-internal-affairs-894.111-regulations-governing-japan-1,894.111-1766.txt
894.111-1785,japan-internal-affairs-894.111-regulations-governing-japan-6,"894.111 Regulations Governing, Japan, Residence, Trade, Travel, And Foreign Courier Travel., May 28, 1945 - November 16, 1949 (File 1785)",894.111,1785,175,PaddleOCR,yes,https://archive.org/details/japan-internal-affairs-894.111-regulations-governing-japan-6,894.111-1785.txt
894.111-1786,japan-internal-affairs-894.111-regulations-governing-japan-11,"894.111 Regulations Governing, Japan, Residence, Trade, Travel, And Foreign Courier Travel., April 12, 1949 - November 16, 1949 (File 1786)",894.111,1786,721,PaddleOCR,yes,https://archive.org/details/japan-internal-affairs-894.111-regulations-governing-japan-11,894.111-1786.txt
894.11101-109,japan-internal-affairs-894.11101-regulations-governing-residence-1,"894.11101 Regulations Governing, Residence, Trade, Travel, And Foreign Courier Travel., Japan, Fees. Refund. Agreements Between The United States And Foregoing Countries Concerning Visa Fees Are Recorded As 811.11101 Waivers. (File 109)",894.11101,109,1,Mistral OCR,yes,https://archive.org/details/japan-internal-affairs-894.11101-regulations-governing-residence-1,894.11101-109.txt
894.11101-350,japan-internal-affairs-894.11101-regulations-governing-residence-2,"894.11101 Regulations Governing, Residence, Trade, Travel, And Foreign Courier Travel., Japan, Fees. Refund. Agreements Between The United States And Foregoing Countries Concerning Visa Fees Are Recorded As 811.11101 Waivers. (File 350)",894.11101,350,2,Mistral OCR,yes,https://archive.org/details/japan-internal-affairs-894.11101-regulations-governing-residence-2,894.11101-350.txt
894.11101-1095,japan-internal-affairs-894.11101-regulations-governing-residence-3,"894.11101 Regulations Governing, Residence, Trade, Travel, And Foreign Courier Travel., Japan, Fees. Refund. Agreements Between The United States And Foregoing Countries Concerning Visa Fees Are Recorded As 811.11101 Waivers ., June 21 (File 1095)",894.11101,1095,52,PaddleOCR,yes,https://archive.org/details/japan-internal-affairs-894.11101-regulations-governing-residence-3,894.11101-1095.txt
894.113-349,japan-internal-affairs-894.113-regulations-governing-japan-2,"894.113 Regulations Governing, Japan, Firearms. Sporting Arms. Ammunition. Explosives. Manufacture. Transportation. Importation. Possession. Use. Sale. (File 349)",894.113,349,15,Mistral OCR,yes,https://archive.org/details/japan-internal-affairs-894.113-regulations-governing-japan-2,894.113-349.txt
894.113-742,japan-internal-affairs-894.113-regulations-governing-japan-3,"894.113 Regulations Governing, Japan, Firearms. Sporting Arms. Ammunition. Explosives. Manufacture. Transportation. Importation. Possession. Use. Sale., January 30, 1931 - March 28, 1932 (File 742)",894.113,742,286,PaddleOCR,yes,https://archive.org/details/japan-internal-affairs-894.113-regulations-governing-japan-3,894.113-742.txt
894.113-1611,japan-internal-affairs-894.113-regulations-governing-japan-1,"894.113 Regulations Governing, Japan, Firearms. Sporting Arms. Ammunition. Explosives. Manufacture. Transportation. Importation. Possession. Use. Sale., November 21, 1946 - January 9, 1948 (File 1611)",894.113,1611,10,Mistral OCR,yes,https://archive.org/details/japan-internal-affairs-894.113-regulations-governing-japan-1,894.113-1611.txt
894.114-107,japan-internal-affairs-894.114-regulations-governing-japan-1,"894.114 Regulations Governing, Japan, Traffic In Liquors And Habit-Forming Drugs. Each Subdivision Will Be Made A Separate Case. (File 107)",894.114,107,1,Mistral OCR,yes,https://archive.org/details/japan-internal-affairs-894.114-regulations-governing-japan-1,894.114-107.txt
894.114-378,japan-internal-affairs-894.114-regulations-governing-japan-2,"894.114 Regulations Governing, Japan, Traffic In Liquors And Habit-Forming Drugs. Each Subdivision Will Be Made A Separate Case. (File 378)",894.114,378,9,Mistral OCR,yes,https://archive.org/details/japan-internal-affairs-894.114-regulations-governing-japan-2,894.114-378.txt
894.114-391,japan-internal-affairs-894.114-regulations-governing-japan-3,"894.114 Regulations Governing, Japan, Traffic In Liquors And Habit-Forming Drugs. Each Subdivision Will Be Made A Separate Case. (File 391)",894.114,391,21,Mistral OCR,yes,https://archive.org/details/japan-internal-affairs-894.114-regulations-governing-japan-3,894.114-391.txt
894.114-854,japan-internal-affairs-894.114-regulations-governing-japan-4,"894.114 Regulations Governing, Japan, Traffic In Liquors And Habit-Forming Drugs. Each Subdivision Will Be Made A Separate Case., May 6, 1930 - March 19, 1935 (File 854)",894.114,854,342,PaddleOCR,yes,https://archive.org/details/japan-internal-affairs-894.114-regulations-governing-japan-4,894.114-854.txt
894.114-1074,japan-internal-affairs-894.114-regulations-governing-japan-5,"894.114 Regulations Governing, Japan, Traffic In Liquors And Habit-Forming Drugs. Each Subdivision Will Be Made A Separate Case., March 22, 1935 - February 16, 1939 (File 1074)",894.114,1074,448,PaddleOCR,yes,https://archive.org/details/japan-internal-affairs-894.114-regulations-governing-japan-5,894.114-1074.txt
894.114-1473,japan-internal-affairs-894.114-regulations-governing-japan-6,"894.114 Regulations Governing, Japan, Traffic In Liquors And Habit-Forming Drugs. Each Subdivision Will Be Made A Separate Case., March 20, 1939 - December 13, 1944 (File 1473)",894.114,1473,148,PaddleOCR,yes,https://archive.org/details/japan-internal-affairs-894.114-regulations-governing-japan-6,894.114-1473.txt
894.114-1626,japan-internal-affairs-894.114-regulations-governing-japan-7,"894.114 Regulations Governing, Japan, Traffic In Liquors And Habit-Forming Drugs. Each Subdivision Will Be Made A Separate Case., August 1, 1947 - April 7, 1948 (File 1626)",894.114,1626,202,PaddleOCR,yes,https://archive.org/details/japan-internal-affairs-894.114-regulations-governing-japan-7,894.114-1626.txt
894.114-1802,japan-internal-affairs-894.114-regulations-governing-japan-8,"894.114 Regulations Governing, Japan, Traffic In Liquors And Habit-Forming Drugs. Each Subdivision Will Be Made A Separate Case., August 7, 1947 - December 8, 1949 (File 1802)",894.114,1802,277,PaddleOCR,yes,https://archive.org/details/japan-internal-affairs-894.114-regulations-governing-japan-8,894.114-1802.txt
894.114N16-357,japan-internal-affairs-894.114n16-regulations-governing-traffic,"894.114N16 Regulations Governing Traffic In Liquors And Habit-Forming Drugs., Japan, Federal Narcotics Control Board. (File 357)",894.114N16,357,2,Mistral OCR,yes,https://archive.org/details/japan-internal-affairs-894.114n16-regulations-governing-traffic,894.114N16-357.txt
894.1152-402,japan-internal-affairs-894.1152-regulations-governing-sex-2,"894.1152 Regulations Governing, Sex Relations., Japan, Procurement. White-Slave Traffic. (File 402)",894.1152,402,1,Mistral OCR,yes,https://archive.org/details/japan-internal-affairs-894.1152-regulations-governing-sex-2,894.1152-402.txt
894.1152-749,japan-internal-affairs-894.1152-regulations-governing-sex-1,"894.1152 Regulations Governing, Sex Relations., Japan, Procurement. White-Slave Traffic., April 16, 1932 (File 749)",894.1152,749,1,Mistral OCR,yes,https://archive.org/details/japan-internal-affairs-894.1152-regulations-governing-sex-1,894.1152-749.txt
894.12-403,japan-internal-affairs-894.12-japan-public-health,"894.12 Japan, Public Health. Hospitals. Hospital Service. (File 403)",894.12,403,2,Mistral OCR,yes,https://archive.org/details/japan-internal-affairs-894.12-japan-public-health,894.12-403.txt
894.12-987,japan-internal-affairs-894.12-japan-public-health-2,"894.12 Japan, Public Health. Hospitals. Hospital Service., September 22, 1930 - December 15, 1937 (File 987)",894.12,987,47,PaddleOCR,yes,https://archive.org/details/japan-internal-affairs-894.12-japan-public-health-2,894.12-987.txt
894.12-1676,japan-internal-affairs-894.12-japan-public-health-3,"894.12 Japan, Public Health. Hospitals. Hospital Service., August 29, 1947 - November 23, 1948 (File 1676)",894.12,1676,154,PaddleOCR,no,https://archive.org/details/japan-internal-affairs-894.12-japan-public-health-3,894.12-1676.txt
894.122-399,japan-internal-affairs-894.122-public-health-hospitals-2,"894.122 Public Health. Hospitals. Hospital Service., Japan, Vital Statistics. (File 399)",894.122,399,1,Mistral OCR,yes,https://archive.org/details/japan-internal-affairs-894.122-public-health-hospitals-2,894.122-399.txt
894.122-845,japan-internal-affairs-894.122-public-health-hospitals-1,"894.122 Public Health. Hospitals. Hospital Service., Japan, Vital Statistics., February 4, 1935 (File 845)",894.122,845,1,Mistral OCR,yes,https://archive.org/details/japan-internal-affairs-894.122-public-health-hospitals-1,894.122-845.txt
894.1221-398,japan-internal-affairs-894.1221-public-health-hospitals-2,"894.1221 Public Health. Hospitals. Hospital Service., Vital Statistics., Japan, Birth. (File 398)",894.1221,398,1,Mistral OCR,yes,https://archive.org/details/japan-internal-affairs-894.1221-public-health-hospitals-2,894.1221-398.txt
894.1221-756,japan-internal-affairs-894.1221-public-health-hospitals-1,"894.1221 Public Health. Hospitals. Hospital Service., Vital Statistics., Japan, Birth., August 12, 1932 (File 756)",894.1221,756,1,Mistral OCR,yes,https://archive.org/details/japan-internal-affairs-894.1221-public-health-hospitals-1,894.1221-756.txt
894.1221-1529,japan-internal-affairs-894.1221-public-health-hospitals-3,"894.1221 Public Health. Hospitals. Hospital Service., Vital Statistics., Japan, Birth., September 24, 1945 - July 22, 1946 (File 1529)",894.1221,1529,44,PaddleOCR,yes,https://archive.org/details/japan-internal-affairs-894.1221-public-health-hospitals-3,894.1221-1529.txt
894.123311-108,japan-internal-affairs-894.123311-public-health-hospitals-4,"894.123311 Public Health. Hospitals. Hospital Service., Disposal Of The Dead., Japan, Cemeteries. Maintenance Of U.S. Soldiers And Sailors Cemeteries., United States (File 108)",894.123311,108,1,Mistral OCR,yes,https://archive.org/details/japan-internal-affairs-894.123311-public-health-hospitals-4,894.123311-108.txt
894.123311-1443,japan-internal-affairs-894.123311-public-health-hospitals-1,"894.123311 Public Health. Hospitals. Hospital Service., Disposal Of The Dead., Japan, Cemeteries. Maintenance Of U.S. Soldiers And Sailors Cemeteries., United States, May 24, 1943 - August 19, 1944 (File 1443)",894.123311,1443,3,Mistral OCR,yes,https://archive.org/details/japan-internal-affairs-894.123311-public-health-hospitals-1,894.123311-1443.txt
894.123311-1718,japan-internal-affairs-894.123311-public-health-hospitals-3,"894.123311 Public Health. Hospitals. Hospital Service., Disposal Of The Dead., Japan, Cemeteries. Maintenance Of U.S. Soldiers And Sailors Cemeteries., United States, April 27, 1949 (File 1718)",894.123311,1718,2,Mistral OCR,yes,https://archive.org/details/japan-internal-affairs-894.123311-public-health-hospitals-3,894.123311-1718.txt
894.123311-1735,japan-internal-affairs-894.123311-public-health-hospitals-2,"894.123311 Public Health. Hospitals. Hospital Service., Disposal Of The Dead., Japan, Cemeteries. Maintenance Of U.S. Soldiers And Sailors Cemeteries., United States, August 15, 1947 - June 28, 1949 (File 1735)",894.123311,1735,15,Mistral OCR,yes,https://archive.org/details/japan-internal-affairs-894.123311-public-health-hospitals-2,894.123311-1735.txt
894.1246-1650,japan-internal-affairs-894.1246-public-health-hospitals,"894.1246 Public Health. Hospitals. Hospital Service., Hygiene And Sanitation., Japan, Hygiene Of Vessels And Aircraft. Bills Of Health., July 29, 1948 (File 1650)",894.1246,1650,18,Mistral OCR,yes,https://archive.org/details/japan-internal-affairs-894.1246-public-health-hospitals,894.1246-1650.txt
894.1255-401,japan-internal-affairs-894.1255-public-health-hospitals-2,"894.1255 Public Health. Hospitals. Hospital Service., Supervision Of Food And Drugs., Japan, Materia Medica. Pharmacopoeia. (File 401)",894.1255,401,1,Mistral OCR,yes,https://archive.org/details/japan-internal-affairs-894.1255-public-health-hospitals-2,894.1255-401.txt
894.1255-801,japan-internal-affairs-894.1255-public-health-hospitals-1,"894.1255 Public Health. Hospitals. Hospital Service., Supervision Of Food And Drugs., Japan, Materia Medica. Pharmacopoeia., April 30, 1932 - January 29, 1934 (File 801)",894.1255,801,2,Mistral OCR,yes,https://archive.org/details/japan-internal-affairs-894.1255-public-health-hospitals-1,894.1255-801.txt
894.1281-400,japan-internal-affairs-894.1281-public-health-hospitals-1,"894.1281 Public Health. Hospitals. Hospital Service., Practice Of, Japan, Medicine And Surgery. In Adapting This Heading For Class 5 The Number May Be Divided For Congresses On Particular Diseases According To The Divisions Of 158.01-09; (File 400)",894.1281,400,1,Mistral OCR,yes,https://archive.org/details/japan-internal-affairs-894.1281-public-health-hospitals-1,894.1281-400.txt
894.1281-783,japan-internal-affairs-894.1281-public-health-hospitals-2,"894.1281 Public Health. Hospitals. Hospital Service., Practice Of, Japan, Medicine And Surgery. In Adapting This Heading For Class 5 The Number May Be Divided For Congresses On Particular Diseases According To The Divisions Of 158.01-09; (File 783)",894.1281,783,10,Mistral OCR,yes,https://archive.org/details/japan-internal-affairs-894.1281-public-health-hospitals-2,894.1281-783.txt
894.1281-1816,japan-internal-affairs-894.1281-public-health-hospitals-3,"894.1281 Public Health. Hospitals. Hospital Service., Practice Of, Japan, Medicine And Surgery. In Adapting This Heading For Class 5 The Number May Be Divided For Congresses On Particular Diseases According To The Divisions Of 158.01-09; (File 1816)",894.1281,1816,1,Mistral OCR,yes,https://archive.org/details/japan-internal-affairs-894.1281-public-health-hospitals-3,894.1281-1816.txt
894.1282-392,japan-internal-affairs-894.1282-public-health-hospitals-2,"894.1282 Public Health. Hospitals. Hospital Service., Practice Of, Japan, Dentistry. (File 392)",894.1282,392,1,Mistral OCR,yes,https://archive.org/details/japan-internal-affairs-894.1282-public-health-hospitals-2,894.1282-392.txt
894.1282-782,japan-internal-affairs-894.1282-public-health-hospitals-1,"894.1282 Public Health. Hospitals. Hospital Service., Practice Of, Japan, Dentistry., September 13, 1932 - May 2, 1933 (File 782)",894.1282,782,5,Mistral OCR,yes,https://archive.org/details/japan-internal-affairs-894.1282-public-health-hospitals-1,894.1282-782.txt
894.13-393,japan-internal-affairs-894.13-japan-correction-and-2,"894.13 Japan, Correction And Punishment. Statistics. (File 393)",894.13,393,1,Mistral OCR,yes,https://archive.org/details/japan-internal-affairs-894.13-japan-correction-and-2,894.13-393.txt
894.13-715,japan-internal-affairs-894.13-japan-correction-and-1,"894.13 Japan, Correction And Punishment. Statistics., January 13, 1931 (File 715)",894.13,715,1,Mistral OCR,yes,https://archive.org/details/japan-internal-affairs-894.13-japan-correction-and-1,894.13-715.txt
894.131-394,japan-internal-affairs-894.131-correction-and-punishment-2,"894.131 Correction And Punishment. Statistics., Japan, Prisons And Reformatories. (File 394)",894.131,394,1,Mistral OCR,yes,https://archive.org/details/japan-internal-affairs-894.131-correction-and-punishment-2,894.131-394.txt
894.131-907,japan-internal-affairs-894.131-correction-and-punishment-1,"894.131 Correction And Punishment. Statistics., Japan, Prisons And Reformatories., February 5, 1932 - May 1, 1936 (File 907)",894.131,907,4,Mistral OCR,yes,https://archive.org/details/japan-internal-affairs-894.131-correction-and-punishment-1,894.131-907.txt
894.14-395,japan-internal-affairs-894.14-japan-charities-philanthropic-4,"894.14 Japan, Charities. Philanthropic Organizations. (File 395)",894.14,395,1,Mistral OCR,yes,https://archive.org/details/japan-internal-affairs-894.14-japan-charities-philanthropic-4,894.14-395.txt
894.14-1031,japan-internal-affairs-894.14-japan-charities-philanthropic-1,"894.14 Japan, Charities. Philanthropic Organizations., June 3, 1938 - June 29, 1938 (File 1031)",894.14,1031,17,Mistral OCR,yes,https://archive.org/details/japan-internal-affairs-894.14-japan-charities-philanthropic-1,894.14-1031.txt
894.14-1548,japan-internal-affairs-894.14-japan-charities-philanthropic-2,"894.14 Japan, Charities. Philanthropic Organizations., December 4, 1946 (File 1548)",894.14,1548,1,Mistral OCR,yes,https://archive.org/details/japan-internal-affairs-894.14-japan-charities-philanthropic-2,894.14-1548.txt
894.14-1609,japan-internal-affairs-894.14-japan-charities-philanthropic-3,"894.14 Japan, Charities. Philanthropic Organizations., December 30, 1947 (File 1609)",894.14,1609,1,Mistral OCR,yes,https://archive.org/details/japan-internal-affairs-894.14-japan-charities-philanthropic-3,894.14-1609.txt
894.142-106,japan-internal-affairs-894.142-charities-philanthropic-organizations-4,"894.142 Charities. Philanthropic Organizations., Japan, Red Cross. (File 106)",894.142,106,1,Mistral OCR,yes,https://archive.org/details/japan-internal-affairs-894.142-charities-philanthropic-organizations-4,894.142-106.txt
894.142-396,japan-internal-affairs-894.142-charities-philanthropic-organizations-5,"894.142 Charities. Philanthropic Organizations., Japan, Red Cross. (File 396)",894.142,396,1,Mistral OCR,yes,https://archive.org/details/japan-internal-affairs-894.142-charities-philanthropic-organizations-5,894.142-396.txt
894.142-882,japan-internal-affairs-894.142-charities-philanthropic-organizations-1,"894.142 Charities. Philanthropic Organizations., Japan, Red Cross., November 18, 1935 (File 882)",894.142,882,2,Mistral OCR,yes,https://archive.org/details/japan-internal-affairs-894.142-charities-philanthropic-organizations-1,894.142-882.txt
894.142-1398,japan-internal-affairs-894.142-charities-philanthropic-organizations-2,"894.142 Charities. Philanthropic Organizations., Japan, Red Cross., February 5, 1942 - August 30, 1943 (File 1398)",894.142,1398,4,Mistral OCR,yes,https://archive.org/details/japan-internal-affairs-894.142-charities-philanthropic-organizations-2,894.142-1398.txt
894.142-1630,japan-internal-affairs-894.142-charities-philanthropic-organizations-3,"894.142 Charities. Philanthropic Organizations., Japan, Red Cross., February 4, 1945 - April 27, 1948 (File 1630)",894.142,1630,16,Mistral OCR,yes,https://archive.org/details/japan-internal-affairs-894.142-charities-philanthropic-organizations-3,894.142-1630.txt
894.144-397,japan-internal-affairs-894.144-charities-philanthropic-organizations-1,"894.144 Charities. Philanthropic Organizations., Japan, Your Mens Christian Association. Young Womens Christian Association. Salvation Army. Included Other Charitable And Philanthropic Organizations. Each Subdivision Will Be Made A Separate (File 397)",894.144,397,1,Mistral OCR,yes,https://archive.org/details/japan-internal-affairs-894.144-charities-philanthropic-organizations-1,894.144-397.txt
894.144-1016,japan-internal-affairs-894.144-charities-philanthropic-organizations-2,"894.144 Charities. Philanthropic Organizations., Japan, Your Mens Christian Association. Young Womens Christian Association. Salvation Army. Included Other Charitable And Philanthropic Organizations. Each Subdivision Will Be Made A Separate (File 1016)",894.144,1016,1,Mistral OCR,yes,https://archive.org/details/japan-internal-affairs-894.144-charities-philanthropic-organizations-2,894.144-1016.txt
894.145-1478,japan-internal-affairs-894.145-charities-philanthropic-organizations,"894.145 Charities. Philanthropic Organizations., Japan, Institutional Homes., December 20, 1944 (File 1478)",894.145,1478,16,Mistral OCR,yes,https://archive.org/details/japan-internal-affairs-894.145-charities-philanthropic-organizations,894.145-1478.txt
894.15-408,japan-internal-affairs-894.15-japan-public-works-2,"894.15 Japan, Public Works. (File 408)",894.15,408,1,Mistral OCR,yes,https://archive.org/details/japan-internal-affairs-894.15-japan-public-works-2,894.15-408.txt
894.15-1137,japan-internal-affairs-894.15-japan-public-works-1,"894.15 Japan, Public Works., February 14, 1930 - October 18, 1939 (File 1137)",894.15,1137,5,Mistral OCR,yes,https://archive.org/details/japan-internal-affairs-894.15-japan-public-works-1,894.15-1137.txt
894.155-404,japan-internal-affairs-894.155-public-works-japan-2,"894.155 Public Works., Japan, Parks. (File 404)",894.155,404,1,Mistral OCR,yes,https://archive.org/details/japan-internal-affairs-894.155-public-works-japan-2,894.155-404.txt
894.155-760,japan-internal-affairs-894.155-public-works-japan-1,"894.155 Public Works., Japan, Parks., November 14, 1932 (File 760)",894.155,760,3,Mistral OCR,yes,https://archive.org/details/japan-internal-affairs-894.155-public-works-japan-1,894.155-760.txt
894.156-405,japan-internal-affairs-894.156-public-works-japan-2,"894.156 Public Works., Japan, Harbors. (File 405)",894.156,405,1,Mistral OCR,yes,https://archive.org/details/japan-internal-affairs-894.156-public-works-japan-2,894.156-405.txt
894.156-1002,japan-internal-affairs-894.156-public-works-japan-1,"894.156 Public Works., Japan, Harbors., February 14, 1930 - March 2, 1938 (File 1002)",894.156,1002,18,Mistral OCR,yes,https://archive.org/details/japan-internal-affairs-894.156-public-works-japan-1,894.156-1002.txt
894.1561-1813,japan-internal-affairs-894.1561-public-works-harbors,"894.1561 Public Works., Harbors., Japan, Docks . Port Facilities., March 20, 1947 - December 15, 1949 (File 1813)",894.1561,1813,8,Mistral OCR,yes,https://archive.org/details/japan-internal-affairs-894.1561-public-works-harbors,894.1561-1813.txt
894.1564-406,japan-internal-affairs-894.1564-public-works-harbors-3,"894.1564 Public Works., Harbors., Japan, Drydocks. (File 406)",894.1564,406,1,Mistral OCR,yes,https://archive.org/details/japan-internal-affairs-894.1564-public-works-harbors-3,894.1564-406.txt
894.1564-799,japan-internal-affairs-894.1564-public-works-harbors-1,"894.1564 Public Works., Harbors., Japan, Drydocks., January 20, 1934 (File 799)",894.1564,799,2,Mistral OCR,yes,https://archive.org/details/japan-internal-affairs-894.1564-public-works-harbors-1,894.1564-799.txt
894.1564-1185,japan-internal-affairs-894.1564-public-works-harbors-2,"894.1564 Public Works., Harbors., Japan, Drydocks., April 18, 1940 (File 1185)",894.1564,1185,2,Mistral OCR,yes,https://archive.org/details/japan-internal-affairs-894.1564-public-works-harbors-2,894.1564-1185.txt
894.181-1840,japan-internal-affairs-894.181-internal-economic-industrial,"894.181 Internal Economic, Industrial And Social Affairs., Immigration. Emigration., Residence, Trade And Travel Of Aliens In **. Foreign Visas. Tourism. Foreign Exit Permits., August 14, 1950 (File 1840)",894.181,1840,1,Mistral OCR,yes,https://archive.org/details/japan-internal-affairs-894.181-internal-economic-industrial,894.181-1840.txt
894.20-113,japan-internal-affairs-894.20-military-affairs-army-1,894.20 Military Affairs. Army. Army Posts. Fortifications. Defenses. Military Instructors Advisers. ** Country In Which Serving. (File 113),894.20,113,2,Mistral OCR,yes,https://archive.org/details/japan-internal-affairs-894.20-military-affairs-army-1,894.20-113.txt
894.20-115,japan-internal-affairs-894.20-military-affairs-army-2,894.20 Military Affairs. Army. Army Posts. Fortifications. Defenses. Military Instructors Advisers. ** Country In Which Serving. (File 115),894.20,115,7,Mistral OCR,yes,https://archive.org/details/japan-internal-affairs-894.20-military-affairs-army-2,894.20-115.txt
894.20-407,japan-internal-affairs-894.20-military-affairs-army-3,894.20 Military Affairs. Army. Army Posts. Fortifications. Defenses. Military Instructors Advisers. ** Country In Which Serving. (File 407),894.20,407,9,Mistral OCR,yes,https://archive.org/details/japan-internal-affairs-894.20-military-affairs-army-3,894.20-407.txt
894.20-409,japan-internal-affairs-894.20-military-affairs-army-4,894.20 Military Affairs. Army. Army Posts. Fortifications. Defenses. Military Instructors Advisers. ** Country In Which Serving. (File 409),894.20,409,2,Mistral OCR,yes,https://archive.org/details/japan-internal-affairs-894.20-military-affairs-army-4,894.20-409.txt
894.20-413,japan-internal-affairs-894.20-military-affairs-army-5,894.20 Military Affairs. Army. Army Posts. Fortifications. Defenses. Military Instructors Advisers. ** Country In Which Serving. (File 413),894.20,413,14,Mistral OCR,yes,https://archive.org/details/japan-internal-affairs-894.20-military-affairs-army-5,894.20-413.txt
894.20-757,japan-internal-affairs-894.20-internal-economic-industrial,"894.20 Internal Economic, Industrial And Social Affairs., Japan, Agriculture., September 6, 1932 (File 757)",894.20,757,2,Mistral OCR,yes,https://archive.org/details/japan-internal-affairs-894.20-internal-economic-industrial,894.20-757.txt
894.20-896,japan-internal-affairs-894.20-military-affairs-army-6,"894.20 Military Affairs. Army. Army Posts. Fortifications. Defenses. Military Instructors Advisers. ** Country In Which Serving., May 5, 1930 - February 17, 1936 (File 896)",894.20,896,384,PaddleOCR,yes,https://archive.org/details/japan-internal-affairs-894.20-military-affairs-army-6,894.20-896.txt
894.20-1022,japan-internal-affairs-894.20-military-affairs-army-8,"894.20 Military Affairs. Army. Army Posts. Fortifications. Defenses. Military Instructors Advisers. ** Country In Which Serving., March 5, 1936 - June 10, 1938 (File 1022)",894.20,1022,252,PaddleOCR,yes,https://archive.org/details/japan-internal-affairs-894.20-military-affairs-army-8,894.20-1022.txt
894.20-1082,japan-internal-affairs-894.20-military-affairs-army-7,"894.20 Military Affairs. Army. Army Posts. Fortifications. Defenses. Military Instructors Advisers. ** Country In Which Serving., August 20, 1934 - March 1, 1939 (File 1082)",894.20,1082,58,PaddleOCR,yes,https://archive.org/details/japan-internal-affairs-894.20-military-affairs-army-7,894.20-1082.txt
894.20-1188,japan-internal-affairs-894.20-military-affairs-army-11,"894.20 Military Affairs. Army. Army Posts. Fortifications. Defenses. Military Instructors Advisers. ** Country In Which Serving., April 26, 1940 - May 3, 1940 (File 1188)",894.20,1188,244,PaddleOCR,yes,https://archive.org/details/japan-internal-affairs-894.20-military-affairs-army-11,894.20-1188.txt
894.20-1190,japan-internal-affairs-894.20-military-affairs-army-9,"894.20 Military Affairs. Army. Army Posts. Fortifications. Defenses. Military Instructors Advisers. ** Country In Which Serving., July 12, 1938 - May 6, 1940 (File 1190)",894.20,1190,110,PaddleOCR,yes,https://archive.org/details/japan-internal-affairs-894.20-military-affairs-army-9,894.20-1190.txt
894.20-1331,japan-internal-affairs-894.20-military-affairs-army-10,"894.20 Military Affairs. Army. Army Posts. Fortifications. Defenses. Military Instructors Advisers. ** Country In Which Serving., March 19, 1940 - February 10, 1942 (File 1331)",894.20,1331,48,PaddleOCR,yes,https://archive.org/details/japan-internal-affairs-894.20-military-affairs-army-10,894.20-1331.txt
894.20-1825,japan-internal-affairs-894.20-military-affairs-army-12,"894.20 Military Affairs. Army. Army Posts. Fortifications. Defenses. Military Instructors Advisers. ** Country In Which Serving., April 5, 1945 - December 23, 1949 (File 1825)",894.20,1825,68,PaddleOCR,yes,https://archive.org/details/japan-internal-affairs-894.20-military-affairs-army-12,894.20-1825.txt
894.20123-412,japan-internal-affairs-894.20123-military-affairs-army-2,"894.20123 Military Affairs. Army. Army Posts. Fortifications. Defenses. Military Instructors Advisers. ** Country In Which Serving., Visits Of Officers Of Peru To Military Establishments In Japan. (File 412)",894.20123,412,2,Mistral OCR,yes,https://archive.org/details/japan-internal-affairs-894.20123-military-affairs-army-2,894.20123-412.txt
894.20123-815,japan-internal-affairs-894.20123-military-affairs-army-1,"894.20123 Military Affairs. Army. Army Posts. Fortifications. Defenses. Military Instructors Advisers. ** Country In Which Serving., Visits Of Officers Of Peru To Military Establishments In Japan., September 19, 1932 - May 18, 1934 (File 815)",894.20123,815,35,Mistral OCR,yes,https://archive.org/details/japan-internal-affairs-894.20123-military-affairs-army-1,894.20123-815.txt
894.20200-60,japan-internal-affairs-894.20200-military-affairs-army-1,"894.20200 Military Affairs. Army. Army Posts. Fortifications. Defenses. Military Instructors Advisers. ** Country In Which Serving., Military Activities Of Japan In The World Including Gathering Of Information. Espionage. Propaganda. (File 60)",894.20200,60,8,Mistral OCR,yes,https://archive.org/details/japan-internal-affairs-894.20200-military-affairs-army-1,894.20200-60.txt
894.20200-114,japan-internal-affairs-894.20200-military-affairs-army-2,"894.20200 Military Affairs. Army. Army Posts. Fortifications. Defenses. Military Instructors Advisers. ** Country In Which Serving., Military Activities Of Japan In The World Including Gathering Of Information. Espionage. Propaganda. (File 114)",894.20200,114,2,Mistral OCR,yes,https://archive.org/details/japan-internal-affairs-894.20200-military-affairs-army-2,894.20200-114.txt
894.20200-1383,japan-internal-affairs-894.20200-military-affairs-army-3,"894.20200 Military Affairs. Army. Army Posts. Fortifications. Defenses. Military Instructors Advisers. ** Country In Which Serving., Military Activities Of Japan In The World Including Gathering Of Information. Espionage. Propaganda., March (File 1383)",894.20200,1383,48,PaddleOCR,yes,https://archive.org/details/japan-internal-affairs-894.20200-military-affairs-army-3,894.20200-1383.txt
894.20200-1464,japan-internal-affairs-894.20200-military-affairs-army-4,"894.20200 Military Affairs. Army. Army Posts. Fortifications. Defenses. Military Instructors Advisers. ** Country In Which Serving., Military Activities Of Japan In The World Including Gathering Of Information. Espionage. Propaganda., May 6 (File 1464)",894.20200,1464,277,PaddleOCR,yes,https://archive.org/details/japan-internal-affairs-894.20200-military-affairs-army-4,894.20200-1464.txt
894.20200-1515,japan-internal-affairs-894.20200-military-affairs-army-5,"894.20200 Military Affairs. Army. Army Posts. Fortifications. Defenses. Military Instructors Advisers. ** Country In Which Serving., Military Activities Of Japan In The World Including Gathering Of Information. Espionage. Propaganda., Janua (File 1515)",894.20200,1515,120,PaddleOCR,yes,https://archive.org/details/japan-internal-affairs-894.20200-military-affairs-army-5,894.20200-1515.txt
894.20210-61,japan-internal-affairs-894.20210-military-affairs-army-1,"894.20210 Military Affairs. Army. Army Posts. Fortifications. Defenses. Military Instructors Advisers. ** Country In Which Serving., Military Activities Of Japan In America. Pan-America Including Gathering Of Information. Espionage. Propaga (File 61)",894.20210,61,26,Mistral OCR,yes,https://archive.org/details/japan-internal-affairs-894.20210-military-affairs-army-1,894.20210-61.txt
894.20210-410,japan-internal-affairs-894.20210-military-affairs-army-2,"894.20210 Military Affairs. Army. Army Posts. Fortifications. Defenses. Military Instructors Advisers. ** Country In Which Serving., Military Activities Of Japan In America. Pan-America Including Gathering Of Information. Espionage. Propaga (File 410)",894.20210,410,5,Mistral OCR,yes,https://archive.org/details/japan-internal-affairs-894.20210-military-affairs-army-2,894.20210-410.txt
894.20210-1155,japan-internal-affairs-894.20210-military-affairs-army-3,"894.20210 Military Affairs. Army. Army Posts. Fortifications. Defenses. Military Instructors Advisers. ** Country In Which Serving., Military Activities Of Japan In America. Pan-America Including Gathering Of Information. Espionage. Propaga (File 1155)",894.20210,1155,87,PaddleOCR,yes,https://archive.org/details/japan-internal-affairs-894.20210-military-affairs-army-3,894.20210-1155.txt
894.20210-1352,japan-internal-affairs-894.20210-military-affairs-army-4,"894.20210 Military Affairs. Army. Army Posts. Fortifications. Defenses. Military Instructors Advisers. ** Country In Which Serving., Military Activities Of Japan In America. Pan-America Including Gathering Of Information. Espionage. Propaga (File 1352)",894.20210,1352,469,PaddleOCR,yes,https://archive.org/details/japan-internal-affairs-894.20210-military-affairs-army-4,894.20210-1352.txt
894.20210-1466,japan-internal-affairs-894.20210-military-affairs-army-5,"894.20210 Military Affairs. Army. Army Posts. Fortifications. Defenses. Military Instructors Advisers. ** Country In Which Serving., Military Activities Of Japan In America. Pan-America Including Gathering Of Information. Espionage. Propaga (File 1466)",894.20210,1466,535,PaddleOCR,yes,https://archive.org/details/japan-internal-affairs-894.20210-military-affairs-army-5,894.20210-1466.txt
894.20210-1502,japan-internal-affairs-894.20210-military-affairs-army-6,"894.20210 Military Affairs. Army. Army Posts. Fortifications. Defenses. Military Instructors Advisers. ** Country In Which Serving., Military Activities Of Japan In America. Pan-America Including Gathering Of Information. Espionage. Propaga (File 1502)",894.20210,1502,254,PaddleOCR,yes,https://archive.org/details/japan-internal-affairs-894.20210-military-affairs-army-6,894.20210-1502.txt
894.20211-411,japan-internal-affairs-894.20211-military-affairs-army,"894.20211 Military Affairs. Army. Army Posts. Fortifications. Defenses. Military Instructors Advisers. ** Country In Which Serving., Military Activities Of Japan In United States Including Gathering Of Information. Espionage. Propaganda. (File 411)",894.20211,411,23,Mistral OCR,yes,https://archive.org/details/japan-internal-affairs-894.20211-military-affairs-army,894.20211-411.txt
894.20211-1071,japan-internal-affairs-894.20211-military-affairs-army-2,"894.20211 Military Affairs. Army. Army Posts. Fortifications. Defenses. Military Instructors Advisers. ** Country In Which Serving., Military Activities Of Japan In United States Including Gathering Of Information. Espionage. Propaganda., O (File 1071)",894.20211,1071,541,PaddleOCR,yes,https://archive.org/details/japan-internal-affairs-894.20211-military-affairs-army-2,894.20211-1071.txt
894.20211-1073,japan-internal-affairs-894.20211-military-affairs-army-3,"894.20211 Military Affairs. Army. Army Posts. Fortifications. Defenses. Military Instructors Advisers. ** Country In Which Serving., Military Activities Of Japan In United States Including Gathering Of Information. Espionage. Propaganda., M (File 1073)",894.20211,1073,210,PaddleOCR,yes,https://archive.org/details/japan-internal-affairs-894.20211-military-affairs-army-3,894.20211-1073.txt
894.20211-1624,japan-internal-affairs-894.20211-military-affairs-army-4,"894.20211 Military Affairs. Army. Army Posts. Fortifications. Defenses. Military Instructors Advisers. ** Country In Which Serving., Military Activities Of Japan In United States Including Gathering Of Information. Espionage. Propaganda., J (File 1624)",894.20211,1624,133,PaddleOCR,no,https://archive.org/details/japan-internal-affairs-894.20211-military-affairs-army-4,894.20211-1624.txt
894.20211A-382,japan-internal-affairs-894.20211a-military-affairs-army-1,"894.20211A Military Affairs. Army. Army Posts. Fortifications. Defenses. Military Instructors Advisers. ** Country In Which Serving., Military Activities Of Japan In Hawaii Including Gathering Of Information. Espionage. Propaganda. (File 382)",894.20211A,382,9,Mistral OCR,yes,https://archive.org/details/japan-internal-affairs-894.20211a-military-affairs-army-1,894.20211A-382.txt
894.20211A-414,japan-internal-affairs-894.20211a-military-affairs-army-2,"894.20211A Military Affairs. Army. Army Posts. Fortifications. Defenses. Military Instructors Advisers. ** Country In Which Serving., Military Activities Of Japan In Hawaii Including Gathering Of Information. Espionage. Propaganda. (File 414)",894.20211A,414,3,Mistral OCR,yes,https://archive.org/details/japan-internal-affairs-894.20211a-military-affairs-army-2,894.20211A-414.txt
894.20211A-861,japan-internal-affairs-894.20211a-military-affairs-army-3,"894.20211A Military Affairs. Army. Army Posts. Fortifications. Defenses. Military Instructors Advisers. ** Country In Which Serving., Military Activities Of Japan In Hawaii Including Gathering Of Information. Espionage. Propaganda., Decembe (File 861)",894.20211A,861,44,PaddleOCR,yes,https://archive.org/details/japan-internal-affairs-894.20211a-military-affairs-army-3,894.20211A-861.txt
894.20211A-898,japan-internal-affairs-894.20211a-military-affairs-army-4,"894.20211A Military Affairs. Army. Army Posts. Fortifications. Defenses. Military Instructors Advisers. ** Country In Which Serving., Military Activities Of Japan In Hawaii Including Gathering Of Information. Espionage. Propaganda., March 2 (File 898)",894.20211A,898,286,PaddleOCR,yes,https://archive.org/details/japan-internal-affairs-894.20211a-military-affairs-army-4,894.20211A-898.txt
894.20211A-1110,japan-internal-affairs-894.20211a-military-affairs-army-5,"894.20211A Military Affairs. Army. Army Posts. Fortifications. Defenses. Military Instructors Advisers. ** Country In Which Serving., Military Activities Of Japan In Hawaii Including Gathering Of Information. Espionage. Propaganda., March 9 (File 1110)",894.20211A,1110,496,PaddleOCR,yes,https://archive.org/details/japan-internal-affairs-894.20211a-military-affairs-army-5,894.20211A-1110.txt
894.20211B-380,japan-internal-affairs-894.20211b-military-affairs-army-1,"894.20211B Military Affairs. Army. Army Posts. Fortifications. Defenses. Military Instructors Advisers. ** Country In Which Serving., Military Activities Of Japan In Philippine Islands Including Gathering Of Information. Espionage. Propagan (File 380)",894.20211B,380,2,Mistral OCR,yes,https://archive.org/details/japan-internal-affairs-894.20211b-military-affairs-army-1,894.20211B-380.txt
894.20211B-981,japan-internal-affairs-894.20211b-military-affairs-army-2,"894.20211B Military Affairs. Army. Army Posts. Fortifications. Defenses. Military Instructors Advisers. ** Country In Which Serving., Military Activities Of Japan In Philippine Islands Including Gathering Of Information. Espionage. Propagan (File 981)",894.20211B,981,12,Mistral OCR,yes,https://archive.org/details/japan-internal-affairs-894.20211b-military-affairs-army-2,894.20211B-981.txt
894.20211B-1162,japan-internal-affairs-894.20211b-military-affairs-army-3,"894.20211B Military Affairs. Army. Army Posts. Fortifications. Defenses. Military Instructors Advisers. ** Country In Which Serving., Military Activities Of Japan In Philippine Islands Including Gathering Of Information. Espionage. Propagan (File 1162)",894.20211B,1162,10,Mistral OCR,yes,https://archive.org/details/japan-internal-affairs-894.20211b-military-affairs-army-3,894.20211B-1162.txt
894.20211B-1505,japan-internal-affairs-894.20211b-military-affairs-army-4,"894.20211B Military Affairs. Army. Army Posts. Fortifications. Defenses. Military Instructors Advisers. ** Country In Which Serving., Military Activities Of Japan In Philippine Islands Including Gathering Of Information. Espionage. Propagan (File 1505)",894.20211B,1505,7,Mistral OCR,yes,https://archive.org/details/japan-internal-affairs-894.20211b-military-affairs-army-4,894.20211B-1505.txt
894.20211D-381,japan-internal-affairs-894.20211d-military-affairs-army-1,"894.20211D Military Affairs. Army. Army Posts. Fortifications. Defenses. Military Instructors Advisers. ** Country In Which Serving., Military Activities Of Japan In Guam Including Gathering Of Information. Espionage. Propaganda. (File 381)",894.20211D,381,1,Mistral OCR,yes,https://archive.org/details/japan-internal-affairs-894.20211d-military-affairs-army-1,894.20211D-381.txt
894.20211D-1090,japan-internal-affairs-894.20211d-military-affairs-army-2,"894.20211D Military Affairs. Army. Army Posts. Fortifications. Defenses. Military Instructors Advisers. ** Country In Which Serving., Military Activities Of Japan In Guam Including Gathering Of Information. Espionage. Propaganda., March 31 (File 1090)",894.20211D,1090,1,Mistral OCR,yes,https://archive.org/details/japan-internal-affairs-894.20211d-military-affairs-army-2,894.20211D-1090.txt
894.20211F-379,japan-internal-affairs-894.20211f-military-affairs-army-1,"894.20211F Military Affairs. Army. Army Posts. Fortifications. Defenses. Military Instructors Advisers. ** Country In Which Serving., Military Activities Of Japan In Canal Zone Including Gathering Of Information. Espionage. Propaganda. (File 379)",894.20211F,379,2,Mistral OCR,yes,https://archive.org/details/japan-internal-affairs-894.20211f-military-affairs-army-1,894.20211F-379.txt
894.20211F-899,japan-internal-affairs-894.20211f-military-affairs-army-2,"894.20211F Military Affairs. Army. Army Posts. Fortifications. Defenses. Military Instructors Advisers. ** Country In Which Serving., Military Activities Of Japan In Canal Zone Including Gathering Of Information. Espionage. Propaganda., Jul (File 899)",894.20211F,899,5,Mistral OCR,yes,https://archive.org/details/japan-internal-affairs-894.20211f-military-affairs-army-2,894.20211F-899.txt
894.20212-287,japan-internal-affairs-894.20212-military-affairs-army-1,"894.20212 Military Affairs. Army. Army Posts. Fortifications. Defenses. Military Instructors Advisers. ** Country In Which Serving., Military Activities Of Japan In Mexico Including Gathering Of Information. Espionage. Propaganda. (File 287)",894.20212,287,8,Mistral OCR,yes,https://archive.org/details/japan-internal-affairs-894.20212-military-affairs-army-1,894.20212-287.txt
894.20212-383,japan-internal-affairs-894.20212-military-affairs-army-2,"894.20212 Military Affairs. Army. Army Posts. Fortifications. Defenses. Military Instructors Advisers. ** Country In Which Serving., Military Activities Of Japan In Mexico Including Gathering Of Information. Espionage. Propaganda. (File 383)",894.20212,383,14,Mistral OCR,yes,https://archive.org/details/japan-internal-affairs-894.20212-military-affairs-army-2,894.20212-383.txt
894.20212-894,japan-internal-affairs-894.20212-military-affairs-army-3,"894.20212 Military Affairs. Army. Army Posts. Fortifications. Defenses. Military Instructors Advisers. ** Country In Which Serving., Military Activities Of Japan In Mexico Including Gathering Of Information. Espionage. Propaganda., January (File 894)",894.20212,894,531,PaddleOCR,yes,https://archive.org/details/japan-internal-affairs-894.20212-military-affairs-army-3,894.20212-894.txt
894.20212-1129,japan-internal-affairs-894.20212-military-affairs-army-4,"894.20212 Military Affairs. Army. Army Posts. Fortifications. Defenses. Military Instructors Advisers. ** Country In Which Serving., Military Activities Of Japan In Mexico Including Gathering Of Information. Espionage. Propaganda., June 7 (File 1129)",894.20212,1129,94,PaddleOCR,yes,https://archive.org/details/japan-internal-affairs-894.20212-military-affairs-army-4,894.20212-1129.txt
894.20212-1712,japan-internal-affairs-894.20212-military-affairs-army-5,"894.20212 Military Affairs. Army. Army Posts. Fortifications. Defenses. Military Instructors Advisers. ** Country In Which Serving., Military Activities Of Japan In Mexico Including Gathering Of Information. Espionage. Propaganda., January (File 1712)",894.20212,1712,42,PaddleOCR,yes,https://archive.org/details/japan-internal-affairs-894.20212-military-affairs-army-5,894.20212-1712.txt
894.20214-289,japan-internal-affairs-894.20214-military-affairs-army-1,"894.20214 Military Affairs. Army. Army Posts. Fortifications. Defenses. Military Instructors Advisers. ** Country In Which Serving., Military Activities Of Japan In Guatemala Including Gathering Of Information. Espionage. Propaganda. (File 289)",894.20214,289,1,Mistral OCR,yes,https://archive.org/details/japan-internal-affairs-894.20214-military-affairs-army-1,894.20214-289.txt
894.20214-1194,japan-internal-affairs-894.20214-military-affairs-army-2,"894.20214 Military Affairs. Army. Army Posts. Fortifications. Defenses. Military Instructors Advisers. ** Country In Which Serving., Military Activities Of Japan In Guatemala Including Gathering Of Information. Espionage. Propaganda., Janua (File 1194)",894.20214,1194,14,Mistral OCR,yes,https://archive.org/details/japan-internal-affairs-894.20214-military-affairs-army-2,894.20214-1194.txt
894.20215-288,japan-internal-affairs-894.20215-military-affairs-army-1,"894.20215 Military Affairs. Army. Army Posts. Fortifications. Defenses. Military Instructors Advisers. ** Country In Which Serving., Military Activities Of Japan In Honduras Including Gathering Of Information. Espionage. Propaganda. (File 288)",894.20215,288,2,Mistral OCR,yes,https://archive.org/details/japan-internal-affairs-894.20215-military-affairs-army-1,894.20215-288.txt
894.20215-1033,japan-internal-affairs-894.20215-military-affairs-army-2,"894.20215 Military Affairs. Army. Army Posts. Fortifications. Defenses. Military Instructors Advisers. ** Country In Which Serving., Military Activities Of Japan In Honduras Including Gathering Of Information. Espionage. Propaganda., Januar (File 1033)",894.20215,1033,24,Mistral OCR,yes,https://archive.org/details/japan-internal-affairs-894.20215-military-affairs-army-2,894.20215-1033.txt
894.20216-291,japan-internal-affairs-894.20216-military-affairs-army-1,"894.20216 Military Affairs. Army. Army Posts. Fortifications. Defenses. Military Instructors Advisers. ** Country In Which Serving., Military Activities Of Japan In El Salvador Including Gathering Of Information. Espionage. Propaganda. (File 291)",894.20216,291,2,Mistral OCR,yes,https://archive.org/details/japan-internal-affairs-894.20216-military-affairs-army-1,894.20216-291.txt
894.20216-877,japan-internal-affairs-894.20216-military-affairs-army-2,"894.20216 Military Affairs. Army. Army Posts. Fortifications. Defenses. Military Instructors Advisers. ** Country In Which Serving., Military Activities Of Japan In El Salvador Including Gathering Of Information. Espionage. Propaganda., Jan (File 877)",894.20216,877,13,Mistral OCR,yes,https://archive.org/details/japan-internal-affairs-894.20216-military-affairs-army-2,894.20216-877.txt
894.20216-1219,japan-internal-affairs-894.20216-military-affairs-army-3,"894.20216 Military Affairs. Army. Army Posts. Fortifications. Defenses. Military Instructors Advisers. ** Country In Which Serving., Military Activities Of Japan In El Salvador Including Gathering Of Information. Espionage. Propaganda., Aug (File 1219)",894.20216,1219,15,Mistral OCR,yes,https://archive.org/details/japan-internal-affairs-894.20216-military-affairs-army-3,894.20216-1219.txt
894.20217-290,japan-internal-affairs-894.20217-military-affairs-army-1,"894.20217 Military Affairs. Army. Army Posts. Fortifications. Defenses. Military Instructors Advisers. ** Country In Which Serving., Military Activities Of Japan In Nicaragua Including Gathering Of Information. Espionage. Propaganda. (File 290)",894.20217,290,2,Mistral OCR,yes,https://archive.org/details/japan-internal-affairs-894.20217-military-affairs-army-1,894.20217-290.txt
894.20217-1220,japan-internal-affairs-894.20217-military-affairs-army-2,"894.20217 Military Affairs. Army. Army Posts. Fortifications. Defenses. Military Instructors Advisers. ** Country In Which Serving., Military Activities Of Japan In Nicaragua Including Gathering Of Information. Espionage. Propaganda., Janua (File 1220)",894.20217,1220,31,Mistral OCR,yes,https://archive.org/details/japan-internal-affairs-894.20217-military-affairs-army-2,894.20217-1220.txt
894.20218-292,japan-internal-affairs-894.20218-military-affairs-army-1,"894.20218 Military Affairs. Army. Army Posts. Fortifications. Defenses. Military Instructors Advisers. ** Country In Which Serving., Military Activities Of Japan In Costa Rica Including Gathering Of Information. Espionage. Propaganda. (File 292)",894.20218,292,4,Mistral OCR,yes,https://archive.org/details/japan-internal-affairs-894.20218-military-affairs-army-1,894.20218-292.txt
894.20218-734,japan-internal-affairs-894.20218-military-affairs-army-2,"894.20218 Military Affairs. Army. Army Posts. Fortifications. Defenses. Military Instructors Advisers. ** Country In Which Serving., Military Activities Of Japan In Costa Rica Including Gathering Of Information. Espionage. Propaganda., Janu (File 734)",894.20218,734,2,Mistral OCR,yes,https://archive.org/details/japan-internal-affairs-894.20218-military-affairs-army-2,894.20218-734.txt
894.20218-784,japan-internal-affairs-894.20218-military-affairs-army-3,"894.20218 Military Affairs. Army. Army Posts. Fortifications. Defenses. Military Instructors Advisers. ** Country In Which Serving., Military Activities Of Japan In Costa Rica Including Gathering Of Information. Espionage. Propaganda., Marc (File 784)",894.20218,784,60,PaddleOCR,yes,https://archive.org/details/japan-internal-affairs-894.20218-military-affairs-army-3,894.20218-784.txt
894.20219-283,japan-internal-affairs-894.20219-military-affairs-army-1,"894.20219 Military Affairs. Army. Army Posts. Fortifications. Defenses. Military Instructors Advisers. ** Country In Which Serving., Military Activities Of Japan In Panama Including Gathering Of Information. Espionage. Propaganda. (File 283)",894.20219,283,15,Mistral OCR,yes,https://archive.org/details/japan-internal-affairs-894.20219-military-affairs-army-1,894.20219-283.txt
894.20219-1174,japan-internal-affairs-894.20219-military-affairs-army-3,"894.20219 Military Affairs. Army. Army Posts. Fortifications. Defenses. Military Instructors Advisers. ** Country In Which Serving., Military Activities Of Japan In Panama Including Gathering Of Information. Espionage. Propaganda., April 26 (File 1174)",894.20219,1174,137,PaddleOCR,yes,https://archive.org/details/japan-internal-affairs-894.20219-military-affairs-army-3,894.20219-1174.txt
894.20219-1530,japan-internal-affairs-894.20219-military-affairs-army-2,"894.20219 Military Affairs. Army. Army Posts. Fortifications. Defenses. Military Instructors Advisers. ** Country In Which Serving., Military Activities Of Japan In Panama Including Gathering Of Information. Espionage. Propaganda., January (File 1530)",894.20219,1530,4,Mistral OCR,yes,https://archive.org/details/japan-internal-affairs-894.20219-military-affairs-army-2,894.20219-1530.txt
894.20221-286,japan-internal-affairs-894.20221-military-affairs-army-1,"894.20221 Military Affairs. Army. Army Posts. Fortifications. Defenses. Military Instructors Advisers. ** Country In Which Serving., Military Activities Of Japan In Colombia Including Gathering Of Information. Espionage. Propaganda. (File 286)",894.20221,286,2,Mistral OCR,yes,https://archive.org/details/japan-internal-affairs-894.20221-military-affairs-army-1,894.20221-286.txt
894.20221-1177,japan-internal-affairs-894.20221-military-affairs-army-2,"894.20221 Military Affairs. Army. Army Posts. Fortifications. Defenses. Military Instructors Advisers. ** Country In Which Serving., Military Activities Of Japan In Colombia Including Gathering Of Information. Espionage. Propaganda., Januar (File 1177)",894.20221,1177,34,Mistral OCR,yes,https://archive.org/details/japan-internal-affairs-894.20221-military-affairs-army-2,894.20221-1177.txt
894.20221-1500,japan-internal-affairs-894.20221-military-affairs-army-3,"894.20221 Military Affairs. Army. Army Posts. Fortifications. Defenses. Military Instructors Advisers. ** Country In Which Serving., Military Activities Of Japan In Colombia Including Gathering Of Information. Espionage. Propaganda., Februa (File 1500)",894.20221,1500,6,Mistral OCR,yes,https://archive.org/details/japan-internal-affairs-894.20221-military-affairs-army-3,894.20221-1500.txt
894.20222-285,japan-internal-affairs-894.20222-military-affairs-army,"894.20222 Military Affairs. Army. Army Posts. Fortifications. Defenses. Military Instructors Advisers. ** Country In Which Serving., Military Activities Of Japan In Ecuador Including Gathering Of Information. Espionage. Propaganda. (File 285)",894.20222,285,1,Mistral OCR,yes,https://archive.org/details/japan-internal-affairs-894.20222-military-affairs-army,894.20222-285.txt
894.20222-1144,japan-internal-affairs-894.20222-military-affairs-army-2,"894.20222 Military Affairs. Army. Army Posts. Fortifications. Defenses. Military Instructors Advisers. ** Country In Which Serving., Military Activities Of Japan In Ecuador Including Gathering Of Information. Espionage. Propaganda., March 2 (File 1144)",894.20222,1144,106,PaddleOCR,yes,https://archive.org/details/japan-internal-affairs-894.20222-military-affairs-army-2,894.20222-1144.txt
894.20223-284,japan-internal-affairs-894.20223-military-affairs-army,"894.20223 Military Affairs. Army. Army Posts. Fortifications. Defenses. Military Instructors Advisers. ** Country In Which Serving., Military Activities Of Japan In Peru Including Gathering Of Information. Espionage. Propaganda. (File 284)",894.20223,284,5,Mistral OCR,yes,https://archive.org/details/japan-internal-affairs-894.20223-military-affairs-army,894.20223-284.txt
894.20223-768-1,japan-internal-affairs-894.20223-military-affairs-army-2-part-1,"894.20223 Military Affairs. Army. Army Posts. Fortifications. Defenses. Military Instructors Advisers. ** Country In Which Serving., Military Activities Of Japan In Peru Including Gathering Of Information. Espionage. Propaganda., February 6 (File 768), part 1 of 2",894.20223,768,517,PaddleOCR,yes,https://archive.org/details/japan-internal-affairs-894.20223-military-affairs-army-2/894.20223%20Military%20Affairs.%20Army.%20Army%20Posts.%20Fortifications.%20Defenses.%20Military%20Instructors%20Advisers.%20%2A%2A%20Country%20In%20Which%20Serving.%2C%20Military%20Activities%20Of%20Japan%20In%20Peru%20Including%20Gathering%20Of%20Information.%20Espionage%20768-part-1,894.20223-768-1.txt
894.20223-768-2,japan-internal-affairs-894.20223-military-affairs-army-2-part-2,"894.20223 Military Affairs. Army. Army Posts. Fortifications. Defenses. Military Instructors Advisers. ** Country In Which Serving., Military Activities Of Japan In Peru Including Gathering Of Information. Espionage. Propaganda., February 6 (File 768), part 2 of 2",894.20223,768,310,PaddleOCR,yes,https://archive.org/details/japan-internal-affairs-894.20223-military-affairs-army-2/894.20223%20Military%20Affairs.%20Army.%20Army%20Posts.%20Fortifications.%20Defenses.%20Military%20Instructors%20Advisers.%20%2A%2A%20Country%20In%20Which%20Serving.%2C%20Military%20Activities%20Of%20Japan%20In%20Peru%20Including%20Gathering%20Of%20Information.%20Espionage%20768-part-2,894.20223-768-2.txt
894.20223-1723,japan-internal-affairs-894.20223-military-affairs-army-3,"894.20223 Military Affairs. Army. Army Posts. Fortifications. Defenses. Military Instructors Advisers. ** Country In Which Serving., Military Activities Of Japan In Peru Including Gathering Of Information. Espionage. Propaganda., January 18 (File 1723)",894.20223,1723,202,PaddleOCR,no,https://archive.org/details/japan-internal-affairs-894.20223-military-affairs-army-3,894.20223-1723.txt
894.20224-1513,japan-internal-affairs-894.20224-military-affairs-army,"894.20224 Military Affairs. Army. Army Posts. Fortifications. Defenses. Military Instructors Advisers. ** Country In Which Serving., Military Activities Of Japan In Bolivia Including Gathering Of Information. Espionage. Propaganda., Novembe (File 1513)",894.20224,1513,45,PaddleOCR,yes,https://archive.org/details/japan-internal-affairs-894.20224-military-affairs-army,894.20224-1513.txt
894.20225-282,japan-internal-affairs-894.20225-military-affairs-army-1,"894.20225 Military Affairs. Army. Army Posts. Fortifications. Defenses. Military Instructors Advisers. ** Country In Which Serving., Military Activities Of Japan In Chile Including Gathering Of Information. Espionage. Propaganda. (File 282)",894.20225,282,2,Mistral OCR,yes,https://archive.org/details/japan-internal-affairs-894.20225-military-affairs-army-1,894.20225-282.txt
894.20225-1226,japan-internal-affairs-894.20225-military-affairs-army-3,"894.20225 Military Affairs. Army. Army Posts. Fortifications. Defenses. Military Instructors Advisers. ** Country In Which Serving., Military Activities Of Japan In Chile Including Gathering Of Information. Espionage. Propaganda., December (File 1226)",894.20225,1226,45,PaddleOCR,yes,https://archive.org/details/japan-internal-affairs-894.20225-military-affairs-army-3,894.20225-1226.txt
894.20225-1519,japan-internal-affairs-894.20225-military-affairs-army-2,"894.20225 Military Affairs. Army. Army Posts. Fortifications. Defenses. Military Instructors Advisers. ** Country In Which Serving., Military Activities Of Japan In Chile Including Gathering Of Information. Espionage. Propaganda., February (File 1519)",894.20225,1519,37,Mistral OCR,yes,https://archive.org/details/japan-internal-affairs-894.20225-military-affairs-army-2,894.20225-1519.txt
894.20231-281,japan-internal-affairs-894.20231-military-affairs-army-1,"894.20231 Military Affairs. Army. Army Posts. Fortifications. Defenses. Military Instructors Advisers. ** Country In Which Serving., Military Activities Of Japan In Venezuela Including Gathering Of Information. Espionage. Propaganda. (File 281)",894.20231,281,2,Mistral OCR,yes,https://archive.org/details/japan-internal-affairs-894.20231-military-affairs-army-1,894.20231-281.txt
894.20231-1124,japan-internal-affairs-894.20231-military-affairs-army-2,"894.20231 Military Affairs. Army. Army Posts. Fortifications. Defenses. Military Instructors Advisers. ** Country In Which Serving., Military Activities Of Japan In Venezuela Including Gathering Of Information. Espionage. Propaganda., Novem (File 1124)",894.20231,1124,33,Mistral OCR,yes,https://archive.org/details/japan-internal-affairs-894.20231-military-affairs-army-2,894.20231-1124.txt
894.20232-463,japan-internal-affairs-894.20232-military-affairs-army,"894.20232 Military Affairs. Army. Army Posts. Fortifications. Defenses. Military Instructors Advisers. ** Country In Which Serving., Military Activities Of Japan In Brazil Including Gathering Of Information. Espionage. Propaganda. (File 463)",894.20232,463,2,Mistral OCR,yes,https://archive.org/details/japan-internal-affairs-894.20232-military-affairs-army,894.20232-463.txt
894.20232-1121,japan-internal-affairs-894.20232-military-affairs-army-2,"894.20232 Military Affairs. Army. Army Posts. Fortifications. Defenses. Military Instructors Advisers. ** Country In Which Serving., Military Activities Of Japan In Brazil Including Gathering Of Information. Espionage. Propaganda., May 17 (File 1121)",894.20232,1121,160,PaddleOCR,yes,https://archive.org/details/japan-internal-affairs-894.20232-military-affairs-army-2,894.20232-1121.txt
894.20232-1681,japan-internal-affairs-894.20232-military-affairs-army-3,"894.20232 Military Affairs. Army. Army Posts. Fortifications. Defenses. Military Instructors Advisers. ** Country In Which Serving., Military Activities Of Japan In Brazil Including Gathering Of Information. Espionage. Propaganda., January (File 1681)",894.20232,1681,410,PaddleOCR,no,https://archive.org/details/japan-internal-affairs-894.20232-military-affairs-army-3,894.20232-1681.txt
894.20233-491,japan-internal-affairs-894.20233-military-affairs-army-1,"894.20233 Military Affairs. Army. Army Posts. Fortifications. Defenses. Military Instructors Advisers. ** Country In Which Serving., Military Activities Of Japan In Uruguay Including Gathering Of Information. Espionage. Propaganda. (File 491)",894.20233,491,1,Mistral OCR,yes,https://archive.org/details/japan-internal-affairs-894.20233-military-affairs-army-1,894.20233-491.txt
894.20233-1152,japan-internal-affairs-894.20233-military-affairs-army-2,"894.20233 Military Affairs. Army. Army Posts. Fortifications. Defenses. Military Instructors Advisers. ** Country In Which Serving., Military Activities Of Japan In Uruguay Including Gathering Of Information. Espionage. Propaganda., July 5 (File 1152)",894.20233,1152,5,Mistral OCR,yes,https://archive.org/details/japan-internal-affairs-894.20233-military-affairs-army-2,894.20233-1152.txt
894.20234-1486,japan-internal-affairs-894.20234-military-affairs-army,"894.20234 Military Affairs. Army. Army Posts. Fortifications. Defenses. Military Instructors Advisers. ** Country In Which Serving., Military Activities Of Japan In Paraguay Including Gathering Of Information. Espionage. Propaganda., Januar (File 1486)",894.20234,1486,10,Mistral OCR,yes,https://archive.org/details/japan-internal-affairs-894.20234-military-affairs-army,894.20234-1486.txt
894.20235-492,japan-internal-affairs-894.20235-military-affairs-army-1,"894.20235 Military Affairs. Army. Army Posts. Fortifications. Defenses. Military Instructors Advisers. ** Country In Which Serving., Military Activities Of Japan In Argentina Including Gathering Of Information. Espionage. Propaganda. (File 492)",894.20235,492,1,Mistral OCR,yes,https://archive.org/details/japan-internal-affairs-894.20235-military-affairs-army-1,894.20235-492.txt
894.20235-893,japan-internal-affairs-894.20235-military-affairs-army-2,"894.20235 Military Affairs. Army. Army Posts. Fortifications. Defenses. Military Instructors Advisers. ** Country In Which Serving., Military Activities Of Japan In Argentina Including Gathering Of Information. Espionage. Propaganda., March (File 893)",894.20235,893,6,Mistral OCR,yes,https://archive.org/details/japan-internal-affairs-894.20235-military-affairs-army-2,894.20235-893.txt
894.20235-1590,japan-internal-affairs-894.20235-military-affairs-army-3,"894.20235 Military Affairs. Army. Army Posts. Fortifications. Defenses. Military Instructors Advisers. ** Country In Which Serving., Military Activities Of Japan In Argentina Including Gathering Of Information. Espionage. Propaganda., Febru (File 1590)",894.20235,1590,276,PaddleOCR,no,https://archive.org/details/japan-internal-affairs-894.20235-military-affairs-army-3,894.20235-1590.txt
894.20237-493,japan-internal-affairs-894.20237-military-affairs-army,"894.20237 Military Affairs. Army. Army Posts. Fortifications. Defenses. Military Instructors Advisers. ** Country In Which Serving., Military Activities Of Japan In Cuba Including Gathering Of Information. Espionage. Propaganda. (File 493)",894.20237,493,4,Mistral OCR,yes,https://archive.org/details/japan-internal-affairs-894.20237-military-affairs-army,894.20237-493.txt
894.20237-996,japan-internal-affairs-894.20237-military-affairs-army-2,"894.20237 Military Affairs. Army. Army Posts. Fortifications. Defenses. Military Instructors Advisers. ** Country In Which Serving., Military Activities Of Japan In Cuba Including Gathering Of Information. Espionage. Propaganda., March 7, 1 (File 996)",894.20237,996,85,PaddleOCR,yes,https://archive.org/details/japan-internal-affairs-894.20237-military-affairs-army-2,894.20237-996.txt
894.20238-45,japan-internal-affairs-894.20238-military-affairs-army-1,"894.20238 Military Affairs. Army. Army Posts. Fortifications. Defenses. Military Instructors Advisers. ** Country In Which Serving., Military Activities Of Japan In Haiti Including Gathering Of Information. Espionage. Propaganda. (File 45)",894.20238,45,1,Mistral OCR,yes,https://archive.org/details/japan-internal-affairs-894.20238-military-affairs-army-1,894.20238-45.txt
894.20238-489,japan-internal-affairs-894.20238-military-affairs-army-2,"894.20238 Military Affairs. Army. Army Posts. Fortifications. Defenses. Military Instructors Advisers. ** Country In Which Serving., Military Activities Of Japan In Haiti Including Gathering Of Information. Espionage. Propaganda. (File 489)",894.20238,489,1,Mistral OCR,yes,https://archive.org/details/japan-internal-affairs-894.20238-military-affairs-army-2,894.20238-489.txt
894.20238-992,japan-internal-affairs-894.20238-military-affairs-army-3,"894.20238 Military Affairs. Army. Army Posts. Fortifications. Defenses. Military Instructors Advisers. ** Country In Which Serving., Military Activities Of Japan In Haiti Including Gathering Of Information. Espionage. Propaganda., January 4 (File 992)",894.20238,992,7,Mistral OCR,yes,https://archive.org/details/japan-internal-affairs-894.20238-military-affairs-army-3,894.20238-992.txt
894.20238-1318,japan-internal-affairs-894.20238-military-affairs-army-4,"894.20238 Military Affairs. Army. Army Posts. Fortifications. Defenses. Military Instructors Advisers. ** Country In Which Serving., Military Activities Of Japan In Haiti Including Gathering Of Information. Espionage. Propaganda., January 6 (File 1318)",894.20238,1318,2,Mistral OCR,yes,https://archive.org/details/japan-internal-affairs-894.20238-military-affairs-army-4,894.20238-1318.txt
894.20239-44,japan-internal-affairs-894.20239-military-affairs-army-1,"894.20239 Military Affairs. Army. Army Posts. Fortifications. Defenses. Military Instructors Advisers. ** Country In Which Serving., Military Activities Of Japan In Dominican Republic Including Gathering Of Information. Espionage. Propagand (File 44)",894.20239,44,1,Mistral OCR,yes,https://archive.org/details/japan-internal-affairs-894.20239-military-affairs-army-1,894.20239-44.txt
894.20239-490,japan-internal-affairs-894.20239-military-affairs-army-2,"894.20239 Military Affairs. Army. Army Posts. Fortifications. Defenses. Military Instructors Advisers. ** Country In Which Serving., Military Activities Of Japan In Dominican Republic Including Gathering Of Information. Espionage. Propagand (File 490)",894.20239,490,1,Mistral OCR,yes,https://archive.org/details/japan-internal-affairs-894.20239-military-affairs-army-2,894.20239-490.txt
894.20239-1072,japan-internal-affairs-894.20239-military-affairs-army-3,"894.20239 Military Affairs. Army. Army Posts. Fortifications. Defenses. Military Instructors Advisers. ** Country In Which Serving., Military Activities Of Japan In Dominican Republic Including Gathering Of Information. Espionage. Propagand (File 1072)",894.20239,1072,2,Mistral OCR,yes,https://archive.org/details/japan-internal-affairs-894.20239-military-affairs-army-3,894.20239-1072.txt
894.20239-1319,japan-internal-affairs-894.20239-military-affairs-army-4,"894.20239 Military Affairs. Army. Army Posts. Fortifications. Defenses. Military Instructors Advisers. ** Country In Which Serving., Military Activities Of Japan In Dominican Republic Including Gathering Of Information. Espionage. Propagand (File 1319)",894.20239,1319,9,Mistral OCR,yes,https://archive.org/details/japan-internal-affairs-894.20239-military-affairs-army-4,894.20239-1319.txt
894.20240-46,japan-internal-affairs-894.20240-military-affairs-army-1,"894.20240 Military Affairs. Army. Army Posts. Fortifications. Defenses. Military Instructors Advisers. ** Country In Which Serving., Military Activities Of Japan In Europe Including Gathering Of Information. Espionage. Propaganda. (File 46)",894.20240,46,1,Mistral OCR,yes,https://archive.org/details/japan-internal-affairs-894.20240-military-affairs-army-1,894.20240-46.txt
894.20240-1320,japan-internal-affairs-894.20240-military-affairs-army-2,"894.20240 Military Affairs. Army. Army Posts. Fortifications. Defenses. Military Instructors Advisers. ** Country In Which Serving., Military Activities Of Japan In Europe Including Gathering Of Information. Espionage. Propaganda., January (File 1320)",894.20240,1320,1,Mistral OCR,yes,https://archive.org/details/japan-internal-affairs-894.20240-military-affairs-army-2,894.20240-1320.txt
894.20240-1506,japan-internal-affairs-894.20240-military-affairs-army-3,"894.20240 Military Affairs. Army. Army Posts. Fortifications. Defenses. Military Instructors Advisers. ** Country In Which Serving., Military Activities Of Japan In Europe Including Gathering Of Information. Espionage. Propaganda., February (File 1506)",894.20240,1506,100,PaddleOCR,yes,https://archive.org/details/japan-internal-affairs-894.20240-military-affairs-army-3,894.20240-1506.txt
894.20241-40,japan-internal-affairs-894.20241-military-affairs-army-1,"894.20241 Military Affairs. Army. Army Posts. Fortifications. Defenses. Military Instructors Advisers. ** Country In Which Serving., Military Activities Of Japan In United Kingdom Including Gathering Of Information. Espionage. Propaganda. (File 40)",894.20241,40,1,Mistral OCR,yes,https://archive.org/details/japan-internal-affairs-894.20241-military-affairs-army-1,894.20241-40.txt
894.20241-488,japan-internal-affairs-894.20241-military-affairs-army-2,"894.20241 Military Affairs. Army. Army Posts. Fortifications. Defenses. Military Instructors Advisers. ** Country In Which Serving., Military Activities Of Japan In United Kingdom Including Gathering Of Information. Espionage. Propaganda. (File 488)",894.20241,488,1,Mistral OCR,yes,https://archive.org/details/japan-internal-affairs-894.20241-military-affairs-army-2,894.20241-488.txt
894.20241-804,japan-internal-affairs-894.20241-military-affairs-army-3,"894.20241 Military Affairs. Army. Army Posts. Fortifications. Defenses. Military Instructors Advisers. ** Country In Which Serving., Military Activities Of Japan In United Kingdom Including Gathering Of Information. Espionage. Propaganda. (File 804)",894.20241,804,3,Mistral OCR,yes,https://archive.org/details/japan-internal-affairs-894.20241-military-affairs-army-3,894.20241-804.txt
894.20241-1361,japan-internal-affairs-894.20241-military-affairs-army-4,"894.20241 Military Affairs. Army. Army Posts. Fortifications. Defenses. Military Instructors Advisers. ** Country In Which Serving., Military Activities Of Japan In United Kingdom Including Gathering Of Information. Espionage. Propaganda. (File 1361)",894.20241,1361,2,Mistral OCR,yes,https://archive.org/details/japan-internal-affairs-894.20241-military-affairs-army-4,894.20241-1361.txt
894.20241D-41,japan-internal-affairs-894.20241d-military-affairs-army-1,"894.20241D Military Affairs. Army. Army Posts. Fortifications. Defenses. Military Instructors Advisers. ** Country In Which Serving., Military Activities Of Japan In Ireland Including Gathering Of Information. Espionage. Propaganda. (File 41)",894.20241D,41,1,Mistral OCR,yes,https://archive.org/details/japan-internal-affairs-894.20241d-military-affairs-army-1,894.20241D-41.txt
894.20241D-1373,japan-internal-affairs-894.20241d-military-affairs-army-2,"894.20241D Military Affairs. Army. Army Posts. Fortifications. Defenses. Military Instructors Advisers. ** Country In Which Serving., Military Activities Of Japan In Ireland Including Gathering Of Information. Espionage. Propaganda., Novemb (File 1373)",894.20241D,1373,2,Mistral OCR,yes,https://archive.org/details/japan-internal-affairs-894.20241d-military-affairs-army-2,894.20241D-1373.txt
894.20242-42,japan-internal-affairs-894.20242-military-affairs-army-1,"894.20242 Military Affairs. Army. Army Posts. Fortifications. Defenses. Military Instructors Advisers. ** Country In Which Serving., Military Activities Of Japan In Canada Including Gathering Of Information. Espionage. Propaganda. (File 42)",894.20242,42,1,Mistral OCR,yes,https://archive.org/details/japan-internal-affairs-894.20242-military-affairs-army-1,894.20242-42.txt
894.20242-498,japan-internal-affairs-894.20242-military-affairs-army-2,"894.20242 Military Affairs. Army. Army Posts. Fortifications. Defenses. Military Instructors Advisers. ** Country In Which Serving., Military Activities Of Japan In Canada Including Gathering Of Information. Espionage. Propaganda. (File 498)",894.20242,498,1,Mistral OCR,yes,https://archive.org/details/japan-internal-affairs-894.20242-military-affairs-army-2,894.20242-498.txt
894.20242-985,japan-internal-affairs-894.20242-military-affairs-army-3,"894.20242 Military Affairs. Army. Army Posts. Fortifications. Defenses. Military Instructors Advisers. ** Country In Which Serving., Military Activities Of Japan In Canada Including Gathering Of Information. Espionage. Propaganda., November (File 985)",894.20242,985,20,Mistral OCR,yes,https://archive.org/details/japan-internal-affairs-894.20242-military-affairs-army-3,894.20242-985.txt
894.20242-1310,japan-internal-affairs-894.20242-military-affairs-army-4,"894.20242 Military Affairs. Army. Army Posts. Fortifications. Defenses. Military Instructors Advisers. ** Country In Which Serving., Military Activities Of Japan In Canada Including Gathering Of Information. Espionage. Propaganda., November (File 1310)",894.20242,1310,4,Mistral OCR,yes,https://archive.org/details/japan-internal-affairs-894.20242-military-affairs-army-4,894.20242-1310.txt
894.20242H-43,japan-internal-affairs-894.20242h-military-affairs-army-1,"894.20242H Military Affairs. Army. Army Posts. Fortifications. Defenses. Military Instructors Advisers. ** Country In Which Serving., Military Activities Of Japan In British Columbia Including Gathering Of Information. Espionage. Propaganda (File 43)",894.20242H,43,1,Mistral OCR,yes,https://archive.org/details/japan-internal-affairs-894.20242h-military-affairs-army-1,894.20242H-43.txt
894.20242H-1324,japan-internal-affairs-894.20242h-military-affairs-army-2,"894.20242H Military Affairs. Army. Army Posts. Fortifications. Defenses. Military Instructors Advisers. ** Country In Which Serving., Military Activities Of Japan In British Columbia Including Gathering Of Information. Espionage. Propaganda (File 1324)",894.20242H,1324,13,Mistral OCR,yes,https://archive.org/details/japan-internal-affairs-894.20242h-military-affairs-army-2,894.20242H-1324.txt
894.20245-55,japan-internal-affairs-894.20245-military-affairs-army-1,"894.20245 Military Affairs. Army. Army Posts. Fortifications. Defenses. Military Instructors Advisers. ** Country In Which Serving., Military Activities Of Japan In India Including Gathering Of Information. Espionage. Propaganda. (File 55)",894.20245,55,1,Mistral OCR,yes,https://archive.org/details/japan-internal-affairs-894.20245-military-affairs-army-1,894.20245-55.txt
894.20245-1455,japan-internal-affairs-894.20245-military-affairs-army-2,"894.20245 Military Affairs. Army. Army Posts. Fortifications. Defenses. Military Instructors Advisers. ** Country In Which Serving., Military Activities Of Japan In India Including Gathering Of Information. Espionage. Propaganda., October 1 (File 1455)",894.20245,1455,8,Mistral OCR,yes,https://archive.org/details/japan-internal-affairs-894.20245-military-affairs-army-2,894.20245-1455.txt
894.20245C-54,japan-internal-affairs-894.20245c-military-affairs-army-1,"894.20245C Military Affairs. Army. Army Posts. Fortifications. Defenses. Military Instructors Advisers. ** Country In Which Serving., Military Activities Of Japan In Burma Including Gathering Of Information. Espionage. Propaganda. (File 54)",894.20245C,54,1,Mistral OCR,yes,https://archive.org/details/japan-internal-affairs-894.20245c-military-affairs-army-1,894.20245C-54.txt
894.20245C-500,japan-internal-affairs-894.20245c-military-affairs-army-2,"894.20245C Military Affairs. Army. Army Posts. Fortifications. Defenses. Military Instructors Advisers. ** Country In Which Serving., Military Activities Of Japan In Burma Including Gathering Of Information. Espionage. Propaganda. (File 500)",894.20245C,500,1,Mistral OCR,yes,https://archive.org/details/japan-internal-affairs-894.20245c-military-affairs-army-2,894.20245C-500.txt
894.20245C-1066,japan-internal-affairs-894.20245c-military-affairs-army-3,"894.20245C Military Affairs. Army. Army Posts. Fortifications. Defenses. Military Instructors Advisers. ** Country In Which Serving., Military Activities Of Japan In Burma Including Gathering Of Information. Espionage. Propaganda., December (File 1066)",894.20245C,1066,1,Mistral OCR,yes,https://archive.org/details/japan-internal-affairs-894.20245c-military-affairs-army-3,894.20245C-1066.txt
894.20245C-1397,japan-internal-affairs-894.20245c-military-affairs-army-4,"894.20245C Military Affairs. Army. Army Posts. Fortifications. Defenses. Military Instructors Advisers. ** Country In Which Serving., Military Activities Of Japan In Burma Including Gathering Of Information. Espionage. Propaganda., August 1 (File 1397)",894.20245C,1397,2,Mistral OCR,yes,https://archive.org/details/japan-internal-affairs-894.20245c-military-affairs-army-4,894.20245C-1397.txt
894.20246C-512,japan-internal-affairs-894.20246c-military-affairs-army-1,"894.20246C Military Affairs. Army. Army Posts. Fortifications. Defenses. Military Instructors Advisers. ** Country In Which Serving., Military Activities Of Japan In Ceylon Including Gathering Of Information. Espionage. Propaganda. (File 512)",894.20246C,512,1,Mistral OCR,yes,https://archive.org/details/japan-internal-affairs-894.20246c-military-affairs-army-1,894.20246C-512.txt
894.20246C-897,japan-internal-affairs-894.20246c-military-affairs-army-2,"894.20246C Military Affairs. Army. Army Posts. Fortifications. Defenses. Military Instructors Advisers. ** Country In Which Serving., Military Activities Of Japan In Ceylon Including Gathering Of Information. Espionage. Propaganda., July 22 (File 897)",894.20246C,897,9,Mistral OCR,yes,https://archive.org/details/japan-internal-affairs-894.20246c-military-affairs-army-2,894.20246C-897.txt
894.20246C-1451,japan-internal-affairs-894.20246c-military-affairs-army-3,"894.20246C Military Affairs. Army. Army Posts. Fortifications. Defenses. Military Instructors Advisers. ** Country In Which Serving., Military Activities Of Japan In Ceylon Including Gathering Of Information. Espionage. Propaganda., Septemb (File 1451)",894.20246C,1451,5,Mistral OCR,yes,https://archive.org/details/japan-internal-affairs-894.20246c-military-affairs-army-3,894.20246C-1451.txt
894.20246C-1484,japan-internal-affairs-894.20246c-military-affairs-army-4,"894.20246C Military Affairs. Army. Army Posts. Fortifications. Defenses. Military Instructors Advisers. ** Country In Which Serving., Military Activities Of Japan In Ceylon Including Gathering Of Information. Espionage. Propaganda., Septemb (File 1484)",894.20246C,1484,14,Mistral OCR,yes,https://archive.org/details/japan-internal-affairs-894.20246c-military-affairs-army-4,894.20246C-1484.txt
894.20246D-53,japan-internal-affairs-894.20246d-military-affairs-army-1,"894.20246D Military Affairs. Army. Army Posts. Fortifications. Defenses. Military Instructors Advisers. ** Country In Which Serving., Military Activities Of Japan In Straits Settlements Including Gathering Of Information. Espionage. Propaga (File 53)",894.20246D,53,1,Mistral OCR,yes,https://archive.org/details/japan-internal-affairs-894.20246d-military-affairs-army-1,894.20246D-53.txt
894.20246D-513,japan-internal-affairs-894.20246d-military-affairs-army-2,"894.20246D Military Affairs. Army. Army Posts. Fortifications. Defenses. Military Instructors Advisers. ** Country In Which Serving., Military Activities Of Japan In Straits Settlements Including Gathering Of Information. Espionage. Propaga (File 513)",894.20246D,513,1,Mistral OCR,yes,https://archive.org/details/japan-internal-affairs-894.20246d-military-affairs-army-2,894.20246D-513.txt
894.20246D-1088,japan-internal-affairs-894.20246d-military-affairs-army-3,"894.20246D Military Affairs. Army. Army Posts. Fortifications. Defenses. Military Instructors Advisers. ** Country In Which Serving., Military Activities Of Japan In Straits Settlements Including Gathering Of Information. Espionage. Propaga (File 1088)",894.20246D,1088,26,Mistral OCR,yes,https://archive.org/details/japan-internal-affairs-894.20246d-military-affairs-army-3,894.20246D-1088.txt
894.20246D-1315,japan-internal-affairs-894.20246d-military-affairs-army-4,"894.20246D Military Affairs. Army. Army Posts. Fortifications. Defenses. Military Instructors Advisers. ** Country In Which Serving., Military Activities Of Japan In Straits Settlements Including Gathering Of Information. Espionage. Propaga (File 1315)",894.20246D,1315,8,Mistral OCR,yes,https://archive.org/details/japan-internal-affairs-894.20246d-military-affairs-army-4,894.20246D-1315.txt
894.20246G-52,japan-internal-affairs-894.20246g-military-affairs-army-1,"894.20246G Military Affairs. Army. Army Posts. Fortifications. Defenses. Military Instructors Advisers. ** Country In Which Serving., Military Activities Of Japan In Hong Kong Including Gathering Of Information. Espionage. Propaganda. (File 52)",894.20246G,52,1,Mistral OCR,yes,https://archive.org/details/japan-internal-affairs-894.20246g-military-affairs-army-1,894.20246G-52.txt
894.20246G-510,japan-internal-affairs-894.20246g-military-affairs-army-2,"894.20246G Military Affairs. Army. Army Posts. Fortifications. Defenses. Military Instructors Advisers. ** Country In Which Serving., Military Activities Of Japan In Hong Kong Including Gathering Of Information. Espionage. Propaganda. (File 510)",894.20246G,510,1,Mistral OCR,yes,https://archive.org/details/japan-internal-affairs-894.20246g-military-affairs-army-2,894.20246G-510.txt
894.20246G-930,japan-internal-affairs-894.20246g-military-affairs-army-3,"894.20246G Military Affairs. Army. Army Posts. Fortifications. Defenses. Military Instructors Advisers. ** Country In Which Serving., Military Activities Of Japan In Hong Kong Including Gathering Of Information. Espionage. Propaganda., May (File 930)",894.20246G,930,24,Mistral OCR,yes,https://archive.org/details/japan-internal-affairs-894.20246g-military-affairs-army-3,894.20246G-930.txt
894.20246G-1197,japan-internal-affairs-894.20246g-military-affairs-army-4,"894.20246G Military Affairs. Army. Army Posts. Fortifications. Defenses. Military Instructors Advisers. ** Country In Which Serving., Military Activities Of Japan In Hong Kong Including Gathering Of Information. Espionage. Propaganda., June (File 1197)",894.20246G,1197,2,Mistral OCR,yes,https://archive.org/details/japan-internal-affairs-894.20246g-military-affairs-army-4,894.20246G-1197.txt
894.20246L-1490,japan-internal-affairs-894.20246l-military-affairs-army,"894.20246L Military Affairs. Army. Army Posts. Fortifications. Defenses. Military Instructors Advisers. ** Country In Which Serving., Military Activities Of Japan In Papua New Guinea Including Gathering Of Information. Espionage. Propaganda (File 1490)",894.20246L,1490,4,Mistral OCR,yes,https://archive.org/details/japan-internal-affairs-894.20246l-military-affairs-army,894.20246L-1490.txt
894.20247-57,japan-internal-affairs-894.20247-military-affairs-army-1,"894.20247 Military Affairs. Army. Army Posts. Fortifications. Defenses. Military Instructors Advisers. ** Country In Which Serving., Military Activities Of Japan In Australia Including Gathering Of Information. Espionage. Propaganda. (File 57)",894.20247,57,1,Mistral OCR,yes,https://archive.org/details/japan-internal-affairs-894.20247-military-affairs-army-1,894.20247-57.txt
894.20247-511,japan-internal-affairs-894.20247-military-affairs-army-2,"894.20247 Military Affairs. Army. Army Posts. Fortifications. Defenses. Military Instructors Advisers. ** Country In Which Serving., Military Activities Of Japan In Australia Including Gathering Of Information. Espionage. Propaganda. (File 511)",894.20247,511,1,Mistral OCR,yes,https://archive.org/details/japan-internal-affairs-894.20247-military-affairs-army-2,894.20247-511.txt
894.20247-833,japan-internal-affairs-894.20247-military-affairs-army-3,"894.20247 Military Affairs. Army. Army Posts. Fortifications. Defenses. Military Instructors Advisers. ** Country In Which Serving., Military Activities Of Japan In Australia Including Gathering Of Information. Espionage. Propaganda., May 5 (File 833)",894.20247,833,8,Mistral OCR,yes,https://archive.org/details/japan-internal-affairs-894.20247-military-affairs-army-3,894.20247-833.txt
894.20247-1368,japan-internal-affairs-894.20247-military-affairs-army-4,"894.20247 Military Affairs. Army. Army Posts. Fortifications. Defenses. Military Instructors Advisers. ** Country In Which Serving., Military Activities Of Japan In Australia Including Gathering Of Information. Espionage. Propaganda., Octob (File 1368)",894.20247,1368,1,Mistral OCR,yes,https://archive.org/details/japan-internal-affairs-894.20247-military-affairs-army-4,894.20247-1368.txt
894.20248H-140,japan-internal-affairs-894.20248h-military-affairs-army,"894.20248H Military Affairs. Army. Army Posts. Fortifications. Defenses. Military Instructors Advisers. ** Country In Which Serving., Military Activities Of Japan In Bechuanaland Including Gathering Of Information. Espionage. Propaganda. (File 140)",894.20248H,140,1,Mistral OCR,yes,https://archive.org/details/japan-internal-affairs-894.20248h-military-affairs-army,894.20248H-140.txt
894.20248T-508,japan-internal-affairs-894.20248t-military-affairs-army-1,"894.20248T Military Affairs. Army. Army Posts. Fortifications. Defenses. Military Instructors Advisers. ** Country In Which Serving., Military Activities Of Japan In Kenya Including Gathering Of Information. Espionage. Propaganda. (File 508)",894.20248T,508,1,Mistral OCR,yes,https://archive.org/details/japan-internal-affairs-894.20248t-military-affairs-army-1,894.20248T-508.txt
894.20248T-1004,japan-internal-affairs-894.20248t-military-affairs-army-2,"894.20248T Military Affairs. Army. Army Posts. Fortifications. Defenses. Military Instructors Advisers. ** Country In Which Serving., Military Activities Of Japan In Kenya Including Gathering Of Information. Espionage. Propaganda., March 7 (File 1004)",894.20248T,1004,4,Mistral OCR,yes,https://archive.org/details/japan-internal-affairs-894.20248t-military-affairs-army-2,894.20248T-1004.txt
894.20251-56,japan-internal-affairs-894.20251-military-affairs-army-1,"894.20251 Military Affairs. Army. Army Posts. Fortifications. Defenses. Military Instructors Advisers. ** Country In Which Serving., Military Activities Of Japan In France Including Gathering Of Information. Espionage. Propaganda. (File 56)",894.20251,56,1,Mistral OCR,yes,https://archive.org/details/japan-internal-affairs-894.20251-military-affairs-army-1,894.20251-56.txt
894.20251-141,japan-internal-affairs-894.20251-military-affairs-army-2,"894.20251 Military Affairs. Army. Army Posts. Fortifications. Defenses. Military Instructors Advisers. ** Country In Which Serving., Military Activities Of Japan In France Including Gathering Of Information. Espionage. Propaganda. (File 141)",894.20251,141,2,Mistral OCR,yes,https://archive.org/details/japan-internal-affairs-894.20251-military-affairs-army-2,894.20251-141.txt
894.20251-509,japan-internal-affairs-894.20251-military-affairs-army-3,"894.20251 Military Affairs. Army. Army Posts. Fortifications. Defenses. Military Instructors Advisers. ** Country In Which Serving., Military Activities Of Japan In France Including Gathering Of Information. Espionage. Propaganda. (File 509)",894.20251,509,1,Mistral OCR,yes,https://archive.org/details/japan-internal-affairs-894.20251-military-affairs-army-3,894.20251-509.txt
894.20251-770,japan-internal-affairs-894.20251-military-affairs-army-4,"894.20251 Military Affairs. Army. Army Posts. Fortifications. Defenses. Military Instructors Advisers. ** Country In Which Serving., Military Activities Of Japan In France Including Gathering Of Information. Espionage. Propaganda., November (File 770)",894.20251,770,5,Mistral OCR,yes,https://archive.org/details/japan-internal-affairs-894.20251-military-affairs-army-4,894.20251-770.txt
894.20251-1595,japan-internal-affairs-894.20251-military-affairs-army-5,"894.20251 Military Affairs. Army. Army Posts. Fortifications. Defenses. Military Instructors Advisers. ** Country In Which Serving., Military Activities Of Japan In France Including Gathering Of Information. Espionage. Propaganda., March 22 (File 1595)",894.20251,1595,13,Mistral OCR,yes,https://archive.org/details/japan-internal-affairs-894.20251-military-affairs-army-5,894.20251-1595.txt
894.20251G-506,japan-internal-affairs-894.20251g-military-affairs-army-1,"894.20251G Military Affairs. Army. Army Posts. Fortifications. Defenses. Military Instructors Advisers. ** Country In Which Serving., Military Activities Of Japan In French Indo-China Including Gathering Of Information. Espionage. Propagand (File 506)",894.20251G,506,1,Mistral OCR,yes,https://archive.org/details/japan-internal-affairs-894.20251g-military-affairs-army-1,894.20251G-506.txt
894.20251G-1051,japan-internal-affairs-894.20251g-military-affairs-army-2,"894.20251G Military Affairs. Army. Army Posts. Fortifications. Defenses. Military Instructors Advisers. ** Country In Which Serving., Military Activities Of Japan In French Indo-China Including Gathering Of Information. Espionage. Propagand (File 1051)",894.20251G,1051,6,Mistral OCR,yes,https://archive.org/details/japan-internal-affairs-894.20251g-military-affairs-army-2,894.20251G-1051.txt
894.20251G-1479,japan-internal-affairs-894.20251g-military-affairs-army-3,"894.20251G Military Affairs. Army. Army Posts. Fortifications. Defenses. Military Instructors Advisers. ** Country In Which Serving., Military Activities Of Japan In French Indo-China Including Gathering Of Information. Espionage. Propagand (File 1479)",894.20251G,1479,5,Mistral OCR,yes,https://archive.org/details/japan-internal-affairs-894.20251g-military-affairs-army-3,894.20251G-1479.txt
894.20251G-1524,japan-internal-affairs-894.20251g-military-affairs-army-4,"894.20251G Military Affairs. Army. Army Posts. Fortifications. Defenses. Military Instructors Advisers. ** Country In Which Serving., Military Activities Of Japan In French Indo-China Including Gathering Of Information. Espionage. Propagand (File 1524)",894.20251G,1524,9,Mistral OCR,yes,https://archive.org/details/japan-internal-affairs-894.20251g-military-affairs-army-4,894.20251G-1524.txt
894.20251M-47,japan-internal-affairs-894.20251m-military-affairs-army-1,"894.20251M Military Affairs. Army. Army Posts. Fortifications. Defenses. Military Instructors Advisers. ** Country In Which Serving., Military Activities Of Japan In Society Islands Including Gathering Of Information. Espionage. Propaganda. (File 47)",894.20251M,47,1,Mistral OCR,yes,https://archive.org/details/japan-internal-affairs-894.20251m-military-affairs-army-1,894.20251M-47.txt
894.20251M-1325,japan-internal-affairs-894.20251m-military-affairs-army-2,"894.20251M Military Affairs. Army. Army Posts. Fortifications. Defenses. Military Instructors Advisers. ** Country In Which Serving., Military Activities Of Japan In Society Islands Including Gathering Of Information. Espionage. Propaganda. (File 1325)",894.20251M,1325,29,Mistral OCR,yes,https://archive.org/details/japan-internal-affairs-894.20251m-military-affairs-army-2,894.20251M-1325.txt
894.20251W-50,japan-internal-affairs-894.20251w-military-affairs-army-1,"894.20251W Military Affairs. Army. Army Posts. Fortifications. Defenses. Military Instructors Advisers. ** Country In Which Serving., Military Activities Of Japan In Madagascar Including Gathering Of Information. Espionage. Propaganda. (File 50)",894.20251W,50,1,Mistral OCR,yes,https://archive.org/details/japan-internal-affairs-894.20251w-military-affairs-army-1,894.20251W-50.txt
894.20251W-1335,japan-internal-affairs-894.20251w-military-affairs-army-2,"894.20251W Military Affairs. Army. Army Posts. Fortifications. Defenses. Military Instructors Advisers. ** Country In Which Serving., Military Activities Of Japan In Madagascar Including Gathering Of Information. Espionage. Propaganda., Mar (File 1335)",894.20251W,1335,3,Mistral OCR,yes,https://archive.org/details/japan-internal-affairs-894.20251w-military-affairs-army-2,894.20251W-1335.txt
894.20252-51,japan-internal-affairs-894.20252-military-affairs-army-1,"894.20252 Military Affairs. Army. Army Posts. Fortifications. Defenses. Military Instructors Advisers. ** Country In Which Serving., Military Activities Of Japan In Spain Including Gathering Of Information. Espionage. Propaganda. (File 51)",894.20252,51,1,Mistral OCR,yes,https://archive.org/details/japan-internal-affairs-894.20252-military-affairs-army-1,894.20252-51.txt
894.20252-1354,japan-internal-affairs-894.20252-military-affairs-army-2,"894.20252 Military Affairs. Army. Army Posts. Fortifications. Defenses. Military Instructors Advisers. ** Country In Which Serving., Military Activities Of Japan In Spain Including Gathering Of Information. Espionage. Propaganda., March 11 (File 1354)",894.20252,1354,12,Mistral OCR,yes,https://archive.org/details/japan-internal-affairs-894.20252-military-affairs-army-2,894.20252-1354.txt
894.20252-1516,japan-internal-affairs-894.20252-military-affairs-army-3,"894.20252 Military Affairs. Army. Army Posts. Fortifications. Defenses. Military Instructors Advisers. ** Country In Which Serving., Military Activities Of Japan In Spain Including Gathering Of Information. Espionage. Propaganda., January 8 (File 1516)",894.20252,1516,19,Mistral OCR,yes,https://archive.org/details/japan-internal-affairs-894.20252-military-affairs-army-3,894.20252-1516.txt
894.20252A-48,japan-internal-affairs-894.20252a-military-affairs-army-1,"894.20252A Military Affairs. Army. Army Posts. Fortifications. Defenses. Military Instructors Advisers. ** Country In Which Serving., Military Activities Of Japan In Canary Islands Including Gathering Of Information. Espionage. Propaganda. (File 48)",894.20252A,48,1,Mistral OCR,yes,https://archive.org/details/japan-internal-affairs-894.20252a-military-affairs-army-1,894.20252A-48.txt
894.20252A-1334,japan-internal-affairs-894.20252a-military-affairs-army-2,"894.20252A Military Affairs. Army. Army Posts. Fortifications. Defenses. Military Instructors Advisers. ** Country In Which Serving., Military Activities Of Japan In Canary Islands Including Gathering Of Information. Espionage. Propaganda. (File 1334)",894.20252A,1334,4,Mistral OCR,yes,https://archive.org/details/japan-internal-affairs-894.20252a-military-affairs-army-2,894.20252A-1334.txt
894.20253-49,japan-internal-affairs-894.20253-military-affairs-army-1,"894.20253 Military Affairs. Army. Army Posts. Fortifications. Defenses. Military Instructors Advisers. ** Country In Which Serving., Military Activities Of Japan In Portugal Including Gathering Of Information. Espionage. Propaganda. (File 49)",894.20253,49,1,Mistral OCR,yes,https://archive.org/details/japan-internal-affairs-894.20253-military-affairs-army-1,894.20253-49.txt
894.20253-1461,japan-internal-affairs-894.20253-military-affairs-army-2,"894.20253 Military Affairs. Army. Army Posts. Fortifications. Defenses. Military Instructors Advisers. ** Country In Which Serving., Military Activities Of Japan In Portugal Including Gathering Of Information. Espionage. Propaganda., Januar (File 1461)",894.20253,1461,22,Mistral OCR,yes,https://archive.org/details/japan-internal-affairs-894.20253-military-affairs-army-2,894.20253-1461.txt
894.20253E-59,japan-internal-affairs-894.20253e-military-affairs-army-1,"894.20253E Military Affairs. Army. Army Posts. Fortifications. Defenses. Military Instructors Advisers. ** Country In Which Serving., Military Activities Of Japan In Macao Including Gathering Of Information. Espionage. Propaganda. (File 59)",894.20253E,59,1,Mistral OCR,yes,https://archive.org/details/japan-internal-affairs-894.20253e-military-affairs-army-1,894.20253E-59.txt
894.20253E-507,japan-internal-affairs-894.20253e-military-affairs-army-2,"894.20253E Military Affairs. Army. Army Posts. Fortifications. Defenses. Military Instructors Advisers. ** Country In Which Serving., Military Activities Of Japan In Macao Including Gathering Of Information. Espionage. Propaganda. (File 507)",894.20253E,507,1,Mistral OCR,yes,https://archive.org/details/japan-internal-affairs-894.20253e-military-affairs-army-2,894.20253E-507.txt
894.20253E-952,japan-internal-affairs-894.20253e-military-affairs-army-3,"894.20253E Military Affairs. Army. Army Posts. Fortifications. Defenses. Military Instructors Advisers. ** Country In Which Serving., Military Activities Of Japan In Macao Including Gathering Of Information. Espionage. Propaganda., April 9 (File 952)",894.20253E,952,8,Mistral OCR,yes,https://archive.org/details/japan-internal-affairs-894.20253e-military-affairs-army-3,894.20253E-952.txt
894.20253E-1252,japan-internal-affairs-894.20253e-military-affairs-army-4,"894.20253E Military Affairs. Army. Army Posts. Fortifications. Defenses. Military Instructors Advisers. ** Country In Which Serving., Military Activities Of Japan In Macao Including Gathering Of Information. Espionage. Propaganda., February (File 1252)",894.20253E,1252,2,Mistral OCR,yes,https://archive.org/details/japan-internal-affairs-894.20253e-military-affairs-army-4,894.20253E-1252.txt
894.20253F-470,japan-internal-affairs-894.20253f-military-affairs-army-1,"894.20253F Military Affairs. Army. Army Posts. Fortifications. Defenses. Military Instructors Advisers. ** Country In Which Serving., Military Activities Of Japan In Timor Including Gathering Of Information. Espionage. Propaganda. (File 470)",894.20253F,470,2,Mistral OCR,yes,https://archive.org/details/japan-internal-affairs-894.20253f-military-affairs-army-1,894.20253F-470.txt
894.20253F-994,japan-internal-affairs-894.20253f-military-affairs-army-2,"894.20253F Military Affairs. Army. Army Posts. Fortifications. Defenses. Military Instructors Advisers. ** Country In Which Serving., Military Activities Of Japan In Timor Including Gathering Of Information. Espionage. Propaganda., November (File 994)",894.20253F,994,8,Mistral OCR,yes,https://archive.org/details/japan-internal-affairs-894.20253f-military-affairs-army-2,894.20253F-994.txt
894.20253N-58,japan-internal-affairs-894.20253n-military-affairs-army-1,"894.20253N Military Affairs. Army. Army Posts. Fortifications. Defenses. Military Instructors Advisers. ** Country In Which Serving., Military Activities Of Japan In Portuguese East Africa Including Gathering Of Information. Espionage. Prop (File 58)",894.20253N,58,1,Mistral OCR,yes,https://archive.org/details/japan-internal-affairs-894.20253n-military-affairs-army-1,894.20253N-58.txt
894.20253N-1337,japan-internal-affairs-894.20253n-military-affairs-army-2,"894.20253N Military Affairs. Army. Army Posts. Fortifications. Defenses. Military Instructors Advisers. ** Country In Which Serving., Military Activities Of Japan In Portuguese East Africa Including Gathering Of Information. Espionage. Prop (File 1337)",894.20253N,1337,1,Mistral OCR,yes,https://archive.org/details/japan-internal-affairs-894.20253n-military-affairs-army-2,894.20253N-1337.txt
894.20254-1358,japan-internal-affairs-894.20254-military-affairs-army,"894.20254 Military Affairs. Army. Army Posts. Fortifications. Defenses. Military Instructors Advisers. ** Country In Which Serving., Military Activities Of Japan In Switzerland Including Gathering Of Information. Espionage. Propaganda., Jul (File 1358)",894.20254,1358,1,Mistral OCR,yes,https://archive.org/details/japan-internal-affairs-894.20254-military-affairs-army,894.20254-1358.txt
894.20256-474,japan-internal-affairs-894.20256-military-affairs-army-1,"894.20256 Military Affairs. Army. Army Posts. Fortifications. Defenses. Military Instructors Advisers. ** Country In Which Serving., Military Activities Of Japan In Netherlands Including Gathering Of Information. Espionage. Propaganda. (File 474)",894.20256,474,1,Mistral OCR,yes,https://archive.org/details/japan-internal-affairs-894.20256-military-affairs-army-1,894.20256-474.txt
894.20256-1254,japan-internal-affairs-894.20256-military-affairs-army-2,"894.20256 Military Affairs. Army. Army Posts. Fortifications. Defenses. Military Instructors Advisers. ** Country In Which Serving., Military Activities Of Japan In Netherlands Including Gathering Of Information. Espionage. Propaganda., Apr (File 1254)",894.20256,1254,1,Mistral OCR,yes,https://archive.org/details/japan-internal-affairs-894.20256-military-affairs-army-2,894.20256-1254.txt
894.20256D-196,japan-internal-affairs-894.20256d-military-affairs-army-1,"894.20256D Military Affairs. Army. Army Posts. Fortifications. Defenses. Military Instructors Advisers. ** Country In Which Serving., Military Activities Of Japan In Netherlands Indies Including Gathering Of Information. Espionage. Propagan (File 196)",894.20256D,196,1,Mistral OCR,yes,https://archive.org/details/japan-internal-affairs-894.20256d-military-affairs-army-1,894.20256D-196.txt
894.20256D-472,japan-internal-affairs-894.20256d-military-affairs-army-2,"894.20256D Military Affairs. Army. Army Posts. Fortifications. Defenses. Military Instructors Advisers. ** Country In Which Serving., Military Activities Of Japan In Netherlands Indies Including Gathering Of Information. Espionage. Propagan (File 472)",894.20256D,472,2,Mistral OCR,yes,https://archive.org/details/japan-internal-affairs-894.20256d-military-affairs-army-2,894.20256D-472.txt
894.20256D-1107,japan-internal-affairs-894.20256d-military-affairs-army-3,"894.20256D Military Affairs. Army. Army Posts. Fortifications. Defenses. Military Instructors Advisers. ** Country In Which Serving., Military Activities Of Japan In Netherlands Indies Including Gathering Of Information. Espionage. Propagan (File 1107)",894.20256D,1107,9,Mistral OCR,yes,https://archive.org/details/japan-internal-affairs-894.20256d-military-affairs-army-3,894.20256D-1107.txt
894.20256D-1395,japan-internal-affairs-894.20256d-military-affairs-army-5,"894.20256D Military Affairs. Army. Army Posts. Fortifications. Defenses. Military Instructors Advisers. ** Country In Which Serving., Military Activities Of Japan In Netherlands Indies Including Gathering Of Information. Espionage. Propagan (File 1395)",894.20256D,1395,76,PaddleOCR,yes,https://archive.org/details/japan-internal-affairs-894.20256d-military-affairs-army-5,894.20256D-1395.txt
894.20256D-1702,japan-internal-affairs-894.20256d-military-affairs-army-4,"894.20256D Military Affairs. Army. Army Posts. Fortifications. Defenses. Military Instructors Advisers. ** Country In Which Serving., Military Activities Of Japan In Netherlands Indies Including Gathering Of Information. Espionage. Propagan (File 1702)",894.20256D,1702,25,Mistral OCR,yes,https://archive.org/details/japan-internal-affairs-894.20256d-military-affairs-army-4,894.20256D-1702.txt
894.20256E-197,japan-internal-affairs-894.20256e-military-affairs-army-1,"894.20256E Military Affairs. Army. Army Posts. Fortifications. Defenses. Military Instructors Advisers. ** Country In Which Serving., Military Activities Of Japan In Java And Madura Including Gathering Of Information. Espionage. Propaganda. (File 197)",894.20256E,197,1,Mistral OCR,yes,https://archive.org/details/japan-internal-affairs-894.20256e-military-affairs-army-1,894.20256E-197.txt
894.20256E-475,japan-internal-affairs-894.20256e-military-affairs-army-2,"894.20256E Military Affairs. Army. Army Posts. Fortifications. Defenses. Military Instructors Advisers. ** Country In Which Serving., Military Activities Of Japan In Java And Madura Including Gathering Of Information. Espionage. Propaganda. (File 475)",894.20256E,475,1,Mistral OCR,yes,https://archive.org/details/japan-internal-affairs-894.20256e-military-affairs-army-2,894.20256E-475.txt
894.20256E-807,japan-internal-affairs-894.20256e-military-affairs-army-3,"894.20256E Military Affairs. Army. Army Posts. Fortifications. Defenses. Military Instructors Advisers. ** Country In Which Serving., Military Activities Of Japan In Java And Madura Including Gathering Of Information. Espionage. Propaganda. (File 807)",894.20256E,807,4,Mistral OCR,yes,https://archive.org/details/japan-internal-affairs-894.20256e-military-affairs-army-3,894.20256E-807.txt
894.20256E-1509,japan-internal-affairs-894.20256e-military-affairs-army-4,"894.20256E Military Affairs. Army. Army Posts. Fortifications. Defenses. Military Instructors Advisers. ** Country In Which Serving., Military Activities Of Japan In Java And Madura Including Gathering Of Information. Espionage. Propaganda. (File 1509)",894.20256E,1509,3,Mistral OCR,yes,https://archive.org/details/japan-internal-affairs-894.20256e-military-affairs-army-4,894.20256E-1509.txt
894.20256G-476,japan-internal-affairs-894.20256g-military-affairs-army-1,"894.20256G Military Affairs. Army. Army Posts. Fortifications. Defenses. Military Instructors Advisers. ** Country In Which Serving., Military Activities Of Japan In Borneo Including Gathering Of Information. Espionage. Propaganda. (File 476)",894.20256G,476,1,Mistral OCR,yes,https://archive.org/details/japan-internal-affairs-894.20256g-military-affairs-army-1,894.20256G-476.txt
894.20256G-754,japan-internal-affairs-894.20256g-military-affairs-army-2,"894.20256G Military Affairs. Army. Army Posts. Fortifications. Defenses. Military Instructors Advisers. ** Country In Which Serving., Military Activities Of Japan In Borneo Including Gathering Of Information. Espionage. Propaganda., Septemb (File 754)",894.20256G,754,5,Mistral OCR,yes,https://archive.org/details/japan-internal-affairs-894.20256g-military-affairs-army-2,894.20256G-754.txt
894.20256I-780,japan-internal-affairs-894.20256i-military-affairs-army,"894.20256I Military Affairs. Army. Army Posts. Fortifications. Defenses. Military Instructors Advisers. ** Country In Which Serving., Military Activities Of Japan In Other Islands Including Gathering Of Information. Espionage. Propaganda. (File 780)",894.20256I,780,1,Mistral OCR,yes,https://archive.org/details/japan-internal-affairs-894.20256i-military-affairs-army,894.20256I-780.txt
894.20257D-477,japan-internal-affairs-894.20257d-military-affairs-army-1,"894.20257D Military Affairs. Army. Army Posts. Fortifications. Defenses. Military Instructors Advisers. ** Country In Which Serving., Military Activities Of Japan In Scandinavia Including Gathering Of Information. Espionage. Propaganda. (File 477)",894.20257D,477,1,Mistral OCR,yes,https://archive.org/details/japan-internal-affairs-894.20257d-military-affairs-army-1,894.20257D-477.txt
894.20257D-808,japan-internal-affairs-894.20257d-military-affairs-army-2,"894.20257D Military Affairs. Army. Army Posts. Fortifications. Defenses. Military Instructors Advisers. ** Country In Which Serving., Military Activities Of Japan In Scandinavia Including Gathering Of Information. Espionage. Propaganda., Fe (File 808)",894.20257D,808,2,Mistral OCR,yes,https://archive.org/details/japan-internal-affairs-894.20257d-military-affairs-army-2,894.20257D-808.txt
894.20258-1481,japan-internal-affairs-894.20258-military-affairs-army-1,"894.20258 Military Affairs. Army. Army Posts. Fortifications. Defenses. Military Instructors Advisers. ** Country In Which Serving., Military Activities Of Japan In Sweden Including Gathering Of Information. Espionage. Propaganda., August 2 (File 1481)",894.20258,1481,12,Mistral OCR,yes,https://archive.org/details/japan-internal-affairs-894.20258-military-affairs-army-1,894.20258-1481.txt
894.20258-1549,japan-internal-affairs-894.20258-military-affairs-army-2,"894.20258 Military Affairs. Army. Army Posts. Fortifications. Defenses. Military Instructors Advisers. ** Country In Which Serving., Military Activities Of Japan In Sweden Including Gathering Of Information. Espionage. Propaganda., August 3 (File 1549)",894.20258,1549,14,Mistral OCR,yes,https://archive.org/details/japan-internal-affairs-894.20258-military-affairs-army-2,894.20258-1549.txt
894.20260C-478,japan-internal-affairs-894.20260c-military-affairs-army-1,"894.20260C Military Affairs. Army. Army Posts. Fortifications. Defenses. Military Instructors Advisers. ** Country In Which Serving., Military Activities Of Japan In Poland Including Gathering Of Information. Espionage. Propaganda. (File 478)",894.20260C,478,1,Mistral OCR,yes,https://archive.org/details/japan-internal-affairs-894.20260c-military-affairs-army-1,894.20260C-478.txt
894.20260C-806,japan-internal-affairs-894.20260c-military-affairs-army-2,"894.20260C Military Affairs. Army. Army Posts. Fortifications. Defenses. Military Instructors Advisers. ** Country In Which Serving., Military Activities Of Japan In Poland Including Gathering Of Information. Espionage. Propaganda., Februar (File 806)",894.20260C,806,4,Mistral OCR,yes,https://archive.org/details/japan-internal-affairs-894.20260c-military-affairs-army-2,894.20260C-806.txt
894.20260D-479,japan-internal-affairs-894.20260d-military-affairs-army-1,"894.20260D Military Affairs. Army. Army Posts. Fortifications. Defenses. Military Instructors Advisers. ** Country In Which Serving., Military Activities Of Japan In Finland Including Gathering Of Information. Espionage. Propaganda. (File 479)",894.20260D,479,1,Mistral OCR,yes,https://archive.org/details/japan-internal-affairs-894.20260d-military-affairs-army-1,894.20260D-479.txt
894.20260D-809,japan-internal-affairs-894.20260d-military-affairs-army-2,"894.20260D Military Affairs. Army. Army Posts. Fortifications. Defenses. Military Instructors Advisers. ** Country In Which Serving., Military Activities Of Japan In Finland Including Gathering Of Information. Espionage. Propaganda., Februa (File 809)",894.20260D,809,5,Mistral OCR,yes,https://archive.org/details/japan-internal-affairs-894.20260d-military-affairs-army-2,894.20260D-809.txt
894.20261-89,japan-internal-affairs-894.20261-military-affairs-army-1,"894.20261 Military Affairs. Army. Army Posts. Fortifications. Defenses. Military Instructors Advisers. ** Country In Which Serving., Military Activities Of Japan In Union Of Soviet Socialist Republics Including Gathering Of Information. Esp (File 89)",894.20261,89,2,Mistral OCR,yes,https://archive.org/details/japan-internal-affairs-894.20261-military-affairs-army-1,894.20261-89.txt
894.20261-482,japan-internal-affairs-894.20261-military-affairs-army-2,"894.20261 Military Affairs. Army. Army Posts. Fortifications. Defenses. Military Instructors Advisers. ** Country In Which Serving., Military Activities Of Japan In Union Of Soviet Socialist Republics Including Gathering Of Information. Esp (File 482)",894.20261,482,1,Mistral OCR,yes,https://archive.org/details/japan-internal-affairs-894.20261-military-affairs-army-2,894.20261-482.txt
894.20261-1104,japan-internal-affairs-894.20261-military-affairs-army-3,"894.20261 Military Affairs. Army. Army Posts. Fortifications. Defenses. Military Instructors Advisers. ** Country In Which Serving., Military Activities Of Japan In Union Of Soviet Socialist Republics Including Gathering Of Information. Esp (File 1104)",894.20261,1104,13,Mistral OCR,yes,https://archive.org/details/japan-internal-affairs-894.20261-military-affairs-army-3,894.20261-1104.txt
894.20261-1399,japan-internal-affairs-894.20261-military-affairs-army-4,"894.20261 Military Affairs. Army. Army Posts. Fortifications. Defenses. Military Instructors Advisers. ** Country In Which Serving., Military Activities Of Japan In Union Of Soviet Socialist Republics Including Gathering Of Information. Esp (File 1399)",894.20261,1399,46,PaddleOCR,yes,https://archive.org/details/japan-internal-affairs-894.20261-military-affairs-army-4,894.20261-1399.txt
894.20262-483,japan-internal-affairs-894.20262-military-affairs-army-1,"894.20262 Military Affairs. Army. Army Posts. Fortifications. Defenses. Military Instructors Advisers. ** Country In Which Serving., Military Activities Of Japan In Germany Including Gathering Of Information. Espionage. Propaganda. (File 483)",894.20262,483,1,Mistral OCR,yes,https://archive.org/details/japan-internal-affairs-894.20262-military-affairs-army-1,894.20262-483.txt
894.20262-792,japan-internal-affairs-894.20262-military-affairs-army-3,"894.20262 Military Affairs. Army. Army Posts. Fortifications. Defenses. Military Instructors Advisers. ** Country In Which Serving., Military Activities Of Japan In Germany Including Gathering Of Information. Espionage. Propaganda., January (File 792)",894.20262,792,57,PaddleOCR,yes,https://archive.org/details/japan-internal-affairs-894.20262-military-affairs-army-3,894.20262-792.txt
894.20262-1518,japan-internal-affairs-894.20262-military-affairs-army-2,"894.20262 Military Affairs. Army. Army Posts. Fortifications. Defenses. Military Instructors Advisers. ** Country In Which Serving., Military Activities Of Japan In Germany Including Gathering Of Information. Espionage. Propaganda., April 1 (File 1518)",894.20262,1518,13,Mistral OCR,yes,https://archive.org/details/japan-internal-affairs-894.20262-military-affairs-army-2,894.20262-1518.txt
894.20265-92,japan-internal-affairs-894.20265-military-affairs-army-1,"894.20265 Military Affairs. Army. Army Posts. Fortifications. Defenses. Military Instructors Advisers. ** Country In Which Serving., Military Activities Of Japan In Italy Including Gathering Of Information. Espionage. Propaganda. (File 92)",894.20265,92,1,Mistral OCR,yes,https://archive.org/details/japan-internal-affairs-894.20265-military-affairs-army-1,894.20265-92.txt
894.20265-1450,japan-internal-affairs-894.20265-military-affairs-army-2,"894.20265 Military Affairs. Army. Army Posts. Fortifications. Defenses. Military Instructors Advisers. ** Country In Which Serving., Military Activities Of Japan In Italy Including Gathering Of Information. Espionage. Propaganda., November (File 1450)",894.20265,1450,3,Mistral OCR,yes,https://archive.org/details/japan-internal-affairs-894.20265-military-affairs-army-2,894.20265-1450.txt
894.20267-90,japan-internal-affairs-894.20267-military-affairs-army-1,"894.20267 Military Affairs. Army. Army Posts. Fortifications. Defenses. Military Instructors Advisers. ** Country In Which Serving., Military Activities Of Japan In Turkey Including Gathering Of Information. Espionage. Propaganda. (File 90)",894.20267,90,1,Mistral OCR,yes,https://archive.org/details/japan-internal-affairs-894.20267-military-affairs-army-1,894.20267-90.txt
894.20267-1462,japan-internal-affairs-894.20267-military-affairs-army-2,"894.20267 Military Affairs. Army. Army Posts. Fortifications. Defenses. Military Instructors Advisers. ** Country In Which Serving., Military Activities Of Japan In Turkey Including Gathering Of Information. Espionage. Propaganda., January (File 1462)",894.20267,1462,6,Mistral OCR,yes,https://archive.org/details/japan-internal-affairs-894.20267-military-affairs-army-2,894.20267-1462.txt
894.20271-1507,japan-internal-affairs-894.20271-military-affairs-army,"894.20271 Military Affairs. Army. Army Posts. Fortifications. Defenses. Military Instructors Advisers. ** Country In Which Serving., Military Activities Of Japan In Romania Including Gathering Of Information. Espionage. Propaganda., March 7 (File 1507)",894.20271,1507,15,Mistral OCR,yes,https://archive.org/details/japan-internal-affairs-894.20271-military-affairs-army,894.20271-1507.txt
894.20281-480,japan-internal-affairs-894.20281-military-affairs-army-1,"894.20281 Military Affairs. Army. Army Posts. Fortifications. Defenses. Military Instructors Advisers. ** Country In Which Serving., Military Activities Of Japan In Morocco Including Gathering Of Information. Espionage. Propaganda. (File 480)",894.20281,480,1,Mistral OCR,yes,https://archive.org/details/japan-internal-affairs-894.20281-military-affairs-army-1,894.20281-480.txt
894.20281-793,japan-internal-affairs-894.20281-military-affairs-army-2,"894.20281 Military Affairs. Army. Army Posts. Fortifications. Defenses. Military Instructors Advisers. ** Country In Which Serving., Military Activities Of Japan In Morocco Including Gathering Of Information. Espionage. Propaganda., Septemb (File 793)",894.20281,793,1,Mistral OCR,yes,https://archive.org/details/japan-internal-affairs-894.20281-military-affairs-army-2,894.20281-793.txt
894.20281-1360,japan-internal-affairs-894.20281-military-affairs-army-3,"894.20281 Military Affairs. Army. Army Posts. Fortifications. Defenses. Military Instructors Advisers. ** Country In Which Serving., Military Activities Of Japan In Morocco Including Gathering Of Information. Espionage. Propaganda., August (File 1360)",894.20281,1360,3,Mistral OCR,yes,https://archive.org/details/japan-internal-affairs-894.20281-military-affairs-army-3,894.20281-1360.txt
894.20283-91,japan-internal-affairs-894.20283-military-affairs-army-1,"894.20283 Military Affairs. Army. Army Posts. Fortifications. Defenses. Military Instructors Advisers. ** Country In Which Serving., Military Activities Of Japan In Egypt Including Gathering Of Information. Espionage. Propaganda. (File 91)",894.20283,91,1,Mistral OCR,yes,https://archive.org/details/japan-internal-affairs-894.20283-military-affairs-army-1,894.20283-91.txt
894.20283-1317,japan-internal-affairs-894.20283-military-affairs-army-2,"894.20283 Military Affairs. Army. Army Posts. Fortifications. Defenses. Military Instructors Advisers. ** Country In Which Serving., Military Activities Of Japan In Egypt Including Gathering Of Information. Espionage. Propaganda., February (File 1317)",894.20283,1317,10,Mistral OCR,yes,https://archive.org/details/japan-internal-affairs-894.20283-military-affairs-army-2,894.20283-1317.txt
894.20290-95,japan-internal-affairs-894.20290-military-affairs-army-1,"894.20290 Military Affairs. Army. Army Posts. Fortifications. Defenses. Military Instructors Advisers. ** Country In Which Serving., Military Activities Of Japan In Asia Including Gathering Of Information. Espionage. Propaganda. (File 95)",894.20290,95,1,Mistral OCR,yes,https://archive.org/details/japan-internal-affairs-894.20290-military-affairs-army-1,894.20290-95.txt
894.20290-1416,japan-internal-affairs-894.20290-military-affairs-army-2,"894.20290 Military Affairs. Army. Army Posts. Fortifications. Defenses. Military Instructors Advisers. ** Country In Which Serving., Military Activities Of Japan In Asia Including Gathering Of Information. Espionage. Propaganda., February 2 (File 1416)",894.20290,1416,25,Mistral OCR,yes,https://archive.org/details/japan-internal-affairs-894.20290-military-affairs-army-2,894.20290-1416.txt
894.20290H-94,japan-internal-affairs-894.20290h-military-affairs-army-1,"894.20290H Military Affairs. Army. Army Posts. Fortifications. Defenses. Military Instructors Advisers. ** Country In Which Serving., Military Activities Of Japan In Afghanistan Including Gathering Of Information. Espionage. Propaganda. (File 94)",894.20290H,94,2,Mistral OCR,yes,https://archive.org/details/japan-internal-affairs-894.20290h-military-affairs-army-1,894.20290H-94.txt
894.20290H-1412,japan-internal-affairs-894.20290h-military-affairs-army-2,"894.20290H Military Affairs. Army. Army Posts. Fortifications. Defenses. Military Instructors Advisers. ** Country In Which Serving., Military Activities Of Japan In Afghanistan Including Gathering Of Information. Espionage. Propaganda., Se (File 1412)",894.20290H,1412,33,Mistral OCR,yes,https://archive.org/details/japan-internal-affairs-894.20290h-military-affairs-army-2,894.20290H-1412.txt
894.20291-93,japan-internal-affairs-894.20291-military-affairs-army-1,"894.20291 Military Affairs. Army. Army Posts. Fortifications. Defenses. Military Instructors Advisers. ** Country In Which Serving., Military Activities Of Japan In Iran Including Gathering Of Information. Espionage. Propaganda. (File 93)",894.20291,93,1,Mistral OCR,yes,https://archive.org/details/japan-internal-affairs-894.20291-military-affairs-army-1,894.20291-93.txt
894.20291-1343,japan-internal-affairs-894.20291-military-affairs-army-2,"894.20291 Military Affairs. Army. Army Posts. Fortifications. Defenses. Military Instructors Advisers. ** Country In Which Serving., Military Activities Of Japan In Iran Including Gathering Of Information. Espionage. Propaganda., April 18 (File 1343)",894.20291,1343,4,Mistral OCR,yes,https://archive.org/details/japan-internal-affairs-894.20291-military-affairs-army-2,894.20291-1343.txt
894.20292-96,japan-internal-affairs-894.20292-military-affairs-army-1,"894.20292 Military Affairs. Army. Army Posts. Fortifications. Defenses. Military Instructors Advisers. ** Country In Which Serving., Military Activities Of Japan In Thailand Including Gathering Of Information. Espionage. Propaganda. (File 96)",894.20292,96,1,Mistral OCR,yes,https://archive.org/details/japan-internal-affairs-894.20292-military-affairs-army-1,894.20292-96.txt
894.20292-1362,japan-internal-affairs-894.20292-military-affairs-army-3,"894.20292 Military Affairs. Army. Army Posts. Fortifications. Defenses. Military Instructors Advisers. ** Country In Which Serving., Military Activities Of Japan In Thailand Including Gathering Of Information. Espionage. Propaganda., March (File 1362)",894.20292,1362,52,PaddleOCR,yes,https://archive.org/details/japan-internal-affairs-894.20292-military-affairs-army-3,894.20292-1362.txt
894.20292-1511,japan-internal-affairs-894.20292-military-affairs-army-2,"894.20292 Military Affairs. Army. Army Posts. Fortifications. Defenses. Military Instructors Advisers. ** Country In Which Serving., Military Activities Of Japan In Thailand Including Gathering Of Information. Espionage. Propaganda., Januar (File 1511)",894.20292,1511,2,Mistral OCR,yes,https://archive.org/details/japan-internal-affairs-894.20292-military-affairs-army-2,894.20292-1511.txt
894.20293-102,japan-internal-affairs-894.20293-military-affairs-army-1,"894.20293 Military Affairs. Army. Army Posts. Fortifications. Defenses. Military Instructors Advisers. ** Country In Which Serving., Military Activities Of Japan In China Including Gathering Of Information. Espionage. Propaganda. (File 102)",894.20293,102,2,Mistral OCR,yes,https://archive.org/details/japan-internal-affairs-894.20293-military-affairs-army-1,894.20293-102.txt
894.20293-481,japan-internal-affairs-894.20293-military-affairs-army-2,"894.20293 Military Affairs. Army. Army Posts. Fortifications. Defenses. Military Instructors Advisers. ** Country In Which Serving., Military Activities Of Japan In China Including Gathering Of Information. Espionage. Propaganda. (File 481)",894.20293,481,3,Mistral OCR,yes,https://archive.org/details/japan-internal-affairs-894.20293-military-affairs-army-2,894.20293-481.txt
894.20293-1116,japan-internal-affairs-894.20293-military-affairs-army-3,"894.20293 Military Affairs. Army. Army Posts. Fortifications. Defenses. Military Instructors Advisers. ** Country In Which Serving., Military Activities Of Japan In China Including Gathering Of Information. Espionage. Propaganda., June 30 (File 1116)",894.20293,1116,52,PaddleOCR,yes,https://archive.org/details/japan-internal-affairs-894.20293-military-affairs-army-3,894.20293-1116.txt
894.20293-1437,japan-internal-affairs-894.20293-military-affairs-army-4,"894.20293 Military Affairs. Army. Army Posts. Fortifications. Defenses. Military Instructors Advisers. ** Country In Which Serving., Military Activities Of Japan In China Including Gathering Of Information. Espionage. Propaganda., September (File 1437)",894.20293,1437,72,PaddleOCR,yes,https://archive.org/details/japan-internal-affairs-894.20293-military-affairs-army-4,894.20293-1437.txt
894.20293-1793-1,japan-internal-affairs-894.20293-military-affairs-army-5-part-1,"894.20293 Military Affairs. Army. Army Posts. Fortifications. Defenses. Military Instructors Advisers. ** Country In Which Serving., Military Activities Of Japan In China Including Gathering Of Information. Espionage. Propaganda., February (File 1793), part 1 of 2",894.20293,1793,293,PaddleOCR,no,https://archive.org/details/japan-internal-affairs-894.20293-military-affairs-army-5/894.20293%20Military%20Affairs.%20Army.%20Army%20Posts.%20Fortifications.%20Defenses.%20Military%20Instructors%20Advisers.%20%2A%2A%20Country%20In%20Which%20Serving.%2C%20Military%20Activities%20Of%20Japan%20In%20China%20Including%20Gathering%20Of%20Information.%20Espiona%201793-part-1,894.20293-1793-1.txt
894.20293-1793-2,japan-internal-affairs-894.20293-military-affairs-army-5-part-2,"894.20293 Military Affairs. Army. Army Posts. Fortifications. Defenses. Military Instructors Advisers. ** Country In Which Serving., Military Activities Of Japan In China Including Gathering Of Information. Espionage. Propaganda., February (File 1793), part 2 of 2",894.20293,1793,308,PaddleOCR,no,https://archive.org/details/japan-internal-affairs-894.20293-military-affairs-army-5/894.20293%20Military%20Affairs.%20Army.%20Army%20Posts.%20Fortifications.%20Defenses.%20Military%20Instructors%20Advisers.%20%2A%2A%20Country%20In%20Which%20Serving.%2C%20Military%20Activities%20Of%20Japan%20In%20China%20Including%20Gathering%20Of%20Information.%20Espiona%201793-part-2,894.20293-1793-2.txt
894.20294A-1625,japan-internal-affairs-894.20294a-military-affairs-army,"894.20294A Military Affairs. Army. Army Posts. Fortifications. Defenses. Military Instructors Advisers. ** Country In Which Serving., Military Activities Of Japan In Formosa. Taiwan Including Gathering Of Information. Espionage. Propaganda. (File 1625)",894.20294A,1625,3,Mistral OCR,yes,https://archive.org/details/japan-internal-affairs-894.20294a-military-affairs-army,894.20294A-1625.txt
894.203-1667,japan-internal-affairs-894.203-military-affairs-army,"894.203 Military Affairs. Army. Army Posts. Fortifications. Defenses. Military Instructors Advisers. ** Country In Which Serving., Japan, Military Courts. Law., October 19, 1948 (File 1667)",894.203,1667,3,Mistral OCR,yes,https://archive.org/details/japan-internal-affairs-894.203-military-affairs-army,894.203-1667.txt
894.21-99,japan-internal-affairs-894.21-japan-army-maneuvers-3,"894.21 Japan, Army Maneuvers. (File 99)",894.21,99,1,Mistral OCR,yes,https://archive.org/details/japan-internal-affairs-894.21-japan-army-maneuvers-3,894.21-99.txt
894.21-484,japan-internal-affairs-894.21-japan-army-maneuvers-4,"894.21 Japan, Army Maneuvers. (File 484)",894.21,484,1,Mistral OCR,yes,https://archive.org/details/japan-internal-affairs-894.21-japan-army-maneuvers-4,894.21-484.txt
894.21-873,japan-internal-affairs-894.21-japan-army-maneuvers-1,"894.21 Japan, Army Maneuvers., November 6, 1931 - August 5, 1935 (File 873)",894.21,873,9,Mistral OCR,yes,https://archive.org/details/japan-internal-affairs-894.21-japan-army-maneuvers-1,894.21-873.txt
894.21-1218,japan-internal-affairs-894.21-japan-army-maneuvers-2,"894.21 Japan, Army Maneuvers., October 15, 1940 (File 1218)",894.21,1218,6,Mistral OCR,yes,https://archive.org/details/japan-internal-affairs-894.21-japan-army-maneuvers-2,894.21-1218.txt
894.22-98,japan-internal-affairs-894.22-japan-personnel-organization-4,"894.22 Japan, Personnel. Organization. Discipline. Mutiny. Compulsory Military Service. (File 98)",894.22,98,1,Mistral OCR,yes,https://archive.org/details/japan-internal-affairs-894.22-japan-personnel-organization-4,894.22-98.txt
894.22-485,japan-internal-affairs-894.22-japan-personnel-organization-5,"894.22 Japan, Personnel. Organization. Discipline. Mutiny. Compulsory Military Service. (File 485)",894.22,485,1,Mistral OCR,yes,https://archive.org/details/japan-internal-affairs-894.22-japan-personnel-organization-5,894.22-485.txt
894.22-1115,japan-internal-affairs-894.22-japan-personnel-organization-1,"894.22 Japan, Personnel. Organization. Discipline. Mutiny. Compulsory Military Service., February 18, 1938 - July 19, 1939 (File 1115)",894.22,1115,9,Mistral OCR,yes,https://archive.org/details/japan-internal-affairs-894.22-japan-personnel-organization-1,894.22-1115.txt
894.22-1323,japan-internal-affairs-894.22-japan-personnel-organization-2,"894.22 Japan, Personnel. Organization. Discipline. Mutiny. Compulsory Military Service., October 18, 1940 - January 21, 1942 (File 1323)",894.22,1323,6,Mistral OCR,yes,https://archive.org/details/japan-internal-affairs-894.22-japan-personnel-organization-2,894.22-1323.txt
894.22-1634,japan-internal-affairs-894.22-japan-personnel-organization-3,"894.22 Japan, Personnel. Organization. Discipline. Mutiny. Compulsory Military Service., March 30, 1948 - May 13, 1948 (File 1634)",894.22,1634,8,Mistral OCR,yes,https://archive.org/details/japan-internal-affairs-894.22-japan-personnel-organization-3,894.22-1634.txt
894.221-101,japan-internal-affairs-894.221-personnel-organization-discipline-3,"894.221 Personnel. Organization. Discipline. Mutiny. Compulsory Military Service., Japan, Commissioned Officers. (File 101)",894.221,101,1,Mistral OCR,yes,https://archive.org/details/japan-internal-affairs-894.221-personnel-organization-discipline-3,894.221-101.txt
894.221-1243,japan-internal-affairs-894.221-personnel-organization-discipline-1,"894.221 Personnel. Organization. Discipline. Mutiny. Compulsory Military Service., Japan, Commissioned Officers., October 7, 1940 - January 28, 1941 (File 1243)",894.221,1243,2,Mistral OCR,yes,https://archive.org/details/japan-internal-affairs-894.221-personnel-organization-discipline-1,894.221-1243.txt
894.221-1576,japan-internal-affairs-894.221-personnel-organization-discipline-2,"894.221 Personnel. Organization. Discipline. Mutiny. Compulsory Military Service., Japan, Commissioned Officers., June 18, 1947 (File 1576)",894.221,1576,1,Mistral OCR,yes,https://archive.org/details/japan-internal-affairs-894.221-personnel-organization-discipline-2,894.221-1576.txt
894.2211-1075,japan-internal-affairs-894.2211-personnel-organization-discipline,"894.2211 Personnel. Organization. Discipline. Mutiny. Compulsory Military Service., Commissioned Officers., Japan, Detail For Language Study In Foreign Countries., February 17, 1939 (File 1075)",894.2211,1075,3,Mistral OCR,yes,https://archive.org/details/japan-internal-affairs-894.2211-personnel-organization-discipline,894.2211-1075.txt
894.2221-100,japan-internal-affairs-894.2221-personnel-organization-discipline-3,"894.2221 Personnel. Organization. Discipline. Mutiny. Compulsory Military Service., Enlisted Men., Japan, Enlistment. (File 100)",894.2221,100,1,Mistral OCR,yes,https://archive.org/details/japan-internal-affairs-894.2221-personnel-organization-discipline-3,894.2221-100.txt
894.2221-486,japan-internal-affairs-894.2221-personnel-organization-discipline-4,"894.2221 Personnel. Organization. Discipline. Mutiny. Compulsory Military Service., Enlisted Men., Japan, Enlistment. (File 486)",894.2221,486,1,Mistral OCR,yes,https://archive.org/details/japan-internal-affairs-894.2221-personnel-organization-discipline-4,894.2221-486.txt
894.2221-773,japan-internal-affairs-894.2221-personnel-organization-discipline-1,"894.2221 Personnel. Organization. Discipline. Mutiny. Compulsory Military Service., Enlisted Men., Japan, Enlistment., February 10, 1933 (File 773)",894.2221,773,2,Mistral OCR,yes,https://archive.org/details/japan-internal-affairs-894.2221-personnel-organization-discipline-1,894.2221-773.txt
894.2221-1274,japan-internal-affairs-894.2221-personnel-organization-discipline-2,"894.2221 Personnel. Organization. Discipline. Mutiny. Compulsory Military Service., Enlisted Men., Japan, Enlistment., June 21, 1941 (File 1274)",894.2221,1274,1,Mistral OCR,yes,https://archive.org/details/japan-internal-affairs-894.2221-personnel-organization-discipline-2,894.2221-1274.txt
894.2222-103,japan-internal-affairs-894.2222-personnel-organization-discipline-1,"894.2222 Personnel. Organization. Discipline. Mutiny. Compulsory Military Service., Enlisted Men., Conscription. Draft. For Treaties, Conventions, Arrangements, Ect., Add Country Number, Using Smaller Number Of Country For **. (File 103)",894.2222,103,3,Mistral OCR,yes,https://archive.org/details/japan-internal-affairs-894.2222-personnel-organization-discipline-1,894.2222-103.txt
894.2222-487,japan-internal-affairs-894.2222-personnel-organization-discipline-2,"894.2222 Personnel. Organization. Discipline. Mutiny. Compulsory Military Service., Enlisted Men., Conscription. Draft. For Treaties, Conventions, Arrangements, Ect., Add Country Number, Using Smaller Number Of Country For **. (File 487)",894.2222,487,1,Mistral OCR,yes,https://archive.org/details/japan-internal-affairs-894.2222-personnel-organization-discipline-2,894.2222-487.txt
894.2222-1123,japan-internal-affairs-894.2222-personnel-organization-discipline-3,"894.2222 Personnel. Organization. Discipline. Mutiny. Compulsory Military Service., Enlisted Men., Conscription. Draft. For Treaties, Conventions, Arrangements, Ect., Add Country Number, Using Smaller Number Of Country For **., July 8, 1 (File 1123)",894.2222,1123,3,Mistral OCR,yes,https://archive.org/details/japan-internal-affairs-894.2222-personnel-organization-discipline-3,894.2222-1123.txt
894.2222-1232,japan-internal-affairs-894.2222-personnel-organization-discipline-4,"894.2222 Personnel. Organization. Discipline. Mutiny. Compulsory Military Service., Enlisted Men., Conscription. Draft. For Treaties, Conventions, Arrangements, Ect., Add Country Number, Using Smaller Number Of Country For **., October 3 (File 1232)",894.2222,1232,91,PaddleOCR,yes,https://archive.org/details/japan-internal-affairs-894.2222-personnel-organization-discipline-4,894.2222-1232.txt
894.22711-518,japan-internal-affairs-894.22711-personnel-organization-discipline-1,"894.22711 Personnel. Organization. Discipline. Mutiny. Compulsory Military Service., Japan, Admission Of Foreigners For Service Or Study To Military Academy, Army, Workshops, Or Other Military Institutions. Nationality Of Foreigner. Serv (File 518)",894.22711,518,1,Mistral OCR,yes,https://archive.org/details/japan-internal-affairs-894.22711-personnel-organization-discipline-1,894.22711-518.txt
894.22711-962,japan-internal-affairs-894.22711-personnel-organization-discipline-2,"894.22711 Personnel. Organization. Discipline. Mutiny. Compulsory Military Service., Japan, Admission Of Foreigners For Service Or Study To Military Academy, Army, Workshops, Or Other Military Institutions. Nationality Of Foreigner. Serv (File 962)",894.22711,962,6,Mistral OCR,yes,https://archive.org/details/japan-internal-affairs-894.22711-personnel-organization-discipline-2,894.22711-962.txt
894.22711B-516,japan-internal-affairs-894.22711b-personnel-organization-discipline-1,"894.22711B Personnel. Organization. Discipline. Mutiny. Compulsory Military Service., Japan, Admission Of Foreigners For Service Or Study To Military Academy, Army, Workshops, Or Other Military Institutions. Nationality Of Foreigner. Ser (File 516)",894.22711B,516,1,Mistral OCR,yes,https://archive.org/details/japan-internal-affairs-894.22711b-personnel-organization-discipline-1,894.22711B-516.txt
894.22711B-1081,japan-internal-affairs-894.22711b-personnel-organization-discipline-2,"894.22711B Personnel. Organization. Discipline. Mutiny. Compulsory Military Service., Japan, Admission Of Foreigners For Service Or Study To Military Academy, Army, Workshops, Or Other Military Institutions. Nationality Of Foreigner. Ser (File 1081)",894.22711B,1081,22,Mistral OCR,yes,https://archive.org/details/japan-internal-affairs-894.22711b-personnel-organization-discipline-2,894.22711B-1081.txt
894.23-104,japan-internal-affairs-894.23-movement-of-troops-1,"894.23 Movement Of Troops. Rules, Ect., Regarding Visits Of Foreign Military Bodies, 800.213**. (File 104)",894.23,104,3,Mistral OCR,yes,https://archive.org/details/japan-internal-affairs-894.23-movement-of-troops-1,894.23-104.txt
894.23-517,japan-internal-affairs-894.23-movement-of-troops-2,"894.23 Movement Of Troops. Rules, Ect., Regarding Visits Of Foreign Military Bodies, 800.213**. (File 517)",894.23,517,7,Mistral OCR,yes,https://archive.org/details/japan-internal-affairs-894.23-movement-of-troops-2,894.23-517.txt
894.23-1059,japan-internal-affairs-894.23-movement-of-troops-3,"894.23 Movement Of Troops. Rules, Ect., Regarding Visits Of Foreign Military Bodies, 800.213**., November 29, 1931 - November 28, 1938 (File 1059)",894.23,1059,236,PaddleOCR,yes,https://archive.org/details/japan-internal-affairs-894.23-movement-of-troops-3,894.23-1059.txt
894.23-1303,japan-internal-affairs-894.23-movement-of-troops-4,"894.23 Movement Of Troops. Rules, Ect., Regarding Visits Of Foreign Military Bodies, 800.213**., October 26, 1940 - September 30, 1941 (File 1303)",894.23,1303,50,PaddleOCR,yes,https://archive.org/details/japan-internal-affairs-894.23-movement-of-troops-4,894.23-1303.txt
894.2311-97,japan-internal-affairs-894.2311-entrance-of-military-2,894.2311 Entrance Of Military Bodies And Aircraft Of Japan Into United States In Transit Or On Visit. (File 97),894.2311,97,2,Mistral OCR,yes,https://archive.org/details/japan-internal-affairs-894.2311-entrance-of-military-2,894.2311-97.txt
894.2311-1237,japan-internal-affairs-894.2311-entrance-of-military-1,"894.2311 Entrance Of Military Bodies And Aircraft Of Japan Into United States In Transit Or On Visit., January 2, 1941 (File 1237)",894.2311,1237,3,Mistral OCR,yes,https://archive.org/details/japan-internal-affairs-894.2311-entrance-of-military-1,894.2311-1237.txt
894.2311D-1272,japan-internal-affairs-894.2311d-entrance-of-military,"894.2311D Entrance Of Military Bodies And Aircraft Of Japan Into Guam In Transit Or On Visit., June 19, 1941 (File 1272)",894.2311D,1272,2,Mistral OCR,yes,https://archive.org/details/japan-internal-affairs-894.2311d-entrance-of-military,894.2311D-1272.txt
894.2340-279,japan-internal-affairs-894.2340-entrance-of-military-1,894.2340 Entrance Of Military Bodies And Aircraft Of Japan Into Europe In Transit Or On Visit. (File 279),894.2340,279,1,Mistral OCR,yes,https://archive.org/details/japan-internal-affairs-894.2340-entrance-of-military-1,894.2340-279.txt
894.2340-515,japan-internal-affairs-894.2340-entrance-of-military-2,894.2340 Entrance Of Military Bodies And Aircraft Of Japan Into Europe In Transit Or On Visit. (File 515),894.2340,515,1,Mistral OCR,yes,https://archive.org/details/japan-internal-affairs-894.2340-entrance-of-military-2,894.2340-515.txt
894.2361-514,japan-internal-affairs-894.2361-entrance-of-military-2,894.2361 Entrance Of Military Bodies And Aircraft Of Japan Into Union Of Soviet Socialist Republics In Transit Or On Visit. (File 514),894.2361,514,1,Mistral OCR,yes,https://archive.org/details/japan-internal-affairs-894.2361-entrance-of-military-2,894.2361-514.txt
894.2361-891,japan-internal-affairs-894.2361-entrance-of-military-1,"894.2361 Entrance Of Military Bodies And Aircraft Of Japan Into Union Of Soviet Socialist Republics In Transit Or On Visit., April 1, 1932 - January 28, 1936 (File 891)",894.2361,891,8,Mistral OCR,yes,https://archive.org/details/japan-internal-affairs-894.2361-entrance-of-military-1,894.2361-891.txt
894.24-80,japan-internal-affairs-894.24-japan-equipment-and-5,"894.24 Japan, Equipment And Supplies. (File 80)",894.24,80,32,Mistral OCR,yes,https://archive.org/details/japan-internal-affairs-894.24-japan-equipment-and-5,894.24-80.txt
894.24-524,japan-internal-affairs-894.24-japan-equipment-and-6,"894.24 Japan, Equipment And Supplies. (File 524)",894.24,524,17,Mistral OCR,yes,https://archive.org/details/japan-internal-affairs-894.24-japan-equipment-and-6,894.24-524.txt
894.24-739,japan-internal-affairs-894.24-japan-equipment-and-1,"894.24 Japan, Equipment And Supplies., March 8, 1932 (File 739)",894.24,739,17,Mistral OCR,yes,https://archive.org/details/japan-internal-affairs-894.24-japan-equipment-and-1,894.24-739.txt
894.24-1003,japan-internal-affairs-894.24-japan-equipment-and-7,"894.24 Japan, Equipment And Supplies., February 9, 1932 - March 2, 1938 (File 1003)",894.24,1003,421,PaddleOCR,yes,https://archive.org/details/japan-internal-affairs-894.24-japan-equipment-and-7,894.24-1003.txt
894.24-1024,japan-internal-affairs-894.24-japan-equipment-and-2,"894.24 Japan, Equipment And Supplies., June 10, 1938 - June 14, 1938 (File 1024)",894.24,1024,2,Mistral OCR,yes,https://archive.org/details/japan-internal-affairs-894.24-japan-equipment-and-2,894.24-1024.txt
894.24-1052-1,japan-internal-affairs-894.24-japan-equipment-and-8-part-1,"894.24 Japan, Equipment And Supplies., March 14, 1938 - October 31, 1938 (File 1052), part 1 of 2",894.24,1052,693,PaddleOCR,yes,https://archive.org/details/japan-internal-affairs-894.24-japan-equipment-and-8/894.24%20Japan%2C%20Equipment%20And%20Supplies.%2C%20March%2014%2C%201938%20-%20October%2031%2C%201938%201052-part-1,894.24-1052-1.txt
894.24-1052-2,japan-internal-affairs-894.24-japan-equipment-and-8-part-2,"894.24 Japan, Equipment And Supplies., March 14, 1938 - October 31, 1938 (File 1052), part 2 of 2",894.24,1052,680,PaddleOCR,yes,https://archive.org/details/japan-internal-affairs-894.24-japan-equipment-and-8/894.24%20Japan%2C%20Equipment%20And%20Supplies.%2C%20March%2014%2C%201938%20-%20October%2031%2C%201938%201052-part-2,894.24-1052-2.txt
894.24-1056,japan-internal-affairs-894.24-japan-equipment-and-9,"894.24 Japan, Equipment And Supplies., October 24, 1938 - November 19, 1938 (File 1056)",894.24,1056,488,PaddleOCR,yes,https://archive.org/details/japan-internal-affairs-894.24-japan-equipment-and-9,894.24-1056.txt
894.24-1098-1,japan-internal-affairs-894.24-japan-equipment-and-10-part-1,"894.24 Japan, Equipment And Supplies., November 22, 1938 - May 1, 1939 (File 1098), part 1 of 2",894.24,1098,436,PaddleOCR,yes,https://archive.org/details/japan-internal-affairs-894.24-japan-equipment-and-10/894.24%20Japan%2C%20Equipment%20And%20Supplies.%2C%20November%2022%2C%201938%20-%20May%201%2C%201939%201098-part-1,894.24-1098-1.txt
894.24-1098-2,japan-internal-affairs-894.24-japan-equipment-and-10-part-2,"894.24 Japan, Equipment And Supplies., November 22, 1938 - May 1, 1939 (File 1098), part 2 of 2",894.24,1098,431,PaddleOCR,yes,https://archive.org/details/japan-internal-affairs-894.24-japan-equipment-and-10/894.24%20Japan%2C%20Equipment%20And%20Supplies.%2C%20November%2022%2C%201938%20-%20May%201%2C%201939%201098-part-2,894.24-1098-2.txt
894.24-1171,japan-internal-affairs-894.24-japan-equipment-and-11,"894.24 Japan, Equipment And Supplies., May 23rd, 1939 - December 29, 1939 (File 1171)",894.24,1171,497,PaddleOCR,yes,https://archive.org/details/japan-internal-affairs-894.24-japan-equipment-and-11,894.24-1171.txt
894.24-1206,japan-internal-affairs-894.24-japan-equipment-and-13,"894.24 Japan, Equipment And Supplies., May 23, 1940 - August 14, 1940 (File 1206)",894.24,1206,368,PaddleOCR,yes,https://archive.org/details/japan-internal-affairs-894.24-japan-equipment-and-13,894.24-1206.txt
894.24-1221-1,japan-internal-affairs-894.24-japan-equipment-and-12-part-1,"894.24 Japan, Equipment And Supplies., May 18, 1940 - October 22, 1940 (File 1221), part 1 of 2",894.24,1221,417,PaddleOCR,yes,https://archive.org/details/japan-internal-affairs-894.24-japan-equipment-and-12/894.24%20Japan%2C%20Equipment%20And%20Supplies.%2C%20May%2018%2C%201940%20-%20October%2022%2C%201940%201221-part-1,894.24-1221-1.txt
894.24-1221-2,japan-internal-affairs-894.24-japan-equipment-and-12-part-2,"894.24 Japan, Equipment And Supplies., May 18, 1940 - October 22, 1940 (File 1221), part 2 of 2",894.24,1221,391,PaddleOCR,yes,https://archive.org/details/japan-internal-affairs-894.24-japan-equipment-and-12/894.24%20Japan%2C%20Equipment%20And%20Supplies.%2C%20May%2018%2C%201940%20-%20October%2022%2C%201940%201221-part-2,894.24-1221-2.txt
894.24-1248,japan-internal-affairs-894.24-japan-equipment-and-15,"894.24 Japan, Equipment And Supplies., October 2, 1940 - February 27, 1941 (File 1248)",894.24,1248,692,PaddleOCR,yes,https://archive.org/details/japan-internal-affairs-894.24-japan-equipment-and-15,894.24-1248.txt
894.24-1262,japan-internal-affairs-894.24-japan-equipment-and-3,"894.24 Japan, Equipment And Supplies., April 23, 1941 (File 1262)",894.24,1262,26,Mistral OCR,yes,https://archive.org/details/japan-internal-affairs-894.24-japan-equipment-and-3,894.24-1262.txt
894.24-1277,japan-internal-affairs-894.24-japan-equipment-and-14,"894.24 Japan, Equipment And Supplies., July 23rd, 1940 - June 24, 1941 (File 1277)",894.24,1277,305,PaddleOCR,yes,https://archive.org/details/japan-internal-affairs-894.24-japan-equipment-and-14,894.24-1277.txt
894.24-1283-1,japan-internal-affairs-894.24-japan-equipment-and-16-part-1,"894.24 Japan, Equipment And Supplies., January 30, 1941 - July 11, 1941 (File 1283), part 1 of 2",894.24,1283,652,PaddleOCR,yes,https://archive.org/details/japan-internal-affairs-894.24-japan-equipment-and-16/894.24%20Japan%2C%20Equipment%20And%20Supplies.%2C%20January%2030%2C%201941%20-%20July%2011%2C%201941%201283-part-1,894.24-1283-1.txt
894.24-1283-2,japan-internal-affairs-894.24-japan-equipment-and-16-part-2,"894.24 Japan, Equipment And Supplies., January 30, 1941 - July 11, 1941 (File 1283), part 2 of 2",894.24,1283,650,PaddleOCR,yes,https://archive.org/details/japan-internal-affairs-894.24-japan-equipment-and-16/894.24%20Japan%2C%20Equipment%20And%20Supplies.%2C%20January%2030%2C%201941%20-%20July%2011%2C%201941%201283-part-2,894.24-1283-2.txt
894.24-1460-1,japan-internal-affairs-894.24-japan-equipment-and-17-part-1,"894.24 Japan, Equipment And Supplies., July 15, 1941 - October 28, 1944 (File 1460), part 1 of 2",894.24,1460,481,PaddleOCR,yes,https://archive.org/details/japan-internal-affairs-894.24-japan-equipment-and-17/894.24%20Japan%2C%20Equipment%20And%20Supplies.%2C%20July%2015%2C%201941%20-%20October%2028%2C%201944%201460-part-1,894.24-1460-1.txt
894.24-1460-2,japan-internal-affairs-894.24-japan-equipment-and-17-part-2,"894.24 Japan, Equipment And Supplies., July 15, 1941 - October 28, 1944 (File 1460), part 2 of 2",894.24,1460,441,PaddleOCR,yes,https://archive.org/details/japan-internal-affairs-894.24-japan-equipment-and-17/894.24%20Japan%2C%20Equipment%20And%20Supplies.%2C%20July%2015%2C%201941%20-%20October%2028%2C%201944%201460-part-2,894.24-1460-2.txt
894.24-1534,japan-internal-affairs-894.24-japan-equipment-and-18,"894.24 Japan, Equipment And Supplies., January 4, 1945 - October 7, 1946 (File 1534)",894.24,1534,99,PaddleOCR,yes,https://archive.org/details/japan-internal-affairs-894.24-japan-equipment-and-18,894.24-1534.txt
894.24-1738,japan-internal-affairs-894.24-japan-equipment-and-4,"894.24 Japan, Equipment And Supplies., December 4, 1946 - July 1, 1949 (File 1738)",894.24,1738,28,Mistral OCR,yes,https://archive.org/details/japan-internal-affairs-894.24-japan-equipment-and-4,894.24-1738.txt
894.241-87,japan-internal-affairs-894.241-equipment-and-supplies-2,"894.241 Equipment And Supplies., Japan, Army Transports. Army Hospital Ships. (File 87)",894.241,87,1,Mistral OCR,yes,https://archive.org/details/japan-internal-affairs-894.241-equipment-and-supplies-2,894.241-87.txt
894.241-1326,japan-internal-affairs-894.241-equipment-and-supplies-1,"894.241 Equipment And Supplies., Japan, Army Transports. Army Hospital Ships., January 28, 1942 (File 1326)",894.241,1326,33,Mistral OCR,yes,https://archive.org/details/japan-internal-affairs-894.241-equipment-and-supplies-1,894.241-1326.txt
894.242-525,japan-internal-affairs-894.242-equipment-and-supplies-2,"894.242 Equipment And Supplies., Japan, Armaments. Ordnance. (File 525)",894.242,525,1,Mistral OCR,yes,https://archive.org/details/japan-internal-affairs-894.242-equipment-and-supplies-2,894.242-525.txt
894.242-886,japan-internal-affairs-894.242-equipment-and-supplies-1,"894.242 Equipment And Supplies., Japan, Armaments. Ordnance., December 27, 1935 - December 28, 1935 (File 886)",894.242,886,2,Mistral OCR,yes,https://archive.org/details/japan-internal-affairs-894.242-equipment-and-supplies-1,894.242-886.txt
894.2424-88,japan-internal-affairs-894.2424-equipment-and-supplies-3,"894.2424 Equipment And Supplies., Armaments. Ordnance., Japan, Chemicals. Gas. (File 88)",894.2424,88,1,Mistral OCR,yes,https://archive.org/details/japan-internal-affairs-894.2424-equipment-and-supplies-3,894.2424-88.txt
894.2424-526,japan-internal-affairs-894.2424-equipment-and-supplies-4,"894.2424 Equipment And Supplies., Armaments. Ordnance., Japan, Chemicals. Gas. (File 526)",894.2424,526,1,Mistral OCR,yes,https://archive.org/details/japan-internal-affairs-894.2424-equipment-and-supplies-4,894.2424-526.txt
894.2424-843,japan-internal-affairs-894.2424-equipment-and-supplies-1,"894.2424 Equipment And Supplies., Armaments. Ordnance., Japan, Chemicals. Gas., March 21, 1933 - January 18, 1935 (File 843)",894.2424,843,4,Mistral OCR,yes,https://archive.org/details/japan-internal-affairs-894.2424-equipment-and-supplies-1,894.2424-843.txt
894.2424-1321,japan-internal-affairs-894.2424-equipment-and-supplies-2,"894.2424 Equipment And Supplies., Armaments. Ordnance., Japan, Chemicals. Gas., January 14, 1942 (File 1321)",894.2424,1321,1,Mistral OCR,yes,https://archive.org/details/japan-internal-affairs-894.2424-equipment-and-supplies-2,894.2424-1321.txt
894.243-85,japan-internal-affairs-894.243-equipment-and-supplies-3,"894.243 Equipment And Supplies., Japan, Small Arms And Ammunition. Exchange Of Small Arms And Ammunition, 800.243. (File 85)",894.243,85,1,Mistral OCR,yes,https://archive.org/details/japan-internal-affairs-894.243-equipment-and-supplies-3,894.243-85.txt
894.243-527,japan-internal-affairs-894.243-equipment-and-supplies-4,"894.243 Equipment And Supplies., Japan, Small Arms And Ammunition. Exchange Of Small Arms And Ammunition, 800.243. (File 527)",894.243,527,1,Mistral OCR,yes,https://archive.org/details/japan-internal-affairs-894.243-equipment-and-supplies-4,894.243-527.txt
894.243-1096,japan-internal-affairs-894.243-equipment-and-supplies-1,"894.243 Equipment And Supplies., Japan, Small Arms And Ammunition. Exchange Of Small Arms And Ammunition, 800.243., January 7, 1935 - April 24, 1939 (File 1096)",894.243,1096,5,Mistral OCR,yes,https://archive.org/details/japan-internal-affairs-894.243-equipment-and-supplies-1,894.243-1096.txt
894.243-1328,japan-internal-affairs-894.243-equipment-and-supplies-2,"894.243 Equipment And Supplies., Japan, Small Arms And Ammunition. Exchange Of Small Arms And Ammunition, 800.243., January 30, 1942 (File 1328)",894.243,1328,1,Mistral OCR,yes,https://archive.org/details/japan-internal-affairs-894.243-equipment-and-supplies-2,894.243-1328.txt
894.245-84,japan-internal-affairs-894.245-equipment-and-supplies-2,"894.245 Equipment And Supplies., Japan, Military Bases. (File 84)",894.245,84,1,Mistral OCR,yes,https://archive.org/details/japan-internal-affairs-894.245-equipment-and-supplies-2,894.245-84.txt
894.245-1312,japan-internal-affairs-894.245-equipment-and-supplies-1,"894.245 Equipment And Supplies., Japan, Military Bases., November 15, 1941 (File 1312)",894.245,1312,3,Mistral OCR,yes,https://archive.org/details/japan-internal-affairs-894.245-equipment-and-supplies-1,894.245-1312.txt
894.24592-528,japan-internal-affairs-894.24592-equipment-and-supplies-2,"894.24592 Equipment And Supplies., Military Bases Of Japan In Thailand. (File 528)",894.24592,528,1,Mistral OCR,yes,https://archive.org/details/japan-internal-affairs-894.24592-equipment-and-supplies-2,894.24592-528.txt
894.24592-1093,japan-internal-affairs-894.24592-equipment-and-supplies-1,"894.24592 Equipment And Supplies., Military Bases Of Japan In Thailand., November 27, 1933 - April 20, 1939 (File 1093)",894.24592,1093,6,Mistral OCR,yes,https://archive.org/details/japan-internal-affairs-894.24592-equipment-and-supplies-1,894.24592-1093.txt
894.24593-529,japan-internal-affairs-894.24593-equipment-and-supplies-2,"894.24593 Equipment And Supplies., Military Bases Of Japan In China. (File 529)",894.24593,529,1,Mistral OCR,yes,https://archive.org/details/japan-internal-affairs-894.24593-equipment-and-supplies-2,894.24593-529.txt
894.24593-904,japan-internal-affairs-894.24593-equipment-and-supplies-1,"894.24593 Equipment And Supplies., Military Bases Of Japan In China., October 13, 1933 - April 22, 1936 (File 904)",894.24593,904,10,Mistral OCR,yes,https://archive.org/details/japan-internal-affairs-894.24593-equipment-and-supplies-1,894.24593-904.txt
894.246-1363,japan-internal-affairs-894.246-equipment-and-supplies,"894.246 Equipment And Supplies., Japan, Uniform Clothing. Exchange Of Uniform Clothing, 800.426., September 1, 1942 (File 1363)",894.246,1363,1,Mistral OCR,yes,https://archive.org/details/japan-internal-affairs-894.246-equipment-and-supplies,894.246-1363.txt
894.247-531,japan-internal-affairs-894.247-equipment-and-supplies-2,"894.247 Equipment And Supplies., Japan, Hospitals. Aid Stations. Included Naval Hospitals.Rest And Recreation Centers. (File 531)",894.247,531,1,Mistral OCR,yes,https://archive.org/details/japan-internal-affairs-894.247-equipment-and-supplies-2,894.247-531.txt
894.247-1085,japan-internal-affairs-894.247-equipment-and-supplies-1,"894.247 Equipment And Supplies., Japan, Hospitals. Aid Stations. Included Naval Hospitals.Rest And Recreation Centers., January 23, 1939 - March 16, 1939 (File 1085)",894.247,1085,5,Mistral OCR,yes,https://archive.org/details/japan-internal-affairs-894.247-equipment-and-supplies-1,894.247-1085.txt
894.248-83,japan-internal-affairs-894.248-equipment-and-supplies-1,"894.248 Equipment And Supplies., Japan, Aircraft. Accidents.Landing Fields. Stations. (File 83)",894.248,83,3,Mistral OCR,yes,https://archive.org/details/japan-internal-affairs-894.248-equipment-and-supplies-1,894.248-83.txt
894.248-530,japan-internal-affairs-894.248-equipment-and-supplies-2,"894.248 Equipment And Supplies., Japan, Aircraft. Accidents.Landing Fields. Stations. (File 530)",894.248,530,4,Mistral OCR,yes,https://archive.org/details/japan-internal-affairs-894.248-equipment-and-supplies-2,894.248-530.txt
894.248-1077,japan-internal-affairs-894.248-equipment-and-supplies-3,"894.248 Equipment And Supplies., Japan, Aircraft. Accidents.Landing Fields. Stations., February 19, 1932 - February 21, 1939 (File 1077)",894.248,1077,49,PaddleOCR,yes,https://archive.org/details/japan-internal-affairs-894.248-equipment-and-supplies-3,894.248-1077.txt
894.248-1420,japan-internal-affairs-894.248-equipment-and-supplies-4,"894.248 Equipment And Supplies., Japan, Aircraft. Accidents.Landing Fields. Stations., January 2, 1940 - March 21, 1944 (File 1420)",894.248,1420,41,PaddleOCR,yes,https://archive.org/details/japan-internal-affairs-894.248-equipment-and-supplies-4,894.248-1420.txt
894.30-86,japan-internal-affairs-894.30-naval-affairs-navy-2,894.30 Naval Affairs. Navy Naval Vessels. Naval Instructors Advisers. ** Country In Which Serving. (File 86),894.30,86,2,Mistral OCR,yes,https://archive.org/details/japan-internal-affairs-894.30-naval-affairs-navy-2,894.30-86.txt
894.30-532,japan-internal-affairs-894.30-naval-affairs-navy-3,894.30 Naval Affairs. Navy Naval Vessels. Naval Instructors Advisers. ** Country In Which Serving. (File 532),894.30,532,7,Mistral OCR,yes,https://archive.org/details/japan-internal-affairs-894.30-naval-affairs-navy-3,894.30-532.txt
894.30-763,japan-internal-affairs-894.30-naval-affairs-navy-4,"894.30 Naval Affairs. Navy Naval Vessels. Naval Instructors Advisers. ** Country In Which Serving., October 12, 1931 - December 6, 1932 (File 763)",894.30,763,138,PaddleOCR,no,https://archive.org/details/japan-internal-affairs-894.30-naval-affairs-navy-4,894.30-763.txt
894.30-1438,japan-internal-affairs-894.30-naval-affairs-navy-1,"894.30 Naval Affairs. Navy Naval Vessels. Naval Instructors Advisers. ** Country In Which Serving., August 29, 1940 - August 3, 1944 (File 1438)",894.30,1438,40,Mistral OCR,yes,https://archive.org/details/japan-internal-affairs-894.30-naval-affairs-navy-1,894.30-1438.txt
894.30-1587,japan-internal-affairs-894.30-naval-affairs-navy-5,"894.30 Naval Affairs. Navy Naval Vessels. Naval Instructors Advisers. ** Country In Which Serving., September 13, 1945 - July 22, 1947 (File 1587)",894.30,1587,364,PaddleOCR,no,https://archive.org/details/japan-internal-affairs-894.30-naval-affairs-navy-5,894.30-1587.txt
894.30-1798,japan-internal-affairs-894.30-naval-affairs-navy-6,"894.30 Naval Affairs. Navy Naval Vessels. Naval Instructors Advisers. ** Country In Which Serving., July 27, 1947 - December 5, 1949 (File 1798)",894.30,1798,104,PaddleOCR,no,https://archive.org/details/japan-internal-affairs-894.30-naval-affairs-navy-6,894.30-1798.txt
894.304-533,japan-internal-affairs-894.304-naval-affairs-navy-2,"894.304 Naval Affairs. Navy Naval Vessels. Naval Instructors Advisers. ** Country In Which Serving., Japan, Accidents To Or On Naval Vessels. Salvage. (File 533)",894.304,533,1,Mistral OCR,yes,https://archive.org/details/japan-internal-affairs-894.304-naval-affairs-navy-2,894.304-533.txt
894.304-762,japan-internal-affairs-894.304-naval-affairs-navy-1,"894.304 Naval Affairs. Navy Naval Vessels. Naval Instructors Advisers. ** Country In Which Serving., Japan, Accidents To Or On Naval Vessels. Salvage., December 5, 1932 (File 762)",894.304,762,2,Mistral OCR,yes,https://archive.org/details/japan-internal-affairs-894.304-naval-affairs-navy-1,894.304-762.txt
894.31-81,japan-internal-affairs-894.31-japan-naval-maneuvers-3,"894.31 Japan, Naval Maneuvers. (File 81)",894.31,81,1,Mistral OCR,yes,https://archive.org/details/japan-internal-affairs-894.31-japan-naval-maneuvers-3,894.31-81.txt
894.31-534,japan-internal-affairs-894.31-japan-naval-maneuvers-4,"894.31 Japan, Naval Maneuvers. (File 534)",894.31,534,2,Mistral OCR,yes,https://archive.org/details/japan-internal-affairs-894.31-japan-naval-maneuvers-4,894.31-534.txt
894.31-908,japan-internal-affairs-894.31-japan-naval-maneuvers-1,"894.31 Japan, Naval Maneuvers., June 3, 1930 - May 11, 1936 (File 908)",894.31,908,8,Mistral OCR,yes,https://archive.org/details/japan-internal-affairs-894.31-japan-naval-maneuvers-1,894.31-908.txt
894.31-1253,japan-internal-affairs-894.31-japan-naval-maneuvers-2,"894.31 Japan, Naval Maneuvers., February 20, 1941 - March 28, 1941 (File 1253)",894.31,1253,4,Mistral OCR,yes,https://archive.org/details/japan-internal-affairs-894.31-japan-naval-maneuvers-2,894.31-1253.txt
894.32-82,japan-internal-affairs-894.32-japan-personnel-organization-2,"894.32 Japan, Personnel. Organization. Discipline. Mutiny. Compulsory Naval Services. (File 82)",894.32,82,2,Mistral OCR,yes,https://archive.org/details/japan-internal-affairs-894.32-japan-personnel-organization-2,894.32-82.txt
894.32-180,japan-internal-affairs-894.32-japan-personnel-organization-3,"894.32 Japan, Personnel. Organization. Discipline. Mutiny. Compulsory Naval Services. (File 180)",894.32,180,1,Mistral OCR,yes,https://archive.org/details/japan-internal-affairs-894.32-japan-personnel-organization-3,894.32-180.txt
894.32-536,japan-internal-affairs-894.32-japan-personnel-organization-4,"894.32 Japan, Personnel. Organization. Discipline. Mutiny. Compulsory Naval Services. (File 536)",894.32,536,1,Mistral OCR,yes,https://archive.org/details/japan-internal-affairs-894.32-japan-personnel-organization-4,894.32-536.txt
894.32-991,japan-internal-affairs-894.32-japan-personnel-organization-1,"894.32 Japan, Personnel. Organization. Discipline. Mutiny. Compulsory Naval Services., May 4, 1933 - December 24, 1937 (File 991)",894.32,991,2,Mistral OCR,yes,https://archive.org/details/japan-internal-affairs-894.32-japan-personnel-organization-1,894.32-991.txt
894.32-1257,japan-internal-affairs-894.32-japan-personnel-organization-5,"894.32 Japan, Personnel. Organization. Discipline. Mutiny. Compulsory Naval Services., April 9, 1941 (File 1257)",894.32,1257,99,PaddleOCR,yes,https://archive.org/details/japan-internal-affairs-894.32-japan-personnel-organization-5,894.32-1257.txt
894.32-1304,japan-internal-affairs-894.32-japan-personnel-organization-6,"894.32 Japan, Personnel. Organization. Discipline. Mutiny. Compulsory Naval Services., September 30, 1941 (File 1304)",894.32,1304,75,PaddleOCR,yes,https://archive.org/details/japan-internal-affairs-894.32-japan-personnel-organization-6,894.32-1304.txt
894.321-178,japan-internal-affairs-894.321-personnel-organization-discipline-2,"894.321 Personnel. Organization. Discipline. Mutiny. Compulsory Naval Services., Japan, Commissioned Officers. (File 178)",894.321,178,1,Mistral OCR,yes,https://archive.org/details/japan-internal-affairs-894.321-personnel-organization-discipline-2,894.321-178.txt
894.321-311,japan-internal-affairs-894.321-personnel-organization-discipline-3,"894.321 Personnel. Organization. Discipline. Mutiny. Compulsory Naval Services., Japan, Commissioned Officers. (File 311)",894.321,311,2,Mistral OCR,yes,https://archive.org/details/japan-internal-affairs-894.321-personnel-organization-discipline-3,894.321-311.txt
894.321-537,japan-internal-affairs-894.321-personnel-organization-discipline-4,"894.321 Personnel. Organization. Discipline. Mutiny. Compulsory Naval Services., Japan, Commissioned Officers. (File 537)",894.321,537,1,Mistral OCR,yes,https://archive.org/details/japan-internal-affairs-894.321-personnel-organization-discipline-4,894.321-537.txt
894.321-1389,japan-internal-affairs-894.321-personnel-organization-discipline-1,"894.321 Personnel. Organization. Discipline. Mutiny. Compulsory Naval Services., Japan, Commissioned Officers., November 26, 1940 - May 26, 1943 (File 1389)",894.321,1389,5,Mistral OCR,yes,https://archive.org/details/japan-internal-affairs-894.321-personnel-organization-discipline-1,894.321-1389.txt
894.3211-177,japan-internal-affairs-894.3211-personnel-organization-discipline-2,"894.3211 Personnel. Organization. Discipline. Mutiny. Compulsory Naval Services., Commissioned Officers., Japan, Detail For Language Study In Foreign Countries. (File 177)",894.3211,177,1,Mistral OCR,yes,https://archive.org/details/japan-internal-affairs-894.3211-personnel-organization-discipline-2,894.3211-177.txt
894.3211-1300,japan-internal-affairs-894.3211-personnel-organization-discipline-1,"894.3211 Personnel. Organization. Discipline. Mutiny. Compulsory Naval Services., Commissioned Officers., Japan, Detail For Language Study In Foreign Countries., October 17, 1940 - September 10, 1941 (File 1300)",894.3211,1300,17,Mistral OCR,yes,https://archive.org/details/japan-internal-affairs-894.3211-personnel-organization-discipline-1,894.3211-1300.txt
894.322-538,japan-internal-affairs-894.322-personnel-organization-discipline-2,"894.322 Personnel. Organization. Discipline. Mutiny. Compulsory Naval Services., Japan, Enlisted Men. (File 538)",894.322,538,1,Mistral OCR,yes,https://archive.org/details/japan-internal-affairs-894.322-personnel-organization-discipline-2,894.322-538.txt
894.322-796,japan-internal-affairs-894.322-personnel-organization-discipline-1,"894.322 Personnel. Organization. Discipline. Mutiny. Compulsory Naval Services., Japan, Enlisted Men., December 2, 1933 (File 796)",894.322,796,1,Mistral OCR,yes,https://archive.org/details/japan-internal-affairs-894.322-personnel-organization-discipline-1,894.322-796.txt
894.325-539,japan-internal-affairs-894.325-personnel-organization-discipline-2,"894.325 Personnel. Organization. Discipline. Mutiny. Compulsory Naval Services., Japan, Auxiliary Services. (File 539)",894.325,539,1,Mistral OCR,yes,https://archive.org/details/japan-internal-affairs-894.325-personnel-organization-discipline-2,894.325-539.txt
894.325-810,japan-internal-affairs-894.325-personnel-organization-discipline-1,"894.325 Personnel. Organization. Discipline. Mutiny. Compulsory Naval Services., Japan, Auxiliary Services., February 26, 1934 (File 810)",894.325,810,1,Mistral OCR,yes,https://archive.org/details/japan-internal-affairs-894.325-personnel-organization-discipline-1,894.325-810.txt
894.32711-535,japan-internal-affairs-894.32711-personnel-organization-discipline-1,"894.32711 Personnel. Organization. Discipline. Mutiny. Compulsory Naval Services., Japan, Admissions Of Foreigners For Service Or Study To Naval Academy, Vessels, Workshops, Or Other Naval Institutions. Nationality Of Foreigner., United (File 535)",894.32711,535,1,Mistral OCR,yes,https://archive.org/details/japan-internal-affairs-894.32711-personnel-organization-discipline-1,894.32711-535.txt
894.32711-1114,japan-internal-affairs-894.32711-personnel-organization-discipline-2,"894.32711 Personnel. Organization. Discipline. Mutiny. Compulsory Naval Services., Japan, Admissions Of Foreigners For Service Or Study To Naval Academy, Vessels, Workshops, Or Other Naval Institutions. Nationality Of Foreigner., United (File 1114)",894.32711,1114,7,Mistral OCR,yes,https://archive.org/details/japan-internal-affairs-894.32711-personnel-organization-discipline-2,894.32711-1114.txt
894.33-179,japan-internal-affairs-894.33-movements-of-naval-2,"894.33 Movements Of Naval Vessels. Rules, Ect., Regarding Visits Of Foreign Naval Vessels, 800.33**. (File 179)",894.33,179,9,Mistral OCR,yes,https://archive.org/details/japan-internal-affairs-894.33-movements-of-naval-2,894.33-179.txt
894.33-540,japan-internal-affairs-894.33-movements-of-naval-3,"894.33 Movements Of Naval Vessels. Rules, Ect., Regarding Visits Of Foreign Naval Vessels, 800.33**. (File 540)",894.33,540,1,Mistral OCR,yes,https://archive.org/details/japan-internal-affairs-894.33-movements-of-naval-3,894.33-540.txt
894.33-1046,japan-internal-affairs-894.33-movements-of-naval-1,"894.33 Movements Of Naval Vessels. Rules, Ect., Regarding Visits Of Foreign Naval Vessels, 800.33**., July 14, 1933 - September 24, 1938 (File 1046)",894.33,1046,13,Mistral OCR,yes,https://archive.org/details/japan-internal-affairs-894.33-movements-of-naval-1,894.33-1046.txt
894.33-1401,japan-internal-affairs-894.33-movements-of-naval-4,"894.33 Movements Of Naval Vessels. Rules, Ect., Regarding Visits Of Foreign Naval Vessels, 800.33**., May 16, 1940 - November 15, 1943 (File 1401)",894.33,1401,147,PaddleOCR,no,https://archive.org/details/japan-internal-affairs-894.33-movements-of-naval-4,894.33-1401.txt
894.3311-181,japan-internal-affairs-894.3311-visits-of-vessels-3,894.3311 Visits Of Vessels And Aircraft Of Japan To Ports Of United States. (File 181),894.3311,181,19,Mistral OCR,yes,https://archive.org/details/japan-internal-affairs-894.3311-visits-of-vessels-3,894.3311-181.txt
894.3311-519,japan-internal-affairs-894.3311-visits-of-vessels-4,894.3311 Visits Of Vessels And Aircraft Of Japan To Ports Of United States. (File 519),894.3311,519,40,Mistral OCR,yes,https://archive.org/details/japan-internal-affairs-894.3311-visits-of-vessels-4,894.3311-519.txt
894.3311-541,japan-internal-affairs-894.3311-visits-of-vessels-5,894.3311 Visits Of Vessels And Aircraft Of Japan To Ports Of United States. (File 541),894.3311,541,26,Mistral OCR,yes,https://archive.org/details/japan-internal-affairs-894.3311-visits-of-vessels-5,894.3311-541.txt
894.3311-912,japan-internal-affairs-894.3311-visits-of-vessels-6,"894.3311 Visits Of Vessels And Aircraft Of Japan To Ports Of United States., January 7, 1930 - May 20, 1936 (File 912)",894.3311,912,474,PaddleOCR,no,https://archive.org/details/japan-internal-affairs-894.3311-visits-of-vessels-6,894.3311-912.txt
894.3311-1062,japan-internal-affairs-894.3311-visits-of-vessels-1,"894.3311 Visits Of Vessels And Aircraft Of Japan To Ports Of United States., December 8, 1938 (File 1062)",894.3311,1062,3,Mistral OCR,yes,https://archive.org/details/japan-internal-affairs-894.3311-visits-of-vessels-1,894.3311-1062.txt
894.3311-1172-1,japan-internal-affairs-894.3311-visits-of-vessels-7-part-1,"894.3311 Visits Of Vessels And Aircraft Of Japan To Ports Of United States., May 21, 1936 - January 3, 1940 (File 1172), part 1 of 2",894.3311,1172,467,PaddleOCR,no,https://archive.org/details/japan-internal-affairs-894.3311-visits-of-vessels-7/894.3311%20Visits%20Of%20Vessels%20And%20Aircraft%20Of%20Japan%20To%20Ports%20Of%20United%20States.%2C%20May%2021%2C%201936%20-%20January%203%2C%201940%201172-part-1,894.3311-1172-1.txt
894.3311-1172-2,japan-internal-affairs-894.3311-visits-of-vessels-7-part-2,"894.3311 Visits Of Vessels And Aircraft Of Japan To Ports Of United States., May 21, 1936 - January 3, 1940 (File 1172), part 2 of 2",894.3311,1172,449,PaddleOCR,no,https://archive.org/details/japan-internal-affairs-894.3311-visits-of-vessels-7/894.3311%20Visits%20Of%20Vessels%20And%20Aircraft%20Of%20Japan%20To%20Ports%20Of%20United%20States.%2C%20May%2021%2C%201936%20-%20January%203%2C%201940%201172-part-2,894.3311-1172-2.txt
894.3311-1222,japan-internal-affairs-894.3311-visits-of-vessels-2,"894.3311 Visits Of Vessels And Aircraft Of Japan To Ports Of United States., October 10, 1940 - November 14, 1940 (File 1222)",894.3311,1222,11,Mistral OCR,yes,https://archive.org/details/japan-internal-affairs-894.3311-visits-of-vessels-2,894.3311-1222.txt
894.3311-1282,japan-internal-affairs-894.3311-visits-of-vessels-8,"894.3311 Visits Of Vessels And Aircraft Of Japan To Ports Of United States., January 4, 1940 - July 10, 1941 (File 1282)",894.3311,1282,446,PaddleOCR,no,https://archive.org/details/japan-internal-affairs-894.3311-visits-of-vessels-8,894.3311-1282.txt
894.3311A-183,japan-internal-affairs-894.3311a-visits-of-vessels-2,894.3311A Visits Of Vessels And Aircraft Of Japan To Ports Of Hawaii. (File 183),894.3311A,183,1,Mistral OCR,yes,https://archive.org/details/japan-internal-affairs-894.3311a-visits-of-vessels-2,894.3311A-183.txt
894.3311A-520,japan-internal-affairs-894.3311a-visits-of-vessels-3,894.3311A Visits Of Vessels And Aircraft Of Japan To Ports Of Hawaii. (File 520),894.3311A,520,1,Mistral OCR,yes,https://archive.org/details/japan-internal-affairs-894.3311a-visits-of-vessels-3,894.3311A-520.txt
894.3311A-1025,japan-internal-affairs-894.3311a-visits-of-vessels-1,"894.3311A Visits Of Vessels And Aircraft Of Japan To Ports Of Hawaii., November 24, 1937 - June 14, 1938 (File 1025)",894.3311A,1025,7,Mistral OCR,yes,https://archive.org/details/japan-internal-affairs-894.3311a-visits-of-vessels-1,894.3311A-1025.txt
894.3311B-182,japan-internal-affairs-894.3311b-visits-of-vessels-1,894.3311B Visits Of Vessels And Aircraft Of Japan To Ports Of Philippine Islands. (File 182),894.3311B,182,6,Mistral OCR,yes,https://archive.org/details/japan-internal-affairs-894.3311b-visits-of-vessels-1,894.3311B-182.txt
894.3311B-521,japan-internal-affairs-894.3311b-visits-of-vessels-2,894.3311B Visits Of Vessels And Aircraft Of Japan To Ports Of Philippine Islands. (File 521),894.3311B,521,14,Mistral OCR,yes,https://archive.org/details/japan-internal-affairs-894.3311b-visits-of-vessels-2,894.3311B-521.txt
894.3311B-1173,japan-internal-affairs-894.3311b-visits-of-vessels-3,"894.3311B Visits Of Vessels And Aircraft Of Japan To Ports Of Philippine Islands., February 4, 1931 - January 3, 1940 (File 1173)",894.3311B,1173,203,PaddleOCR,no,https://archive.org/details/japan-internal-affairs-894.3311b-visits-of-vessels-3,894.3311B-1173.txt
894.3311B-1269,japan-internal-affairs-894.3311b-visits-of-vessels-4,"894.3311B Visits Of Vessels And Aircraft Of Japan To Ports Of Philippine Islands., January 6, 1940 - June 4, 1941 (File 1269)",894.3311B,1269,85,PaddleOCR,yes,https://archive.org/details/japan-internal-affairs-894.3311b-visits-of-vessels-4,894.3311B-1269.txt
894.3311F-464,japan-internal-affairs-894.3311f-visits-of-vessels-2,894.3311F Visits Of Vessels And Aircraft Of Japan To Ports Of Canal Zone. (File 464),894.3311F,464,1,Mistral OCR,yes,https://archive.org/details/japan-internal-affairs-894.3311f-visits-of-vessels-2,894.3311F-464.txt
894.3311F-785,japan-internal-affairs-894.3311f-visits-of-vessels-1,"894.3311F Visits Of Vessels And Aircraft Of Japan To Ports Of Canal Zone., March 9, 1933 - June 16, 1933 (File 785)",894.3311F,785,5,Mistral OCR,yes,https://archive.org/details/japan-internal-affairs-894.3311f-visits-of-vessels-1,894.3311F-785.txt
894.3312-191,japan-internal-affairs-894.3312-visits-of-vessels-3,894.3312 Visits Of Vessels And Aircraft Of Japan To Ports Of Mexico. (File 191),894.3312,191,1,Mistral OCR,yes,https://archive.org/details/japan-internal-affairs-894.3312-visits-of-vessels-3,894.3312-191.txt
894.3312-467,japan-internal-affairs-894.3312-visits-of-vessels-4,894.3312 Visits Of Vessels And Aircraft Of Japan To Ports Of Mexico. (File 467),894.3312,467,1,Mistral OCR,yes,https://archive.org/details/japan-internal-affairs-894.3312-visits-of-vessels-4,894.3312-467.txt
894.3312-1005,japan-internal-affairs-894.3312-visits-of-vessels-1,"894.3312 Visits Of Vessels And Aircraft Of Japan To Ports Of Mexico., March 2, 1933 - March 16, 1938 (File 1005)",894.3312,1005,30,Mistral OCR,yes,https://archive.org/details/japan-internal-affairs-894.3312-visits-of-vessels-1,894.3312-1005.txt
894.3312-1327,japan-internal-affairs-894.3312-visits-of-vessels-2,"894.3312 Visits Of Vessels And Aircraft Of Japan To Ports Of Mexico., January 30, 1942 (File 1327)",894.3312,1327,4,Mistral OCR,yes,https://archive.org/details/japan-internal-affairs-894.3312-visits-of-vessels-2,894.3312-1327.txt
894.3317-468,japan-internal-affairs-894.3317-visits-of-vessels,894.3317 Visits Of Vessels And Aircraft Of Japan To Ports Of Nicaragua. (File 468),894.3317,468,1,Mistral OCR,yes,https://archive.org/details/japan-internal-affairs-894.3317-visits-of-vessels,894.3317-468.txt
894.3321-465,japan-internal-affairs-894.3321-visits-of-vessels-2,894.3321 Visits Of Vessels And Aircraft Of Japan To Ports Of Colombia. (File 465),894.3321,465,1,Mistral OCR,yes,https://archive.org/details/japan-internal-affairs-894.3321-visits-of-vessels-2,894.3321-465.txt
894.3321-942,japan-internal-affairs-894.3321-visits-of-vessels-1,"894.3321 Visits Of Vessels And Aircraft Of Japan To Ports Of Colombia., February 19, 1937 (File 942)",894.3321,942,4,Mistral OCR,yes,https://archive.org/details/japan-internal-affairs-894.3321-visits-of-vessels-1,894.3321-942.txt
894.3325-192,japan-internal-affairs-894.3325-visits-of-vessels-2,894.3325 Visits Of Vessels And Aircraft Of Japan To Ports Of Chile. (File 192),894.3325,192,2,Mistral OCR,yes,https://archive.org/details/japan-internal-affairs-894.3325-visits-of-vessels-2,894.3325-192.txt
894.3325-1371,japan-internal-affairs-894.3325-visits-of-vessels-1,"894.3325 Visits Of Vessels And Aircraft Of Japan To Ports Of Chile., November 14, 1942 (File 1371)",894.3325,1371,1,Mistral OCR,yes,https://archive.org/details/japan-internal-affairs-894.3325-visits-of-vessels-1,894.3325-1371.txt
894.3342-466,japan-internal-affairs-894.3342-visits-of-vessels-2,894.3342 Visits Of Vessels And Aircraft Of Japan To Ports Of Canada. (File 466),894.3342,466,1,Mistral OCR,yes,https://archive.org/details/japan-internal-affairs-894.3342-visits-of-vessels-2,894.3342-466.txt
894.3342-779,japan-internal-affairs-894.3342-visits-of-vessels-1,"894.3342 Visits Of Vessels And Aircraft Of Japan To Ports Of Canada., April 11, 1933 (File 779)",894.3342,779,5,Mistral OCR,yes,https://archive.org/details/japan-internal-affairs-894.3342-visits-of-vessels-1,894.3342-779.txt
894.3346C-471,japan-internal-affairs-894.3346c-visits-of-vessels-2,894.3346C Visits Of Vessels And Aircraft Of Japan To Ports Of Ceylon. (File 471),894.3346C,471,1,Mistral OCR,yes,https://archive.org/details/japan-internal-affairs-894.3346c-visits-of-vessels-2,894.3346C-471.txt
894.3346C-819,japan-internal-affairs-894.3346c-visits-of-vessels-1,"894.3346C Visits Of Vessels And Aircraft Of Japan To Ports Of Ceylon., June 26, 1934 (File 819)",894.3346C,819,3,Mistral OCR,yes,https://archive.org/details/japan-internal-affairs-894.3346c-visits-of-vessels-1,894.3346C-819.txt
894.3346G-473,japan-internal-affairs-894.3346g-visits-of-vessels-2,894.3346G Visits Of Vessels And Aircraft Of Japan To Ports Of Hong Kong. (File 473),894.3346G,473,1,Mistral OCR,yes,https://archive.org/details/japan-internal-affairs-894.3346g-visits-of-vessels-2,894.3346G-473.txt
894.3346G-1055,japan-internal-affairs-894.3346g-visits-of-vessels-1,"894.3346G Visits Of Vessels And Aircraft Of Japan To Ports Of Hong Kong., July 10, 1937 - November 17, 1938 (File 1055)",894.3346G,1055,3,Mistral OCR,yes,https://archive.org/details/japan-internal-affairs-894.3346g-visits-of-vessels-1,894.3346G-1055.txt
894.3347-469,japan-internal-affairs-894.3347-visits-of-vessels,894.3347 Visits Of Vessels And Aircraft Of Japan To Ports Of Australia. (File 469),894.3347,469,1,Mistral OCR,yes,https://archive.org/details/japan-internal-affairs-894.3347-visits-of-vessels,894.3347-469.txt
894.3347H-495,japan-internal-affairs-894.3347h-visits-of-vessels,894.3347H Visits Of Vessels And Aircraft Of Japan To Ports Of New Zealand. (File 495),894.3347H,495,1,Mistral OCR,yes,https://archive.org/details/japan-internal-affairs-894.3347h-visits-of-vessels,894.3347H-495.txt
894.3351G-1225,japan-internal-affairs-894.3351g-visits-of-vessels,"894.3351G Visits Of Vessels And Aircraft Of Japan To Ports Of French Indo-China., November 22, 1940 (File 1225)",894.3351G,1225,1,Mistral OCR,yes,https://archive.org/details/japan-internal-affairs-894.3351g-visits-of-vessels,894.3351G-1225.txt
894.3351V-494,japan-internal-affairs-894.3351v-visits-of-vessels-2,894.3351V Visits Of Vessels And Aircraft Of Japan To Ports Of French Somali Coast And Dependencies. (File 494),894.3351V,494,1,Mistral OCR,yes,https://archive.org/details/japan-internal-affairs-894.3351v-visits-of-vessels-2,894.3351V-494.txt
894.3351V-876,japan-internal-affairs-894.3351v-visits-of-vessels-1,"894.3351V Visits Of Vessels And Aircraft Of Japan To Ports Of French Somali Coast And Dependencies., August 24, 1935 (File 876)",894.3351V,876,1,Mistral OCR,yes,https://archive.org/details/japan-internal-affairs-894.3351v-visits-of-vessels-1,894.3351V-876.txt
894.3352-497,japan-internal-affairs-894.3352-visits-of-vessels-2,894.3352 Visits Of Vessels And Aircraft Of Japan To Ports Of Spain. (File 497),894.3352,497,1,Mistral OCR,yes,https://archive.org/details/japan-internal-affairs-894.3352-visits-of-vessels-2,894.3352-497.txt
894.3352-817,japan-internal-affairs-894.3352-visits-of-vessels-1,"894.3352 Visits Of Vessels And Aircraft Of Japan To Ports Of Spain., May 14, 1934 - May 22, 1934 (File 817)",894.3352,817,3,Mistral OCR,yes,https://archive.org/details/japan-internal-affairs-894.3352-visits-of-vessels-1,894.3352-817.txt
894.3356D-496,japan-internal-affairs-894.3356d-visits-of-vessels,894.3356D Visits Of Vessels And Aircraft Of Japan To Ports Of Netherlands Indies. (File 496),894.3356D,496,1,Mistral OCR,yes,https://archive.org/details/japan-internal-affairs-894.3356d-visits-of-vessels,894.3356D-496.txt
894.3356E-502,japan-internal-affairs-894.3356e-visits-of-vessels-2,894.3356E Visits Of Vessels And Aircraft Of Japan To Ports Of Java And Madura. (File 502),894.3356E,502,1,Mistral OCR,yes,https://archive.org/details/japan-internal-affairs-894.3356e-visits-of-vessels-2,894.3356E-502.txt
894.3356E-824,japan-internal-affairs-894.3356e-visits-of-vessels-1,"894.3356E Visits Of Vessels And Aircraft Of Japan To Ports Of Java And Madura., March 16, 1934 - July 7, 1934 (File 824)",894.3356E,824,5,Mistral OCR,yes,https://archive.org/details/japan-internal-affairs-894.3356e-visits-of-vessels-1,894.3356E-824.txt
894.3361-190,japan-internal-affairs-894.3361-visits-of-vessels-2,894.3361 Visits Of Vessels And Aircraft Of Japan To Ports Of Union Of Soviet Socialist Republics. (File 190),894.3361,190,1,Mistral OCR,yes,https://archive.org/details/japan-internal-affairs-894.3361-visits-of-vessels-2,894.3361-190.txt
894.3361-1198,japan-internal-affairs-894.3361-visits-of-vessels-1,"894.3361 Visits Of Vessels And Aircraft Of Japan To Ports Of Union Of Soviet Socialist Republics., July 12, 1940 (File 1198)",894.3361,1198,2,Mistral OCR,yes,https://archive.org/details/japan-internal-affairs-894.3361-visits-of-vessels-1,894.3361-1198.txt
894.3362-503,japan-internal-affairs-894.3362-visits-of-vessels-2,894.3362 Visits Of Vessels And Aircraft Of Japan To Ports Of Germany. (File 503),894.3362,503,1,Mistral OCR,yes,https://archive.org/details/japan-internal-affairs-894.3362-visits-of-vessels-2,894.3362-503.txt
894.3362-953,japan-internal-affairs-894.3362-visits-of-vessels-1,"894.3362 Visits Of Vessels And Aircraft Of Japan To Ports Of Germany., May 27, 1937 - June 2, 1937 (File 953)",894.3362,953,2,Mistral OCR,yes,https://archive.org/details/japan-internal-affairs-894.3362-visits-of-vessels-1,894.3362-953.txt
894.3365-504,japan-internal-affairs-894.3365-visits-of-vessels-2,894.3365 Visits Of Vessels And Aircraft Of Japan To Ports Of Italy. (File 504),894.3365,504,1,Mistral OCR,yes,https://archive.org/details/japan-internal-affairs-894.3365-visits-of-vessels-2,894.3365-504.txt
894.3365-965,japan-internal-affairs-894.3365-visits-of-vessels-1,"894.3365 Visits Of Vessels And Aircraft Of Japan To Ports Of Italy., May 11, 1934 - August 20, 1937 (File 965)",894.3365,965,9,Mistral OCR,yes,https://archive.org/details/japan-internal-affairs-894.3365-visits-of-vessels-1,894.3365-965.txt
894.3384-505,japan-internal-affairs-894.3384-visits-of-vessels-2,894.3384 Visits Of Vessels And Aircraft Of Japan To Ports Of Ethiopia. (File 505),894.3384,505,1,Mistral OCR,yes,https://archive.org/details/japan-internal-affairs-894.3384-visits-of-vessels-2,894.3384-505.txt
894.3384-818,japan-internal-affairs-894.3384-visits-of-vessels-1,"894.3384 Visits Of Vessels And Aircraft Of Japan To Ports Of Ethiopia., June 21, 1934 (File 818)",894.3384,818,1,Mistral OCR,yes,https://archive.org/details/japan-internal-affairs-894.3384-visits-of-vessels-1,894.3384-818.txt
894.3392-499,japan-internal-affairs-894.3392-visits-of-vessels-2,894.3392 Visits Of Vessels And Aircraft Of Japan To Ports Of Thailand. (File 499),894.3392,499,1,Mistral OCR,yes,https://archive.org/details/japan-internal-affairs-894.3392-visits-of-vessels-2,894.3392-499.txt
894.3392-1026,japan-internal-affairs-894.3392-visits-of-vessels-1,"894.3392 Visits Of Vessels And Aircraft Of Japan To Ports Of Thailand., March 9, 1934 - June 18, 1938 (File 1026)",894.3392,1026,9,Mistral OCR,yes,https://archive.org/details/japan-internal-affairs-894.3392-visits-of-vessels-1,894.3392-1026.txt
894.3393-248,japan-internal-affairs-894.3393-visits-of-vessels-2,894.3393 Visits Of Vessels And Aircraft Of Japan To Ports Of China. (File 248),894.3393,248,3,Mistral OCR,yes,https://archive.org/details/japan-internal-affairs-894.3393-visits-of-vessels-2,894.3393-248.txt
894.3393-501,japan-internal-affairs-894.3393-visits-of-vessels-3,894.3393 Visits Of Vessels And Aircraft Of Japan To Ports Of China. (File 501),894.3393,501,2,Mistral OCR,yes,https://archive.org/details/japan-internal-affairs-894.3393-visits-of-vessels-3,894.3393-501.txt
894.3393-735,japan-internal-affairs-894.3393-visits-of-vessels-1,"894.3393 Visits Of Vessels And Aircraft Of Japan To Ports Of China., April 12, 1930 - February 9, 1932 (File 735)",894.3393,735,30,Mistral OCR,yes,https://archive.org/details/japan-internal-affairs-894.3393-visits-of-vessels-1,894.3393-735.txt
894.3393-1091,japan-internal-affairs-894.3393-visits-of-vessels-4,"894.3393 Visits Of Vessels And Aircraft Of Japan To Ports Of China., February 10, 1932 - April 3, 1939 (File 1091)",894.3393,1091,53,PaddleOCR,yes,https://archive.org/details/japan-internal-affairs-894.3393-visits-of-vessels-4,894.3393-1091.txt
894.34-194,japan-internal-affairs-894.34-japan-equipment-and-2,"894.34 Japan, Equipment And Supplies. Included Construction, Purchase And Sale Of Vessels. Repairs To Foreign Naval Vessels. (File 194)",894.34,194,2,Mistral OCR,yes,https://archive.org/details/japan-internal-affairs-894.34-japan-equipment-and-2,894.34-194.txt
894.34-249,japan-internal-affairs-894.34-japan-equipment-and-3,"894.34 Japan, Equipment And Supplies. Included Construction, Purchase And Sale Of Vessels. Repairs To Foreign Naval Vessels. (File 249)",894.34,249,26,Mistral OCR,yes,https://archive.org/details/japan-internal-affairs-894.34-japan-equipment-and-3,894.34-249.txt
894.34-867,japan-internal-affairs-894.34-japan-equipment-and-1,"894.34 Japan, Equipment And Supplies. Included Construction, Purchase And Sale Of Vessels. Repairs To Foreign Naval Vessels., June 22, 1935 (File 867)",894.34,867,1,Mistral OCR,yes,https://archive.org/details/japan-internal-affairs-894.34-japan-equipment-and-1,894.34-867.txt
894.34-1165,japan-internal-affairs-894.34-japan-equipment-and-4,"894.34 Japan, Equipment And Supplies. Included Construction, Purchase And Sale Of Vessels. Repairs To Foreign Naval Vessels., May 5, 1930 - December 26, 1939 (File 1165)",894.34,1165,500,PaddleOCR,no,https://archive.org/details/japan-internal-affairs-894.34-japan-equipment-and-4,894.34-1165.txt
894.34-1418,japan-internal-affairs-894.34-japan-equipment-and-5,"894.34 Japan, Equipment And Supplies. Included Construction, Purchase And Sale Of Vessels. Repairs To Foreign Naval Vessels., February 11, 1940 - March 11, 1944 (File 1418)",894.34,1418,48,PaddleOCR,yes,https://archive.org/details/japan-internal-affairs-894.34-japan-equipment-and-5,894.34-1418.txt
894.345-1,japan-internal-affairs-894.345-internal-affairs-of,"894.345 Internal Affairs Of States, Equipment And Supplies. Included Construction, Purchase And Sale Of Vessels. Repairs To Foreign Naval Vessels., Naval And Coaling Stations Of Japan In Country. Stationing Of Colliers. (File 1)",894.345,1,2,Mistral OCR,yes,https://archive.org/details/japan-internal-affairs-894.345-internal-affairs-of,894.345-1.txt
894.345-193,japan-internal-affairs-894.345-equipment-and-supplies-2,"894.345 Equipment And Supplies. Included Construction, Purchase And Sale Of Vessels. Repairs To Foreign Naval Vessels., Naval And Coaling Stations Of Japan In Country Stationing Of Colliers. (File 193)",894.345,193,1,Mistral OCR,yes,https://archive.org/details/japan-internal-affairs-894.345-equipment-and-supplies-2,894.345-193.txt
894.345-234,japan-internal-affairs-894.345-equipment-and-supplies-3,"894.345 Equipment And Supplies. Included Construction, Purchase And Sale Of Vessels. Repairs To Foreign Naval Vessels., Naval And Coaling Stations Of Japan In Country . Stationing Of Colliers. (File 234)",894.345,234,1,Mistral OCR,yes,https://archive.org/details/japan-internal-affairs-894.345-equipment-and-supplies-3,894.345-234.txt
894.345-1186,japan-internal-affairs-894.345-equipment-and-supplies-1,"894.345 Equipment And Supplies. Included Construction, Purchase And Sale Of Vessels. Repairs To Foreign Naval Vessels., Naval And Coaling Stations Of Japan In Country. Stationing Of Colliers., March 27, 1937 - April 20, 1940 (File 1186)",894.345,1186,5,Mistral OCR,yes,https://archive.org/details/japan-internal-affairs-894.345-equipment-and-supplies-1,894.345-1186.txt
894.34512-232,japan-internal-affairs-894.34512-equipment-and-supplies-2,"894.34512 Equipment And Supplies. Included Construction, Purchase And Sale Of Vessels. Repairs To Foreign Naval Vessels., Naval And Coaling Stations Of Japan In Mexico. (File 232)",894.34512,232,1,Mistral OCR,yes,https://archive.org/details/japan-internal-affairs-894.34512-equipment-and-supplies-2,894.34512-232.txt
894.34512-1045,japan-internal-affairs-894.34512-equipment-and-supplies-1,"894.34512 Equipment And Supplies. Included Construction, Purchase And Sale Of Vessels. Repairs To Foreign Naval Vessels., Naval And Coaling Stations Of Japan In Mexico., January 5, 1931 - September 24, 1938 (File 1045)",894.34512,1045,12,Mistral OCR,yes,https://archive.org/details/japan-internal-affairs-894.34512-equipment-and-supplies-1,894.34512-1045.txt
894.34516-233,japan-internal-affairs-894.34516-equipment-and-supplies-2,"894.34516 Equipment And Supplies. Included Construction, Purchase And Sale Of Vessels. Repairs To Foreign Naval Vessels., Naval And Coaling Stations Of Japan In El Salvador. (File 233)",894.34516,233,1,Mistral OCR,yes,https://archive.org/details/japan-internal-affairs-894.34516-equipment-and-supplies-2,894.34516-233.txt
894.34516-825,japan-internal-affairs-894.34516-equipment-and-supplies-1,"894.34516 Equipment And Supplies. Included Construction, Purchase And Sale Of Vessels. Repairs To Foreign Naval Vessels., Naval And Coaling Stations Of Japan In El Salvador., July 16, 1934 (File 825)",894.34516,825,1,Mistral OCR,yes,https://archive.org/details/japan-internal-affairs-894.34516-equipment-and-supplies-1,894.34516-825.txt
894.34517-229,japan-internal-affairs-894.34517-equipment-and-supplies-2,"894.34517 Equipment And Supplies. Included Construction, Purchase And Sale Of Vessels. Repairs To Foreign Naval Vessels., Naval And Coaling Stations Of Japan In Nicaragua. (File 229)",894.34517,229,1,Mistral OCR,yes,https://archive.org/details/japan-internal-affairs-894.34517-equipment-and-supplies-2,894.34517-229.txt
894.34517-889,japan-internal-affairs-894.34517-equipment-and-supplies-1,"894.34517 Equipment And Supplies. Included Construction, Purchase And Sale Of Vessels. Repairs To Foreign Naval Vessels., Naval And Coaling Stations Of Japan In Nicaragua., January 22, 1936 (File 889)",894.34517,889,1,Mistral OCR,yes,https://archive.org/details/japan-internal-affairs-894.34517-equipment-and-supplies-1,894.34517-889.txt
894.34537-230,japan-internal-affairs-894.34537-equipment-and-supplies-2,"894.34537 Equipment And Supplies. Included Construction, Purchase And Sale Of Vessels. Repairs To Foreign Naval Vessels., Naval And Coaling Stations Of Japan In Cuba. (File 230)",894.34537,230,1,Mistral OCR,yes,https://archive.org/details/japan-internal-affairs-894.34537-equipment-and-supplies-2,894.34537-230.txt
894.34537-811,japan-internal-affairs-894.34537-equipment-and-supplies-1,"894.34537 Equipment And Supplies. Included Construction, Purchase And Sale Of Vessels. Repairs To Foreign Naval Vessels., Naval And Coaling Stations Of Japan In Cuba., March 9, 1934 - March 21, 1934 (File 811)",894.34537,811,9,Mistral OCR,yes,https://archive.org/details/japan-internal-affairs-894.34537-equipment-and-supplies-1,894.34537-811.txt
894.34551G-185,japan-internal-affairs-894.34551g-equipment-and-supplies-2,"894.34551G Equipment And Supplies. Included Construction, Purchase And Sale Of Vessels. Repairs To Foreign Naval Vessels., Naval And Coaling Stations Of Japan In French Indo-China. (File 185)",894.34551G,185,1,Mistral OCR,yes,https://archive.org/details/japan-internal-affairs-894.34551g-equipment-and-supplies-2,894.34551G-185.txt
894.34551G-1285,japan-internal-affairs-894.34551g-equipment-and-supplies-1,"894.34551G Equipment And Supplies. Included Construction, Purchase And Sale Of Vessels. Repairs To Foreign Naval Vessels., Naval And Coaling Stations Of Japan In French Indo-China., May 9, 1941 - July 16, 1941 (File 1285)",894.34551G,1285,2,Mistral OCR,yes,https://archive.org/details/japan-internal-affairs-894.34551g-equipment-and-supplies-1,894.34551G-1285.txt
894.34562I-227,japan-internal-affairs-894.34562i-equipment-and-supplies-2,"894.34562I Equipment And Supplies. Included Construction, Purchase And Sale Of Vessels. Repairs To Foreign Naval Vessels., Naval And Coaling Stations Of Japan In Caroline Islands. (File 227)",894.34562I,227,1,Mistral OCR,yes,https://archive.org/details/japan-internal-affairs-894.34562i-equipment-and-supplies-2,894.34562I-227.txt
894.34562I-786,japan-internal-affairs-894.34562i-equipment-and-supplies-1,"894.34562I Equipment And Supplies. Included Construction, Purchase And Sale Of Vessels. Repairs To Foreign Naval Vessels., Naval And Coaling Stations Of Japan In Caroline Islands., November 3, 1932 - June 17, 1933 (File 786)",894.34562I,786,7,Mistral OCR,yes,https://archive.org/details/japan-internal-affairs-894.34562i-equipment-and-supplies-1,894.34562I-786.txt
894.34593-184,japan-internal-affairs-894.34593-equipment-and-supplies-2,"894.34593 Equipment And Supplies. Included Construction, Purchase And Sale Of Vessels. Repairs To Foreign Naval Vessels., Naval And Coaling Stations Of Japan In China. (File 184)",894.34593,184,1,Mistral OCR,yes,https://archive.org/details/japan-internal-affairs-894.34593-equipment-and-supplies-2,894.34593-184.txt
894.34593-1279,japan-internal-affairs-894.34593-equipment-and-supplies-1,"894.34593 Equipment And Supplies. Included Construction, Purchase And Sale Of Vessels. Repairs To Foreign Naval Vessels., Naval And Coaling Stations Of Japan In China., July 8, 1941 (File 1279)",894.34593,1279,2,Mistral OCR,yes,https://archive.org/details/japan-internal-affairs-894.34593-equipment-and-supplies-1,894.34593-1279.txt
894.34594C-228,japan-internal-affairs-894.34594c-equipment-and-supplies-2,"894.34594C Equipment And Supplies. Included Construction, Purchase And Sale Of Vessels. Repairs To Foreign Naval Vessels., Naval And Coaling Stations Of Japan In Kwantung Leased Territory. (File 228)",894.34594C,228,1,Mistral OCR,yes,https://archive.org/details/japan-internal-affairs-894.34594c-equipment-and-supplies-2,894.34594C-228.txt
894.34594C-787,japan-internal-affairs-894.34594c-equipment-and-supplies-1,"894.34594C Equipment And Supplies. Included Construction, Purchase And Sale Of Vessels. Repairs To Foreign Naval Vessels., Naval And Coaling Stations Of Japan In Kwantung Leased Territory., May 24, 1933 - July 12, 1933 (File 787)",894.34594C,787,17,Mistral OCR,yes,https://archive.org/details/japan-internal-affairs-894.34594c-equipment-and-supplies-1,894.34594C-787.txt
894.347-231,japan-internal-affairs-894.347-equipment-and-supplies-2,"894.347 Equipment And Supplies. Included Construction, Purchase And Sale Of Vessels. Repairs To Foreign Naval Vessels., Japan, Fuel. (File 231)",894.347,231,1,Mistral OCR,yes,https://archive.org/details/japan-internal-affairs-894.347-equipment-and-supplies-2,894.347-231.txt
894.347-855,japan-internal-affairs-894.347-equipment-and-supplies-1,"894.347 Equipment And Supplies. Included Construction, Purchase And Sale Of Vessels. Repairs To Foreign Naval Vessels., Japan, Fuel., March 21, 1935 (File 855)",894.347,855,1,Mistral OCR,yes,https://archive.org/details/japan-internal-affairs-894.347-equipment-and-supplies-1,894.347-855.txt
894.3472-186,japan-internal-affairs-894.3472-equipment-and-supplies-2,"894.3472 Equipment And Supplies. Included Construction, Purchase And Sale Of Vessels. Repairs To Foreign Naval Vessels., Fuel., Japan, Oil. (File 186)",894.3472,186,3,Mistral OCR,yes,https://archive.org/details/japan-internal-affairs-894.3472-equipment-and-supplies-2,894.3472-186.txt
894.3472-247,japan-internal-affairs-894.3472-equipment-and-supplies-3,"894.3472 Equipment And Supplies. Included Construction, Purchase And Sale Of Vessels. Repairs To Foreign Naval Vessels., Fuel., Japan, Oil. (File 247)",894.3472,247,2,Mistral OCR,yes,https://archive.org/details/japan-internal-affairs-894.3472-equipment-and-supplies-3,894.3472-247.txt
894.3472-1139,japan-internal-affairs-894.3472-equipment-and-supplies-1,"894.3472 Equipment And Supplies. Included Construction, Purchase And Sale Of Vessels. Repairs To Foreign Naval Vessels., Fuel., Japan, Oil., February 6, 1939 - October 24, 1939 (File 1139)",894.3472,1139,8,Mistral OCR,yes,https://archive.org/details/japan-internal-affairs-894.3472-equipment-and-supplies-1,894.3472-1139.txt
894.3472-1201,japan-internal-affairs-894.3472-equipment-and-supplies-4,"894.3472 Equipment And Supplies. Included Construction, Purchase And Sale Of Vessels. Repairs To Foreign Naval Vessels., Fuel., Japan, Oil., March 8, 1940 - August 3, 1940 (File 1201)",894.3472,1201,68,PaddleOCR,yes,https://archive.org/details/japan-internal-affairs-894.3472-equipment-and-supplies-4,894.3472-1201.txt
894.348-244,japan-internal-affairs-894.348-equipment-and-supplies-3,"894.348 Equipment And Supplies. Included Construction, Purchase And Sale Of Vessels. Repairs To Foreign Naval Vessels., Japan, Aircraft. Accidents. Landing Fields. Stations. (File 244)",894.348,244,2,Mistral OCR,yes,https://archive.org/details/japan-internal-affairs-894.348-equipment-and-supplies-3,894.348-244.txt
894.348-814,japan-internal-affairs-894.348-equipment-and-supplies-1,"894.348 Equipment And Supplies. Included Construction, Purchase And Sale Of Vessels. Repairs To Foreign Naval Vessels., Japan, Aircraft. Accidents. Landing Fields. Stations., November 30, 1931 - April 12, 1934 (File 814)",894.348,814,6,Mistral OCR,yes,https://archive.org/details/japan-internal-affairs-894.348-equipment-and-supplies-1,894.348-814.txt
894.348-1189,japan-internal-affairs-894.348-equipment-and-supplies-2,"894.348 Equipment And Supplies. Included Construction, Purchase And Sale Of Vessels. Repairs To Foreign Naval Vessels., Japan, Aircraft. Accidents. Landing Fields. Stations., November 7, 1935 - May 6, 1940 (File 1189)",894.348,1189,24,Mistral OCR,yes,https://archive.org/details/japan-internal-affairs-894.348-equipment-and-supplies-2,894.348-1189.txt
894.40-245,japan-internal-affairs-894.40-japan-social-matters-2,"894.40 Japan, Social Matters. (File 245)",894.40,245,1,Mistral OCR,yes,https://archive.org/details/japan-internal-affairs-894.40-japan-social-matters-2,894.40-245.txt
894.40-1598,japan-internal-affairs-894.40-japan-social-matters-1,"894.40 Japan, Social Matters., October 7, 1947 (File 1598)",894.40,1598,6,Mistral OCR,yes,https://archive.org/details/japan-internal-affairs-894.40-japan-social-matters-1,894.40-1598.txt
894.401-187,japan-internal-affairs-894.401-social-matters-japan-2,"894.401 Social Matters., Japan, People. (File 187)",894.401,187,1,Mistral OCR,yes,https://archive.org/details/japan-internal-affairs-894.401-social-matters-japan-2,894.401-187.txt
894.401-246,japan-internal-affairs-894.401-social-matters-japan-3,"894.401 Social Matters., Japan, People. (File 246)",894.401,246,1,Mistral OCR,yes,https://archive.org/details/japan-internal-affairs-894.401-social-matters-japan-3,894.401-246.txt
894.401-1043,japan-internal-affairs-894.401-social-matters-japan-1,"894.401 Social Matters., Japan, People., August 25, 1938 (File 1043)",894.401,1043,7,Mistral OCR,yes,https://archive.org/details/japan-internal-affairs-894.401-social-matters-japan-1,894.401-1043.txt
894.4016-188,japan-internal-affairs-894.4016-social-matters-people-3,"894.4016 Social Matters., People., Japan, Race Problems. Racial Disturbances, Their Suppression. Massacres. Pogroms. (File 188)",894.4016,188,1,Mistral OCR,yes,https://archive.org/details/japan-internal-affairs-894.4016-social-matters-people-3,894.4016-188.txt
894.4016-242,japan-internal-affairs-894.4016-social-matters-people-4,"894.4016 Social Matters., People., Japan, Race Problems. Racial Disturbances, Their Suppression. Massacres. Pogroms. (File 242)",894.4016,242,2,Mistral OCR,yes,https://archive.org/details/japan-internal-affairs-894.4016-social-matters-people-4,894.4016-242.txt
894.4016-1083,japan-internal-affairs-894.4016-social-matters-people-2,"894.4016 Social Matters., People., Japan, Race Problems. Racial Disturbances, Their Suppression. Massacres. Pogroms., March 2, 1939 (File 1083)",894.4016,1083,2,Mistral OCR,yes,https://archive.org/details/japan-internal-affairs-894.4016-social-matters-people-2,894.4016-1083.txt
894.4016-1267,japan-internal-affairs-894.4016-social-matters-people-1,"894.4016 Social Matters., People., Japan, Race Problems. Racial Disturbances, Their Suppression. Massacres. Pogroms., April 19, 1933 - May 22, 1941 (File 1267)",894.4016,1267,12,Mistral OCR,yes,https://archive.org/details/japan-internal-affairs-894.4016-social-matters-people-1,894.4016-1267.txt
894.4016-1775,japan-internal-affairs-894.4016-social-matters-people-5,"894.4016 Social Matters., People., Japan, Race Problems. Racial Disturbances, Their Suppression. Massacres. Pogroms., October 2, 1946 - November 2, 1949 (File 1775)",894.4016,1775,117,PaddleOCR,yes,https://archive.org/details/japan-internal-affairs-894.4016-social-matters-people-5,894.4016-1775.txt
894.402-189,japan-internal-affairs-894.402-social-matters-japan-1,"894.402 Social Matters., Japan, Language. (File 189)",894.402,189,3,Mistral OCR,yes,https://archive.org/details/japan-internal-affairs-894.402-social-matters-japan-1,894.402-189.txt
894.402-243,japan-internal-affairs-894.402-social-matters-japan-2,"894.402 Social Matters., Japan, Language. (File 243)",894.402,243,2,Mistral OCR,yes,https://archive.org/details/japan-internal-affairs-894.402-social-matters-japan-2,894.402-243.txt
894.402-1202,japan-internal-affairs-894.402-social-matters-japan-3,"894.402 Social Matters., Japan, Language., November 30, 1931 - August 3, 1940 (File 1202)",894.402,1202,42,PaddleOCR,yes,https://archive.org/details/japan-internal-affairs-894.402-social-matters-japan-3,894.402-1202.txt
894.402-1469,japan-internal-affairs-894.402-social-matters-japan-4,"894.402 Social Matters., Japan, Language., February 24, 1941 - November 28, 1944 (File 1469)",894.402,1469,48,PaddleOCR,yes,https://archive.org/details/japan-internal-affairs-894.402-social-matters-japan-4,894.402-1469.txt
894.402-1683,japan-internal-affairs-894.402-social-matters-japan-5,"894.402 Social Matters., Japan, Language., March 23, 1945 - January 7, 1949 (File 1683)",894.402,1683,45,PaddleOCR,yes,https://archive.org/details/japan-internal-affairs-894.402-social-matters-japan-5,894.402-1683.txt
894.4021-241,japan-internal-affairs-894.4021-social-matters-language-3,"894.4021 Social Matters., Language., Japan, Literature. (File 241)",894.4021,241,1,Mistral OCR,yes,https://archive.org/details/japan-internal-affairs-894.4021-social-matters-language-3,894.4021-241.txt
894.4021-717,japan-internal-affairs-894.4021-social-matters-language-1,"894.4021 Social Matters., Language., Japan, Literature., February 6th, 1931 (File 717)",894.4021,717,3,Mistral OCR,yes,https://archive.org/details/japan-internal-affairs-894.4021-social-matters-language-1,894.4021-717.txt
894.4021-1359,japan-internal-affairs-894.4021-social-matters-language-2,"894.4021 Social Matters., Language., Japan, Literature., June 25, 1942 - July 8, 1942 (File 1359)",894.4021,1359,5,Mistral OCR,yes,https://archive.org/details/japan-internal-affairs-894.4021-social-matters-language-2,894.4021-1359.txt
894.403-240,japan-internal-affairs-894.403-social-matters-japan,"894.403 Social Matters., Japan, Fine Arts. (File 240)",894.403,240,2,Mistral OCR,yes,https://archive.org/details/japan-internal-affairs-894.403-social-matters-japan,894.403-240.txt
894.403-913,japan-internal-affairs-894.403-social-matters-japan-2,"894.403 Social Matters., Japan, Fine Arts., April 18, 1930 - May 21, 1936 (File 913)",894.403,913,43,PaddleOCR,yes,https://archive.org/details/japan-internal-affairs-894.403-social-matters-japan-2,894.403-913.txt
894.403-1758,japan-internal-affairs-894.403-social-matters-japan-3,"894.403 Social Matters., Japan, Fine Arts., September 29, 1947 - August 25, 1949 (File 1758)",894.403,1758,172,PaddleOCR,yes,https://archive.org/details/japan-internal-affairs-894.403-social-matters-japan-3,894.403-1758.txt
894.4033-238,japan-internal-affairs-894.4033-social-matters-fine-2,"894.4033 Social Matters., Fine Arts., Japan, Architecture. (File 238)",894.4033,238,1,Mistral OCR,yes,https://archive.org/details/japan-internal-affairs-894.4033-social-matters-fine-2,894.4033-238.txt
894.4033-911,japan-internal-affairs-894.4033-social-matters-fine-1,"894.4033 Social Matters., Fine Arts., Japan, Architecture., April 23, 1936 - May 14, 1936 (File 911)",894.4033,911,2,Mistral OCR,yes,https://archive.org/details/japan-internal-affairs-894.4033-social-matters-fine-1,894.4033-911.txt
894.4035-239,japan-internal-affairs-894.4035-social-matters-fine-2,"894.4035 Social Matters., Fine Arts., Japan, Photography. (File 239)",894.4035,239,1,Mistral OCR,yes,https://archive.org/details/japan-internal-affairs-894.4035-social-matters-fine-2,894.4035-239.txt
894.4035-933,japan-internal-affairs-894.4035-social-matters-fine-1,"894.4035 Social Matters., Fine Arts., Japan, Photography., October 9, 1936 (File 933)",894.4035,933,2,Mistral OCR,yes,https://archive.org/details/japan-internal-affairs-894.4035-social-matters-fine-1,894.4035-933.txt
894.4038-1769,japan-internal-affairs-894.4038-social-matters-fine,"894.4038 Social Matters., Fine Arts., Japan, Music., October 5, 1949 (File 1769)",894.4038,1769,6,Mistral OCR,yes,https://archive.org/details/japan-internal-affairs-894.4038-social-matters-fine,894.4038-1769.txt
894.404-195,japan-internal-affairs-894.404-social-matters-japan-1,"894.404 Social Matters., Japan, Religion. Church. (File 195)",894.404,195,4,Mistral OCR,yes,https://archive.org/details/japan-internal-affairs-894.404-social-matters-japan-1,894.404-195.txt
894.404-237,japan-internal-affairs-894.404-social-matters-japan-2,"894.404 Social Matters., Japan, Religion. Church. (File 237)",894.404,237,3,Mistral OCR,yes,https://archive.org/details/japan-internal-affairs-894.404-social-matters-japan-2,894.404-237.txt
894.404-1111,japan-internal-affairs-894.404-social-matters-japan-3,"894.404 Social Matters., Japan, Religion. Church., February 13, 1932 - July 12, 1939 (File 1111)",894.404,1111,64,PaddleOCR,yes,https://archive.org/details/japan-internal-affairs-894.404-social-matters-japan-3,894.404-1111.txt
894.404-1463,japan-internal-affairs-894.404-social-matters-japan-4,"894.404 Social Matters., Japan, Religion. Church., August 24, 1940 - November 21, 1944 (File 1463)",894.404,1463,127,PaddleOCR,yes,https://archive.org/details/japan-internal-affairs-894.404-social-matters-japan-4,894.404-1463.txt
894.404-1757,japan-internal-affairs-894.404-social-matters-japan-5,"894.404 Social Matters., Japan, Religion. Church., January 6, 1945 - August 22, 1949 (File 1757)",894.404,1757,90,PaddleOCR,yes,https://archive.org/details/japan-internal-affairs-894.404-social-matters-japan-5,894.404-1757.txt
894.405-1644,japan-internal-affairs-894.405-social-matters-japan,"894.405 Social Matters., Japan, Manners And Customs., October 14, 1947 - July 8, 1948 (File 1644)",894.405,1644,66,PaddleOCR,yes,https://archive.org/details/japan-internal-affairs-894.405-social-matters-japan,894.405-1644.txt
894.4054-236,japan-internal-affairs-894.4054-social-matters-manners-3,"894.4054 Social Matters., Manners And Customs., Japan, Marriage. Divorce. (File 236)",894.4054,236,1,Mistral OCR,yes,https://archive.org/details/japan-internal-affairs-894.4054-social-matters-manners-3,894.4054-236.txt
894.4054-1109,japan-internal-affairs-894.4054-social-matters-manners-1,"894.4054 Social Matters., Manners And Customs., Japan, Marriage. Divorce., April 14, 1930 - July 10, 1939 (File 1109)",894.4054,1109,13,Mistral OCR,yes,https://archive.org/details/japan-internal-affairs-894.4054-social-matters-manners-1,894.4054-1109.txt
894.4054-1662,japan-internal-affairs-894.4054-social-matters-manners-2,"894.4054 Social Matters., Manners And Customs., Japan, Marriage. Divorce., August 22, 1945 - September 30, 1948 (File 1662)",894.4054,1662,28,Mistral OCR,yes,https://archive.org/details/japan-internal-affairs-894.4054-social-matters-manners-2,894.4054-1662.txt
894.4055-235,japan-internal-affairs-894.4055-social-matters-manners-3,"894.4055 Social Matters., Manners And Customs., Japan, Welfare Of Mother And Child. (File 235)",894.4055,235,1,Mistral OCR,yes,https://archive.org/details/japan-internal-affairs-894.4055-social-matters-manners-3,894.4055-235.txt
894.4055-794,japan-internal-affairs-894.4055-social-matters-manners-1,"894.4055 Social Matters., Manners And Customs., Japan, Welfare Of Mother And Child., October 6, 1933 (File 794)",894.4055,794,1,Mistral OCR,yes,https://archive.org/details/japan-internal-affairs-894.4055-social-matters-manners-1,894.4055-794.txt
894.4055-1631,japan-internal-affairs-894.4055-social-matters-manners-2,"894.4055 Social Matters., Manners And Customs., Japan, Welfare Of Mother And Child., April 30, 1948 - May 4, 1948 (File 1631)",894.4055,1631,36,Mistral OCR,yes,https://archive.org/details/japan-internal-affairs-894.4055-social-matters-manners-2,894.4055-1631.txt
894.4061-204,japan-internal-affairs-894.4061-social-matters-amusements-1,"894.4061 Social Matters., Amusements. Sports. Recreation. Where A Group Of Amusements Occur In A Subdivision The Name Of The Particular Subject Will Be Placed After The Case Number., Japan, Public Entertainment. Concerts. Panoramas. Motion (File 204)",894.4061,204,2,Mistral OCR,yes,https://archive.org/details/japan-internal-affairs-894.4061-social-matters-amusements-1,894.4061-204.txt
894.4061-223,japan-internal-affairs-894.4061-social-matters-amusements-2,"894.4061 Social Matters., Amusements. Sports. Recreation. Where A Group Of Amusements Occur In A Subdivision The Name Of The Particular Subject Will Be Placed After The Case Number., Japan, Public Entertainment. Concerts. Panoramas. Motion (File 223)",894.4061,223,6,Mistral OCR,yes,https://archive.org/details/japan-internal-affairs-894.4061-social-matters-amusements-2,894.4061-223.txt
894.4061-769,japan-internal-affairs-894.4061-social-matters-amusements-3,"894.4061 Social Matters., Amusements. Sports. Recreation. Where A Group Of Amusements Occur In A Subdivision The Name Of The Particular Subject Will Be Placed After The Case Number., Japan, Public Entertainment. Concerts. Panoramas. Motion (File 769)",894.4061,769,166,PaddleOCR,yes,https://archive.org/details/japan-internal-affairs-894.4061-social-matters-amusements-3,894.4061-769.txt
894.4061-1408,japan-internal-affairs-894.4061-social-matters-amusements-4,"894.4061 Social Matters., Amusements. Sports. Recreation. Where A Group Of Amusements Occur In A Subdivision The Name Of The Particular Subject Will Be Placed After The Case Number., Japan, Public Entertainment. Concerts. Panoramas. Motion (File 1408)",894.4061,1408,268,PaddleOCR,yes,https://archive.org/details/japan-internal-affairs-894.4061-social-matters-amusements-4,894.4061-1408.txt
894.4061-1705,japan-internal-affairs-894.4061-social-matters-amusements-5,"894.4061 Social Matters., Amusements. Sports. Recreation. Where A Group Of Amusements Occur In A Subdivision The Name Of The Particular Subject Will Be Placed After The Case Number., Japan, Public Entertainment. Concerts. Panoramas. Motion (File 1705)",894.4061,1705,41,PaddleOCR,yes,https://archive.org/details/japan-internal-affairs-894.4061-social-matters-amusements-5,894.4061-1705.txt
894.4062-225,japan-internal-affairs-894.4062-social-matters-amusements-2,"894.4062 Social Matters., Amusements. Sports. Recreation. Where A Group Of Amusements Occur In A Subdivision The Name Of The Particular Subject Will Be Placed After The Case Number., Japan, Indoor Amusements. Dancing. (File 225)",894.4062,225,1,Mistral OCR,yes,https://archive.org/details/japan-internal-affairs-894.4062-social-matters-amusements-2,894.4062-225.txt
894.4062-1175,japan-internal-affairs-894.4062-social-matters-amusements-1,"894.4062 Social Matters., Amusements. Sports. Recreation. Where A Group Of Amusements Occur In A Subdivision The Name Of The Particular Subject Will Be Placed After The Case Number., Japan, Indoor Amusements. Dancing., May 8, 1931 - Februar (File 1175)",894.4062,1175,4,Mistral OCR,yes,https://archive.org/details/japan-internal-affairs-894.4062-social-matters-amusements-1,894.4062-1175.txt
894.4063-224,japan-internal-affairs-894.4063-social-matters-amusements-1,"894.4063 Social Matters., Amusements. Sports. Recreation. Where A Group Of Amusements Occur In A Subdivision The Name Of The Particular Subject Will Be Placed After The Case Number., Japan, Outdoor Sports. Olympic Games. Aircraft And Automo (File 224)",894.4063,224,2,Mistral OCR,yes,https://archive.org/details/japan-internal-affairs-894.4063-social-matters-amusements-1,894.4063-224.txt
894.4063-1270,japan-internal-affairs-894.4063-social-matters-amusements-2,"894.4063 Social Matters., Amusements. Sports. Recreation. Where A Group Of Amusements Occur In A Subdivision The Name Of The Particular Subject Will Be Placed After The Case Number., Japan, Outdoor Sports. Olympic Games. Aircraft And Automo (File 1270)",894.4063,1270,35,Mistral OCR,yes,https://archive.org/details/japan-internal-affairs-894.4063-social-matters-amusements-2,894.4063-1270.txt
894.4063-1610,japan-internal-affairs-894.4063-social-matters-amusements-3,"894.4063 Social Matters., Amusements. Sports. Recreation. Where A Group Of Amusements Occur In A Subdivision The Name Of The Particular Subject Will Be Placed After The Case Number., Japan, Outdoor Sports. Olympic Games. Aircraft And Automo (File 1610)",894.4063,1610,2,Mistral OCR,yes,https://archive.org/details/japan-internal-affairs-894.4063-social-matters-amusements-3,894.4063-1610.txt
894.40632-226,japan-internal-affairs-894.40632-social-matters-amusements-1,"894.40632 Social Matters., Amusements. Sports. Recreation. Where A Group Of Amusements Occur In A Subdivision The Name Of The Particular Subject Will Be Placed After The Case Number., Outdoor Sports. Olympic Games. Aircraft And Automobile R (File 226)",894.40632,226,1,Mistral OCR,yes,https://archive.org/details/japan-internal-affairs-894.40632-social-matters-amusements-1,894.40632-226.txt
894.40632-868,japan-internal-affairs-894.40632-social-matters-amusements-2,"894.40632 Social Matters., Amusements. Sports. Recreation. Where A Group Of Amusements Occur In A Subdivision The Name Of The Particular Subject Will Be Placed After The Case Number., Outdoor Sports. Olympic Games. Aircraft And Automobile R (File 868)",894.40632,868,1,Mistral OCR,yes,https://archive.org/details/japan-internal-affairs-894.40632-social-matters-amusements-2,894.40632-868.txt
894.40634-216,japan-internal-affairs-894.40634-social-matters-amusements,"894.40634 Social Matters., Amusements. Sports. Recreation. Where A Group Of Amusements Occur In A Subdivision The Name Of The Particular Subject Will Be Placed After The Case Number., Outdoor Sports. Olympic Games. Aircraft And Automobile R (File 216)",894.40634,216,2,Mistral OCR,yes,https://archive.org/details/japan-internal-affairs-894.40634-social-matters-amusements,894.40634-216.txt
894.40634-919,japan-internal-affairs-894.40634-social-matters-amusements-2,"894.40634 Social Matters., Amusements. Sports. Recreation. Where A Group Of Amusements Occur In A Subdivision The Name Of The Particular Subject Will Be Placed After The Case Number., Outdoor Sports. Olympic Games. Aircraft And Automobile R (File 919)",894.40634,919,51,PaddleOCR,yes,https://archive.org/details/japan-internal-affairs-894.40634-social-matters-amusements-2,894.40634-919.txt
894.4065-219,japan-internal-affairs-894.4065-social-matters-amusements-2,"894.4065 Social Matters., Amusements. Sports. Recreation. Where A Group Of Amusements Occur In A Subdivision The Name Of The Particular Subject Will Be Placed After The Case Number., Japan, Horsemanship. Horse Racing. (File 219)",894.4065,219,1,Mistral OCR,yes,https://archive.org/details/japan-internal-affairs-894.4065-social-matters-amusements-2,894.4065-219.txt
894.4065-850,japan-internal-affairs-894.4065-social-matters-amusements-1,"894.4065 Social Matters., Amusements. Sports. Recreation. Where A Group Of Amusements Occur In A Subdivision The Name Of The Particular Subject Will Be Placed After The Case Number., Japan, Horsemanship. Horse Racing., January 10, 1935 - Fe (File 850)",894.4065,850,9,Mistral OCR,yes,https://archive.org/details/japan-internal-affairs-894.4065-social-matters-amusements-1,894.4065-850.txt
894.407-218,japan-internal-affairs-894.407-social-matters-japan-3,"894.407 Social Matters., Japan, Holidays. (File 218)",894.407,218,1,Mistral OCR,yes,https://archive.org/details/japan-internal-affairs-894.407-social-matters-japan-3,894.407-218.txt
894.407-1168,japan-internal-affairs-894.407-social-matters-japan-1,"894.407 Social Matters., Japan, Holidays., December 27, 1937 - December 28, 1939 (File 1168)",894.407,1168,3,Mistral OCR,yes,https://archive.org/details/japan-internal-affairs-894.407-social-matters-japan-1,894.407-1168.txt
894.407-1686,japan-internal-affairs-894.407-social-matters-japan-2,"894.407 Social Matters., Japan, Holidays., January 25, 1949 (File 1686)",894.407,1686,1,Mistral OCR,yes,https://archive.org/details/japan-internal-affairs-894.407-social-matters-japan-2,894.407-1686.txt
894.408-217,japan-internal-affairs-894.408-social-matters-japan-2,"894.408 Social Matters., Japan, Organizations In Interest Of Better Citizenship. Americanization. (File 217)",894.408,217,1,Mistral OCR,yes,https://archive.org/details/japan-internal-affairs-894.408-social-matters-japan-2,894.408-217.txt
894.408-840,japan-internal-affairs-894.408-social-matters-japan-1,"894.408 Social Matters., Japan, Organizations In Interest Of Better Citizenship. Americanization., November 24, 1934 (File 840)",894.408,840,2,Mistral OCR,yes,https://archive.org/details/japan-internal-affairs-894.408-social-matters-japan-1,894.408-840.txt
894.4081-222,japan-internal-affairs-894.4081-social-matters-organizations-2,"894.4081 Social Matters., Organizations In Interest Of Better Citizenship. Americanization., Japan, Boy Scouts. (File 222)",894.4081,222,1,Mistral OCR,yes,https://archive.org/details/japan-internal-affairs-894.4081-social-matters-organizations-2,894.4081-222.txt
894.4081-759,japan-internal-affairs-894.4081-social-matters-organizations-1,"894.4081 Social Matters., Organizations In Interest Of Better Citizenship. Americanization., Japan, Boy Scouts., November 12, 1932 (File 759)",894.4081,759,4,Mistral OCR,yes,https://archive.org/details/japan-internal-affairs-894.4081-social-matters-organizations-1,894.4081-759.txt
894.4089-1776,japan-internal-affairs-894.4089-social-matters-organizations,"894.4089 Social Matters., Organizations In Interest Of Better Citizenship. Americanization., Japan, Other Organizations., December 4, 1947 - November 2, 1949 (File 1776)",894.4089,1776,13,Mistral OCR,yes,https://archive.org/details/japan-internal-affairs-894.4089-social-matters-organizations,894.4089-1776.txt
894.412-221,japan-internal-affairs-894.412-history-japan-historical-3,"894.412 History., Japan, Historical Relics. Manuscripts. (File 221)",894.412,221,1,Mistral OCR,yes,https://archive.org/details/japan-internal-affairs-894.412-history-japan-historical-3,894.412-221.txt
894.412-920,japan-internal-affairs-894.412-history-japan-historical-1,"894.412 History., Japan, Historical Relics. Manuscripts., June 10, 1931 - July 23, 1936 (File 920)",894.412,920,4,Mistral OCR,yes,https://archive.org/details/japan-internal-affairs-894.412-history-japan-historical-1,894.412-920.txt
894.412-1651,japan-internal-affairs-894.412-history-japan-historical-2,"894.412 History., Japan, Historical Relics. Manuscripts., December 15, 1945 - August 3, 1948 (File 1651)",894.412,1651,19,Mistral OCR,yes,https://archive.org/details/japan-internal-affairs-894.412-history-japan-historical-2,894.412-1651.txt
894.413-205,japan-internal-affairs-894.413-history-monuments-statues-2,"894.413 History., Monuments, Statues, And Memorials. Arranged Alphabetically. Japan In Which Erected. (File 205)",894.413,205,2,Mistral OCR,yes,https://archive.org/details/japan-internal-affairs-894.413-history-monuments-statues-2,894.413-205.txt
894.413-220,japan-internal-affairs-894.413-history-monuments-statues-3,"894.413 History., Monuments, Statues, And Memorials. Arranged Alphabetically. Japanin Which Erected. (File 220)",894.413,220,3,Mistral OCR,yes,https://archive.org/details/japan-internal-affairs-894.413-history-monuments-statues-3,894.413-220.txt
894.413-712,japan-internal-affairs-894.413-history-monuments-statues-4,"894.413 History., Monuments, Statues, And Memorials. Arranged Alphabetically. Japanin Which Erected., September 5, 1930 - November 13, 1930 (File 712)",894.413,712,88,PaddleOCR,yes,https://archive.org/details/japan-internal-affairs-894.413-history-monuments-statues-4,894.413-712.txt
894.413-1428,japan-internal-affairs-894.413-history-monuments-statues-1,"894.413 History., Monuments, Statues, And Memorials. Arranged Alphabetically. Japanin Which Erected., May 28, 1940 - May 1st, 1944 (File 1428)",894.413,1428,4,Mistral OCR,yes,https://archive.org/details/japan-internal-affairs-894.413-history-monuments-statues-1,894.413-1428.txt
894.413-1770,japan-internal-affairs-894.413-history-monuments-statues-5,"894.413 History., Monuments, Statues, And Memorials. Arranged Alphabetically. Japanin Which Erected., March 14, 1947 - October 7, 1949 (File 1770)",894.413,1770,67,PaddleOCR,yes,https://archive.org/details/japan-internal-affairs-894.413-history-monuments-statues-5,894.413-1770.txt
894.414-215,japan-internal-affairs-894.414-history-japan-public-3,"894.414 History., Japan, Public Records. (File 215)",894.414,215,2,Mistral OCR,yes,https://archive.org/details/japan-internal-affairs-894.414-history-japan-public-3,894.414-215.txt
894.414-701,japan-internal-affairs-894.414-history-japan-public-1,"894.414 History., Japan, Public Records., April 18, 1930 - May 19, 1930 (File 701)",894.414,701,7,Mistral OCR,yes,https://archive.org/details/japan-internal-affairs-894.414-history-japan-public-1,894.414-701.txt
894.414-1449,japan-internal-affairs-894.414-history-japan-public-2,"894.414 History., Japan, Public Records., March 29, 1940 - September 19, 1944 (File 1449)",894.414,1449,5,Mistral OCR,yes,https://archive.org/details/japan-internal-affairs-894.414-history-japan-public-2,894.414-1449.txt
894.414-1495,japan-internal-affairs-894.414-history-japan-public-4,"894.414 History., Japan, Public Records., July 16, 1945 - October 26, 1945 (File 1495)",894.414,1495,407,PaddleOCR,yes,https://archive.org/details/japan-internal-affairs-894.414-history-japan-public-4,894.414-1495.txt
894.414-1528-1,japan-internal-affairs-894.414-history-japan-public-5-part-1,"894.414 History., Japan, Public Records., October 27, 1945 - July 12, 1946 (File 1528), part 1 of 2",894.414,1528,629,PaddleOCR,yes,https://archive.org/details/japan-internal-affairs-894.414-history-japan-public-5/894.414%20History.%2C%20Japan%2C%20Public%20Records.%2C%20October%2027%2C%201945%20-%20July%2012%2C%201946%201528-part-1,894.414-1528-1.txt
894.414-1528-2,japan-internal-affairs-894.414-history-japan-public-5-part-2,"894.414 History., Japan, Public Records., October 27, 1945 - July 12, 1946 (File 1528), part 2 of 2",894.414,1528,559,PaddleOCR,yes,https://archive.org/details/japan-internal-affairs-894.414-history-japan-public-5/894.414%20History.%2C%20Japan%2C%20Public%20Records.%2C%20October%2027%2C%201945%20-%20July%2012%2C%201946%201528-part-2,894.414-1528-2.txt
894.414-1768,japan-internal-affairs-894.414-history-japan-public-6,"894.414 History., Japan, Public Records., July 16, 1946 - October 4, 1949 (File 1768)",894.414,1768,557,PaddleOCR,yes,https://archive.org/details/japan-internal-affairs-894.414-history-japan-public-6,894.414-1768.txt
894.415-602,japan-internal-affairs-894.415-history-commemorative-celebrations-3,"894.415 History., Commemorative Celebrations. Celebrations Outside Home Country Are Carried In 8**.46. (File 602)",894.415,602,4,Mistral OCR,yes,https://archive.org/details/japan-internal-affairs-894.415-history-commemorative-celebrations-3,894.415-602.txt
894.415-816,japan-internal-affairs-894.415-history-commemorative-celebrations-4,"894.415 History., Commemorative Celebrations. Celebrations Outside Home Country Are Carried In 8**.46., July 25, 1932 - May 19, 1934 (File 816)",894.415,816,121,PaddleOCR,yes,https://archive.org/details/japan-internal-affairs-894.415-history-commemorative-celebrations-4,894.415-816.txt
894.415-1231,japan-internal-affairs-894.415-history-commemorative-celebrations-1,"894.415 History., Commemorative Celebrations. Celebrations Outside Home Country Are Carried In 8**.46., November 1, 1940 - December 16, 1940 (File 1231)",894.415,1231,33,Mistral OCR,yes,https://archive.org/details/japan-internal-affairs-894.415-history-commemorative-celebrations-1,894.415-1231.txt
894.415-1658,japan-internal-affairs-894.415-history-commemorative-celebrations-2,"894.415 History., Commemorative Celebrations. Celebrations Outside Home Country Are Carried In 8**.46., July 25, 1947 - September 8, 1948 (File 1658)",894.415,1658,20,Mistral OCR,yes,https://archive.org/details/japan-internal-affairs-894.415-history-commemorative-celebrations-2,894.415-1658.txt
894.42-603,japan-internal-affairs-894.42-japan-education-correspondence-2,"894.42 Japan, Education. Correspondence Schools. (File 603)",894.42,603,1,Mistral OCR,yes,https://archive.org/details/japan-internal-affairs-894.42-japan-education-correspondence-2,894.42-603.txt
894.42-1007,japan-internal-affairs-894.42-japan-education-correspondence-1,"894.42 Japan, Education. Correspondence Schools., April 7, 1930 - March 17, 1938 (File 1007)",894.42,1007,19,Mistral OCR,yes,https://archive.org/details/japan-internal-affairs-894.42-japan-education-correspondence-1,894.42-1007.txt
894.42-1623-1,japan-internal-affairs-894.42-japan-education-correspondence-3-part-1,"894.42 Japan, Education. Correspondence Schools., March 4, 1945 - March 29, 1948 (File 1623), part 1 of 2",894.42,1623,335,PaddleOCR,yes,https://archive.org/details/japan-internal-affairs-894.42-japan-education-correspondence-3/894.42%20Japan%2C%20Education.%20Correspondence%20Schools.%2C%20March%204%2C%201945%20-%20March%2029%2C%201948%201623-part-1,894.42-1623-1.txt
894.42-1623-2,japan-internal-affairs-894.42-japan-education-correspondence-3-part-2,"894.42 Japan, Education. Correspondence Schools., March 4, 1945 - March 29, 1948 (File 1623), part 2 of 2",894.42,1623,295,PaddleOCR,yes,https://archive.org/details/japan-internal-affairs-894.42-japan-education-correspondence-3/894.42%20Japan%2C%20Education.%20Correspondence%20Schools.%2C%20March%204%2C%201945%20-%20March%2029%2C%201948%201623-part-2,894.42-1623-2.txt
894.42-1636,japan-internal-affairs-894.42-japan-education-correspondence-4,"894.42 Japan, Education. Correspondence Schools., April 8, 1948 - May 22, 1948 (File 1636)",894.42,1636,502,PaddleOCR,yes,https://archive.org/details/japan-internal-affairs-894.42-japan-education-correspondence-4,894.42-1636.txt
894.42-1643,japan-internal-affairs-894.42-japan-education-correspondence-5,"894.42 Japan, Education. Correspondence Schools., May 25, 1948 - June 25, 1948 (File 1643)",894.42,1643,666,PaddleOCR,yes,https://archive.org/details/japan-internal-affairs-894.42-japan-education-correspondence-5,894.42-1643.txt
894.42-1664-1,japan-internal-affairs-894.42-japan-education-correspondence-6-part-1,"894.42 Japan, Education. Correspondence Schools., July 26, 1948 - October 5, 1948 (File 1664), part 1 of 2",894.42,1664,584,PaddleOCR,yes,https://archive.org/details/japan-internal-affairs-894.42-japan-education-correspondence-6/894.42%20Japan%2C%20Education.%20Correspondence%20Schools.%2C%20July%2026%2C%201948%20-%20October%205%2C%201948%201664-part-1,894.42-1664-1.txt
894.42-1664-2,japan-internal-affairs-894.42-japan-education-correspondence-6-part-2,"894.42 Japan, Education. Correspondence Schools., July 26, 1948 - October 5, 1948 (File 1664), part 2 of 2",894.42,1664,592,PaddleOCR,yes,https://archive.org/details/japan-internal-affairs-894.42-japan-education-correspondence-6/894.42%20Japan%2C%20Education.%20Correspondence%20Schools.%2C%20July%2026%2C%201948%20-%20October%205%2C%201948%201664-part-2,894.42-1664-2.txt
894.42-1824,japan-internal-affairs-894.42-japan-education-correspondence-7,"894.42 Japan, Education. Correspondence Schools., November 16, 1948 - December 23, 1949 (File 1824)",894.42,1824,541,PaddleOCR,yes,https://archive.org/details/japan-internal-affairs-894.42-japan-education-correspondence-7,894.42-1824.txt
894.421-1790,japan-internal-affairs-894.421-education-correspondence-schools,"894.421 Education. Correspondence Schools., Japan, Academic., November 21, 1949 - November 22, 1949 (File 1790)",894.421,1790,7,Mistral OCR,yes,https://archive.org/details/japan-internal-affairs-894.421-education-correspondence-schools,894.421-1790.txt
894.4212-604,japan-internal-affairs-894.4212-education-correspondence-schools-2,"894.4212 Education. Correspondence Schools., Academic., Japan, Higher. (File 604)",894.4212,604,1,Mistral OCR,yes,https://archive.org/details/japan-internal-affairs-894.4212-education-correspondence-schools-2,894.4212-604.txt
894.4212-802,japan-internal-affairs-894.4212-education-correspondence-schools-1,"894.4212 Education. Correspondence Schools., Academic., Japan, Higher., February 24, 1930 - January 31, 1934 (File 802)",894.4212,802,19,Mistral OCR,yes,https://archive.org/details/japan-internal-affairs-894.4212-education-correspondence-schools-1,894.4212-802.txt
894.4212-1817,japan-internal-affairs-894.4212-education-correspondence-schools-3,"894.4212 Education. Correspondence Schools., Academic., Japan, Higher., January 20, 1948 - December 17, 1949 (File 1817)",894.4212,1817,59,PaddleOCR,yes,https://archive.org/details/japan-internal-affairs-894.4212-education-correspondence-schools-3,894.4212-1817.txt
894.423-605,japan-internal-affairs-894.423-education-correspondence-schools-2,"894.423 Education. Correspondence Schools., Japan, Technical. Commercial. (File 605)",894.423,605,1,Mistral OCR,yes,https://archive.org/details/japan-internal-affairs-894.423-education-correspondence-schools-2,894.423-605.txt
894.423-892,japan-internal-affairs-894.423-education-correspondence-schools-1,"894.423 Education. Correspondence Schools., Japan, Technical. Commercial., January 29th, 1936 - February 4, 1936 (File 892)",894.423,892,15,Mistral OCR,yes,https://archive.org/details/japan-internal-affairs-894.423-education-correspondence-schools-1,894.423-892.txt
894.427-206,japan-internal-affairs-894.427-education-correspondence-schools,"894.427 Education. Correspondence Schools., Japan, Cultural Relations. Exchange Of Professors And Students. (File 206)",894.427,206,1,Mistral OCR,yes,https://archive.org/details/japan-internal-affairs-894.427-education-correspondence-schools,894.427-206.txt
894.427-1382,japan-internal-affairs-894.427-education-correspondence-schools-2,"894.427 Education. Correspondence Schools., Japan, Cultural Relations. Exchange Of Professors And Students., March 25, 1940 - March 22, 1943 (File 1382)",894.427,1382,48,PaddleOCR,yes,https://archive.org/details/japan-internal-affairs-894.427-education-correspondence-schools-2,894.427-1382.txt
894.42700-1665,japan-internal-affairs-894.42700-education-correspondence-schools,"894.42700 Education. Correspondence Schools., Cultural Relations. Exchange Of Professors And Students. Attendance At Schools Of Japan Of Student Of The World. Admission And Visa Of Passports Of Official Students. Permission To Visit Schools (File 1665)",894.42700,1665,12,Mistral OCR,yes,https://archive.org/details/japan-internal-affairs-894.42700-education-correspondence-schools,894.42700-1665.txt
894.42710-606,japan-internal-affairs-894.42710-education-correspondence-schools-2,"894.42710 Education. Correspondence Schools., Cultural Relations. Exchange Of Professors And Students. Attendance At Schools Of Japan Of Student Of America. Pan-America. (File 606)",894.42710,606,1,Mistral OCR,yes,https://archive.org/details/japan-internal-affairs-894.42710-education-correspondence-schools-2,894.42710-606.txt
894.42710-1063,japan-internal-affairs-894.42710-education-correspondence-schools-1,"894.42710 Education. Correspondence Schools., Cultural Relations. Exchange Of Professors And Students. Attendance At Schools Of Japan Of Student Of America. Pan-America., December 15, 1938 (File 1063)",894.42710,1063,1,Mistral OCR,yes,https://archive.org/details/japan-internal-affairs-894.42710-education-correspondence-schools-1,894.42710-1063.txt
894.42711-211,japan-internal-affairs-894.42711-education-correspondence-schools-1,"894.42711 Education. Correspondence Schools., Cultural Relations. Exchange Of Professors And Students. Attendance At Schools Of Japan Of Student Of United States. Admission And Visa Of Passports Of Official Students. Permission To Visit Sch (File 211)",894.42711,211,1,Mistral OCR,yes,https://archive.org/details/japan-internal-affairs-894.42711-education-correspondence-schools-1,894.42711-211.txt
894.42711-607,japan-internal-affairs-894.42711-education-correspondence-schools-2,"894.42711 Education. Correspondence Schools., Cultural Relations. Exchange Of Professors And Students. Attendance At Schools Of Japan Of Student Of United States. Admission And Visa Of Passports Of Official Students. Permission To Visit Sch (File 607)",894.42711,607,1,Mistral OCR,yes,https://archive.org/details/japan-internal-affairs-894.42711-education-correspondence-schools-2,894.42711-607.txt
894.42711-1039,japan-internal-affairs-894.42711-education-correspondence-schools-4,"894.42711 Education. Correspondence Schools., Cultural Relations. Exchange Of Professors And Students. Attendance At Schools Of Japan Of Student Of United States. Admission And Visa Of Passports Of Official Students. Permission To Visit Sch (File 1039)",894.42711,1039,254,PaddleOCR,yes,https://archive.org/details/japan-internal-affairs-894.42711-education-correspondence-schools-4,894.42711-1039.txt
894.42711-1275,japan-internal-affairs-894.42711-education-correspondence-schools-5,"894.42711 Education. Correspondence Schools., Cultural Relations. Exchange Of Professors And Students. Attendance At Schools Of Japan Of Student Of United States. Admission And Visa Of Passports Of Official Students. Permission To Visit Sch (File 1275)",894.42711,1275,144,PaddleOCR,yes,https://archive.org/details/japan-internal-affairs-894.42711-education-correspondence-schools-5,894.42711-1275.txt
894.42711-1741,japan-internal-affairs-894.42711-education-correspondence-schools-3,"894.42711 Education. Correspondence Schools., Cultural Relations. Exchange Of Professors And Students. Attendance At Schools Of Japan Of Student Of United States. Admission And Visa Of Passports Of Official Students. Permission To Visit Sch (File 1741)",894.42711,1741,2,Mistral OCR,yes,https://archive.org/details/japan-internal-affairs-894.42711-education-correspondence-schools-3,894.42711-1741.txt
894.42712-608,japan-internal-affairs-894.42712-education-correspondence-schools-2,"894.42712 Education. Correspondence Schools., Cultural Relations. Exchange Of Professors And Students. Attendance At Schools Of Japan Of Student Of Mexico. (File 608)",894.42712,608,1,Mistral OCR,yes,https://archive.org/details/japan-internal-affairs-894.42712-education-correspondence-schools-2,894.42712-608.txt
894.42712-1106,japan-internal-affairs-894.42712-education-correspondence-schools-1,"894.42712 Education. Correspondence Schools., Cultural Relations. Exchange Of Professors And Students. Attendance At Schools Of Japan Of Student Of Mexico., June 19, 1939 (File 1106)",894.42712,1106,1,Mistral OCR,yes,https://archive.org/details/japan-internal-affairs-894.42712-education-correspondence-schools-1,894.42712-1106.txt
894.42723-609,japan-internal-affairs-894.42723-education-correspondence-schools-2,"894.42723 Education. Correspondence Schools., Cultural Relations. Exchange Of Professors And Students. Attendance At Schools Of Japan Of Student Of Peru. (File 609)",894.42723,609,1,Mistral OCR,yes,https://archive.org/details/japan-internal-affairs-894.42723-education-correspondence-schools-2,894.42723-609.txt
894.42723-1065,japan-internal-affairs-894.42723-education-correspondence-schools-1,"894.42723 Education. Correspondence Schools., Cultural Relations. Exchange Of Professors And Students. Attendance At Schools Of Japan Of Student Of Peru., September 23, 1938 - December 20, 1938 (File 1065)",894.42723,1065,4,Mistral OCR,yes,https://archive.org/details/japan-internal-affairs-894.42723-education-correspondence-schools-1,894.42723-1065.txt
894.42732-210,japan-internal-affairs-894.42732-education-correspondence-schools-3,"894.42732 Education. Correspondence Schools., Cultural Relations. Exchange Of Professors And Students. Attendance At Schools Of Japan Of Student Of Brazil. (File 210)",894.42732,210,1,Mistral OCR,yes,https://archive.org/details/japan-internal-affairs-894.42732-education-correspondence-schools-3,894.42732-210.txt
894.42732-610,japan-internal-affairs-894.42732-education-correspondence-schools-4,"894.42732 Education. Correspondence Schools., Cultural Relations. Exchange Of Professors And Students. Attendance At Schools Of Japan Of Student Of Brazil. (File 610)",894.42732,610,1,Mistral OCR,yes,https://archive.org/details/japan-internal-affairs-894.42732-education-correspondence-schools-4,894.42732-610.txt
894.42732-1118,japan-internal-affairs-894.42732-education-correspondence-schools-1,"894.42732 Education. Correspondence Schools., Cultural Relations. Exchange Of Professors And Students. Attendance At Schools Of Japan Of Student Of Brazil., July 24, 1939 - August 9, 1939 (File 1118)",894.42732,1118,2,Mistral OCR,yes,https://archive.org/details/japan-internal-affairs-894.42732-education-correspondence-schools-1,894.42732-1118.txt
894.42732-1179,japan-internal-affairs-894.42732-education-correspondence-schools-2,"894.42732 Education. Correspondence Schools., Cultural Relations. Exchange Of Professors And Students. Attendance At Schools Of Japan Of Student Of Brazil., January 22, 1940 - March 2, 1940 (File 1179)",894.42732,1179,2,Mistral OCR,yes,https://archive.org/details/japan-internal-affairs-894.42732-education-correspondence-schools-2,894.42732-1179.txt
894.42733-611,japan-internal-affairs-894.42733-education-correspondence-schools-2,"894.42733 Education. Correspondence Schools., Cultural Relations. Exchange Of Professors And Students. Attendance At Schools Of Japan Of Student Of Uruguay. (File 611)",894.42733,611,1,Mistral OCR,yes,https://archive.org/details/japan-internal-affairs-894.42733-education-correspondence-schools-2,894.42733-611.txt
894.42733-1112,japan-internal-affairs-894.42733-education-correspondence-schools-1,"894.42733 Education. Correspondence Schools., Cultural Relations. Exchange Of Professors And Students. Attendance At Schools Of Japan Of Student Of Uruguay., July 13, 1939 (File 1112)",894.42733,1112,2,Mistral OCR,yes,https://archive.org/details/japan-internal-affairs-894.42733-education-correspondence-schools-1,894.42733-1112.txt
894.42735-614,japan-internal-affairs-894.42735-education-correspondence-schools-2,"894.42735 Education. Correspondence Schools., Cultural Relations. Exchange Of Professors And Students. Attendance At Schools Of Japan Of Student Of Argentina. (File 614)",894.42735,614,1,Mistral OCR,yes,https://archive.org/details/japan-internal-affairs-894.42735-education-correspondence-schools-2,894.42735-614.txt
894.42735-1119,japan-internal-affairs-894.42735-education-correspondence-schools-1,"894.42735 Education. Correspondence Schools., Cultural Relations. Exchange Of Professors And Students. Attendance At Schools Of Japan Of Student Of Argentina., August 11, 1939 (File 1119)",894.42735,1119,1,Mistral OCR,yes,https://archive.org/details/japan-internal-affairs-894.42735-education-correspondence-schools-1,894.42735-1119.txt
894.42737-208,japan-internal-affairs-894.42737-education-correspondence-schools-2,"894.42737 Education. Correspondence Schools., Cultural Relations. Exchange Of Professors And Students. Attendance At Schools Of Japan Of Student Of Cuba. (File 208)",894.42737,208,1,Mistral OCR,yes,https://archive.org/details/japan-internal-affairs-894.42737-education-correspondence-schools-2,894.42737-208.txt
894.42737-1203,japan-internal-affairs-894.42737-education-correspondence-schools-1,"894.42737 Education. Correspondence Schools., Cultural Relations. Exchange Of Professors And Students. Attendance At Schools Of Japan Of Student Of Cuba., June 11, 1940 - August 5, 1940 (File 1203)",894.42737,1203,8,Mistral OCR,yes,https://archive.org/details/japan-internal-affairs-894.42737-education-correspondence-schools-1,894.42737-1203.txt
894.42762-612,japan-internal-affairs-894.42762-education-correspondence-schools-2,"894.42762 Education. Correspondence Schools., Cultural Relations. Exchange Of Professors And Students. Attendance At Schools Of Japan Of Student Of Germany. (File 612)",894.42762,612,1,Mistral OCR,yes,https://archive.org/details/japan-internal-affairs-894.42762-education-correspondence-schools-2,894.42762-612.txt
894.42762-915,japan-internal-affairs-894.42762-education-correspondence-schools-1,"894.42762 Education. Correspondence Schools., Cultural Relations. Exchange Of Professors And Students. Attendance At Schools Of Japan Of Student Of Germany., June 18, 1936 (File 915)",894.42762,915,2,Mistral OCR,yes,https://archive.org/details/japan-internal-affairs-894.42762-education-correspondence-schools-1,894.42762-915.txt
894.42764-613,japan-internal-affairs-894.42764-education-correspondence-schools-2,"894.42764 Education. Correspondence Schools., Cultural Relations. Exchange Of Professors And Students. Attendance At Schools Of Japan Of Student Of Hungary. (File 613)",894.42764,613,1,Mistral OCR,yes,https://archive.org/details/japan-internal-affairs-894.42764-education-correspondence-schools-2,894.42764-613.txt
894.42764-1064,japan-internal-affairs-894.42764-education-correspondence-schools-1,"894.42764 Education. Correspondence Schools., Cultural Relations. Exchange Of Professors And Students. Attendance At Schools Of Japan Of Student Of Hungary., August 27, 1934 - December 20, 1938 (File 1064)",894.42764,1064,4,Mistral OCR,yes,https://archive.org/details/japan-internal-affairs-894.42764-education-correspondence-schools-1,894.42764-1064.txt
894.428-616,japan-internal-affairs-894.428-education-correspondence-schools-3,"894.428 Education. Correspondence Schools., Japan, Libraries. (File 616)",894.428,616,2,Mistral OCR,yes,https://archive.org/details/japan-internal-affairs-894.428-education-correspondence-schools-3,894.428-616.txt
894.428-830,japan-internal-affairs-894.428-education-correspondence-schools-1,"894.428 Education. Correspondence Schools., Japan, Libraries., August 29, 1934 - September 12, 1934 (File 830)",894.428,830,8,Mistral OCR,yes,https://archive.org/details/japan-internal-affairs-894.428-education-correspondence-schools-1,894.428-830.txt
894.428-1448,japan-internal-affairs-894.428-education-correspondence-schools-2,"894.428 Education. Correspondence Schools., Japan, Libraries., September 14, 1944 (File 1448)",894.428,1448,12,Mistral OCR,yes,https://archive.org/details/japan-internal-affairs-894.428-education-correspondence-schools-2,894.428-1448.txt
894.42A-1527,japan-internal-affairs-894.42a-education-correspondence-schools,"894.42A Education. Correspondence Schools., Japan, Educational Adviser., January 14, 1946 - June 25, 1946 (File 1527)",894.42A,1527,157,PaddleOCR,yes,https://archive.org/details/japan-internal-affairs-894.42a-education-correspondence-schools,894.42A-1527.txt
894.43-615,japan-internal-affairs-894.43-japan-societies-arranged-3,"894.43 Japan, Societies. Arranged Alphabetically. (File 615)",894.43,615,6,Mistral OCR,yes,https://archive.org/details/japan-internal-affairs-894.43-japan-societies-arranged-3,894.43-615.txt
894.43-798,japan-internal-affairs-894.43-japan-societies-arranged-4,"894.43 Japan, Societies. Arranged Alphabetically., April 22, 1932 - January 16, 1934 (File 798)",894.43,798,79,PaddleOCR,yes,https://archive.org/details/japan-internal-affairs-894.43-japan-societies-arranged-4,894.43-798.txt
894.43-1329,japan-internal-affairs-894.43-japan-societies-arranged-1,"894.43 Japan, Societies. Arranged Alphabetically., September 19, 1940 - February 2, 1942 (File 1329)",894.43,1329,19,Mistral OCR,yes,https://archive.org/details/japan-internal-affairs-894.43-japan-societies-arranged-1,894.43-1329.txt
894.43-1559,japan-internal-affairs-894.43-japan-societies-arranged-2,"894.43 Japan, Societies. Arranged Alphabetically., August 9, 1946 - January 29, 1947 (File 1559)",894.43,1559,24,Mistral OCR,yes,https://archive.org/details/japan-internal-affairs-894.43-japan-societies-arranged-2,894.43-1559.txt
894.44-209,japan-internal-affairs-894.44-special-mention-of-1,894.44 Special Mention Of Citizens Or Subjects Of Japan Not Otherwise Classifiable. Arranged Alphabetically. (File 209),894.44,209,2,Mistral OCR,yes,https://archive.org/details/japan-internal-affairs-894.44-special-mention-of-1,894.44-209.txt
894.44-575,japan-internal-affairs-894.44-special-mention-of-2,894.44 Special Mention Of Citizens Or Subjects Of Japan Not Otherwise Classifiable. Arranged Alphabetically. (File 575),894.44,575,15,Mistral OCR,yes,https://archive.org/details/japan-internal-affairs-894.44-special-mention-of-2,894.44-575.txt
894.44-797,japan-internal-affairs-894.44-special-mention-of-3,"894.44 Special Mention Of Citizens Or Subjects Of Japan Not Otherwise Classifiable. Arranged Alphabetically., June 1, 1932 - December 21, 1933 (File 797)",894.44,797,238,PaddleOCR,yes,https://archive.org/details/japan-internal-affairs-894.44-special-mention-of-3,894.44-797.txt
894.44-1205,japan-internal-affairs-894.44-special-mention-of-4,"894.44 Special Mention Of Citizens Or Subjects Of Japan Not Otherwise Classifiable. Arranged Alphabetically., February 27, 1940 - August 6, 1940 (File 1205)",894.44,1205,104,PaddleOCR,yes,https://archive.org/details/japan-internal-affairs-894.44-special-mention-of-4,894.44-1205.txt
894.451-580,japan-internal-affairs-894.451-etiquette-japan-ceremonials-2,"894.451 Etiquette., Japan, Ceremonials. (File 580)",894.451,580,1,Mistral OCR,yes,https://archive.org/details/japan-internal-affairs-894.451-etiquette-japan-ceremonials-2,894.451-580.txt
894.451-800,japan-internal-affairs-894.451-etiquette-japan-ceremonials-1,"894.451 Etiquette., Japan, Ceremonials., January 24, 1934 (File 800)",894.451,800,2,Mistral OCR,yes,https://archive.org/details/japan-internal-affairs-894.451-etiquette-japan-ceremonials-1,894.451-800.txt
894.452-579,japan-internal-affairs-894.452-etiquette-japan-precedence-2,"894.452 Etiquette., Japan, Precedence. (File 579)",894.452,579,1,Mistral OCR,yes,https://archive.org/details/japan-internal-affairs-894.452-etiquette-japan-precedence-2,894.452-579.txt
894.452-944,japan-internal-affairs-894.452-etiquette-japan-precedence-1,"894.452 Etiquette., Japan, Precedence., March 3, 1937 (File 944)",894.452,944,2,Mistral OCR,yes,https://archive.org/details/japan-internal-affairs-894.452-etiquette-japan-precedence-1,894.452-944.txt
894.458-578,japan-internal-affairs-894.458-etiquette-japan-ceremonial-3,"894.458 Etiquette., Japan, Ceremonial Communications. New Years Greetings. Felicitation On National Anniversaries. (File 578)",894.458,578,1,Mistral OCR,yes,https://archive.org/details/japan-internal-affairs-894.458-etiquette-japan-ceremonial-3,894.458-578.txt
894.458-725,japan-internal-affairs-894.458-etiquette-japan-ceremonial-1,"894.458 Etiquette., Japan, Ceremonial Communications. New Years Greetings. Felicitation On National Anniversaries., April 27, 1931 (File 725)",894.458,725,1,Mistral OCR,yes,https://archive.org/details/japan-internal-affairs-894.458-etiquette-japan-ceremonial-1,894.458-725.txt
894.458-1605,japan-internal-affairs-894.458-etiquette-japan-ceremonial-2,"894.458 Etiquette., Japan, Ceremonial Communications. New Years Greetings. Felicitation On National Anniversaries., December 6, 1947 (File 1605)",894.458,1605,2,Mistral OCR,yes,https://archive.org/details/japan-internal-affairs-894.458-etiquette-japan-ceremonial-2,894.458-1605.txt
894.46-577,japan-internal-affairs-894.46-entertainment-in-japan-2,894.46 Entertainment In Japan. (File 577),894.46,577,1,Mistral OCR,yes,https://archive.org/details/japan-internal-affairs-894.46-entertainment-in-japan-2,894.46-577.txt
894.46-821,japan-internal-affairs-894.46-entertainment-in-japan-1,"894.46 Entertainment In Japan., June 21, 1934 - June 28, 1934 (File 821)",894.46,821,5,Mistral OCR,yes,https://archive.org/details/japan-internal-affairs-894.46-entertainment-in-japan-1,894.46-821.txt
894.461-590,japan-internal-affairs-894.461-entertainment-in-japan,"894.461 Entertainment In Japan., Japan, By The Country Or Its Officers. New Years Reception. (File 590)",894.461,590,3,Mistral OCR,yes,https://archive.org/details/japan-internal-affairs-894.461-entertainment-in-japan,894.461-590.txt
894.461-823,japan-internal-affairs-894.461-entertainment-in-japan-2,"894.461 Entertainment In Japan., Japan, By The Country Or Its Officers. New Years Reception., October 26, 1932 - July 5, 1934 (File 823)",894.461,823,45,PaddleOCR,yes,https://archive.org/details/japan-internal-affairs-894.461-entertainment-in-japan-2,894.461-823.txt
894.4611-581,japan-internal-affairs-894.4611-entertainment-in-japan-2,"894.4611 Entertainment In Japan., By The Country Or Its Officers. New Years Reception., Japan, Audience With Chief Executive Or Sovereign. (File 581)",894.4611,581,2,Mistral OCR,yes,https://archive.org/details/japan-internal-affairs-894.4611-entertainment-in-japan-2,894.4611-581.txt
894.4611-1010,japan-internal-affairs-894.4611-entertainment-in-japan-1,"894.4611 Entertainment In Japan., By The Country Or Its Officers. New Years Reception., Japan, Audience With Chief Executive Or Sovereign., June 11, 1934 - March 21, 1938 (File 1010)",894.4611,1010,26,Mistral OCR,yes,https://archive.org/details/japan-internal-affairs-894.4611-entertainment-in-japan-1,894.4611-1010.txt
894.4612-582,japan-internal-affairs-894.4612-entertainment-in-japan-2,"894.4612 Entertainment In Japan., By The Country Or Its Officers. New Years Reception., Japan, Presentation At Court. (File 582)",894.4612,582,1,Mistral OCR,yes,https://archive.org/details/japan-internal-affairs-894.4612-entertainment-in-japan-2,894.4612-582.txt
894.4612-713,japan-internal-affairs-894.4612-entertainment-in-japan-1,"894.4612 Entertainment In Japan., By The Country Or Its Officers. New Years Reception., Japan, Presentation At Court., December 6, 1930 (File 713)",894.4612,713,2,Mistral OCR,yes,https://archive.org/details/japan-internal-affairs-894.4612-entertainment-in-japan-1,894.4612-713.txt
894.46211-584,japan-internal-affairs-894.46211-entertainment-in-japan-2,"894.46211 Entertainment In Japan., Japan, By Private Persons And Societies. Nationality., United States (File 584)",894.46211,584,1,Mistral OCR,yes,https://archive.org/details/japan-internal-affairs-894.46211-entertainment-in-japan-2,894.46211-584.txt
894.46211-738,japan-internal-affairs-894.46211-entertainment-in-japan-1,"894.46211 Entertainment In Japan., Japan, By Private Persons And Societies. Nationality., United States, March 1, 1932 (File 738)",894.46211,738,1,Mistral OCR,yes,https://archive.org/details/japan-internal-affairs-894.46211-entertainment-in-japan-1,894.46211-738.txt
894.463-583,japan-internal-affairs-894.463-entertainment-in-japan-2,"894.463 Entertainment In Japan., Japan, By Resident Officers Of The United States. (File 583)",894.463,583,2,Mistral OCR,yes,https://archive.org/details/japan-internal-affairs-894.463-entertainment-in-japan-2,894.463-583.txt
894.463-1032,japan-internal-affairs-894.463-entertainment-in-japan-1,"894.463 Entertainment In Japan., Japan, By Resident Officers Of The United States., July 7, 1931 - July 5, 1938 (File 1032)",894.463,1032,20,Mistral OCR,yes,https://archive.org/details/japan-internal-affairs-894.463-entertainment-in-japan-1,894.463-1032.txt
894.48-585,japan-internal-affairs-894.48-japan-calamities-disasters-1,"894.48 Japan, Calamities. Disasters. Earthquake. Hurricane. Fire. Flood. Famine. Disease. Relief Measures. (File 585)",894.48,585,4,Mistral OCR,yes,https://archive.org/details/japan-internal-affairs-894.48-japan-calamities-disasters-1,894.48-585.txt
894.48-593,japan-internal-affairs-894.48-japan-calamities-disasters-2,"894.48 Japan, Calamities. Disasters. Earthquake. Hurricane. Fire. Flood. Famine. Disease. Relief Measures. (File 593)",894.48,593,5,Mistral OCR,yes,https://archive.org/details/japan-internal-affairs-894.48-japan-calamities-disasters-2,894.48-593.txt
894.48-1038,japan-internal-affairs-894.48-japan-calamities-disasters-3,"894.48 Japan, Calamities. Disasters. Earthquake. Hurricane. Fire. Flood. Famine. Disease. Relief Measures., November 29, 1930 - July 30, 1938 (File 1038)",894.48,1038,128,PaddleOCR,yes,https://archive.org/details/japan-internal-affairs-894.48-japan-calamities-disasters-3,894.48-1038.txt
894.48-1183,japan-internal-affairs-894.48-japan-calamities-disasters-4,"894.48 Japan, Calamities. Disasters. Earthquake. Hurricane. Fire. Flood. Famine. Disease. Relief Measures., January 19, 1940 - March 13, 1940 (File 1183)",894.48,1183,51,PaddleOCR,yes,https://archive.org/details/japan-internal-affairs-894.48-japan-calamities-disasters-4,894.48-1183.txt
894.48-1510,japan-internal-affairs-894.48-japan-calamities-disasters-5,"894.48 Japan, Calamities. Disasters. Earthquake. Hurricane. Fire. Flood. Famine. Disease. Relief Measures., October 29, 1945 - March 19, 1946 (File 1510)",894.48,1510,111,PaddleOCR,yes,https://archive.org/details/japan-internal-affairs-894.48-japan-calamities-disasters-5,894.48-1510.txt
894.48B-592,japan-internal-affairs-894.48b-calamities-disasters-japan,"894.48B Calamities. Disasters., Japan, Tokyo Earthquake, 1923. (File 592)",894.48B,592,5,Mistral OCR,yes,https://archive.org/details/japan-internal-affairs-894.48b-calamities-disasters-japan,894.48B-592.txt
894.48B-722,japan-internal-affairs-894.48b-calamities-disasters-japan-2,"894.48B Calamities. Disasters., Japan, Tokyo Earthquake, 1923., March 25, 1930 - February 25, 1931 (File 722)",894.48B,722,82,PaddleOCR,yes,https://archive.org/details/japan-internal-affairs-894.48b-calamities-disasters-japan-2,894.48B-722.txt
894.48H-839,japan-internal-affairs-894.48h-calamities-disasters-japan,"894.48H Calamities. Disasters., Japan, Iwate Earthquake, 1932., March 3, 1933 - November 22, 1934 (File 839)",894.48H,839,69,PaddleOCR,yes,https://archive.org/details/japan-internal-affairs-894.48h-calamities-disasters-japan,894.48H-839.txt
894.50-131,japan-internal-affairs-894.50-japan-economic-matters-5,"894.50 Japan, Economic Matters. (File 131)",894.50,131,3,Mistral OCR,yes,https://archive.org/details/japan-internal-affairs-894.50-japan-economic-matters-5,894.50-131.txt
894.50-207,japan-internal-affairs-894.50-japan-economic-matters-6,"894.50 Japan, Economic Matters. (File 207)",894.50,207,1,Mistral OCR,yes,https://archive.org/details/japan-internal-affairs-894.50-japan-economic-matters-6,894.50-207.txt
894.50-415,japan-internal-affairs-894.50-japan-economic-matters-7,"894.50 Japan, Economic Matters. (File 415)",894.50,415,1,Mistral OCR,yes,https://archive.org/details/japan-internal-affairs-894.50-japan-economic-matters-7,894.50-415.txt
894.50-617,japan-internal-affairs-894.50-japan-economic-matters-8,"894.50 Japan, Economic Matters. (File 617)",894.50,617,3,Mistral OCR,yes,https://archive.org/details/japan-internal-affairs-894.50-japan-economic-matters-8,894.50-617.txt
894.50-744,japan-internal-affairs-894.50-japan-economic-matters-1,"894.50 Japan, Economic Matters., April 6, 1932 (File 744)",894.50,744,1,Mistral OCR,yes,https://archive.org/details/japan-internal-affairs-894.50-japan-economic-matters-1,894.50-744.txt
894.50-745,japan-internal-affairs-894.50-japan-economic-matters-9,"894.50 Japan, Economic Matters., July 21, 1930 - April 7, 1932 (File 745)",894.50,745,138,PaddleOCR,yes,https://archive.org/details/japan-internal-affairs-894.50-japan-economic-matters-9,894.50-745.txt
894.50-746,japan-internal-affairs-894.50-japan-economic-matters-2,"894.50 Japan, Economic Matters., April 7, 1932 (File 746)",894.50,746,4,Mistral OCR,yes,https://archive.org/details/japan-internal-affairs-894.50-japan-economic-matters-2,894.50-746.txt
894.50-747,japan-internal-affairs-894.50-japan-economic-matters-3,"894.50 Japan, Economic Matters., April 7, 1932 (File 747)",894.50,747,1,Mistral OCR,yes,https://archive.org/details/japan-internal-affairs-894.50-japan-economic-matters-3,894.50-747.txt
894.50-1136,japan-internal-affairs-894.50-japan-economic-matters-10,"894.50 Japan, Economic Matters., March 26, 1932 - October 16, 1939 (File 1136)",894.50,1136,541,PaddleOCR,no,https://archive.org/details/japan-internal-affairs-894.50-japan-economic-matters-10,894.50-1136.txt
894.50-1351,japan-internal-affairs-894.50-japan-economic-matters-11,"894.50 Japan, Economic Matters., February 15, 1940 - June 3, 1942 (File 1351)",894.50,1351,478,PaddleOCR,yes,https://archive.org/details/japan-internal-affairs-894.50-japan-economic-matters-11,894.50-1351.txt
894.50-1390-1,japan-internal-affairs-894.50-japan-economic-matters-12-part-1,"894.50 Japan, Economic Matters., September 4, 1942 - June 1943 (File 1390), part 1 of 2",894.50,1390,635,PaddleOCR,no,https://archive.org/details/japan-internal-affairs-894.50-japan-economic-matters-12/894.50%20Japan%2C%20Economic%20Matters.%2C%20September%204%2C%201942%20-%20June%201943%201390-part-1,894.50-1390-1.txt
894.50-1390-2,japan-internal-affairs-894.50-japan-economic-matters-12-part-2,"894.50 Japan, Economic Matters., September 4, 1942 - June 1943 (File 1390), part 2 of 2",894.50,1390,565,PaddleOCR,no,https://archive.org/details/japan-internal-affairs-894.50-japan-economic-matters-12/894.50%20Japan%2C%20Economic%20Matters.%2C%20September%204%2C%201942%20-%20June%201943%201390-part-2,894.50-1390-2.txt
894.50-1415-1,japan-internal-affairs-894.50-japan-economic-matters-13-part-1,"894.50 Japan, Economic Matters., July 28, 1943 - February 18, 1944 (File 1415), part 1 of 2",894.50,1415,394,PaddleOCR,no,https://archive.org/details/japan-internal-affairs-894.50-japan-economic-matters-13/894.50%20Japan%2C%20Economic%20Matters.%2C%20July%2028%2C%201943%20-%20February%2018%2C%201944%201415-part-1,894.50-1415-1.txt
894.50-1415-2,japan-internal-affairs-894.50-japan-economic-matters-13-part-2,"894.50 Japan, Economic Matters., July 28, 1943 - February 18, 1944 (File 1415), part 2 of 2",894.50,1415,343,PaddleOCR,no,https://archive.org/details/japan-internal-affairs-894.50-japan-economic-matters-13/894.50%20Japan%2C%20Economic%20Matters.%2C%20July%2028%2C%201943%20-%20February%2018%2C%201944%201415-part-2,894.50-1415-2.txt
894.50-1482,japan-internal-affairs-894.50-japan-economic-matters-14,"894.50 Japan, Economic Matters., June 22, 1944 - December 29, 1944 (File 1482)",894.50,1482,168,PaddleOCR,yes,https://archive.org/details/japan-internal-affairs-894.50-japan-economic-matters-14,894.50-1482.txt
894.50-1492,japan-internal-affairs-894.50-japan-economic-matters-15,"894.50 Japan, Economic Matters., January 2, 1945 - September 20, 1945 (File 1492)",894.50,1492,292,PaddleOCR,no,https://archive.org/details/japan-internal-affairs-894.50-japan-economic-matters-15,894.50-1492.txt
894.50-1669,japan-internal-affairs-894.50-japan-economic-matters-4,"894.50 Japan, Economic Matters., February 17, 1948 - October 20, 1948 (File 1669)",894.50,1669,13,Mistral OCR,yes,https://archive.org/details/japan-internal-affairs-894.50-japan-economic-matters-4,894.50-1669.txt
894.50-1677-1,japan-internal-affairs-894.50-japan-economic-matters-16-part-1,"894.50 Japan, Economic Matters., September 21, 1945 - November 24, 1948 (File 1677), part 1 of 2",894.50,1677,680,PaddleOCR,no,https://archive.org/details/japan-internal-affairs-894.50-japan-economic-matters-16/894.50%20Japan%2C%20Economic%20Matters.%2C%20September%2021%2C%201945%20-%20November%2024%2C%201948%201677-part-1,894.50-1677-1.txt
894.50-1677-2,japan-internal-affairs-894.50-japan-economic-matters-16-part-2,"894.50 Japan, Economic Matters., September 21, 1945 - November 24, 1948 (File 1677), part 2 of 2",894.50,1677,533,PaddleOCR,no,https://archive.org/details/japan-internal-affairs-894.50-japan-economic-matters-16/894.50%20Japan%2C%20Economic%20Matters.%2C%20September%2021%2C%201945%20-%20November%2024%2C%201948%201677-part-2,894.50-1677-2.txt
894.50-1797-1,japan-internal-affairs-894.50-japan-economic-matters-17-part-1,"894.50 Japan, Economic Matters., December 4, 1948 - December 3, 1949 (File 1797), part 1 of 2",894.50,1797,617,PaddleOCR,no,https://archive.org/details/japan-internal-affairs-894.50-japan-economic-matters-17/894.50%20Japan%2C%20Economic%20Matters.%2C%20December%204%2C%201948%20-%20December%203%2C%201949%201797-part-1,894.50-1797-1.txt
894.50-1797-2,japan-internal-affairs-894.50-japan-economic-matters-17-part-2,"894.50 Japan, Economic Matters., December 4, 1948 - December 3, 1949 (File 1797), part 2 of 2",894.50,1797,572,PaddleOCR,no,https://archive.org/details/japan-internal-affairs-894.50-japan-economic-matters-17/894.50%20Japan%2C%20Economic%20Matters.%2C%20December%204%2C%201948%20-%20December%203%2C%201949%201797-part-2,894.50-1797-2.txt
894.50-1836,japan-internal-affairs-894.50-japan-economic-matters-18,"894.50 Japan, Economic Matters., December 7, 1949 - December 30, 1949 (File 1836)",894.50,1836,98,PaddleOCR,yes,https://archive.org/details/japan-internal-affairs-894.50-japan-economic-matters-18,894.50-1836.txt
894.501-926,japan-internal-affairs-894.501-economic-matters-japan,"894.501 Economic Matters., Japan, Statistics, General., July 26, 1930 - September 14, 1936 (File 926)",894.501,926,7,Mistral OCR,yes,https://archive.org/details/japan-internal-affairs-894.501-economic-matters-japan,894.501-926.txt
894.501-1671,japan-internal-affairs-894.501-economic-matters-japan-2,"894.501 Economic Matters., Japan, Statistics, General., June 29, 1946 - October 21, 1948 (File 1671)",894.501,1671,121,PaddleOCR,no,https://archive.org/details/japan-internal-affairs-894.501-economic-matters-japan-2,894.501-1671.txt
894.5011-134,japan-internal-affairs-894.5011-economic-matters-statistics-3,"894.5011 Economic Matters., Statistics, General., Japan, Census. (File 134)",894.5011,134,2,Mistral OCR,yes,https://archive.org/details/japan-internal-affairs-894.5011-economic-matters-statistics-3,894.5011-134.txt
894.5011-959,japan-internal-affairs-894.5011-economic-matters-statistics-1,"894.5011 Economic Matters., Statistics, General., Japan, Census., April 7, 1930 - June 24, 1937 (File 959)",894.5011,959,38,Mistral OCR,yes,https://archive.org/details/japan-internal-affairs-894.5011-economic-matters-statistics-1,894.5011-959.txt
894.5011-1308,japan-internal-affairs-894.5011-economic-matters-statistics-2,"894.5011 Economic Matters., Statistics, General., Japan, Census., October 12, 1940 - October 24, 1941 (File 1308)",894.5011,1308,33,Mistral OCR,yes,https://archive.org/details/japan-internal-affairs-894.5011-economic-matters-statistics-2,894.5011-1308.txt
894.5011-1740,japan-internal-affairs-894.5011-economic-matters-statistics-4,"894.5011 Economic Matters., Statistics, General., Japan, Census., October 1, 1948 - July 8, 1949 (File 1740)",894.5011,1740,47,PaddleOCR,yes,https://archive.org/details/japan-internal-affairs-894.5011-economic-matters-statistics-4,894.5011-1740.txt
894.5017-132,japan-internal-affairs-894.5017-economic-matters-statistics-5,"894.5017 Economic Matters., Statistics, General., Japan, Cost Of Living. (File 132)",894.5017,132,1,Mistral OCR,yes,https://archive.org/details/japan-internal-affairs-894.5017-economic-matters-statistics-5,894.5017-132.txt
894.5017-1157,japan-internal-affairs-894.5017-economic-matters-statistics-1,"894.5017 Economic Matters., Statistics, General., Japan, Cost Of Living., October 28, 1930 - December 14, 1939 (File 1157)",894.5017,1157,9,Mistral OCR,yes,https://archive.org/details/japan-internal-affairs-894.5017-economic-matters-statistics-1,894.5017-1157.txt
894.5017-1468,japan-internal-affairs-894.5017-economic-matters-statistics-2,"894.5017 Economic Matters., Statistics, General., Japan, Cost Of Living., October 30, 1942 - November 25, 1944 (File 1468)",894.5017,1468,11,Mistral OCR,yes,https://archive.org/details/japan-internal-affairs-894.5017-economic-matters-statistics-2,894.5017-1468.txt
894.5017-1642,japan-internal-affairs-894.5017-economic-matters-statistics-3,"894.5017 Economic Matters., Statistics, General., Japan, Cost Of Living., May 29, 1946 - June 23, 1948 (File 1642)",894.5017,1642,7,Mistral OCR,yes,https://archive.org/details/japan-internal-affairs-894.5017-economic-matters-statistics-3,894.5017-1642.txt
894.5017-1708,japan-internal-affairs-894.5017-economic-matters-statistics-4,"894.5017 Economic Matters., Statistics, General., Japan, Cost Of Living., March 30, 1949 - April 1, 1949 (File 1708)",894.5017,1708,5,Mistral OCR,yes,https://archive.org/details/japan-internal-affairs-894.5017-economic-matters-statistics-4,894.5017-1708.txt
894.5017-1834,japan-internal-affairs-894.5017-economic-matters-statistics-6,"894.5017 Economic Matters., Statistics, General., Japan, Cost Of Living., April 6, 1949 - December 30, 1949 (File 1834)",894.5017,1834,332,PaddleOCR,no,https://archive.org/details/japan-internal-affairs-894.5017-economic-matters-statistics-6,894.5017-1834.txt
894.5018-133,japan-internal-affairs-894.5018-economic-matters-statistics-2,"894.5018 Economic Matters., Statistics, General., Japan, Food Conditions. Food Shortage. (File 133)",894.5018,133,2,Mistral OCR,yes,https://archive.org/details/japan-internal-affairs-894.5018-economic-matters-statistics-2,894.5018-133.txt
894.5018-692,japan-internal-affairs-894.5018-economic-matters-statistics-1,"894.5018 Economic Matters., Statistics, General., Japan, Food Conditions. Food Shortage., August 2, 1927 (File 692)",894.5018,692,28,Mistral OCR,yes,https://archive.org/details/japan-internal-affairs-894.5018-economic-matters-statistics-1,894.5018-692.txt
894.5018-1322,japan-internal-affairs-894.5018-economic-matters-statistics-3,"894.5018 Economic Matters., Statistics, General., Japan, Food Conditions. Food Shortage., March 5, 1941 - January 16, 1942 (File 1322)",894.5018,1322,76,PaddleOCR,yes,https://archive.org/details/japan-internal-affairs-894.5018-economic-matters-statistics-3,894.5018-1322.txt
894.5018-1800,japan-internal-affairs-894.5018-economic-matters-statistics-4,"894.5018 Economic Matters., Statistics, General., Japan, Food Conditions. Food Shortage., February 9, 1945 - December 7, 1949 (File 1800)",894.5018,1800,516,PaddleOCR,no,https://archive.org/details/japan-internal-affairs-894.5018-economic-matters-statistics-4,894.5018-1800.txt
894.502-135,japan-internal-affairs-894.502-economic-matters-japan-3,"894.502 Economic Matters., Japan, Housing. Dwellings. Rents. Living Conditions. (File 135)",894.502,135,1,Mistral OCR,yes,https://archive.org/details/japan-internal-affairs-894.502-economic-matters-japan-3,894.502-135.txt
894.502-1249,japan-internal-affairs-894.502-economic-matters-japan-1,"894.502 Economic Matters., Japan, Housing. Dwellings. Rents. Living Conditions., March 7, 1941 (File 1249)",894.502,1249,1,Mistral OCR,yes,https://archive.org/details/japan-internal-affairs-894.502-economic-matters-japan-1,894.502-1249.txt
894.502-1654,japan-internal-affairs-894.502-economic-matters-japan-2,"894.502 Economic Matters., Japan, Housing. Dwellings. Rents. Living Conditions., October 5, 1946 - August 12, 1948 (File 1654)",894.502,1654,17,Mistral OCR,yes,https://archive.org/details/japan-internal-affairs-894.502-economic-matters-japan-2,894.502-1654.txt
894.503100-1488,japan-internal-affairs-894.503100-economic-matters-capital,"894.503100 Economic Matters., Capital., Investment Of, Or Field For Investment Of, Capital Of Japan In The World., March 13, 1945 - April 3, 1945 (File 1488)",894.503100,1488,3,Mistral OCR,yes,https://archive.org/details/japan-internal-affairs-894.503100-economic-matters-capital,894.503100-1488.txt
894.503111-136,japan-internal-affairs-894.503111-economic-matters-capital-3,"894.503111 Economic Matters., Capital., Investment Of, Or Field For Investment Of, Capital Of Japan In United States. (File 136)",894.503111,136,1,Mistral OCR,yes,https://archive.org/details/japan-internal-affairs-894.503111-economic-matters-capital-3,894.503111-136.txt
894.503111-990,japan-internal-affairs-894.503111-economic-matters-capital-1,"894.503111 Economic Matters., Capital., Investment Of, Or Field For Investment Of, Capital Of Japan In United States., December 17, 1937 (File 990)",894.503111,990,3,Mistral OCR,yes,https://archive.org/details/japan-internal-affairs-894.503111-economic-matters-capital-1,894.503111-990.txt
894.503111-1290,japan-internal-affairs-894.503111-economic-matters-capital-2,"894.503111 Economic Matters., Capital., Investment Of, Or Field For Investment Of, Capital Of Japan In United States., August 14, 1941 (File 1290)",894.503111,1290,3,Mistral OCR,yes,https://archive.org/details/japan-internal-affairs-894.503111-economic-matters-capital-2,894.503111-1290.txt
894.503112-250,japan-internal-affairs-894.503112-economic-matters-capital-3,"894.503112 Economic Matters., Capital., Investment Of, Or Field For Investment Of, Capital Of Japan In Mexico. (File 250)",894.503112,250,1,Mistral OCR,yes,https://archive.org/details/japan-internal-affairs-894.503112-economic-matters-capital-3,894.503112-250.txt
894.503112-1103,japan-internal-affairs-894.503112-economic-matters-capital-1,"894.503112 Economic Matters., Capital., Investment Of, Or Field For Investment Of, Capital Of Japan In Mexico., May 31, 1939 (File 1103)",894.503112,1103,1,Mistral OCR,yes,https://archive.org/details/japan-internal-affairs-894.503112-economic-matters-capital-1,894.503112-1103.txt
894.503112-1251,japan-internal-affairs-894.503112-economic-matters-capital-2,"894.503112 Economic Matters., Capital., Investment Of, Or Field For Investment Of, Capital Of Japan In Mexico., October 25, 1940 - March 12, 1941 (File 1251)",894.503112,1251,5,Mistral OCR,yes,https://archive.org/details/japan-internal-affairs-894.503112-economic-matters-capital-2,894.503112-1251.txt
894.503124-251,japan-internal-affairs-894.503124-economic-matters-capital-2,"894.503124 Economic Matters., Capital., Investment Of, Or Field For Investment Of, Capital Of Japan In Bolivia. (File 251)",894.503124,251,1,Mistral OCR,yes,https://archive.org/details/japan-internal-affairs-894.503124-economic-matters-capital-2,894.503124-251.txt
894.503124-999,japan-internal-affairs-894.503124-economic-matters-capital-1,"894.503124 Economic Matters., Capital., Investment Of, Or Field For Investment Of, Capital Of Japan In Bolivia., January 25, 1938 (File 999)",894.503124,999,1,Mistral OCR,yes,https://archive.org/details/japan-internal-affairs-894.503124-economic-matters-capital-1,894.503124-999.txt
894.503125-252,japan-internal-affairs-894.503125-economic-matters-capital-2,"894.503125 Economic Matters., Capital., Investment Of, Or Field For Investment Of, Capital Of Japan In Chile. (File 252)",894.503125,252,1,Mistral OCR,yes,https://archive.org/details/japan-internal-affairs-894.503125-economic-matters-capital-2,894.503125-252.txt
894.503125-829,japan-internal-affairs-894.503125-economic-matters-capital-1,"894.503125 Economic Matters., Capital., Investment Of, Or Field For Investment Of, Capital Of Japan In Chile., January 30, 1933 - September 10, 1934 (File 829)",894.503125,829,5,Mistral OCR,yes,https://archive.org/details/japan-internal-affairs-894.503125-economic-matters-capital-1,894.503125-829.txt
894.503133-256,japan-internal-affairs-894.503133-economic-matters-capital-2,"894.503133 Economic Matters., Capital., Investment Of, Or Field For Investment Of, Capital Of Japan In Uruguay. (File 256)",894.503133,256,1,Mistral OCR,yes,https://archive.org/details/japan-internal-affairs-894.503133-economic-matters-capital-2,894.503133-256.txt
894.503133-827,japan-internal-affairs-894.503133-economic-matters-capital-1,"894.503133 Economic Matters., Capital., Investment Of, Or Field For Investment Of, Capital Of Japan In Uruguay., August 2, 1934 (File 827)",894.503133,827,8,Mistral OCR,yes,https://archive.org/details/japan-internal-affairs-894.503133-economic-matters-capital-1,894.503133-827.txt
894.503142-255,japan-internal-affairs-894.503142-economic-matters-capital-2,"894.503142 Economic Matters., Capital., Investment Of, Or Field For Investment Of, Capital Of Japan In Canada. (File 255)",894.503142,255,1,Mistral OCR,yes,https://archive.org/details/japan-internal-affairs-894.503142-economic-matters-capital-2,894.503142-255.txt
894.503142-984,japan-internal-affairs-894.503142-economic-matters-capital-1,"894.503142 Economic Matters., Capital., Investment Of, Or Field For Investment Of, Capital Of Japan In Canada., December 1, 1937 (File 984)",894.503142,984,1,Mistral OCR,yes,https://archive.org/details/japan-internal-affairs-894.503142-economic-matters-capital-1,894.503142-984.txt
894.503191-254,japan-internal-affairs-894.503191-economic-matters-capital-2,"894.503191 Economic Matters., Capital., Investment Of, Or Field For Investment Of, Capital Of Japan In Iran. (File 254)",894.503191,254,1,Mistral OCR,yes,https://archive.org/details/japan-internal-affairs-894.503191-economic-matters-capital-2,894.503191-254.txt
894.503191-728,japan-internal-affairs-894.503191-economic-matters-capital-1,"894.503191 Economic Matters., Capital., Investment Of, Or Field For Investment Of, Capital Of Japan In Iran., April 10, 1931 - July 4, 1931 (File 728)",894.503191,728,13,Mistral OCR,yes,https://archive.org/details/japan-internal-affairs-894.503191-economic-matters-capital-1,894.503191-728.txt
894.503193-253,japan-internal-affairs-894.503193-economic-matters-capital-3,"894.503193 Economic Matters., Capital., Investment Of, Or Field For Investment Of, Capital Of Japan In China. (File 253)",894.503193,253,3,Mistral OCR,yes,https://archive.org/details/japan-internal-affairs-894.503193-economic-matters-capital-3,894.503193-253.txt
894.503193-921,japan-internal-affairs-894.503193-economic-matters-capital-1,"894.503193 Economic Matters., Capital., Investment Of, Or Field For Investment Of, Capital Of Japan In China., October 21, 1931 - August 5, 1936 (File 921)",894.503193,921,37,Mistral OCR,yes,https://archive.org/details/japan-internal-affairs-894.503193-economic-matters-capital-1,894.503193-921.txt
894.503193-1568,japan-internal-affairs-894.503193-economic-matters-capital-2,"894.503193 Economic Matters., Capital., Investment Of, Or Field For Investment Of, Capital Of Japan In China., April 10, 1947 - April 16, 1947 (File 1568)",894.503193,1568,9,Mistral OCR,yes,https://archive.org/details/japan-internal-affairs-894.503193-economic-matters-capital-2,894.503193-1568.txt
894.503194A-258,japan-internal-affairs-894.503194a-economic-matters-capital-2,"894.503194A Economic Matters., Capital., Investment Of, Or Field For Investment Of, Capital Of Japan In Formosa. Taiwan. (File 258)",894.503194A,258,1,Mistral OCR,yes,https://archive.org/details/japan-internal-affairs-894.503194a-economic-matters-capital-2,894.503194A-258.txt
894.503194A-1154,japan-internal-affairs-894.503194a-economic-matters-capital-1,"894.503194A Economic Matters., Capital., Investment Of, Or Field For Investment Of, Capital Of Japan In Formosa. Taiwan., December 4, 1939 (File 1154)",894.503194A,1154,1,Mistral OCR,yes,https://archive.org/details/japan-internal-affairs-894.503194a-economic-matters-capital-1,894.503194A-1154.txt
894.503195-1489,japan-internal-affairs-894.503195-economic-matters-capital,"894.503195 Economic Matters., Capital., Investment Of, Or Field For Investment Of, Capital Of Japan In Chosen., July 1, 1944 - June 28, 1945 (File 1489)",894.503195,1489,7,Mistral OCR,yes,https://archive.org/details/japan-internal-affairs-894.503195-economic-matters-capital,894.503195-1489.txt
894.5032-257,japan-internal-affairs-894.5032-economic-matters-capital-4,"894.5032 Economic Matters., Capital., Japan, Cooperative Systems. Rural Credits. (File 257)",894.5032,257,1,Mistral OCR,yes,https://archive.org/details/japan-internal-affairs-894.5032-economic-matters-capital-4,894.5032-257.txt
894.5032-706,japan-internal-affairs-894.5032-economic-matters-capital-1,"894.5032 Economic Matters., Capital., Japan, Cooperative Systems. Rural Credits., April 7, 1930 - August 1, 1930 (File 706)",894.5032,706,6,Mistral OCR,yes,https://archive.org/details/japan-internal-affairs-894.5032-economic-matters-capital-1,894.5032-706.txt
894.5032-1606,japan-internal-affairs-894.5032-economic-matters-capital-2,"894.5032 Economic Matters., Capital., Japan, Cooperative Systems. Rural Credits., December 9, 1947 (File 1606)",894.5032,1606,15,Mistral OCR,yes,https://archive.org/details/japan-internal-affairs-894.5032-economic-matters-capital-2,894.5032-1606.txt
894.5032-1701,japan-internal-affairs-894.5032-economic-matters-capital-3,"894.5032 Economic Matters., Capital., Japan, Cooperative Systems. Rural Credits., July 2, 1948 - March 16, 1949 (File 1701)",894.5032,1701,10,Mistral OCR,yes,https://archive.org/details/japan-internal-affairs-894.5032-economic-matters-capital-3,894.5032-1701.txt
894.5034-138,japan-internal-affairs-894.5034-economic-matters-capital-3,"894.5034 Economic Matters., Capital., Japan, Corporations, Other Businesses. Formulation. Regulation. Bond Issues. Stock Certificates. (File 138)",894.5034,138,3,Mistral OCR,yes,https://archive.org/details/japan-internal-affairs-894.5034-economic-matters-capital-3,894.5034-138.txt
894.5034-259,japan-internal-affairs-894.5034-economic-matters-capital-4,"894.5034 Economic Matters., Capital., Japan, Corporations, Other Businesses. Formulation. Regulation. Bond Issues. Stock Certificates. (File 259)",894.5034,259,2,Mistral OCR,yes,https://archive.org/details/japan-internal-affairs-894.5034-economic-matters-capital-4,894.5034-259.txt
894.5034-885,japan-internal-affairs-894.5034-economic-matters-capital-5,"894.5034 Economic Matters., Capital., Japan, Corporations, Other Businesses. Formulation. Regulation. Bond Issues. Stock Certificates., February 10, 1930 - December 28, 1935 (File 885)",894.5034,885,48,PaddleOCR,yes,https://archive.org/details/japan-internal-affairs-894.5034-economic-matters-capital-5,894.5034-885.txt
894.5034-1250,japan-internal-affairs-894.5034-economic-matters-capital-1,"894.5034 Economic Matters., Capital., Japan, Corporations, Other Businesses. Formulation. Regulation. Bond Issues. Stock Certificates., June 8, 1940 - March 10, 1941 (File 1250)",894.5034,1250,27,Mistral OCR,yes,https://archive.org/details/japan-internal-affairs-894.5034-economic-matters-capital-1,894.5034-1250.txt
894.5034-1639,japan-internal-affairs-894.5034-economic-matters-capital-6,"894.5034 Economic Matters., Capital., Japan, Corporations, Other Businesses. Formulation. Regulation. Bond Issues. Stock Certificates., February 7, 1945 - June 7, 1948 (File 1639)",894.5034,1639,64,PaddleOCR,yes,https://archive.org/details/japan-internal-affairs-894.5034-economic-matters-capital-6,894.5034-1639.txt
894.5034-1767,japan-internal-affairs-894.5034-economic-matters-capital-2,"894.5034 Economic Matters., Capital., Japan, Corporations, Other Businesses. Formulation. Regulation. Bond Issues. Stock Certificates., September 16, 1948 - October 4, 1949 (File 1767)",894.5034,1767,26,Mistral OCR,yes,https://archive.org/details/japan-internal-affairs-894.5034-economic-matters-capital-2,894.5034-1767.txt
894.5035-1618,japan-internal-affairs-894.5035-economic-matters-capital,"894.5035 Economic Matters., Capital., Japan, Combinations In Restraint Of Trade., May 23, 1946 - February 19, 1948 (File 1618)",894.5035,1618,4,Mistral OCR,yes,https://archive.org/details/japan-internal-affairs-894.5035-economic-matters-capital,894.5035-1618.txt
894.504-137,japan-internal-affairs-894.504-economic-matters-japan-4,"894.504 Economic Matters., Japan, Labor. (File 137)",894.504,137,1,Mistral OCR,yes,https://archive.org/details/japan-internal-affairs-894.504-economic-matters-japan-4,894.504-137.txt
894.504-260,japan-internal-affairs-894.504-economic-matters-japan-5,"894.504 Economic Matters., Japan, Labor. (File 260)",894.504,260,5,Mistral OCR,yes,https://archive.org/details/japan-internal-affairs-894.504-economic-matters-japan-5,894.504-260.txt
894.504-1184,japan-internal-affairs-894.504-economic-matters-japan-6,"894.504 Economic Matters., Japan, Labor., February 8, 1930 - March 27, 1940 (File 1184)",894.504,1184,134,PaddleOCR,yes,https://archive.org/details/japan-internal-affairs-894.504-economic-matters-japan-6,894.504-1184.txt
894.504-1394,japan-internal-affairs-894.504-economic-matters-japan-1,"894.504 Economic Matters., Japan, Labor., May 15, 1940 - July 23, 1943 (File 1394)",894.504,1394,17,Mistral OCR,yes,https://archive.org/details/japan-internal-affairs-894.504-economic-matters-japan-1,894.504-1394.txt
894.504-1514,japan-internal-affairs-894.504-economic-matters-japan-2,"894.504 Economic Matters., Japan, Labor., March 28, 1946 (File 1514)",894.504,1514,1,Mistral OCR,yes,https://archive.org/details/japan-internal-affairs-894.504-economic-matters-japan-2,894.504-1514.txt
894.504-1521,japan-internal-affairs-894.504-economic-matters-japan-3,"894.504 Economic Matters., Japan, Labor., April 16, 1946 (File 1521)",894.504,1521,24,Mistral OCR,yes,https://archive.org/details/japan-internal-affairs-894.504-economic-matters-japan-3,894.504-1521.txt
894.504-1782-1,japan-internal-affairs-894.504-economic-matters-japan-7-part-1,"894.504 Economic Matters., Japan, Labor., April 26, 1945 - November 16, 1949 (File 1782), part 1 of 2",894.504,1782,326,PaddleOCR,no,https://archive.org/details/japan-internal-affairs-894.504-economic-matters-japan-7/894.504%20Economic%20Matters.%2C%20Japan%2C%20Labor.%2C%20April%2026%2C%201945%20-%20November%2016%2C%201949%201782-part-1,894.504-1782-1.txt
894.504-1782-2,japan-internal-affairs-894.504-economic-matters-japan-7-part-2,"894.504 Economic Matters., Japan, Labor., April 26, 1945 - November 16, 1949 (File 1782), part 2 of 2",894.504,1782,329,PaddleOCR,no,https://archive.org/details/japan-internal-affairs-894.504-economic-matters-japan-7/894.504%20Economic%20Matters.%2C%20Japan%2C%20Labor.%2C%20April%2026%2C%201945%20-%20November%2016%2C%201949%201782-part-2,894.504-1782-2.txt
894.5041-261,japan-internal-affairs-894.5041-economic-matters-labor-3,"894.5041 Economic Matters., Labor., Japan, Hours. Wages. (File 261)",894.5041,261,3,Mistral OCR,yes,https://archive.org/details/japan-internal-affairs-894.5041-economic-matters-labor-3,894.5041-261.txt
894.5041-1158,japan-internal-affairs-894.5041-economic-matters-labor-4,"894.5041 Economic Matters., Labor., Japan, Hours. Wages., February 8, 1930 - December 14, 1939 (File 1158)",894.5041,1158,138,PaddleOCR,yes,https://archive.org/details/japan-internal-affairs-894.5041-economic-matters-labor-4,894.5041-1158.txt
894.5041-1442,japan-internal-affairs-894.5041-economic-matters-labor-1,"894.5041 Economic Matters., Labor., Japan, Hours. Wages., August 19, 1944 (File 1442)",894.5041,1442,1,Mistral OCR,yes,https://archive.org/details/japan-internal-affairs-894.5041-economic-matters-labor-1,894.5041-1442.txt
894.5041-1755,japan-internal-affairs-894.5041-economic-matters-labor-2,"894.5041 Economic Matters., Labor., Japan, Hours. Wages., January 17, 1947 - August 10, 1949 (File 1755)",894.5041,1755,30,Mistral OCR,yes,https://archive.org/details/japan-internal-affairs-894.5041-economic-matters-labor-2,894.5041-1755.txt
894.5042-262,japan-internal-affairs-894.5042-economic-matters-labor-2,"894.5042 Economic Matters., Labor., Japan, Compulsory And Unemployment Insurance. Social Insurance. (File 262)",894.5042,262,1,Mistral OCR,yes,https://archive.org/details/japan-internal-affairs-894.5042-economic-matters-labor-2,894.5042-262.txt
894.5042-983,japan-internal-affairs-894.5042-economic-matters-labor-1,"894.5042 Economic Matters., Labor., Japan, Compulsory And Unemployment Insurance. Social Insurance., October 2, 1930 - December 1, 1937 (File 983)",894.5042,983,6,Mistral OCR,yes,https://archive.org/details/japan-internal-affairs-894.5042-economic-matters-labor-1,894.5042-983.txt
894.5043-263,japan-internal-affairs-894.5043-economic-matters-labor-4,"894.5043 Economic Matters., Labor., Japan, Organization. Unions. (File 263)",894.5043,263,1,Mistral OCR,yes,https://archive.org/details/japan-internal-affairs-894.5043-economic-matters-labor-4,894.5043-263.txt
894.5043-775,japan-internal-affairs-894.5043-economic-matters-labor-1,"894.5043 Economic Matters., Labor., Japan, Organization. Unions., July 1, 1930 - February 18, 1933 (File 775)",894.5043,775,18,Mistral OCR,yes,https://archive.org/details/japan-internal-affairs-894.5043-economic-matters-labor-1,894.5043-775.txt
894.5043-1512,japan-internal-affairs-894.5043-economic-matters-labor-5,"894.5043 Economic Matters., Labor., Japan, Organization. Unions., September 1, 1945 - March 26, 1946 (File 1512)",894.5043,1512,127,PaddleOCR,yes,https://archive.org/details/japan-internal-affairs-894.5043-economic-matters-labor-5,894.5043-1512.txt
894.5043-1517,japan-internal-affairs-894.5043-economic-matters-labor-2,"894.5043 Economic Matters., Labor., Japan, Organization. Unions., March 28, 1946 - April 10, 1946 (File 1517)",894.5043,1517,22,Mistral OCR,yes,https://archive.org/details/japan-internal-affairs-894.5043-economic-matters-labor-2,894.5043-1517.txt
894.5043-1538,japan-internal-affairs-894.5043-economic-matters-labor-3,"894.5043 Economic Matters., Labor., Japan, Organization. Unions., September 11, 1946 - November 1, 1946 (File 1538)",894.5043,1538,14,Mistral OCR,yes,https://archive.org/details/japan-internal-affairs-894.5043-economic-matters-labor-3,894.5043-1538.txt
894.5043-1627,japan-internal-affairs-894.5043-economic-matters-labor-6,"894.5043 Economic Matters., Labor., Japan, Organization. Unions., December 6, 1946 - April 8, 1948 (File 1627)",894.5043,1627,176,PaddleOCR,no,https://archive.org/details/japan-internal-affairs-894.5043-economic-matters-labor-6,894.5043-1627.txt
894.5043-1637,japan-internal-affairs-894.5043-economic-matters-labor-7,"894.5043 Economic Matters., Labor., Japan, Organization. Unions., February 1, 1947 - May 25, 1948 (File 1637)",894.5043,1637,355,PaddleOCR,no,https://archive.org/details/japan-internal-affairs-894.5043-economic-matters-labor-7,894.5043-1637.txt
894.5043-1657,japan-internal-affairs-894.5043-economic-matters-labor-8,"894.5043 Economic Matters., Labor., Japan, Organization. Unions., September 4, 1948 (File 1657)",894.5043,1657,51,PaddleOCR,yes,https://archive.org/details/japan-internal-affairs-894.5043-economic-matters-labor-8,894.5043-1657.txt
894.5044-125,japan-internal-affairs-894.5044-economic-matters-labor-2,"894.5044 Economic Matters., Labor., Japan, Relations With Employers. (File 125)",894.5044,125,1,Mistral OCR,yes,https://archive.org/details/japan-internal-affairs-894.5044-economic-matters-labor-2,894.5044-125.txt
894.5044-271,japan-internal-affairs-894.5044-economic-matters-labor-3,"894.5044 Economic Matters., Labor., Japan, Relations With Employers. (File 271)",894.5044,271,2,Mistral OCR,yes,https://archive.org/details/japan-internal-affairs-894.5044-economic-matters-labor-3,894.5044-271.txt
894.5044-924,japan-internal-affairs-894.5044-economic-matters-labor-4,"894.5044 Economic Matters., Labor., Japan, Relations With Employers., July 17, 1934 - September 3, 1936 (File 924)",894.5044,924,43,PaddleOCR,yes,https://archive.org/details/japan-internal-affairs-894.5044-economic-matters-labor-4,894.5044-924.txt
894.5044-1289,japan-internal-affairs-894.5044-economic-matters-labor-1,"894.5044 Economic Matters., Labor., Japan, Relations With Employers., July 31, 1941 (File 1289)",894.5044,1289,2,Mistral OCR,yes,https://archive.org/details/japan-internal-affairs-894.5044-economic-matters-labor-1,894.5044-1289.txt
894.5045-126,japan-internal-affairs-894.5045-economic-matters-labor-5,"894.5045 Economic Matters., Labor., Japan, Strikes And Lockouts. (File 126)",894.5045,126,1,Mistral OCR,yes,https://archive.org/details/japan-internal-affairs-894.5045-economic-matters-labor-5,894.5045-126.txt
894.5045-270,japan-internal-affairs-894.5045-economic-matters-labor-6,"894.5045 Economic Matters., Labor., Japan, Strikes And Lockouts. (File 270)",894.5045,270,2,Mistral OCR,yes,https://archive.org/details/japan-internal-affairs-894.5045-economic-matters-labor-6,894.5045-270.txt
894.5045-878,japan-internal-affairs-894.5045-economic-matters-labor-1,"894.5045 Economic Matters., Labor., Japan, Strikes And Lockouts., April 21, 1930 - September 18, 1935 (File 878)",894.5045,878,40,Mistral OCR,yes,https://archive.org/details/japan-internal-affairs-894.5045-economic-matters-labor-1,894.5045-878.txt
894.5045-1284,japan-internal-affairs-894.5045-economic-matters-labor-2,"894.5045 Economic Matters., Labor., Japan, Strikes And Lockouts., July 14, 1941 (File 1284)",894.5045,1284,4,Mistral OCR,yes,https://archive.org/details/japan-internal-affairs-894.5045-economic-matters-labor-2,894.5045-1284.txt
894.5045-1532,japan-internal-affairs-894.5045-economic-matters-labor-3,"894.5045 Economic Matters., Labor., Japan, Strikes And Lockouts., September 4, 1946 (File 1532)",894.5045,1532,1,Mistral OCR,yes,https://archive.org/details/japan-internal-affairs-894.5045-economic-matters-labor-3,894.5045-1532.txt
894.5045-1547,japan-internal-affairs-894.5045-economic-matters-labor-4,"894.5045 Economic Matters., Labor., Japan, Strikes And Lockouts., December 3, 1946 (File 1547)",894.5045,1547,1,Mistral OCR,yes,https://archive.org/details/japan-internal-affairs-894.5045-economic-matters-labor-4,894.5045-1547.txt
894.5045-1743,japan-internal-affairs-894.5045-economic-matters-labor-7,"894.5045 Economic Matters., Labor., Japan, Strikes And Lockouts., December 3, 1946 - July 21, 1949 (File 1743)",894.5045,1743,53,PaddleOCR,yes,https://archive.org/details/japan-internal-affairs-894.5045-economic-matters-labor-7,894.5045-1743.txt
894.5047-268,japan-internal-affairs-894.5047-economic-matters-labor-2,"894.5047 Economic Matters., Labor., Japan, Child Labor. (File 268)",894.5047,268,1,Mistral OCR,yes,https://archive.org/details/japan-internal-affairs-894.5047-economic-matters-labor-2,894.5047-268.txt
894.5047-795,japan-internal-affairs-894.5047-economic-matters-labor-1,"894.5047 Economic Matters., Labor., Japan, Child Labor., May 12, 1923 - October 6, 1933 (File 795)",894.5047,795,13,Mistral OCR,yes,https://archive.org/details/japan-internal-affairs-894.5047-economic-matters-labor-1,894.5047-795.txt
894.5048-269,japan-internal-affairs-894.5048-economic-matters-labor-3,"894.5048 Economic Matters., Labor., Japan, Slavery. Compulsory Labor. Peonage. (File 269)",894.5048,269,1,Mistral OCR,yes,https://archive.org/details/japan-internal-affairs-894.5048-economic-matters-labor-3,894.5048-269.txt
894.5048-697,japan-internal-affairs-894.5048-economic-matters-labor-1,"894.5048 Economic Matters., Labor., Japan, Slavery. Compulsory Labor. Peonage., March 27, 1930 (File 697)",894.5048,697,3,Mistral OCR,yes,https://archive.org/details/japan-internal-affairs-894.5048-economic-matters-labor-1,894.5048-697.txt
894.5048-1556,japan-internal-affairs-894.5048-economic-matters-labor-2,"894.5048 Economic Matters., Labor., Japan, Slavery. Compulsory Labor. Peonage., January 3, 1947 (File 1556)",894.5048,1556,2,Mistral OCR,yes,https://archive.org/details/japan-internal-affairs-894.5048-economic-matters-labor-2,894.5048-1556.txt
894.504A-1649,japan-internal-affairs-894.504a-economic-matters-labor,"894.504A Economic Matters., Labor., Japan, Adviser., July 29, 1948 (File 1649)",894.504A,1649,1,Mistral OCR,yes,https://archive.org/details/japan-internal-affairs-894.504a-economic-matters-labor,894.504A-1649.txt
894.506-127,japan-internal-affairs-894.506-economic-matters-japan-4,"894.506 Economic Matters., Japan, Insurance. (File 127)",894.506,127,1,Mistral OCR,yes,https://archive.org/details/japan-internal-affairs-894.506-economic-matters-japan-4,894.506-127.txt
894.506-266,japan-internal-affairs-894.506-economic-matters-japan-5,"894.506 Economic Matters., Japan, Insurance. (File 266)",894.506,266,1,Mistral OCR,yes,https://archive.org/details/japan-internal-affairs-894.506-economic-matters-japan-5,894.506-266.txt
894.506-989,japan-internal-affairs-894.506-economic-matters-japan-1,"894.506 Economic Matters., Japan, Insurance., November 4, 1930 - December 15, 1937 (File 989)",894.506,989,19,Mistral OCR,yes,https://archive.org/details/japan-internal-affairs-894.506-economic-matters-japan-1,894.506-989.txt
894.506-1266,japan-internal-affairs-894.506-economic-matters-japan-2,"894.506 Economic Matters., Japan, Insurance., October 7, 1940 - May 17, 1941 (File 1266)",894.506,1266,7,Mistral OCR,yes,https://archive.org/details/japan-internal-affairs-894.506-economic-matters-japan-2,894.506-1266.txt
894.506-1281,japan-internal-affairs-894.506-economic-matters-japan-3,"894.506 Economic Matters., Japan, Insurance., December 20, 1940 - July 9, 1941 (File 1281)",894.506,1281,12,Mistral OCR,yes,https://archive.org/details/japan-internal-affairs-894.506-economic-matters-japan-3,894.506-1281.txt
894.5061-128,japan-internal-affairs-894.5061-economic-matters-insurance-3,"894.5061 Economic Matters., Insurance., Japan, Fire. (File 128)",894.5061,128,1,Mistral OCR,yes,https://archive.org/details/japan-internal-affairs-894.5061-economic-matters-insurance-3,894.5061-128.txt
894.5061-267,japan-internal-affairs-894.5061-economic-matters-insurance-4,"894.5061 Economic Matters., Insurance., Japan, Fire. (File 267)",894.5061,267,1,Mistral OCR,yes,https://archive.org/details/japan-internal-affairs-894.5061-economic-matters-insurance-4,894.5061-267.txt
894.5061-772,japan-internal-affairs-894.5061-economic-matters-insurance-1,"894.5061 Economic Matters., Insurance., Japan, Fire., February 3, 1933 - February 7, 1933 (File 772)",894.5061,772,8,Mistral OCR,yes,https://archive.org/details/japan-internal-affairs-894.5061-economic-matters-insurance-1,894.5061-772.txt
894.5061-1216,japan-internal-affairs-894.5061-economic-matters-insurance-2,"894.5061 Economic Matters., Insurance., Japan, Fire., October 7, 1940 (File 1216)",894.5061,1216,1,Mistral OCR,yes,https://archive.org/details/japan-internal-affairs-894.5061-economic-matters-insurance-2,894.5061-1216.txt
894.5062-124,japan-internal-affairs-894.5062-economic-matters-insurance-4,"894.5062 Economic Matters., Insurance., Japan, Marine. (File 124)",894.5062,124,1,Mistral OCR,yes,https://archive.org/details/japan-internal-affairs-894.5062-economic-matters-insurance-4,894.5062-124.txt
894.5062-1235,japan-internal-affairs-894.5062-economic-matters-insurance-1,"894.5062 Economic Matters., Insurance., Japan, Marine., October 22, 1940 - December 27, 1940 (File 1235)",894.5062,1235,8,Mistral OCR,yes,https://archive.org/details/japan-internal-affairs-894.5062-economic-matters-insurance-1,894.5062-1235.txt
894.5062-1425,japan-internal-affairs-894.5062-economic-matters-insurance-2,"894.5062 Economic Matters., Insurance., Japan, Marine., April 22, 1941 - April 3, 1944 (File 1425)",894.5062,1425,7,Mistral OCR,yes,https://archive.org/details/japan-internal-affairs-894.5062-economic-matters-insurance-2,894.5062-1425.txt
894.5062-1603,japan-internal-affairs-894.5062-economic-matters-insurance-3,"894.5062 Economic Matters., Insurance., Japan, Marine., November 14, 1947 (File 1603)",894.5062,1603,10,Mistral OCR,yes,https://archive.org/details/japan-internal-affairs-894.5062-economic-matters-insurance-3,894.5062-1603.txt
894.50625-130,japan-internal-affairs-894.50625-economic-matters-insurance-3,"894.50625 Economic Matters., Insurance., Marine., Japan, War Risk. (File 130)",894.50625,130,1,Mistral OCR,yes,https://archive.org/details/japan-internal-affairs-894.50625-economic-matters-insurance-3,894.50625-130.txt
894.50625-264,japan-internal-affairs-894.50625-economic-matters-insurance-4,"894.50625 Economic Matters., Insurance., Marine., Japan, War Risk. (File 264)",894.50625,264,1,Mistral OCR,yes,https://archive.org/details/japan-internal-affairs-894.50625-economic-matters-insurance-4,894.50625-264.txt
894.50625-1048,japan-internal-affairs-894.50625-economic-matters-insurance-1,"894.50625 Economic Matters., Insurance., Marine., Japan, War Risk., September 28, 1938 (File 1048)",894.50625,1048,3,Mistral OCR,yes,https://archive.org/details/japan-internal-affairs-894.50625-economic-matters-insurance-1,894.50625-1048.txt
894.50625-1260,japan-internal-affairs-894.50625-economic-matters-insurance-2,"894.50625 Economic Matters., Insurance., Marine., Japan, War Risk., April 17, 1941 (File 1260)",894.50625,1260,3,Mistral OCR,yes,https://archive.org/details/japan-internal-affairs-894.50625-economic-matters-insurance-2,894.50625-1260.txt
894.5064-265,japan-internal-affairs-894.5064-economic-matters-insurance-2,"894.5064 Economic Matters., Insurance., Japan, Life. (File 265)",894.5064,265,1,Mistral OCR,yes,https://archive.org/details/japan-internal-affairs-894.5064-economic-matters-insurance-2,894.5064-265.txt
894.5064-865,japan-internal-affairs-894.5064-economic-matters-insurance-1,"894.5064 Economic Matters., Insurance., Japan, Life., May 13, 1935 - May 15, 1935 (File 865)",894.5064,865,5,Mistral OCR,yes,https://archive.org/details/japan-internal-affairs-894.5064-economic-matters-insurance-1,894.5064-865.txt
894.508-1614,japan-internal-affairs-894.508-economic-matters-japan,"894.508 Economic Matters., Japan, Conservation Of Natural Resources., February 7, 1948 (File 1614)",894.508,1614,36,Mistral OCR,yes,https://archive.org/details/japan-internal-affairs-894.508-economic-matters-japan,894.508-1614.txt
894.50A-1629,japan-internal-affairs-894.50a-economic-matters-japan,"894.50A Economic Matters., Japan, Economic Adviser., December 26, 1946 - April 26, 1948 (File 1629)",894.50A,1629,4,Mistral OCR,yes,https://archive.org/details/japan-internal-affairs-894.50a-economic-matters-japan,894.50A-1629.txt
894.51-69,japan-internal-affairs-894.51-japan-financial-conditions-3,"894.51 Japan, Financial Conditions. Budget. Dept. Bond Issues. Loans. Public Securities. Credits. (File 69)",894.51,69,20,Mistral OCR,yes,https://archive.org/details/japan-internal-affairs-894.51-japan-financial-conditions-3,894.51-69.txt
894.51-129,japan-internal-affairs-894.51-japan-financial-conditions-4,"894.51 Japan, Financial Conditions. Budget. Dept. Bond Issues. Loans. Public Securities. Credits. (File 129)",894.51,129,1,Mistral OCR,yes,https://archive.org/details/japan-internal-affairs-894.51-japan-financial-conditions-4,894.51-129.txt
894.51-272,japan-internal-affairs-894.51-japan-financial-conditions-5,"894.51 Japan, Financial Conditions. Budget. Dept. Bond Issues. Loans. Public Securities. Credits. (File 272)",894.51,272,18,Mistral OCR,yes,https://archive.org/details/japan-internal-affairs-894.51-japan-financial-conditions-5,894.51-272.txt
894.51-278,japan-internal-affairs-894.51-japan-financial-conditions-6,"894.51 Japan, Financial Conditions. Budget. Dept. Bond Issues. Loans. Public Securities. Credits. (File 278)",894.51,278,4,Mistral OCR,yes,https://archive.org/details/japan-internal-affairs-894.51-japan-financial-conditions-6,894.51-278.txt
894.51-733,japan-internal-affairs-894.51-japan-financial-conditions-7,"894.51 Japan, Financial Conditions. Budget. Dept. Bond Issues. Loans. Public Securities. Credits., January 13, 1930 - January 19, 1932 (File 733)",894.51,733,113,PaddleOCR,yes,https://archive.org/details/japan-internal-affairs-894.51-japan-financial-conditions-7,894.51-733.txt
894.51-741,japan-internal-affairs-894.51-japan-financial-conditions-8,"894.51 Japan, Financial Conditions. Budget. Dept. Bond Issues. Loans. Public Securities. Credits., January 15, 1932 - March 10, 1932 (File 741)",894.51,741,67,PaddleOCR,yes,https://archive.org/details/japan-internal-affairs-894.51-japan-financial-conditions-8,894.51-741.txt
894.51-995-1,japan-internal-affairs-894.51-japan-financial-conditions-9-part-1,"894.51 Japan, Financial Conditions. Budget. Dept. Bond Issues. Loans. Public Securities. Credits., March 26, 1932 - January 11, 1938 (File 995), part 1 of 2",894.51,995,509,PaddleOCR,no,https://archive.org/details/japan-internal-affairs-894.51-japan-financial-conditions-9/894.51%20Japan%2C%20Financial%20Conditions.%20Budget.%20Dept.%20Bond%20Issues.%20Loans.%20Public%20Securities.%20Credits.%2C%20March%2026%2C%201932%20-%20January%2011%2C%201938%20995-part-1,894.51-995-1.txt
894.51-995-2,japan-internal-affairs-894.51-japan-financial-conditions-9-part-2,"894.51 Japan, Financial Conditions. Budget. Dept. Bond Issues. Loans. Public Securities. Credits., March 26, 1932 - January 11, 1938 (File 995), part 2 of 2",894.51,995,446,PaddleOCR,no,https://archive.org/details/japan-internal-affairs-894.51-japan-financial-conditions-9/894.51%20Japan%2C%20Financial%20Conditions.%20Budget.%20Dept.%20Bond%20Issues.%20Loans.%20Public%20Securities.%20Credits.%2C%20March%2026%2C%201932%20-%20January%2011%2C%201938%20995-part-2,894.51-995-2.txt
894.51-1017,japan-internal-affairs-894.51-japan-financial-conditions-10,"894.51 Japan, Financial Conditions. Budget. Dept. Bond Issues. Loans. Public Securities. Credits., January 16, 1938 - April 26, 1938 (File 1017)",894.51,1017,94,PaddleOCR,yes,https://archive.org/details/japan-internal-affairs-894.51-japan-financial-conditions-10,894.51-1017.txt
894.51-1166,japan-internal-affairs-894.51-japan-financial-conditions-11,"894.51 Japan, Financial Conditions. Budget. Dept. Bond Issues. Loans. Public Securities. Credits., April 18, 1938 - December 28, 1939 (File 1166)",894.51,1166,544,PaddleOCR,no,https://archive.org/details/japan-internal-affairs-894.51-japan-financial-conditions-11,894.51-1166.txt
894.51-1176,japan-internal-affairs-894.51-japan-financial-conditions-1,"894.51 Japan, Financial Conditions. Budget. Dept. Bond Issues. Loans. Public Securities. Credits., January 29, 1940 - February 17, 1940 (File 1176)",894.51,1176,26,Mistral OCR,yes,https://archive.org/details/japan-internal-affairs-894.51-japan-financial-conditions-1,894.51-1176.txt
894.51-1209,japan-internal-affairs-894.51-japan-financial-conditions-12,"894.51 Japan, Financial Conditions. Budget. Dept. Bond Issues. Loans. Public Securities. Credits., January 13, 1940 - September 7, 1940 (File 1209)",894.51,1209,225,PaddleOCR,no,https://archive.org/details/japan-internal-affairs-894.51-japan-financial-conditions-12,894.51-1209.txt
894.51-1475-1,japan-internal-affairs-894.51-japan-financial-conditions-13-part-1,"894.51 Japan, Financial Conditions. Budget. Dept. Bond Issues. Loans. Public Securities. Credits., September 11, 1940 - December 19, 1944 (File 1475), part 1 of 2",894.51,1475,380,PaddleOCR,no,https://archive.org/details/japan-internal-affairs-894.51-japan-financial-conditions-13/894.51%20Japan%2C%20Financial%20Conditions.%20Budget.%20Dept.%20Bond%20Issues.%20Loans.%20Public%20Securities.%20Credits.%2C%20September%2011%2C%201940%20-%20December%2019%2C%201944%201475-part-1,894.51-1475-1.txt
894.51-1475-2,japan-internal-affairs-894.51-japan-financial-conditions-13-part-2,"894.51 Japan, Financial Conditions. Budget. Dept. Bond Issues. Loans. Public Securities. Credits., September 11, 1940 - December 19, 1944 (File 1475), part 2 of 2",894.51,1475,383,PaddleOCR,no,https://archive.org/details/japan-internal-affairs-894.51-japan-financial-conditions-13/894.51%20Japan%2C%20Financial%20Conditions.%20Budget.%20Dept.%20Bond%20Issues.%20Loans.%20Public%20Securities.%20Credits.%2C%20September%2011%2C%201940%20-%20December%2019%2C%201944%201475-part-2,894.51-1475-2.txt
894.51-1675,japan-internal-affairs-894.51-japan-financial-conditions-14,"894.51 Japan, Financial Conditions. Budget. Dept. Bond Issues. Loans. Public Securities. Credits., January 2, 1945 - November 22, 1948 (File 1675)",894.51,1675,738,PaddleOCR,no,https://archive.org/details/japan-internal-affairs-894.51-japan-financial-conditions-14,894.51-1675.txt
894.51-1678,japan-internal-affairs-894.51-japan-financial-conditions-15,"894.51 Japan, Financial Conditions. Budget. Dept. Bond Issues. Loans. Public Securities. Credits., July 9, 1947 - November 26, 1948 (File 1678)",894.51,1678,460,PaddleOCR,no,https://archive.org/details/japan-internal-affairs-894.51-japan-financial-conditions-15,894.51-1678.txt
894.51-1747,japan-internal-affairs-894.51-japan-financial-conditions-16,"894.51 Japan, Financial Conditions. Budget. Dept. Bond Issues. Loans. Public Securities. Credits., July 11, 1947 - July 25, 1949 (File 1747)",894.51,1747,509,PaddleOCR,no,https://archive.org/details/japan-internal-affairs-894.51-japan-financial-conditions-16,894.51-1747.txt
894.51-1799,japan-internal-affairs-894.51-japan-financial-conditions-2,"894.51 Japan, Financial Conditions. Budget. Dept. Bond Issues. Loans. Public Securities. Credits., August 25, 1949 - December 7, 1949 (File 1799)",894.51,1799,15,Mistral OCR,yes,https://archive.org/details/japan-internal-affairs-894.51-japan-financial-conditions-2,894.51-1799.txt
894.512-72,japan-internal-affairs-894.512-financial-conditions-budget-1,"894.512 Financial Conditions. Budget. Dept. Bond Issues. Loans. Public Securities. Credits., Taxation. Processing Tax. For Treaties, Conventions, Arrangements, Ect., Add Country Number, Using Smaller Number Of Country For **. (File 72)",894.512,72,1,Mistral OCR,yes,https://archive.org/details/japan-internal-affairs-894.512-financial-conditions-budget-1,894.512-72.txt
894.512-274,japan-internal-affairs-894.512-financial-conditions-budget-2,"894.512 Financial Conditions. Budget. Dept. Bond Issues. Loans. Public Securities. Credits., Taxation. Processing Tax. For Treaties, Conventions, Arrangements, Ect., Add Country Number, Using Smaller Number Of Country For **. (File 274)",894.512,274,6,Mistral OCR,yes,https://archive.org/details/japan-internal-affairs-894.512-financial-conditions-budget-2,894.512-274.txt
894.512-1037,japan-internal-affairs-894.512-financial-conditions-budget-4,"894.512 Financial Conditions. Budget. Dept. Bond Issues. Loans. Public Securities. Credits., Taxation. Processing Tax. For Treaties, Conventions, Arrangements, Ect., Add Country Number, Using Smaller Number Of Country For **., October 6 (File 1037)",894.512,1037,142,PaddleOCR,no,https://archive.org/details/japan-internal-affairs-894.512-financial-conditions-budget-4,894.512-1037.txt
894.512-1240,japan-internal-affairs-894.512-financial-conditions-budget-3,"894.512 Financial Conditions. Budget. Dept. Bond Issues. Loans. Public Securities. Credits., Taxation. Processing Tax. For Treaties, Conventions, Arrangements, Ect., Add Country Number, Using Smaller Number Of Country For **., July 30, 1 (File 1240)",894.512,1240,23,Mistral OCR,yes,https://archive.org/details/japan-internal-affairs-894.512-financial-conditions-budget-3,894.512-1240.txt
894.512-1736,japan-internal-affairs-894.512-financial-conditions-budget-5,"894.512 Financial Conditions. Budget. Dept. Bond Issues. Loans. Public Securities. Credits., Taxation. Processing Tax. For Treaties, Conventions, Arrangements, Ect., Add Country Number, Using Smaller Number Of Country For **., January 16 (File 1736)",894.512,1736,197,PaddleOCR,no,https://archive.org/details/japan-internal-affairs-894.512-financial-conditions-budget-5,894.512-1736.txt
894.512-1820,japan-internal-affairs-894.512-financial-conditions-budget-6,"894.512 Financial Conditions. Budget. Dept. Bond Issues. Loans. Public Securities. Credits., Taxation. Processing Tax. For Treaties, Conventions, Arrangements, Ect., Add Country Number, Using Smaller Number Of Country For **., July 8, 19 (File 1820)",894.512,1820,90,PaddleOCR,yes,https://archive.org/details/japan-internal-affairs-894.512-financial-conditions-budget-6,894.512-1820.txt
894.5122-70,japan-internal-affairs-894.5122-financial-conditions-budget-1,"894.5122 Financial Conditions. Budget. Dept. Bond Issues. Loans. Public Securities. Credits., Taxation. Processing Tax. For Treaties, Conventions, Arrangements, Ect., Add Country Number, Using Smaller Number Of Country For **., Japan, La (File 70)",894.5122,70,1,Mistral OCR,yes,https://archive.org/details/japan-internal-affairs-894.5122-financial-conditions-budget-1,894.5122-70.txt
894.5122-1424,japan-internal-affairs-894.5122-financial-conditions-budget-2,"894.5122 Financial Conditions. Budget. Dept. Bond Issues. Loans. Public Securities. Credits., Taxation. Processing Tax. For Treaties, Conventions, Arrangements, Ect., Add Country Number, Using Smaller Number Of Country For **., Japan, La (File 1424)",894.5122,1424,1,Mistral OCR,yes,https://archive.org/details/japan-internal-affairs-894.5122-financial-conditions-budget-2,894.5122-1424.txt
894.5123-71,japan-internal-affairs-894.5123-financial-conditions-budget-1,"894.5123 Financial Conditions. Budget. Dept. Bond Issues. Loans. Public Securities. Credits., Taxation. Processing Tax. For Treaties, Conventions, Arrangements, Ect., Add Country Number, Using Smaller Number Of Country For **., Japan, In (File 71)",894.5123,71,2,Mistral OCR,yes,https://archive.org/details/japan-internal-affairs-894.5123-financial-conditions-budget-1,894.5123-71.txt
894.5123-273,japan-internal-affairs-894.5123-financial-conditions-budget-2,"894.5123 Financial Conditions. Budget. Dept. Bond Issues. Loans. Public Securities. Credits., Taxation. Processing Tax. For Treaties, Conventions, Arrangements, Ect., Add Country Number, Using Smaller Number Of Country For **., Japan, In (File 273)",894.5123,273,2,Mistral OCR,yes,https://archive.org/details/japan-internal-affairs-894.5123-financial-conditions-budget-2,894.5123-273.txt
894.5123-975,japan-internal-affairs-894.5123-financial-conditions-budget-4,"894.5123 Financial Conditions. Budget. Dept. Bond Issues. Loans. Public Securities. Credits., Taxation. Processing Tax. For Treaties, Conventions, Arrangements, Ect., Add Country Number, Using Smaller Number Of Country For **., Japan, In (File 975)",894.5123,975,61,PaddleOCR,yes,https://archive.org/details/japan-internal-affairs-894.5123-financial-conditions-budget-4,894.5123-975.txt
894.5123-1217,japan-internal-affairs-894.5123-financial-conditions-budget-3,"894.5123 Financial Conditions. Budget. Dept. Bond Issues. Loans. Public Securities. Credits., Taxation. Processing Tax. For Treaties, Conventions, Arrangements, Ect., Add Country Number, Using Smaller Number Of Country For **., Japan, In (File 1217)",894.5123,1217,7,Mistral OCR,yes,https://archive.org/details/japan-internal-affairs-894.5123-financial-conditions-budget-3,894.5123-1217.txt
894.5123-1804,japan-internal-affairs-894.5123-financial-conditions-budget-5,"894.5123 Financial Conditions. Budget. Dept. Bond Issues. Loans. Public Securities. Credits., Taxation. Processing Tax. For Treaties, Conventions, Arrangements, Ect., Add Country Number, Using Smaller Number Of Country For **., Japan, In (File 1804)",894.5123,1804,47,PaddleOCR,yes,https://archive.org/details/japan-internal-affairs-894.5123-financial-conditions-budget-5,894.5123-1804.txt
894.5124-276,japan-internal-affairs-894.5124-financial-conditions-budget,"894.5124 Financial Conditions. Budget. Dept. Bond Issues. Loans. Public Securities. Credits., Taxation. Processing Tax. For Treaties, Conventions, Arrangements, Ect., Add Country Number, Using Smaller Number Of Country For **., Japan, In (File 276)",894.5124,276,1,Mistral OCR,yes,https://archive.org/details/japan-internal-affairs-894.5124-financial-conditions-budget,894.5124-276.txt
894.515-275,japan-internal-affairs-894.515-financial-conditions-budget-3,"894.515 Financial Conditions. Budget. Dept. Bond Issues. Loans. Public Securities. Credits., Japan, Monetary System. Coinage. Currency. Mint. Bullion. (File 275)",894.515,275,7,Mistral OCR,yes,https://archive.org/details/japan-internal-affairs-894.515-financial-conditions-budget-3,894.515-275.txt
894.515-1149,japan-internal-affairs-894.515-financial-conditions-budget-4,"894.515 Financial Conditions. Budget. Dept. Bond Issues. Loans. Public Securities. Credits., Japan, Monetary System. Coinage. Currency. Mint. Bullion., January 13, 1930 - November 14, 1939 (File 1149)",894.515,1149,401,PaddleOCR,no,https://archive.org/details/japan-internal-affairs-894.515-financial-conditions-budget-4,894.515-1149.txt
894.515-1178,japan-internal-affairs-894.515-financial-conditions-budget-1,"894.515 Financial Conditions. Budget. Dept. Bond Issues. Loans. Public Securities. Credits., Japan, Monetary System. Coinage. Currency. Mint. Bullion., February 29, 1940 (File 1178)",894.515,1178,5,Mistral OCR,yes,https://archive.org/details/japan-internal-affairs-894.515-financial-conditions-budget-1,894.515-1178.txt
894.515-1452,japan-internal-affairs-894.515-financial-conditions-budget-5,"894.515 Financial Conditions. Budget. Dept. Bond Issues. Loans. Public Securities. Credits., Japan, Monetary System. Coinage. Currency. Mint. Bullion., January 29, 1940 - September 25, 1944 (File 1452)",894.515,1452,206,PaddleOCR,no,https://archive.org/details/japan-internal-affairs-894.515-financial-conditions-budget-5,894.515-1452.txt
894.515-1728,japan-internal-affairs-894.515-financial-conditions-budget-6,"894.515 Financial Conditions. Budget. Dept. Bond Issues. Loans. Public Securities. Credits., Japan, Monetary System. Coinage. Currency. Mint. Bullion., January 4, 1945 - June 4, 1949 (File 1728)",894.515,1728,206,PaddleOCR,no,https://archive.org/details/japan-internal-affairs-894.515-financial-conditions-budget-6,894.515-1728.txt
894.515-1826,japan-internal-affairs-894.515-financial-conditions-budget-2,"894.515 Financial Conditions. Budget. Dept. Bond Issues. Loans. Public Securities. Credits., Japan, Monetary System. Coinage. Currency. Mint. Bullion., July 15, 1949 - December 24, 1949 (File 1826)",894.515,1826,12,Mistral OCR,yes,https://archive.org/details/japan-internal-affairs-894.515-financial-conditions-budget-2,894.515-1826.txt
894.5151-33,japan-internal-affairs-894.5151-financial-conditions-budget-2,"894.5151 Financial Conditions. Budget. Dept. Bond Issues. Loans. Public Securities. Credits., Monetary System. Coinage. Currency. Mint. Bullion., Japan, Exchange. (File 33)",894.5151,33,9,Mistral OCR,yes,https://archive.org/details/japan-internal-affairs-894.5151-financial-conditions-budget-2,894.5151-33.txt
894.5151-277,japan-internal-affairs-894.5151-financial-conditions-budget-3,"894.5151 Financial Conditions. Budget. Dept. Bond Issues. Loans. Public Securities. Credits., Monetary System. Coinage. Currency. Mint. Bullion., Japan, Exchange. (File 277)",894.5151,277,6,Mistral OCR,yes,https://archive.org/details/japan-internal-affairs-894.5151-financial-conditions-budget-3,894.5151-277.txt
894.5151-326,japan-internal-affairs-894.5151-financial-conditions-budget-4,"894.5151 Financial Conditions. Budget. Dept. Bond Issues. Loans. Public Securities. Credits., Monetary System. Coinage. Currency. Mint. Bullion., Japan, Exchange. (File 326)",894.5151,326,21,Mistral OCR,yes,https://archive.org/details/japan-internal-affairs-894.5151-financial-conditions-budget-4,894.5151-326.txt
894.5151-969,japan-internal-affairs-894.5151-financial-conditions-budget-5,"894.5151 Financial Conditions. Budget. Dept. Bond Issues. Loans. Public Securities. Credits., Monetary System. Coinage. Currency. Mint. Bullion., Japan, Exchange., December 2, 1931 - September 23, 1937 (File 969)",894.5151,969,89,PaddleOCR,yes,https://archive.org/details/japan-internal-affairs-894.5151-financial-conditions-budget-5,894.5151-969.txt
894.5151-1163,japan-internal-affairs-894.5151-financial-conditions-budget-6,"894.5151 Financial Conditions. Budget. Dept. Bond Issues. Loans. Public Securities. Credits., Monetary System. Coinage. Currency. Mint. Bullion., Japan, Exchange., September 22, 1937 - December 22, 1939 (File 1163)",894.5151,1163,520,PaddleOCR,no,https://archive.org/details/japan-internal-affairs-894.5151-financial-conditions-budget-6,894.5151-1163.txt
894.5151-1474,japan-internal-affairs-894.5151-financial-conditions-budget-7,"894.5151 Financial Conditions. Budget. Dept. Bond Issues. Loans. Public Securities. Credits., Monetary System. Coinage. Currency. Mint. Bullion., Japan, Exchange., January 5th, 1940 - December 19, 1944 (File 1474)",894.5151,1474,320,PaddleOCR,no,https://archive.org/details/japan-internal-affairs-894.5151-financial-conditions-budget-7,894.5151-1474.txt
894.5151-1684,japan-internal-affairs-894.5151-financial-conditions-budget-8,"894.5151 Financial Conditions. Budget. Dept. Bond Issues. Loans. Public Securities. Credits., Monetary System. Coinage. Currency. Mint. Bullion., Japan, Exchange., January 3, 1945 - January 15, 1949 (File 1684)",894.5151,1684,640,PaddleOCR,no,https://archive.org/details/japan-internal-affairs-894.5151-financial-conditions-budget-8,894.5151-1684.txt
894.5151-1734,japan-internal-affairs-894.5151-financial-conditions-budget-1,"894.5151 Financial Conditions. Budget. Dept. Bond Issues. Loans. Public Securities. Credits., Monetary System. Coinage. Currency. Mint. Bullion., Japan, Exchange., June 22, 1949 (File 1734)",894.5151,1734,2,Mistral OCR,yes,https://archive.org/details/japan-internal-affairs-894.5151-financial-conditions-budget-1,894.5151-1734.txt
894.5158-325,japan-internal-affairs-894.5158-financial-conditions-budget-1,"894.5158 Financial Conditions. Budget. Dept. Bond Issues. Loans. Public Securities. Credits., Monetary System. Coinage. Currency. Mint. Bullion., Counterfeit, Counterfeiting. Reproductions Of Obligations And Securities. ** Country Whose Obl (File 325)",894.5158,325,1,Mistral OCR,yes,https://archive.org/details/japan-internal-affairs-894.5158-financial-conditions-budget-1,894.5158-325.txt
894.5158-890,japan-internal-affairs-894.5158-financial-conditions-budget-2,"894.5158 Financial Conditions. Budget. Dept. Bond Issues. Loans. Public Securities. Credits., Monetary System. Coinage. Currency. Mint. Bullion., Counterfeit, Counterfeiting. Reproductions Of Obligations And Securities. ** Country Whose Obl (File 890)",894.5158,890,1,Mistral OCR,yes,https://archive.org/details/japan-internal-affairs-894.5158-financial-conditions-budget-2,894.5158-890.txt
894.516-324,japan-internal-affairs-894.516-financial-conditions-budget-5,"894.516 Financial Conditions. Budget. Dept. Bond Issues. Loans. Public Securities. Credits., Japan, Banks. Banking. (File 324)",894.516,324,2,Mistral OCR,yes,https://archive.org/details/japan-internal-affairs-894.516-financial-conditions-budget-5,894.516-324.txt
894.516-964,japan-internal-affairs-894.516-financial-conditions-budget-1,"894.516 Financial Conditions. Budget. Dept. Bond Issues. Loans. Public Securities. Credits., Japan, Banks. Banking., January 15, 1932 - July 31, 1937 (File 964)",894.516,964,35,Mistral OCR,yes,https://archive.org/details/japan-internal-affairs-894.516-financial-conditions-budget-1,894.516-964.txt
894.516-982,japan-internal-affairs-894.516-financial-conditions-budget-2,"894.516 Financial Conditions. Budget. Dept. Bond Issues. Loans. Public Securities. Credits., Japan, Banks. Banking., November 29, 1937 (File 982)",894.516,982,3,Mistral OCR,yes,https://archive.org/details/japan-internal-affairs-894.516-financial-conditions-budget-2,894.516-982.txt
894.516-1422,japan-internal-affairs-894.516-financial-conditions-budget-3,"894.516 Financial Conditions. Budget. Dept. Bond Issues. Loans. Public Securities. Credits., Japan, Banks. Banking., October 8, 1941 - March 27, 1944 (File 1422)",894.516,1422,16,Mistral OCR,yes,https://archive.org/details/japan-internal-affairs-894.516-financial-conditions-budget-3,894.516-1422.txt
894.516-1574,japan-internal-affairs-894.516-financial-conditions-budget-6,"894.516 Financial Conditions. Budget. Dept. Bond Issues. Loans. Public Securities. Credits., Japan, Banks. Banking., February 18, 1947 - June 4, 1947 (File 1574)",894.516,1574,213,PaddleOCR,no,https://archive.org/details/japan-internal-affairs-894.516-financial-conditions-budget-6,894.516-1574.txt
894.516-1589,japan-internal-affairs-894.516-financial-conditions-budget-4,"894.516 Financial Conditions. Budget. Dept. Bond Issues. Loans. Public Securities. Credits., Japan, Banks. Banking., July 29, 1947 (File 1589)",894.516,1589,5,Mistral OCR,yes,https://archive.org/details/japan-internal-affairs-894.516-financial-conditions-budget-4,894.516-1589.txt
894.516-1751,japan-internal-affairs-894.516-financial-conditions-budget-7,"894.516 Financial Conditions. Budget. Dept. Bond Issues. Loans. Public Securities. Credits., Japan, Banks. Banking., June 14, 1947 - August 2, 1949 (File 1751)",894.516,1751,254,PaddleOCR,no,https://archive.org/details/japan-internal-affairs-894.516-financial-conditions-budget-7,894.516-1751.txt
894.5161-321,japan-internal-affairs-894.5161-financial-conditions-budget-3,"894.5161 Financial Conditions. Budget. Dept. Bond Issues. Loans. Public Securities. Credits., Banks. Banking., Japan, Interest. Discount. (File 321)",894.5161,321,1,Mistral OCR,yes,https://archive.org/details/japan-internal-affairs-894.5161-financial-conditions-budget-3,894.5161-321.txt
894.5161-910,japan-internal-affairs-894.5161-financial-conditions-budget-1,"894.5161 Financial Conditions. Budget. Dept. Bond Issues. Loans. Public Securities. Credits., Banks. Banking., Japan, Interest. Discount., November 6, 1931 - May 13, 1936 (File 910)",894.5161,910,4,Mistral OCR,yes,https://archive.org/details/japan-internal-affairs-894.5161-financial-conditions-budget-1,894.5161-910.txt
894.5161-1615,japan-internal-affairs-894.5161-financial-conditions-budget-2,"894.5161 Financial Conditions. Budget. Dept. Bond Issues. Loans. Public Securities. Credits., Banks. Banking., Japan, Interest. Discount., February 2, 1948 - February 13, 1948 (File 1615)",894.5161,1615,6,Mistral OCR,yes,https://archive.org/details/japan-internal-affairs-894.5161-financial-conditions-budget-2,894.5161-1615.txt
894.51611-35,japan-internal-affairs-894.51611-financial-conditions-budget-5,"894.51611 Financial Conditions. Budget. Dept. Bond Issues. Loans. Public Securities. Credits., Branch Banks Of Japan In United States. (File 35)",894.51611,35,1,Mistral OCR,yes,https://archive.org/details/japan-internal-affairs-894.51611-financial-conditions-budget-5,894.51611-35.txt
894.51611-322,japan-internal-affairs-894.51611-financial-conditions-budget-6,"894.51611 Financial Conditions. Budget. Dept. Bond Issues. Loans. Public Securities. Credits., Branch Banks Of Japan In United States. (File 322)",894.51611,322,1,Mistral OCR,yes,https://archive.org/details/japan-internal-affairs-894.51611-financial-conditions-budget-6,894.51611-322.txt
894.51611-761,japan-internal-affairs-894.51611-financial-conditions-budget-1,"894.51611 Financial Conditions. Budget. Dept. Bond Issues. Loans. Public Securities. Credits., Branch Banks Of Japan In United States., November 21, 1932 - December 1, 1932 (File 761)",894.51611,761,9,Mistral OCR,yes,https://archive.org/details/japan-internal-affairs-894.51611-financial-conditions-budget-1,894.51611-761.txt
894.51611-1366,japan-internal-affairs-894.51611-financial-conditions-budget-2,"894.51611 Financial Conditions. Budget. Dept. Bond Issues. Loans. Public Securities. Credits., Branch Banks Of Japan In United States., January 21, 1941 - October 23, 1942 (File 1366)",894.51611,1366,15,Mistral OCR,yes,https://archive.org/details/japan-internal-affairs-894.51611-financial-conditions-budget-2,894.51611-1366.txt
894.51611-1586,japan-internal-affairs-894.51611-financial-conditions-budget-3,"894.51611 Financial Conditions. Budget. Dept. Bond Issues. Loans. Public Securities. Credits., Branch Banks Of Japan In United States., February 18, 1946 - July 21, 1947 (File 1586)",894.51611,1586,20,Mistral OCR,yes,https://archive.org/details/japan-internal-affairs-894.51611-financial-conditions-budget-3,894.51611-1586.txt
894.51611-1720,japan-internal-affairs-894.51611-financial-conditions-budget-4,"894.51611 Financial Conditions. Budget. Dept. Bond Issues. Loans. Public Securities. Credits., Branch Banks Of Japan In United States., September 13, 1947 - May 5, 1949 (File 1720)",894.51611,1720,30,Mistral OCR,yes,https://archive.org/details/japan-internal-affairs-894.51611-financial-conditions-budget-4,894.51611-1720.txt
894.51611A-1238,japan-internal-affairs-894.51611a-financial-conditions-budget,"894.51611A Financial Conditions. Budget. Dept. Bond Issues. Loans. Public Securities. Credits., Branch Banks Of Japan In Hawaii., January 8, 1941 (File 1238)",894.51611A,1238,3,Mistral OCR,yes,https://archive.org/details/japan-internal-affairs-894.51611a-financial-conditions-budget,894.51611A-1238.txt
894.51611B-323,japan-internal-affairs-894.51611b-financial-conditions-budget,"894.51611B Financial Conditions. Budget. Dept. Bond Issues. Loans. Public Securities. Credits., Branch Banks Of Japan In Philippine Islands. (File 323)",894.51611B,323,1,Mistral OCR,yes,https://archive.org/details/japan-internal-affairs-894.51611b-financial-conditions-budget,894.51611B-323.txt
894.51618-317,japan-internal-affairs-894.51618-financial-conditions-budget-2,"894.51618 Financial Conditions. Budget. Dept. Bond Issues. Loans. Public Securities. Credits., Branch Banks Of Japan In Costa Rica. (File 317)",894.51618,317,1,Mistral OCR,yes,https://archive.org/details/japan-internal-affairs-894.51618-financial-conditions-budget-2,894.51618-317.txt
894.51618-879,japan-internal-affairs-894.51618-financial-conditions-budget-1,"894.51618 Financial Conditions. Budget. Dept. Bond Issues. Loans. Public Securities. Credits., Branch Banks Of Japan In Costa Rica., September 18, 1935 (File 879)",894.51618,879,2,Mistral OCR,yes,https://archive.org/details/japan-internal-affairs-894.51618-financial-conditions-budget-1,894.51618-879.txt
894.51635-1349,japan-internal-affairs-894.51635-financial-conditions-budget,"894.51635 Financial Conditions. Budget. Dept. Bond Issues. Loans. Public Securities. Credits., Branch Banks Of Japan In Argentina., September 4, 1941 - June 1, 1942 (File 1349)",894.51635,1349,3,Mistral OCR,yes,https://archive.org/details/japan-internal-affairs-894.51635-financial-conditions-budget,894.51635-1349.txt
894.51651G-1223,japan-internal-affairs-894.51651g-financial-conditions-budget,"894.51651G Financial Conditions. Budget. Dept. Bond Issues. Loans. Public Securities. Credits., Branch Banks Of Japan In French Indo-China., November 19, 1940 (File 1223)",894.51651G,1223,1,Mistral OCR,yes,https://archive.org/details/japan-internal-affairs-894.51651g-financial-conditions-budget,894.51651G-1223.txt
894.51683-1268,japan-internal-affairs-894.51683-financial-conditions-budget,"894.51683 Financial Conditions. Budget. Dept. Bond Issues. Loans. Public Securities. Credits., Branch Banks Of Japan In Egypt., May 29, 1941 (File 1268)",894.51683,1268,1,Mistral OCR,yes,https://archive.org/details/japan-internal-affairs-894.51683-financial-conditions-budget,894.51683-1268.txt
894.51693-318,japan-internal-affairs-894.51693-financial-conditions-budget-2,"894.51693 Financial Conditions. Budget. Dept. Bond Issues. Loans. Public Securities. Credits., Branch Banks Of Japan In China. (File 318)",894.51693,318,1,Mistral OCR,yes,https://archive.org/details/japan-internal-affairs-894.51693-financial-conditions-budget-2,894.51693-318.txt
894.51693-1069,japan-internal-affairs-894.51693-financial-conditions-budget-1,"894.51693 Financial Conditions. Budget. Dept. Bond Issues. Loans. Public Securities. Credits., Branch Banks Of Japan In China., August 29, 1937 - January 6, 1939 (File 1069)",894.51693,1069,3,Mistral OCR,yes,https://archive.org/details/japan-internal-affairs-894.51693-financial-conditions-budget-1,894.51693-1069.txt
894.5171-319,japan-internal-affairs-894.5171-financial-conditions-budget-4,"894.5171 Financial Conditions. Budget. Dept. Bond Issues. Loans. Public Securities. Credits., Exchanges., Japan, Stock. (File 319)",894.5171,319,1,Mistral OCR,yes,https://archive.org/details/japan-internal-affairs-894.5171-financial-conditions-budget-4,894.5171-319.txt
894.5171-776,japan-internal-affairs-894.5171-financial-conditions-budget-1,"894.5171 Financial Conditions. Budget. Dept. Bond Issues. Loans. Public Securities. Credits., Exchanges., Japan, Stock., October 9, 1931 - March 1, 1933 (File 776)",894.5171,776,5,Mistral OCR,yes,https://archive.org/details/japan-internal-affairs-894.5171-financial-conditions-budget-1,894.5171-776.txt
894.5171-1376,japan-internal-affairs-894.5171-financial-conditions-budget-2,"894.5171 Financial Conditions. Budget. Dept. Bond Issues. Loans. Public Securities. Credits., Exchanges., Japan, Stock., January 20, 1943 (File 1376)",894.5171,1376,10,Mistral OCR,yes,https://archive.org/details/japan-internal-affairs-894.5171-financial-conditions-budget-2,894.5171-1376.txt
894.5171-1726,japan-internal-affairs-894.5171-financial-conditions-budget-3,"894.5171 Financial Conditions. Budget. Dept. Bond Issues. Loans. Public Securities. Credits., Exchanges., Japan, Stock., May 20, 1949 (File 1726)",894.5171,1726,9,Mistral OCR,yes,https://archive.org/details/japan-internal-affairs-894.5171-financial-conditions-budget-3,894.5171-1726.txt
894.52-32,japan-internal-affairs-894.52-japan-lands-1,"894.52 Japan, Lands. (File 32)",894.52,32,2,Mistral OCR,yes,https://archive.org/details/japan-internal-affairs-894.52-japan-lands-1,894.52-32.txt
894.52-320,japan-internal-affairs-894.52-japan-lands-2,"894.52 Japan, Lands. (File 320)",894.52,320,7,Mistral OCR,yes,https://archive.org/details/japan-internal-affairs-894.52-japan-lands-2,894.52-320.txt
894.52-971,japan-internal-affairs-894.52-japan-lands-january,"894.52 Japan, Lands., January 30, 1933 - October 12, 1937 (File 971)",894.52,971,171,PaddleOCR,no,https://archive.org/details/japan-internal-affairs-894.52-japan-lands-january,894.52-971.txt
894.52-1384,japan-internal-affairs-894.52-japan-lands-april,"894.52 Japan, Lands., April 20, 1942 - April 28, 1943 (File 1384)",894.52,1384,4,Mistral OCR,yes,https://archive.org/details/japan-internal-affairs-894.52-japan-lands-april,894.52-1384.txt
894.52-1792,japan-internal-affairs-894.52-japan-lands-november,"894.52 Japan, Lands., November 12, 1946 - November 25, 1949 (File 1792)",894.52,1792,361,PaddleOCR,no,https://archive.org/details/japan-internal-affairs-894.52-japan-lands-november,894.52-1792.txt
894.5200-313,japan-internal-affairs-894.5200-right-of-nationals-2,894.5200 Right Of Nationals Of The World To Hold Or Acquire Real Property In Japan. For Reciprocal Rights Use Smaller Number Of Country For **. (File 313),894.5200,313,1,Mistral OCR,yes,https://archive.org/details/japan-internal-affairs-894.5200-right-of-nationals-2,894.5200-313.txt
894.5200-523,japan-internal-affairs-894.5200-right-of-nationals-3,894.5200 Right Of Nationals Of The World To Hold Or Acquire Real Property In Japan. For Reciprocal Rights Use Smaller Number Of Country For **. (File 523),894.5200,523,1,Mistral OCR,yes,https://archive.org/details/japan-internal-affairs-894.5200-right-of-nationals-3,894.5200-523.txt
894.5200-1385,japan-internal-affairs-894.5200-right-of-nationals-1,"894.5200 Right Of Nationals Of The World To Hold Or Acquire Real Property In Japan. For Reciprocal Rights Use Smaller Number Of Country For **., April 28, 1943 (File 1385)",894.5200,1385,2,Mistral OCR,yes,https://archive.org/details/japan-internal-affairs-894.5200-right-of-nationals-1,894.5200-1385.txt
894.5211-315,japan-internal-affairs-894.5211-right-of-nationals-4,894.5211 Right Of Nationals Of United States To Hold Or Acquire Real Property In Japan. For Reciprocal Rights Use Smaller Number Of Country For **. (File 315),894.5211,315,3,Mistral OCR,yes,https://archive.org/details/japan-internal-affairs-894.5211-right-of-nationals-4,894.5211-315.txt
894.5211-1140,japan-internal-affairs-894.5211-right-of-nationals-1,"894.5211 Right Of Nationals Of United States To Hold Or Acquire Real Property In Japan. For Reciprocal Rights Use Smaller Number Of Country For **., October 9, 1931 - October 25, 1939 (File 1140)",894.5211,1140,26,Mistral OCR,yes,https://archive.org/details/japan-internal-affairs-894.5211-right-of-nationals-1,894.5211-1140.txt
894.5211-1423,japan-internal-affairs-894.5211-right-of-nationals-2,"894.5211 Right Of Nationals Of United States To Hold Or Acquire Real Property In Japan. For Reciprocal Rights Use Smaller Number Of Country For **., March 25, 1944 - March 30, 1944 (File 1423)",894.5211,1423,2,Mistral OCR,yes,https://archive.org/details/japan-internal-affairs-894.5211-right-of-nationals-2,894.5211-1423.txt
894.5211-1811,japan-internal-affairs-894.5211-right-of-nationals-3,"894.5211 Right Of Nationals Of United States To Hold Or Acquire Real Property In Japan. For Reciprocal Rights Use Smaller Number Of Country For **., November 5, 1946 - December 14, 1949 (File 1811)",894.5211,1811,30,Mistral OCR,yes,https://archive.org/details/japan-internal-affairs-894.5211-right-of-nationals-3,894.5211-1811.txt
894.54-314,japan-internal-affairs-894.54-japan-intellectual-and-3,"894.54 Japan, Intellectual And Industrial Property. Applications For Patents And Copyrights, Registration Of Particular Trade Marks, And Contests Arising Therefrom Are Arranged Alphabetically Under The Respective Numbers. (File 314)",894.54,314,1,Mistral OCR,yes,https://archive.org/details/japan-internal-affairs-894.54-japan-intellectual-and-3,894.54-314.txt
894.54-939,japan-internal-affairs-894.54-japan-intellectual-and-4,"894.54 Japan, Intellectual And Industrial Property. Applications For Patents And Copyrights, Registration Of Particular Trade Marks, And Contests Arising Therefrom Are Arranged Alphabetically Under The Respective Numbers., July 8, 1936 - De (File 939)",894.54,939,103,PaddleOCR,no,https://archive.org/details/japan-internal-affairs-894.54-japan-intellectual-and-4,894.54-939.txt
894.54-1601,japan-internal-affairs-894.54-japan-intellectual-and-1,"894.54 Japan, Intellectual And Industrial Property. Applications For Patents And Copyrights, Registration Of Particular Trade Marks, And Contests Arising Therefrom Are Arranged Alphabetically Under The Respective Numbers., August 25, 1947 - (File 1601)",894.54,1601,15,Mistral OCR,yes,https://archive.org/details/japan-internal-affairs-894.54-japan-intellectual-and-1,894.54-1601.txt
894.54-1604,japan-internal-affairs-894.54-japan-intellectual-and-2,"894.54 Japan, Intellectual And Industrial Property. Applications For Patents And Copyrights, Registration Of Particular Trade Marks, And Contests Arising Therefrom Are Arranged Alphabetically Under The Respective Numbers., November 19, 1947 (File 1604)",894.54,1604,7,Mistral OCR,yes,https://archive.org/details/japan-internal-affairs-894.54-japan-intellectual-and-2,894.54-1604.txt
894.541-1666,japan-internal-affairs-894.541-intellectual-and-industrial,"894.541 Intellectual And Industrial Property. Applications For Patents And Copyrights, Registration Of Particular Trade Marks, And Contests Arising Therefrom Are Arranged Alphabetically Under The Respective Numbers., Industrial Property. ** (File 1666)",894.541,1666,2,Mistral OCR,yes,https://archive.org/details/japan-internal-affairs-894.541-intellectual-and-industrial,894.541-1666.txt
894.542-316,japan-internal-affairs-894.542-intellectual-and-industrial-1,"894.542 Intellectual And Industrial Property. Applications For Patents And Copyrights, Registration Of Particular Trade Marks, And Contests Arising Therefrom Are Arranged Alphabetically Under The Respective Numbers., Patents. ** Country In (File 316)",894.542,316,9,Mistral OCR,yes,https://archive.org/details/japan-internal-affairs-894.542-intellectual-and-industrial-1,894.542-316.txt
894.542-927,japan-internal-affairs-894.542-intellectual-and-industrial-3,"894.542 Intellectual And Industrial Property. Applications For Patents And Copyrights, Registration Of Particular Trade Marks, And Contests Arising Therefrom Are Arranged Alphabetically Under The Respective Numbers., Patents. ** Country In (File 927)",894.542,927,116,PaddleOCR,no,https://archive.org/details/japan-internal-affairs-894.542-intellectual-and-industrial-3,894.542-927.txt
894.542-1379,japan-internal-affairs-894.542-intellectual-and-industrial-2,"894.542 Intellectual And Industrial Property. Applications For Patents And Copyrights, Registration Of Particular Trade Marks, And Contests Arising Therefrom Are Arranged Alphabetically Under The Respective Numbers., Patents. ** Country In (File 1379)",894.542,1379,7,Mistral OCR,yes,https://archive.org/details/japan-internal-affairs-894.542-intellectual-and-industrial-2,894.542-1379.txt
894.542-1656,japan-internal-affairs-894.542-intellectual-and-industrial-4,"894.542 Intellectual And Industrial Property. Applications For Patents And Copyrights, Registration Of Particular Trade Marks, And Contests Arising Therefrom Are Arranged Alphabetically Under The Respective Numbers., Patents. ** Country In (File 1656)",894.542,1656,353,PaddleOCR,no,https://archive.org/details/japan-internal-affairs-894.542-intellectual-and-industrial-4,894.542-1656.txt
894.542-1819,japan-internal-affairs-894.542-intellectual-and-industrial-5,"894.542 Intellectual And Industrial Property. Applications For Patents And Copyrights, Registration Of Particular Trade Marks, And Contests Arising Therefrom Are Arranged Alphabetically Under The Respective Numbers., Patents. ** Country In (File 1819)",894.542,1819,267,PaddleOCR,no,https://archive.org/details/japan-internal-affairs-894.542-intellectual-and-industrial-5,894.542-1819.txt
894.54211-1653,japan-internal-affairs-894.54211-intellectual-and-industrial,"894.54211 Intellectual And Industrial Property. Applications For Patents And Copyrights, Registration Of Particular Trade Marks, And Contests Arising Therefrom Are Arranged Alphabetically Under The Respective Numbers., Japan, Intellectual A (File 1653)",894.54211,1653,8,Mistral OCR,yes,https://archive.org/details/japan-internal-affairs-894.54211-intellectual-and-industrial,894.54211-1653.txt
894.543-36,japan-internal-affairs-894.543-intellectual-and-industrial-1,"894.543 Intellectual And Industrial Property. Applications For Patents And Copyrights, Registration Of Particular Trade Marks, And Contests Arising Therefrom Are Arranged Alphabetically Under The Respective Numbers., Trade-Marks. Trade Name (File 36)",894.543,36,1,Mistral OCR,yes,https://archive.org/details/japan-internal-affairs-894.543-intellectual-and-industrial-1,894.543-36.txt
894.543-312,japan-internal-affairs-894.543-intellectual-and-industrial-2,"894.543 Intellectual And Industrial Property. Applications For Patents And Copyrights, Registration Of Particular Trade Marks, And Contests Arising Therefrom Are Arranged Alphabetically Under The Respective Numbers., Trade-Marks. Trade Name (File 312)",894.543,312,21,Mistral OCR,yes,https://archive.org/details/japan-internal-affairs-894.543-intellectual-and-industrial-2,894.543-312.txt
894.543-574,japan-internal-affairs-894.543-intellectual-and-industrial-3,"894.543 Intellectual And Industrial Property. Applications For Patents And Copyrights, Registration Of Particular Trade Marks, And Contests Arising Therefrom Are Arranged Alphabetically Under The Respective Numbers., Trade-Marks. Trade Name (File 574)",894.543,574,2,Mistral OCR,yes,https://archive.org/details/japan-internal-affairs-894.543-intellectual-and-industrial-3,894.543-574.txt
894.543-954,japan-internal-affairs-894.543-intellectual-and-industrial-4,"894.543 Intellectual And Industrial Property. Applications For Patents And Copyrights, Registration Of Particular Trade Marks, And Contests Arising Therefrom Are Arranged Alphabetically Under The Respective Numbers., Trade-Marks. Trade Name (File 954)",894.543,954,153,PaddleOCR,no,https://archive.org/details/japan-internal-affairs-894.543-intellectual-and-industrial-4,894.543-954.txt
894.543-957,japan-internal-affairs-894.543-intellectual-and-industrial-5,"894.543 Intellectual And Industrial Property. Applications For Patents And Copyrights, Registration Of Particular Trade Marks, And Contests Arising Therefrom Are Arranged Alphabetically Under The Respective Numbers., Trade-Marks. Trade Name (File 957)",894.543,957,258,PaddleOCR,no,https://archive.org/details/japan-internal-affairs-894.543-intellectual-and-industrial-5,894.543-957.txt
894.543-1211,japan-internal-affairs-894.543-intellectual-and-industrial-6,"894.543 Intellectual And Industrial Property. Applications For Patents And Copyrights, Registration Of Particular Trade Marks, And Contests Arising Therefrom Are Arranged Alphabetically Under The Respective Numbers., Trade-Marks. Trade Name (File 1211)",894.543,1211,185,PaddleOCR,no,https://archive.org/details/japan-internal-affairs-894.543-intellectual-and-industrial-6,894.543-1211.txt
894.543-1810,japan-internal-affairs-894.543-intellectual-and-industrial-7,"894.543 Intellectual And Industrial Property. Applications For Patents And Copyrights, Registration Of Particular Trade Marks, And Contests Arising Therefrom Are Arranged Alphabetically Under The Respective Numbers., Trade-Marks. Trade Name (File 1810)",894.543,1810,145,PaddleOCR,no,https://archive.org/details/japan-internal-affairs-894.543-intellectual-and-industrial-7,894.543-1810.txt
894.544-573,japan-internal-affairs-894.544-intellectual-and-industrial,"894.544 Intellectual And Industrial Property. Applications For Patents And Copyrights, Registration Of Particular Trade Marks, And Contests Arising Therefrom Are Arranged Alphabetically Under The Respective Numbers., Copyrights. ** Country (File 573)",894.544,573,10,Mistral OCR,yes,https://archive.org/details/japan-internal-affairs-894.544-intellectual-and-industrial,894.544-573.txt
894.544-1047,japan-internal-affairs-894.544-intellectual-and-industrial-2,"894.544 Intellectual And Industrial Property. Applications For Patents And Copyrights, Registration Of Particular Trade Marks, And Contests Arising Therefrom Are Arranged Alphabetically Under The Respective Numbers., Copyrights. ** Country (File 1047)",894.544,1047,126,PaddleOCR,no,https://archive.org/details/japan-internal-affairs-894.544-intellectual-and-industrial-2,894.544-1047.txt
894.544-1332,japan-internal-affairs-894.544-intellectual-and-industrial-3,"894.544 Intellectual And Industrial Property. Applications For Patents And Copyrights, Registration Of Particular Trade Marks, And Contests Arising Therefrom Are Arranged Alphabetically Under The Respective Numbers., Copyrights. ** Country (File 1332)",894.544,1332,92,PaddleOCR,yes,https://archive.org/details/japan-internal-affairs-894.544-intellectual-and-industrial-3,894.544-1332.txt
894.544-1673,japan-internal-affairs-894.544-intellectual-and-industrial-4,"894.544 Intellectual And Industrial Property. Applications For Patents And Copyrights, Registration Of Particular Trade Marks, And Contests Arising Therefrom Are Arranged Alphabetically Under The Respective Numbers., Copyrights. ** Country (File 1673)",894.544,1673,81,PaddleOCR,yes,https://archive.org/details/japan-internal-affairs-894.544-intellectual-and-industrial-4,894.544-1673.txt
894.55-568,japan-internal-affairs-894.55-japan-immigration-head,"894.55 Japan, Immigration. Head Tax. (File 568)",894.55,568,3,Mistral OCR,yes,https://archive.org/details/japan-internal-affairs-894.55-japan-immigration-head,894.55-568.txt
894.55-1105,japan-internal-affairs-894.55-japan-immigration-head-2,"894.55 Japan, Immigration. Head Tax., March 31, 1931 - June 19, 1939 (File 1105)",894.55,1105,176,PaddleOCR,yes,https://archive.org/details/japan-internal-affairs-894.55-japan-immigration-head-2,894.55-1105.txt
894.5511-567,japan-internal-affairs-894.5511-immigration-to-japan-2,894.5511 Immigration To Japan From United States. (File 567),894.5511,567,1,Mistral OCR,yes,https://archive.org/details/japan-internal-affairs-894.5511-immigration-to-japan-2,894.5511-567.txt
894.5511-1084,japan-internal-affairs-894.5511-immigration-to-japan-1,"894.5511 Immigration To Japan From United States., December 15, 1936 - March 10, 1939 (File 1084)",894.5511,1084,5,Mistral OCR,yes,https://archive.org/details/japan-internal-affairs-894.5511-immigration-to-japan-1,894.5511-1084.txt
894.5537-571,japan-internal-affairs-894.5537-immigration-to-japan-2,894.5537 Immigration To Japan From Cuba. (File 571),894.5537,571,1,Mistral OCR,yes,https://archive.org/details/japan-internal-affairs-894.5537-immigration-to-japan-2,894.5537-571.txt
894.5537-699,japan-internal-affairs-894.5537-immigration-to-japan-1,"894.5537 Immigration To Japan From Cuba., May 2, 1930 (File 699)",894.5537,699,1,Mistral OCR,yes,https://archive.org/details/japan-internal-affairs-894.5537-immigration-to-japan-1,894.5537-699.txt
894.5541-34,japan-internal-affairs-894.5541-immigration-to-japan-2,894.5541 Immigration To Japan From United Kingdom. (File 34),894.5541,34,1,Mistral OCR,yes,https://archive.org/details/japan-internal-affairs-894.5541-immigration-to-japan-2,894.5541-34.txt
894.5541-1273,japan-internal-affairs-894.5541-immigration-to-japan-1,"894.5541 Immigration To Japan From United Kingdom., June 19, 1941 (File 1273)",894.5541,1273,3,Mistral OCR,yes,https://archive.org/details/japan-internal-affairs-894.5541-immigration-to-japan-1,894.5541-1273.txt
894.5562-572,japan-internal-affairs-894.5562-immigration-to-japan-2,894.5562 Immigration To Japan From Germany. (File 572),894.5562,572,1,Mistral OCR,yes,https://archive.org/details/japan-internal-affairs-894.5562-immigration-to-japan-2,894.5562-572.txt
894.5562-1060,japan-internal-affairs-894.5562-immigration-to-japan-1,"894.5562 Immigration To Japan From Germany., November 29, 1938 (File 1060)",894.5562,1060,1,Mistral OCR,yes,https://archive.org/details/japan-internal-affairs-894.5562-immigration-to-japan-1,894.5562-1060.txt
894.5595-569,japan-internal-affairs-894.5595-immigration-to-japan-2,894.5595 Immigration To Japan From Chosen. (File 569),894.5595,569,1,Mistral OCR,yes,https://archive.org/details/japan-internal-affairs-894.5595-immigration-to-japan-2,894.5595-569.txt
894.5595-834,japan-internal-affairs-894.5595-immigration-to-japan-1,"894.5595 Immigration To Japan From Chosen., May 20, 1930 - October 19, 1934 (File 834)",894.5595,834,40,Mistral OCR,yes,https://archive.org/details/japan-internal-affairs-894.5595-immigration-to-japan-1,894.5595-834.txt
894.56-570,japan-internal-affairs-894.56-japan-emigration,"894.56 Japan, Emigration. (File 570)",894.56,570,4,Mistral OCR,yes,https://archive.org/details/japan-internal-affairs-894.56-japan-emigration,894.56-570.txt
894.56-1100,japan-internal-affairs-894.56-japan-emigration-october,"894.56 Japan, Emigration., October 16, 1930 - May 11, 1939 (File 1100)",894.56,1100,172,PaddleOCR,yes,https://archive.org/details/japan-internal-affairs-894.56-japan-emigration-october,894.56-1100.txt
894.56-1301,japan-internal-affairs-894.56-japan-emigration-august,"894.56 Japan, Emigration., August 22, 1941 - September 16, 1941 (File 1301)",894.56,1301,6,Mistral OCR,yes,https://archive.org/details/japan-internal-affairs-894.56-japan-emigration-august,894.56-1301.txt
894.5611-562,japan-internal-affairs-894.5611-emigration-from-japan-2,894.5611 Emigration From Japan To United States. Wherever Correspondence Pertaining To Migration Is Capable Of Being Classified As Immigration Above It Is So Treated. (File 562),894.5611,562,1,Mistral OCR,yes,https://archive.org/details/japan-internal-affairs-894.5611-emigration-from-japan-2,894.5611-562.txt
894.5611-778,japan-internal-affairs-894.5611-emigration-from-japan-1,"894.5611 Emigration From Japan To United States. Wherever Correspondence Pertaining To Migration Is Capable Of Being Classified As Immigration Above It Is So Treated., March 21, 1932 - April 6, 1933 (File 778)",894.5611,778,16,Mistral OCR,yes,https://archive.org/details/japan-internal-affairs-894.5611-emigration-from-japan-1,894.5611-778.txt
894.5611B-561,japan-internal-affairs-894.5611b-emigration-from-japan-2,894.5611B Emigration From Japan To Philippine Islands. Wherever Correspondence Pertaining To Migration Is Capable Of Being Classified As Immigration Above It Is So Treated. (File 561),894.5611B,561,1,Mistral OCR,yes,https://archive.org/details/japan-internal-affairs-894.5611b-emigration-from-japan-2,894.5611B-561.txt
894.5611B-710,japan-internal-affairs-894.5611b-emigration-from-japan-1,"894.5611B Emigration From Japan To Philippine Islands. Wherever Correspondence Pertaining To Migration Is Capable Of Being Classified As Immigration Above It Is So Treated., August 15, 1930 (File 710)",894.5611B,710,1,Mistral OCR,yes,https://archive.org/details/japan-internal-affairs-894.5611b-emigration-from-japan-1,894.5611B-710.txt
894.5632-564,japan-internal-affairs-894.5632-emigration-from-japan-2,894.5632 Emigration From Japan To Brazil. Wherever Correspondence Pertaining To Migration Is Capable Of Being Classified As Immigration Above It Is So Treated. (File 564),894.5632,564,1,Mistral OCR,yes,https://archive.org/details/japan-internal-affairs-894.5632-emigration-from-japan-2,894.5632-564.txt
894.5632-1404,japan-internal-affairs-894.5632-emigration-from-japan-1,"894.5632 Emigration From Japan To Brazil. Wherever Correspondence Pertaining To Migration Is Capable Of Being Classified As Immigration Above It Is So Treated., November 24, 1943 (File 1404)",894.5632,1404,1,Mistral OCR,yes,https://archive.org/details/japan-internal-affairs-894.5632-emigration-from-japan-1,894.5632-1404.txt
894.60-563,japan-internal-affairs-894.60-japan-industrial-matters-2,"894.60 Japan, Industrial Matters. (File 563)",894.60,563,2,Mistral OCR,yes,https://archive.org/details/japan-internal-affairs-894.60-japan-industrial-matters-2,894.60-563.txt
894.60-951,japan-internal-affairs-894.60-japan-industrial-matters-3,"894.60 Japan, Industrial Matters., April 7, 1930 - May 17, 1937 (File 951)",894.60,951,126,PaddleOCR,no,https://archive.org/details/japan-internal-affairs-894.60-japan-industrial-matters-3,894.60-951.txt
894.60-1472,japan-internal-affairs-894.60-japan-industrial-matters-4,"894.60 Japan, Industrial Matters., November 20, 1940 - December 6, 1944 (File 1472)",894.60,1472,105,PaddleOCR,yes,https://archive.org/details/japan-internal-affairs-894.60-japan-industrial-matters-4,894.60-1472.txt
894.60-1501,japan-internal-affairs-894.60-japan-industrial-matters-5,"894.60 Japan, Industrial Matters., January 9, 1945 - December 21, 1945 (File 1501)",894.60,1501,72,PaddleOCR,yes,https://archive.org/details/japan-internal-affairs-894.60-japan-industrial-matters-5,894.60-1501.txt
894.60-1578,japan-internal-affairs-894.60-japan-industrial-matters-6,"894.60 Japan, Industrial Matters., December 26, 1945 - June 26, 1947 (File 1578)",894.60,1578,597,PaddleOCR,no,https://archive.org/details/japan-internal-affairs-894.60-japan-industrial-matters-6,894.60-1578.txt
894.60-1593,japan-internal-affairs-894.60-japan-industrial-matters-1,"894.60 Japan, Industrial Matters., July 22, 1947 - August 14, 1947 (File 1593)",894.60,1593,18,Mistral OCR,yes,https://archive.org/details/japan-internal-affairs-894.60-japan-industrial-matters-1,894.60-1593.txt
894.60-1831,japan-internal-affairs-894.60-japan-industrial-matters-7,"894.60 Japan, Industrial Matters., August 28, 1947 - December 27, 1949 (File 1831)",894.60,1831,350,PaddleOCR,no,https://archive.org/details/japan-internal-affairs-894.60-japan-industrial-matters-7,894.60-1831.txt
894.602-565,japan-internal-affairs-894.602-industrial-matters-japan-4,"894.602 Industrial Matters., Japan, Monopolies. Concessions. Franchise. Contracts. Bounties. Subsidies. Cartels. Where Practicable, Concession, Ect., Are Classified Under Their Specific Subjects. (File 565)",894.602,565,1,Mistral OCR,yes,https://archive.org/details/japan-internal-affairs-894.602-industrial-matters-japan-4,894.602-565.txt
894.602-1070,japan-internal-affairs-894.602-industrial-matters-japan-1,"894.602 Industrial Matters., Japan, Monopolies. Concessions. Franchise. Contracts. Bounties. Subsidies. Cartels. Where Practicable, Concession, Ect., Are Classified Under Their Specific Subjects., March 14, 1934 - January 12, 1939 (File 1070)",894.602,1070,19,Mistral OCR,yes,https://archive.org/details/japan-internal-affairs-894.602-industrial-matters-japan-1,894.602-1070.txt
894.602-1465,japan-internal-affairs-894.602-industrial-matters-japan-2,"894.602 Industrial Matters., Japan, Monopolies. Concessions. Franchise. Contracts. Bounties. Subsidies. Cartels. Where Practicable, Concession, Ect., Are Classified Under Their Specific Subjects., February 2, 1940 - November 23, 1944 (File 1465)",894.602,1465,4,Mistral OCR,yes,https://archive.org/details/japan-internal-affairs-894.602-industrial-matters-japan-2,894.602-1465.txt
894.602-1584,japan-internal-affairs-894.602-industrial-matters-japan-3,"894.602 Industrial Matters., Japan, Monopolies. Concessions. Franchise. Contracts. Bounties. Subsidies. Cartels. Where Practicable, Concession, Ect., Are Classified Under Their Specific Subjects., July 10, 1947 (File 1584)",894.602,1584,3,Mistral OCR,yes,https://archive.org/details/japan-internal-affairs-894.602-industrial-matters-japan-3,894.602-1584.txt
894.602-1754-1,japan-internal-affairs-894.602-industrial-matters-japan-5-part-1,"894.602 Industrial Matters., Japan, Monopolies. Concessions. Franchise. Contracts. Bounties. Subsidies. Cartels. Where Practicable, Concession, Ect., Are Classified Under Their Specific Subjects., March 16, 1945 - August 6, 1949 (File 1754), part 1 of 2",894.602,1754,446,PaddleOCR,no,https://archive.org/details/japan-internal-affairs-894.602-industrial-matters-japan-5/894.602%20Industrial%20Matters.%2C%20Japan%2C%20Monopolies.%20Concessions.%20Franchise.%20Contracts.%20Bounties.%20Subsidies.%20Cartels.%20Where%20Practicable%2C%20Concession%2C%20Ect.%2C%20Are%20Classified%20Under%20Their%20Specific%20Subjects.%2C%20March%2016%2C%201945%20-%201754-part-1,894.602-1754-1.txt
894.602-1754-2,japan-internal-affairs-894.602-industrial-matters-japan-5-part-2,"894.602 Industrial Matters., Japan, Monopolies. Concessions. Franchise. Contracts. Bounties. Subsidies. Cartels. Where Practicable, Concession, Ect., Are Classified Under Their Specific Subjects., March 16, 1945 - August 6, 1949 (File 1754), part 2 of 2",894.602,1754,402,PaddleOCR,no,https://archive.org/details/japan-internal-affairs-894.602-industrial-matters-japan-5/894.602%20Industrial%20Matters.%2C%20Japan%2C%20Monopolies.%20Concessions.%20Franchise.%20Contracts.%20Bounties.%20Subsidies.%20Cartels.%20Where%20Practicable%2C%20Concession%2C%20Ect.%2C%20Are%20Classified%20Under%20Their%20Specific%20Subjects.%2C%20March%2016%2C%201945%20-%201754-part-2,894.602-1754-2.txt
894.602-1829,japan-internal-affairs-894.602-industrial-matters-japan-6,"894.602 Industrial Matters., Japan, Monopolies. Concessions. Franchise. Contracts. Bounties. Subsidies. Cartels. Where Practicable, Concession, Ect., Are Classified Under Their Specific Subjects., August 25, 1949 - December 27, 1949 (File 1829)",894.602,1829,93,PaddleOCR,yes,https://archive.org/details/japan-internal-affairs-894.602-industrial-matters-japan-6,894.602-1829.txt
894.607-38,japan-internal-affairs-894.607-industrial-matters-japan-3,"894.607 Industrial Matters., Japan, Expositions. Exhibitions. Included All Expositions Of Whatever Character. (File 38)",894.607,38,1,Mistral OCR,yes,https://archive.org/details/japan-internal-affairs-894.607-industrial-matters-japan-3,894.607-38.txt
894.607-566,japan-internal-affairs-894.607-industrial-matters-japan-4,"894.607 Industrial Matters., Japan, Expositions. Exhibitions. Included All Expositions Of Whatever Character. (File 566)",894.607,566,12,Mistral OCR,yes,https://archive.org/details/japan-internal-affairs-894.607-industrial-matters-japan-4,894.607-566.txt
894.607-864,japan-internal-affairs-894.607-industrial-matters-japan-5,"894.607 Industrial Matters., Japan, Expositions. Exhibitions. Included All Expositions Of Whatever Character., January 17, 1931 - May 13, 1935 (File 864)",894.607,864,370,PaddleOCR,no,https://archive.org/details/japan-internal-affairs-894.607-industrial-matters-japan-5,894.607-864.txt
894.607-1293,japan-internal-affairs-894.607-industrial-matters-japan-1,"894.607 Industrial Matters., Japan, Expositions. Exhibitions. Included All Expositions Of Whatever Character., July 9, 1941 - August 27, 1941 (File 1293)",894.607,1293,21,Mistral OCR,yes,https://archive.org/details/japan-internal-affairs-894.607-industrial-matters-japan-1,894.607-1293.txt
894.607-1744,japan-internal-affairs-894.607-industrial-matters-japan-2,"894.607 Industrial Matters., Japan, Expositions. Exhibitions. Included All Expositions Of Whatever Character., January 27, 1949 - July 22, 1949 (File 1744)",894.607,1744,25,Mistral OCR,yes,https://archive.org/details/japan-internal-affairs-894.607-industrial-matters-japan-2,894.607-1744.txt
894.61-559,japan-internal-affairs-894.61-japan-agriculture,"894.61 Japan, Agriculture. (File 559)",894.61,559,2,Mistral OCR,yes,https://archive.org/details/japan-internal-affairs-894.61-japan-agriculture,894.61-559.txt
894.61-1041,japan-internal-affairs-894.61-japan-agriculture-august,"894.61 Japan, Agriculture., August 1, 1930 - August 17, 1938 (File 1041)",894.61,1041,59,PaddleOCR,yes,https://archive.org/details/japan-internal-affairs-894.61-japan-agriculture-august,894.61-1041.txt
894.61-1431,japan-internal-affairs-894.61-japan-agriculture-april,"894.61 Japan, Agriculture., April 10, 1941 - June 20, 1944 (File 1431)",894.61,1431,11,Mistral OCR,yes,https://archive.org/details/japan-internal-affairs-894.61-japan-agriculture-april,894.61-1431.txt
894.61-1822,japan-internal-affairs-894.61-japan-agriculture-february,"894.61 Japan, Agriculture., February 9, 1945 - December 23, 1949 (File 1822)",894.61,1822,341,PaddleOCR,no,https://archive.org/details/japan-internal-affairs-894.61-japan-agriculture-february,894.61-1822.txt
894.611-1777,japan-internal-affairs-894.611-agriculture-japan-soil,"894.611 Agriculture., Japan, Soil. Properties. Tillage., October 21, 1949 - November 7, 1949 (File 1777)",894.611,1777,2,Mistral OCR,yes,https://archive.org/details/japan-internal-affairs-894.611-agriculture-japan-soil,894.611-1777.txt
894.6112-1564,japan-internal-affairs-894.6112-agriculture-soil-properties,"894.6112 Agriculture., Soil. Properties. Tillage., Japan, Reclamation., March 11, 1947 (File 1564)",894.6112,1564,4,Mistral OCR,yes,https://archive.org/details/japan-internal-affairs-894.6112-agriculture-soil-properties,894.6112-1564.txt
894.612-39,japan-internal-affairs-894.612-agriculture-japan-pests-3,"894.612 Agriculture., Japan, Pests Affecting Plant Life. Diseases. Blights. Insects. Means And Methods Of Combating. (File 39)",894.612,39,1,Mistral OCR,yes,https://archive.org/details/japan-internal-affairs-894.612-agriculture-japan-pests-3,894.612-39.txt
894.612-560,japan-internal-affairs-894.612-agriculture-japan-pests-4,"894.612 Agriculture., Japan, Pests Affecting Plant Life. Diseases. Blights. Insects. Means And Methods Of Combating. (File 560)",894.612,560,1,Mistral OCR,yes,https://archive.org/details/japan-internal-affairs-894.612-agriculture-japan-pests-4,894.612-560.txt
894.612-1058,japan-internal-affairs-894.612-agriculture-japan-pests-1,"894.612 Agriculture., Japan, Pests Affecting Plant Life. Diseases. Blights. Insects. Means And Methods Of Combating., March 15, 1938 - November 23, 1938 (File 1058)",894.612,1058,14,Mistral OCR,yes,https://archive.org/details/japan-internal-affairs-894.612-agriculture-japan-pests-1,894.612-1058.txt
894.612-1295,japan-internal-affairs-894.612-agriculture-japan-pests-2,"894.612 Agriculture., Japan, Pests Affecting Plant Life. Diseases. Blights. Insects. Means And Methods Of Combating., August 30, 1941 - September 3, 1941 (File 1295)",894.612,1295,3,Mistral OCR,yes,https://archive.org/details/japan-internal-affairs-894.612-agriculture-japan-pests-2,894.612-1295.txt
894.61211-1638,japan-internal-affairs-894.61211-agriculture-importation-into,"894.61211 Agriculture., Importation Into Japan From United States. For Arrangements, Ect., Use Smaller Number Of Country For**., May 31, 1948 (File 1638)",894.61211,1638,2,Mistral OCR,yes,https://archive.org/details/japan-internal-affairs-894.61211-agriculture-importation-into,894.61211-1638.txt
894.613-1577,japan-internal-affairs-894.613-agriculture-japan-field,"894.613 Agriculture., Japan, Field Crops. Seeds., May 13, 1946 - June 26, 1947 (File 1577)",894.613,1577,3,Mistral OCR,yes,https://archive.org/details/japan-internal-affairs-894.613-agriculture-japan-field,894.613-1577.txt
894.6131-1588,japan-internal-affairs-894.6131-agriculture-field-crops,"894.6131 Agriculture., Field Crops. Seeds., Japan, Grains., March 11, 1946 - July 28, 1947 (File 1588)",894.6131,1588,4,Mistral OCR,yes,https://archive.org/details/japan-internal-affairs-894.6131-agriculture-field-crops,894.6131-1588.txt
894.61311-1508,japan-internal-affairs-894.61311-agriculture-field-crops,"894.61311 Agriculture., Field Crops. Seeds., Grains., Japan, Wheat., February 26, 1946 - March 12, 1946 (File 1508)",894.61311,1508,2,Mistral OCR,yes,https://archive.org/details/japan-internal-affairs-894.61311-agriculture-field-crops,894.61311-1508.txt
894.61317-420,japan-internal-affairs-894.61317-agriculture-field-crops-4,"894.61317 Agriculture., Field Crops. Seeds., Grains., Japan, Rice. (File 420)",894.61317,420,2,Mistral OCR,yes,https://archive.org/details/japan-internal-affairs-894.61317-agriculture-field-crops-4,894.61317-420.txt
894.61317-828,japan-internal-affairs-894.61317-agriculture-field-crops-1,"894.61317 Agriculture., Field Crops. Seeds., Grains., Japan, Rice., April 7, 1930 - August 17, 1934 (File 828)",894.61317,828,22,Mistral OCR,yes,https://archive.org/details/japan-internal-affairs-894.61317-agriculture-field-crops-1,894.61317-828.txt
894.61317-1467,japan-internal-affairs-894.61317-agriculture-field-crops-2,"894.61317 Agriculture., Field Crops. Seeds., Grains., Japan, Rice., December 22, 1939 - November 24, 1944 (File 1467)",894.61317,1467,36,Mistral OCR,yes,https://archive.org/details/japan-internal-affairs-894.61317-agriculture-field-crops-2,894.61317-1467.txt
894.61317-1809,japan-internal-affairs-894.61317-agriculture-field-crops-3,"894.61317 Agriculture., Field Crops. Seeds., Grains., Japan, Rice., April 25, 1947 - December 13, 1949 (File 1809)",894.61317,1809,11,Mistral OCR,yes,https://archive.org/details/japan-internal-affairs-894.61317-agriculture-field-crops-3,894.61317-1809.txt
894.6132-1745,japan-internal-affairs-894.6132-agriculture-field-crops,"894.6132 Agriculture., Field Crops. Seeds., Japan, Fibers., May 28, 1946 - July 25, 1949 (File 1745)",894.6132,1745,24,Mistral OCR,yes,https://archive.org/details/japan-internal-affairs-894.6132-agriculture-field-crops,894.6132-1745.txt
894.61321-1375,japan-internal-affairs-894.61321-agriculture-field-crops,"894.61321 Agriculture., Field Crops. Seeds., Fibers., Japan, Cotton., May 17, 1941 - January 18, 1943 (File 1375)",894.61321,1375,4,Mistral OCR,yes,https://archive.org/details/japan-internal-affairs-894.61321-agriculture-field-crops,894.61321-1375.txt
894.61321-1778,japan-internal-affairs-894.61321-agriculture-field-crops-2,"894.61321 Agriculture., Field Crops. Seeds., Fibers., Japan, Cotton., February 7, 1946 - November 8, 1949 (File 1778)",894.61321,1778,135,PaddleOCR,no,https://archive.org/details/japan-internal-affairs-894.61321-agriculture-field-crops-2,894.61321-1778.txt
894.61323-422,japan-internal-affairs-894.61323-agriculture-field-crops-3,"894.61323 Agriculture., Field Crops. Seeds., Fibers., Japan, Flax. (File 422)",894.61323,422,1,Mistral OCR,yes,https://archive.org/details/japan-internal-affairs-894.61323-agriculture-field-crops-3,894.61323-422.txt
894.61323-803,japan-internal-affairs-894.61323-agriculture-field-crops-1,"894.61323 Agriculture., Field Crops. Seeds., Fibers., Japan, Flax., February 2, 1934 (File 803)",894.61323,803,3,Mistral OCR,yes,https://archive.org/details/japan-internal-affairs-894.61323-agriculture-field-crops-1,894.61323-803.txt
894.61323-1699,japan-internal-affairs-894.61323-agriculture-field-crops-2,"894.61323 Agriculture., Field Crops. Seeds., Fibers., Japan, Flax., February 19, 1949 (File 1699)",894.61323,1699,2,Mistral OCR,yes,https://archive.org/details/japan-internal-affairs-894.61323-agriculture-field-crops-2,894.61323-1699.txt
894.61325-1746,japan-internal-affairs-894.61325-agriculture-field-crops,"894.61325 Agriculture., Field Crops. Seeds., Fibers., Japan, Ramie., May 13, 1946 - July 25, 1949 (File 1746)",894.61325,1746,9,Mistral OCR,yes,https://archive.org/details/japan-internal-affairs-894.61325-agriculture-field-crops,894.61325-1746.txt
894.61331-421,japan-internal-affairs-894.61331-agriculture-field-crops-3,"894.61331 Agriculture., Field Crops. Seeds., Alkaloidal Plants., Japan, Tobacco. (File 421)",894.61331,421,1,Mistral OCR,yes,https://archive.org/details/japan-internal-affairs-894.61331-agriculture-field-crops-3,894.61331-421.txt
894.61331-453,japan-internal-affairs-894.61331-agriculture-field-crops-4,"894.61331 Agriculture., Field Crops. Seeds., Alkaloidal Plants., Japan, Tobacco. (File 453)",894.61331,453,12,Mistral OCR,yes,https://archive.org/details/japan-internal-affairs-894.61331-agriculture-field-crops-4,894.61331-453.txt
894.61331-1265,japan-internal-affairs-894.61331-agriculture-field-crops-1,"894.61331 Agriculture., Field Crops. Seeds., Alkaloidal Plants., Japan, Tobacco., May 5, 1941 (File 1265)",894.61331,1265,32,Mistral OCR,yes,https://archive.org/details/japan-internal-affairs-894.61331-agriculture-field-crops-1,894.61331-1265.txt
894.61331-1714,japan-internal-affairs-894.61331-agriculture-field-crops-2,"894.61331 Agriculture., Field Crops. Seeds., Alkaloidal Plants., Japan, Tobacco., February 21, 1946 - April 12, 1949 (File 1714)",894.61331,1714,20,Mistral OCR,yes,https://archive.org/details/japan-internal-affairs-894.61331-agriculture-field-crops-2,894.61331-1714.txt
894.61332-423,japan-internal-affairs-894.61332-agriculture-field-crops-3,"894.61332 Agriculture., Field Crops. Seeds., Alkaloidal Plants., Japan, Tea. (File 423)",894.61332,423,1,Mistral OCR,yes,https://archive.org/details/japan-internal-affairs-894.61332-agriculture-field-crops-3,894.61332-423.txt
894.61332-993,japan-internal-affairs-894.61332-agriculture-field-crops-1,"894.61332 Agriculture., Field Crops. Seeds., Alkaloidal Plants., Japan, Tea., January 6, 1938 (File 993)",894.61332,993,1,Mistral OCR,yes,https://archive.org/details/japan-internal-affairs-894.61332-agriculture-field-crops-1,894.61332-993.txt
894.61332-1575,japan-internal-affairs-894.61332-agriculture-field-crops-2,"894.61332 Agriculture., Field Crops. Seeds., Alkaloidal Plants., Japan, Tea., October 23, 1945 - June 12, 1947 (File 1575)",894.61332,1575,9,Mistral OCR,yes,https://archive.org/details/japan-internal-affairs-894.61332-agriculture-field-crops-2,894.61332-1575.txt
894.61351-1779,japan-internal-affairs-894.61351-agriculture-field-crops,"894.61351 Agriculture., Field Crops. Seeds., Sugar-Yielding Plants., Japan, Cane., October 26, 1948 - November 10, 1949 (File 1779)",894.61351,1779,7,Mistral OCR,yes,https://archive.org/details/japan-internal-affairs-894.61351-agriculture-field-crops,894.61351-1779.txt
894.61353-424,japan-internal-affairs-894.61353-agriculture-field-crops-2,"894.61353 Agriculture., Field Crops. Seeds., Sugar-Yielding Plants., Japan, Sugar Beet. (File 424)",894.61353,424,1,Mistral OCR,yes,https://archive.org/details/japan-internal-affairs-894.61353-agriculture-field-crops-2,894.61353-424.txt
894.61353-844,japan-internal-affairs-894.61353-agriculture-field-crops-1,"894.61353 Agriculture., Field Crops. Seeds., Sugar-Yielding Plants., Japan, Sugar Beet., November 7, 1933 - February 2nd, 1935 (File 844)",894.61353,844,13,Mistral OCR,yes,https://archive.org/details/japan-internal-affairs-894.61353-agriculture-field-crops-1,894.61353-844.txt
894.614-1750,japan-internal-affairs-894.614-agriculture-japan-garden,"894.614 Agriculture., Japan, Garden Crops., February 24, 1948 - July 29, 1949 (File 1750)",894.614,1750,5,Mistral OCR,yes,https://archive.org/details/japan-internal-affairs-894.614-agriculture-japan-garden,894.614-1750.txt
894.6171-1545,japan-internal-affairs-894.6171-agriculture-trees-japan,"894.6171 Agriculture., Trees., Japan, Forestry. Fires. Prevention., December 10, 1945 - November 20, 1946 (File 1545)",894.6171,1545,30,Mistral OCR,yes,https://archive.org/details/japan-internal-affairs-894.6171-agriculture-trees-japan,894.6171-1545.txt
894.6172-1812,japan-internal-affairs-894.6172-agriculture-trees-japan,"894.6172 Agriculture., Trees., Japan, Lumbering. Timber Cutting., July 22, 1948 - December 15, 1949 (File 1812)",894.6172,1812,19,Mistral OCR,yes,https://archive.org/details/japan-internal-affairs-894.6172-agriculture-trees-japan,894.6172-1812.txt
894.6173-1567,japan-internal-affairs-894.6173-agriculture-trees-japan,"894.6173 Agriculture., Trees., Japan, Barks., January 11, 1947 - March 21, 1947 (File 1567)",894.6173,1567,3,Mistral OCR,yes,https://archive.org/details/japan-internal-affairs-894.6173-agriculture-trees-japan,894.6173-1567.txt
894.6176-458,japan-internal-affairs-894.6176-agriculture-trees-japan-4,"894.6176 Agriculture., Trees., Japan, Rubber. (File 458)",894.6176,458,1,Mistral OCR,yes,https://archive.org/details/japan-internal-affairs-894.6176-agriculture-trees-japan-4,894.6176-458.txt
894.6176-977,japan-internal-affairs-894.6176-agriculture-trees-japan-1,"894.6176 Agriculture., Trees., Japan, Rubber., October 21, 1933 - November 9, 1937 (File 977)",894.6176,977,8,Mistral OCR,yes,https://archive.org/details/japan-internal-affairs-894.6176-agriculture-trees-japan-1,894.6176-977.txt
894.6176-1350,japan-internal-affairs-894.6176-agriculture-trees-japan-2,"894.6176 Agriculture., Trees., Japan, Rubber., June 2, 1942 (File 1350)",894.6176,1350,8,Mistral OCR,yes,https://archive.org/details/japan-internal-affairs-894.6176-agriculture-trees-japan-2,894.6176-1350.txt
894.6176-1550,japan-internal-affairs-894.6176-agriculture-trees-japan-3,"894.6176 Agriculture., Trees., Japan, Rubber., August 23, 1945 - December 9, 1946 (File 1550)",894.6176,1550,30,Mistral OCR,yes,https://archive.org/details/japan-internal-affairs-894.6176-agriculture-trees-japan-3,894.6176-1550.txt
894.61A-1403,japan-internal-affairs-894.61a-agriculture-japan-agriculture-1,"894.61A Agriculture., Japan, Agriculture Adviser., June 30, 1943 - November 20, 1943 (File 1403)",894.61A,1403,3,Mistral OCR,yes,https://archive.org/details/japan-internal-affairs-894.61a-agriculture-japan-agriculture-1,894.61A-1403.txt
894.61A-1791,japan-internal-affairs-894.61a-agriculture-japan-agriculture-2,"894.61A Agriculture., Japan, Agriculture Adviser., November 25, 1949 (File 1791)",894.61A,1791,3,Mistral OCR,yes,https://archive.org/details/japan-internal-affairs-894.61a-agriculture-japan-agriculture-2,894.61A-1791.txt
894.622-1617,japan-internal-affairs-894.622-animal-husbandry-japan,"894.622 Animal Husbandry., Japan, Domestic Animals. Ill-Treatment., April 24, 1946 - February 17, 1948 (File 1617)",894.622,1617,61,PaddleOCR,yes,https://archive.org/details/japan-internal-affairs-894.622-animal-husbandry-japan,894.622-1617.txt
894.62211-457,japan-internal-affairs-894.62211-animal-husbandry-domestic-2,"894.62211 Animal Husbandry., Domestic Animals. Ill-Treatment., Beasts Of Burden., Japan, Horse. Pony. Mule. Ass. Burro. (File 457)",894.62211,457,2,Mistral OCR,yes,https://archive.org/details/japan-internal-affairs-894.62211-animal-husbandry-domestic-2,894.62211-457.txt
894.62211-711,japan-internal-affairs-894.62211-animal-husbandry-domestic-1,"894.62211 Animal Husbandry., Domestic Animals. Ill-Treatment., Beasts Of Burden., Japan, Horse. Pony. Mule. Ass. Burro., October 31, 1930 (File 711)",894.62211,711,1,Mistral OCR,yes,https://archive.org/details/japan-internal-affairs-894.62211-animal-husbandry-domestic-1,894.62211-711.txt
894.62222-456,japan-internal-affairs-894.62222-animal-husbandry-domestic-3,"894.62222 Animal Husbandry., Domestic Animals. Ill-Treatment., Stock Raising., Japan, Sheep. Goats. Wool. (File 456)",894.62222,456,1,Mistral OCR,yes,https://archive.org/details/japan-internal-affairs-894.62222-animal-husbandry-domestic-3,894.62222-456.txt
894.62222-708,japan-internal-affairs-894.62222-animal-husbandry-domestic-1,"894.62222 Animal Husbandry., Domestic Animals. Ill-Treatment., Stock Raising., Japan, Sheep. Goats. Wool., August 1, 1930 (File 708)",894.62222,708,2,Mistral OCR,yes,https://archive.org/details/japan-internal-affairs-894.62222-animal-husbandry-domestic-1,894.62222-708.txt
894.62222-1680,japan-internal-affairs-894.62222-animal-husbandry-domestic-2,"894.62222 Animal Husbandry., Domestic Animals. Ill-Treatment., Stock Raising., Japan, Sheep. Goats. Wool., April 26, 1946 - December 9, 1948 (File 1680)",894.62222,1680,20,Mistral OCR,yes,https://archive.org/details/japan-internal-affairs-894.62222-animal-husbandry-domestic-2,894.62222-1680.txt
894.62228-1621,japan-internal-affairs-894.62228-animal-husbandry-domestic,"894.62228 Animal Husbandry., Domestic Animals. Ill-Treatment., Stock Raising., Japan, Poultry. Eggs., March 27, 1948 (File 1621)",894.62228,1621,1,Mistral OCR,yes,https://archive.org/details/japan-internal-affairs-894.62228-animal-husbandry-domestic,894.62228-1621.txt
894.6225-455,japan-internal-affairs-894.6225-animal-husbandry-domestic-3,"894.6225 Animal Husbandry., Domestic Animals. Ill-Treatment., Japan, Silk Culture. (File 455)",894.6225,455,1,Mistral OCR,yes,https://archive.org/details/japan-internal-affairs-894.6225-animal-husbandry-domestic-3,894.6225-455.txt
894.6225-752,japan-internal-affairs-894.6225-animal-husbandry-domestic-1,"894.6225 Animal Husbandry., Domestic Animals. Ill-Treatment., Japan, Silk Culture., April 6, 1932 - June 1, 1932 (File 752)",894.6225,752,2,Mistral OCR,yes,https://archive.org/details/japan-internal-affairs-894.6225-animal-husbandry-domestic-1,894.6225-752.txt
894.6225-1263,japan-internal-affairs-894.6225-animal-husbandry-domestic-4,"894.6225 Animal Husbandry., Domestic Animals. Ill-Treatment., Japan, Silk Culture., March 21, 1940 - April 29, 1941 (File 1263)",894.6225,1263,113,PaddleOCR,no,https://archive.org/details/japan-internal-affairs-894.6225-animal-husbandry-domestic-4,894.6225-1263.txt
894.6225-1552,japan-internal-affairs-894.6225-animal-husbandry-domestic-2,"894.6225 Animal Husbandry., Domestic Animals. Ill-Treatment., Japan, Silk Culture., March 29, 1946 - December 13, 1946 (File 1552)",894.6225,1552,17,Mistral OCR,yes,https://archive.org/details/japan-internal-affairs-894.6225-animal-husbandry-domestic-2,894.6225-1552.txt
894.6232-1596,japan-internal-affairs-894.6232-animal-husbandry-wild,"894.6232 Animal Husbandry., Wild Animals. Game Laws., Japan, Birds., September 19, 1947 (File 1596)",894.6232,1596,2,Mistral OCR,yes,https://archive.org/details/japan-internal-affairs-894.6232-animal-husbandry-wild,894.6232-1596.txt
894.627-454,japan-internal-affairs-894.627-animal-husbandry-japan-3,"894.627 Animal Husbandry., Japan, Fur Seals. (File 454)",894.627,454,1,Mistral OCR,yes,https://archive.org/details/japan-internal-affairs-894.627-animal-husbandry-japan-3,894.627-454.txt
894.627-704,japan-internal-affairs-894.627-animal-husbandry-japan-1,"894.627 Animal Husbandry., Japan, Fur Seals., June 5, 1930 (File 704)",894.627,704,1,Mistral OCR,yes,https://archive.org/details/japan-internal-affairs-894.627-animal-husbandry-japan-1,894.627-704.txt
894.627-1445,japan-internal-affairs-894.627-animal-husbandry-japan-2,"894.627 Animal Husbandry., Japan, Fur Seals., February 24, 1939 - September 4, 1944 (File 1445)",894.627,1445,7,Mistral OCR,yes,https://archive.org/details/japan-internal-affairs-894.627-animal-husbandry-japan-2,894.627-1445.txt
894.627-1733,japan-internal-affairs-894.627-animal-husbandry-japan-4,"894.627 Animal Husbandry., Japan, Fur Seals., November 15, 1948 - June 21, 1949 (File 1733)",894.627,1733,46,PaddleOCR,yes,https://archive.org/details/japan-internal-affairs-894.627-animal-husbandry-japan-4,894.627-1733.txt
894.628-6,japan-internal-affairs-894.628-animal-husbandry-japan-3,"894.628 Animal Husbandry., Japan, Fisheries. Sponges. Sponge Fisheries. (File 6)",894.628,6,2,Mistral OCR,yes,https://archive.org/details/japan-internal-affairs-894.628-animal-husbandry-japan-3,894.628-6.txt
894.628-37,japan-internal-affairs-894.628-animal-husbandry-japan-4,"894.628 Animal Husbandry., Japan, Fisheries. Sponges. Sponge Fisheries. (File 37)",894.628,37,1,Mistral OCR,yes,https://archive.org/details/japan-internal-affairs-894.628-animal-husbandry-japan-4,894.628-37.txt
894.628-214,japan-internal-affairs-894.628-animal-husbandry-japan-5,"894.628 Animal Husbandry., Japan, Fisheries. (File 214)",894.628,214,15,Mistral OCR,yes,https://archive.org/details/japan-internal-affairs-894.628-animal-husbandry-japan-5,894.628-214.txt
894.628-459,japan-internal-affairs-894.628-animal-husbandry-japan-13,"894.628 Animal Husbandry., Japan, Fisheries. Sponges. Sponge Fisheries. (File 459)",894.628,459,56,PaddleOCR,yes,https://archive.org/details/japan-internal-affairs-894.628-animal-husbandry-japan-13,894.628-459.txt
894.628-928-1,japan-internal-affairs-894.628-animal-husbandry-japan-6-part-1,"894.628 Animal Husbandry., Japan, Fisheries. Sponges. Sponge Fisheries., July 8, 1930 - September 24, 1936 (File 928), part 1 of 2",894.628,928,587,PaddleOCR,no,https://archive.org/details/japan-internal-affairs-894.628-animal-husbandry-japan-6/894.628%20Animal%20Husbandry.%2C%20Japan%2C%20Fisheries.%20Sponges.%20Sponge%20Fisheries.%2C%20July%208%2C%201930%20-%20September%2024%2C%201936%20928-part-1,894.628-928-1.txt
894.628-928-2,japan-internal-affairs-894.628-animal-husbandry-japan-6-part-2,"894.628 Animal Husbandry., Japan, Fisheries. Sponges. Sponge Fisheries., July 8, 1930 - September 24, 1936 (File 928), part 2 of 2",894.628,928,603,PaddleOCR,no,https://archive.org/details/japan-internal-affairs-894.628-animal-husbandry-japan-6/894.628%20Animal%20Husbandry.%2C%20Japan%2C%20Fisheries.%20Sponges.%20Sponge%20Fisheries.%2C%20July%208%2C%201930%20-%20September%2024%2C%201936%20928-part-2,894.628-928-2.txt
894.628-1101,japan-internal-affairs-894.628-animal-husbandry-japan-7,"894.628 Animal Husbandry., Japan, Fisheries. Sponges. Sponge Fisheries., December 2, 1936 - May 24, 1939 (File 1101)",894.628,1101,194,PaddleOCR,no,https://archive.org/details/japan-internal-affairs-894.628-animal-husbandry-japan-7,894.628-1101.txt
894.628-1341,japan-internal-affairs-894.628-animal-husbandry-japan-8,"894.628 Animal Husbandry., Japan, Fisheries. Sponges. Sponge Fisheries., April 24, 1940 - March 30, 1942 (File 1341)",894.628,1341,228,PaddleOCR,no,https://archive.org/details/japan-internal-affairs-894.628-animal-husbandry-japan-8,894.628-1341.txt
894.628-1387,japan-internal-affairs-894.628-animal-husbandry-japan-1,"894.628 Animal Husbandry., Japan, Fisheries. Sponges. Sponge Fisheries., September 2, 1942 - May 24, 1943 (File 1387)",894.628,1387,23,Mistral OCR,yes,https://archive.org/details/japan-internal-affairs-894.628-animal-husbandry-japan-1,894.628-1387.txt
894.628-1494,japan-internal-affairs-894.628-animal-husbandry-japan-10,"894.628 Animal Husbandry., Japan, Fisheries. Sponges. Sponge Fisheries., March 1, 1945 - October 17, 1945 (File 1494)",894.628,1494,258,PaddleOCR,no,https://archive.org/details/japan-internal-affairs-894.628-animal-husbandry-japan-10,894.628-1494.txt
894.628-1541,japan-internal-affairs-894.628-animal-husbandry-japan-2,"894.628 Animal Husbandry., Japan, Fisheries., September 25, 1946 - November 7, 1946 (File 1541)",894.628,1541,8,Mistral OCR,yes,https://archive.org/details/japan-internal-affairs-894.628-animal-husbandry-japan-2,894.628-1541.txt
894.628-1542-1,japan-internal-affairs-894.628-animal-husbandry-japan-9-part-1,"894.628 Animal Husbandry., Japan, Fisheries. Sponges. Sponge Fisheries., January 30, 1945 - November 7, 1946 (File 1542), part 1 of 2",894.628,1542,570,PaddleOCR,no,https://archive.org/details/japan-internal-affairs-894.628-animal-husbandry-japan-9/894.628%20Animal%20Husbandry.%2C%20Japan%2C%20Fisheries.%20Sponges.%20Sponge%20Fisheries.%2C%20January%2030%2C%201945%20-%20November%207%2C%201946%201542-part-1,894.628-1542-1.txt
894.628-1542-2,japan-internal-affairs-894.628-animal-husbandry-japan-9-part-2,"894.628 Animal Husbandry., Japan, Fisheries. Sponges. Sponge Fisheries., January 30, 1945 - November 7, 1946 (File 1542), part 2 of 2",894.628,1542,634,PaddleOCR,no,https://archive.org/details/japan-internal-affairs-894.628-animal-husbandry-japan-9/894.628%20Animal%20Husbandry.%2C%20Japan%2C%20Fisheries.%20Sponges.%20Sponge%20Fisheries.%2C%20January%2030%2C%201945%20-%20November%207%2C%201946%201542-part-2,894.628-1542-2.txt
894.628-1731-1,japan-internal-affairs-894.628-animal-husbandry-japan-11-part-1,"894.628 Animal Husbandry., Japan, Fisheries. Sponges. Sponge Fisheries., November 8, 1946 - June 20, 1949 (File 1731), part 1 of 2",894.628,1731,618,PaddleOCR,no,https://archive.org/details/japan-internal-affairs-894.628-animal-husbandry-japan-11/894.628%20Animal%20Husbandry.%2C%20Japan%2C%20Fisheries.%20Sponges.%20Sponge%20Fisheries.%2C%20November%208%2C%201946%20-%20June%2020%2C%201949%201731-part-1,894.628-1731-1.txt
894.628-1731-2,japan-internal-affairs-894.628-animal-husbandry-japan-11-part-2,"894.628 Animal Husbandry., Japan, Fisheries. Sponges. Sponge Fisheries., November 8, 1946 - June 20, 1949 (File 1731), part 2 of 2",894.628,1731,589,PaddleOCR,no,https://archive.org/details/japan-internal-affairs-894.628-animal-husbandry-japan-11/894.628%20Animal%20Husbandry.%2C%20Japan%2C%20Fisheries.%20Sponges.%20Sponge%20Fisheries.%2C%20November%208%2C%201946%20-%20June%2020%2C%201949%201731-part-2,894.628-1731-2.txt
894.628-1732,japan-internal-affairs-894.628-animal-husbandry-japan-12,"894.628 Animal Husbandry., Japan, Fisheries. Sponges. Sponge Fisheries., February 3, 1947 - June 20, 1949 (File 1732)",894.628,1732,188,PaddleOCR,no,https://archive.org/details/japan-internal-affairs-894.628-animal-husbandry-japan-12,894.628-1732.txt
894.628A-1560,japan-internal-affairs-894.628a-animal-husbandry-fisheries,"894.628A Animal Husbandry., Fisheries., Japan, Adviser., January 29, 1947 (File 1560)",894.628A,1560,2,Mistral OCR,yes,https://archive.org/details/japan-internal-affairs-894.628a-animal-husbandry-fisheries,894.628A-1560.txt
894.63-7,japan-internal-affairs-894.63-japan-mines-mining-4,"894.63 Japan, Mines. Mining. Concessions. (File 7)",894.63,7,2,Mistral OCR,yes,https://archive.org/details/japan-internal-affairs-894.63-japan-mines-mining-4,894.63-7.txt
894.63-375,japan-internal-affairs-894.63-japan-mines-mining-5,"894.63 Japan, Mines. Mining. Concessions. (File 375)",894.63,375,1,Mistral OCR,yes,https://archive.org/details/japan-internal-affairs-894.63-japan-mines-mining-5,894.63-375.txt
894.63-870,japan-internal-affairs-894.63-japan-mines-mining-1,"894.63 Japan, Mines. Mining. Concessions., June 5, 1931 - July 10, 1935 (File 870)",894.63,870,8,Mistral OCR,yes,https://archive.org/details/japan-internal-affairs-894.63-japan-mines-mining-1,894.63-870.txt
894.63-1458,japan-internal-affairs-894.63-japan-mines-mining-2,"894.63 Japan, Mines. Mining. Concessions., April 27, 1942 - October 24, 1944 (File 1458)",894.63,1458,13,Mistral OCR,yes,https://archive.org/details/japan-internal-affairs-894.63-japan-mines-mining-2,894.63-1458.txt
894.63-1715,japan-internal-affairs-894.63-japan-mines-mining-3,"894.63 Japan, Mines. Mining. Concessions., July 16, 1945 - April 15, 1949 (File 1715)",894.63,1715,6,Mistral OCR,yes,https://archive.org/details/japan-internal-affairs-894.63-japan-mines-mining-3,894.63-1715.txt
894.631-373,japan-internal-affairs-894.631-mines-mining-concessions-2,"894.631 Mines. Mining. Concessions., Japan, Laws. Regulations. (File 373)",894.631,373,1,Mistral OCR,yes,https://archive.org/details/japan-internal-affairs-894.631-mines-mining-concessions-2,894.631-373.txt
894.631-853,japan-internal-affairs-894.631-mines-mining-concessions-1,"894.631 Mines. Mining. Concessions., Japan, Laws. Regulations., March 6, 1935 - March 15, 1935 (File 853)",894.631,853,4,Mistral OCR,yes,https://archive.org/details/japan-internal-affairs-894.631-mines-mining-concessions-1,894.631-853.txt
894.6341-2,japan-internal-affairs-894.6341-mines-mining-concessions-5,"894.6341 Mines. Mining. Concessions., Precious Metals And Precious Stones., Japan, Gold. (File 2)",894.6341,2,1,Mistral OCR,yes,https://archive.org/details/japan-internal-affairs-894.6341-mines-mining-concessions-5,894.6341-2.txt
894.6341-374,japan-internal-affairs-894.6341-mines-mining-concessions-6,"894.6341 Mines. Mining. Concessions., Precious Metals And Precious Stones., Japan, Gold. (File 374)",894.6341,374,1,Mistral OCR,yes,https://archive.org/details/japan-internal-affairs-894.6341-mines-mining-concessions-6,894.6341-374.txt
894.6341-1164,japan-internal-affairs-894.6341-mines-mining-concessions-1,"894.6341 Mines. Mining. Concessions., Precious Metals And Precious Stones., Japan, Gold., April 13, 1934 - December 22, 1939 (File 1164)",894.6341,1164,8,Mistral OCR,yes,https://archive.org/details/japan-internal-affairs-894.6341-mines-mining-concessions-1,894.6341-1164.txt
894.6341-1224,japan-internal-affairs-894.6341-mines-mining-concessions-2,"894.6341 Mines. Mining. Concessions., Precious Metals And Precious Stones., Japan, Gold., July 16, 1940 - November 22, 1940 (File 1224)",894.6341,1224,2,Mistral OCR,yes,https://archive.org/details/japan-internal-affairs-894.6341-mines-mining-concessions-2,894.6341-1224.txt
894.6341-1600,japan-internal-affairs-894.6341-mines-mining-concessions-3,"894.6341 Mines. Mining. Concessions., Precious Metals And Precious Stones., Japan, Gold., December 23, 1946 - October 13, 1947 (File 1600)",894.6341,1600,34,Mistral OCR,yes,https://archive.org/details/japan-internal-affairs-894.6341-mines-mining-concessions-3,894.6341-1600.txt
894.6341-1722,japan-internal-affairs-894.6341-mines-mining-concessions-4,"894.6341 Mines. Mining. Concessions., Precious Metals And Precious Stones., Japan, Gold., December 3, 1947 - May 9, 1949 (File 1722)",894.6341,1722,20,Mistral OCR,yes,https://archive.org/details/japan-internal-affairs-894.6341-mines-mining-concessions-4,894.6341-1722.txt
894.6342-370,japan-internal-affairs-894.6342-mines-mining-concessions,"894.6342 Mines. Mining. Concessions., Precious Metals And Precious Stones., Japan, Silver. (File 370)",894.6342,370,1,Mistral OCR,yes,https://archive.org/details/japan-internal-affairs-894.6342-mines-mining-concessions,894.6342-370.txt
894.6342-377,japan-internal-affairs-894.6342-mines-mining-concessions-2,"894.6342 Mines. Mining. Concessions., Precious Metals And Precious Stones., Japan, Silver. (File 377)",894.6342,377,49,PaddleOCR,yes,https://archive.org/details/japan-internal-affairs-894.6342-mines-mining-concessions-2,894.6342-377.txt
894.6347-3,japan-internal-affairs-894.6347-mines-mining-concessions-3,"894.6347 Mines. Mining. Concessions., Precious Metals And Precious Stones., Japan, Radium. (File 3)",894.6347,3,1,Mistral OCR,yes,https://archive.org/details/japan-internal-affairs-894.6347-mines-mining-concessions-3,894.6347-3.txt
894.6347-1386,japan-internal-affairs-894.6347-mines-mining-concessions-1,"894.6347 Mines. Mining. Concessions., Precious Metals And Precious Stones., Japan, Radium., April 29, 1943 - May 1, 1943 (File 1386)",894.6347,1386,5,Mistral OCR,yes,https://archive.org/details/japan-internal-affairs-894.6347-mines-mining-concessions-1,894.6347-1386.txt
894.6347-1526,japan-internal-affairs-894.6347-mines-mining-concessions-2,"894.6347 Mines. Mining. Concessions., Precious Metals And Precious Stones., Japan, Radium., June 6, 1946 (File 1526)",894.6347,1526,2,Mistral OCR,yes,https://archive.org/details/japan-internal-affairs-894.6347-mines-mining-concessions-2,894.6347-1526.txt
894.6349-1583,japan-internal-affairs-894.6349-mines-mining-concessions,"894.6349 Mines. Mining. Concessions., Precious Metals And Precious Stones., Japan, Other Precious Metals And Stones., May 2, 1947 - July 9, 1947 (File 1583)",894.6349,1583,9,Mistral OCR,yes,https://archive.org/details/japan-internal-affairs-894.6349-mines-mining-concessions,894.6349-1583.txt
894.635-371,japan-internal-affairs-894.635-mines-mining-concessions-3,"894.635 Mines. Mining. Concessions., Japan, Base Metals. (File 371)",894.635,371,1,Mistral OCR,yes,https://archive.org/details/japan-internal-affairs-894.635-mines-mining-concessions-3,894.635-371.txt
894.635-736,japan-internal-affairs-894.635-mines-mining-concessions-1,"894.635 Mines. Mining. Concessions., Japan, Base Metals., February 25, 1932 (File 736)",894.635,736,7,Mistral OCR,yes,https://archive.org/details/japan-internal-affairs-894.635-mines-mining-concessions-1,894.635-736.txt
894.635-1580,japan-internal-affairs-894.635-mines-mining-concessions-2,"894.635 Mines. Mining. Concessions., Japan, Base Metals., December 5, 1945 - June 29, 1947 (File 1580)",894.635,1580,9,Mistral OCR,yes,https://archive.org/details/japan-internal-affairs-894.635-mines-mining-concessions-2,894.635-1580.txt
894.6351-368,japan-internal-affairs-894.6351-mines-mining-concessions-3,"894.6351 Mines. Mining. Concessions., Base Metals., Japan, Iron. (File 368)",894.6351,368,1,Mistral OCR,yes,https://archive.org/details/japan-internal-affairs-894.6351-mines-mining-concessions-3,894.6351-368.txt
894.6351-1029,japan-internal-affairs-894.6351-mines-mining-concessions-1,"894.6351 Mines. Mining. Concessions., Base Metals., Japan, Iron., December 14, 1935 - June 22, 1938 (File 1029)",894.6351,1029,5,Mistral OCR,yes,https://archive.org/details/japan-internal-affairs-894.6351-mines-mining-concessions-1,894.6351-1029.txt
894.6351-1381,japan-internal-affairs-894.6351-mines-mining-concessions-2,"894.6351 Mines. Mining. Concessions., Base Metals., Japan, Iron., March 18, 1943 (File 1381)",894.6351,1381,11,Mistral OCR,yes,https://archive.org/details/japan-internal-affairs-894.6351-mines-mining-concessions-2,894.6351-1381.txt
894.6351-1727,japan-internal-affairs-894.6351-mines-mining-concessions-4,"894.6351 Mines. Mining. Concessions., Base Metals., Japan, Iron., October 4, 1946 - May 20, 1949 (File 1727)",894.6351,1727,63,PaddleOCR,yes,https://archive.org/details/japan-internal-affairs-894.6351-mines-mining-concessions-4,894.6351-1727.txt
894.6352-4,japan-internal-affairs-894.6352-mines-mining-concessions-5,"894.6352 Mines. Mining. Concessions., Base Metals., Japan, Copper. (File 4)",894.6352,4,1,Mistral OCR,yes,https://archive.org/details/japan-internal-affairs-894.6352-mines-mining-concessions-5,894.6352-4.txt
894.6352-369,japan-internal-affairs-894.6352-mines-mining-concessions-6,"894.6352 Mines. Mining. Concessions., Base Metals., Japan, Copper. (File 369)",894.6352,369,1,Mistral OCR,yes,https://archive.org/details/japan-internal-affairs-894.6352-mines-mining-concessions-6,894.6352-369.txt
894.6352-743,japan-internal-affairs-894.6352-mines-mining-concessions-1,"894.6352 Mines. Mining. Concessions., Base Metals., Japan, Copper., April 6, 1932 (File 743)",894.6352,743,1,Mistral OCR,yes,https://archive.org/details/japan-internal-affairs-894.6352-mines-mining-concessions-1,894.6352-743.txt
894.6352-1345,japan-internal-affairs-894.6352-mines-mining-concessions-2,"894.6352 Mines. Mining. Concessions., Base Metals., Japan, Copper., April 15, 1942 - April 22, 1942 (File 1345)",894.6352,1345,4,Mistral OCR,yes,https://archive.org/details/japan-internal-affairs-894.6352-mines-mining-concessions-2,894.6352-1345.txt
894.6352-1539,japan-internal-affairs-894.6352-mines-mining-concessions-3,"894.6352 Mines. Mining. Concessions., Base Metals., Japan, Copper., November 4, 1946 (File 1539)",894.6352,1539,3,Mistral OCR,yes,https://archive.org/details/japan-internal-affairs-894.6352-mines-mining-concessions-3,894.6352-1539.txt
894.6352-1832,japan-internal-affairs-894.6352-mines-mining-concessions-4,"894.6352 Mines. Mining. Concessions., Base Metals., Japan, Copper., September 27, 1949 - December 28, 1949 (File 1832)",894.6352,1832,32,Mistral OCR,yes,https://archive.org/details/japan-internal-affairs-894.6352-mines-mining-concessions-4,894.6352-1832.txt
894.6353-1672,japan-internal-affairs-894.6353-mines-mining-concessions,"894.6353 Mines. Mining. Concessions., Base Metals., Japan, Lead., April 12, 1946 - October 26, 1948 (File 1672)",894.6353,1672,30,Mistral OCR,yes,https://archive.org/details/japan-internal-affairs-894.6353-mines-mining-concessions,894.6353-1672.txt
894.6354-5,japan-internal-affairs-894.6354-mines-mining-concessions-4,"894.6354 Mines. Mining. Concessions., Base Metals., Japan, Tin. (File 5)",894.6354,5,1,Mistral OCR,yes,https://archive.org/details/japan-internal-affairs-894.6354-mines-mining-concessions-4,894.6354-5.txt
894.6354-372,japan-internal-affairs-894.6354-mines-mining-concessions-5,"894.6354 Mines. Mining. Concessions., Base Metals., Japan, Tin. (File 372)",894.6354,372,1,Mistral OCR,yes,https://archive.org/details/japan-internal-affairs-894.6354-mines-mining-concessions-5,894.6354-372.txt
894.6354-940,japan-internal-affairs-894.6354-mines-mining-concessions-1,"894.6354 Mines. Mining. Concessions., Base Metals., Japan, Tin., November 17, 1934 - January 18, 1937 (File 940)",894.6354,940,15,Mistral OCR,yes,https://archive.org/details/japan-internal-affairs-894.6354-mines-mining-concessions-1,894.6354-940.txt
894.6354-1338,japan-internal-affairs-894.6354-mines-mining-concessions-2,"894.6354 Mines. Mining. Concessions., Base Metals., Japan, Tin., April 3, 1940 - March 26, 1942 (File 1338)",894.6354,1338,3,Mistral OCR,yes,https://archive.org/details/japan-internal-affairs-894.6354-mines-mining-concessions-2,894.6354-1338.txt
894.6354-1592,japan-internal-affairs-894.6354-mines-mining-concessions-3,"894.6354 Mines. Mining. Concessions., Base Metals., Japan, Tin., August 8, 1947 (File 1592)",894.6354,1592,1,Mistral OCR,yes,https://archive.org/details/japan-internal-affairs-894.6354-mines-mining-concessions-3,894.6354-1592.txt
894.6354-1721,japan-internal-affairs-894.6354-mines-mining-concessions-6,"894.6354 Mines. Mining. Concessions., Base Metals., Japan, Tin., April 22, 1946 - May 5, 1949 (File 1721)",894.6354,1721,43,PaddleOCR,yes,https://archive.org/details/japan-internal-affairs-894.6354-mines-mining-concessions-6,894.6354-1721.txt
894.6355-366,japan-internal-affairs-894.6355-mines-mining-concessions,"894.6355 Mines. Mining. Concessions., Base Metals., Japan, Zinc. (File 366)",894.6355,366,1,Mistral OCR,yes,https://archive.org/details/japan-internal-affairs-894.6355-mines-mining-concessions,894.6355-366.txt
894.6359-16,japan-internal-affairs-894.6359-mines-mining-concessions-2,"894.6359 Mines. Mining. Concessions., Base Metals., Japan, Other Base Metals. (File 16)",894.6359,16,1,Mistral OCR,yes,https://archive.org/details/japan-internal-affairs-894.6359-mines-mining-concessions-2,894.6359-16.txt
894.6359-1339,japan-internal-affairs-894.6359-mines-mining-concessions-1,"894.6359 Mines. Mining. Concessions., Base Metals., Japan, Other Base Metals., May 1, 1941 - March 27, 1942 (File 1339)",894.6359,1339,10,Mistral OCR,yes,https://archive.org/details/japan-internal-affairs-894.6359-mines-mining-concessions-1,894.6359-1339.txt
894.6359-1818,japan-internal-affairs-894.6359-mines-mining-concessions-3,"894.6359 Mines. Mining. Concessions., Base Metals., Japan, Other Base Metals., March 5, 1946 - December 18, 1949 (File 1818)",894.6359,1818,93,PaddleOCR,yes,https://archive.org/details/japan-internal-affairs-894.6359-mines-mining-concessions-3,894.6359-1818.txt
894.636-1660,japan-internal-affairs-894.636-mines-mining-concessions,"894.636 Mines. Mining. Concessions., Japan, Carbon. Graphite., September 17, 1948 (File 1660)",894.636,1660,5,Mistral OCR,yes,https://archive.org/details/japan-internal-affairs-894.636-mines-mining-concessions,894.636-1660.txt
894.6362-14,japan-internal-affairs-894.6362-mines-mining-concessions-2,"894.6362 Mines. Mining. Concessions., Carbon. Graphite., Japan, Coal. (File 14)",894.6362,14,1,Mistral OCR,yes,https://archive.org/details/japan-internal-affairs-894.6362-mines-mining-concessions-2,894.6362-14.txt
894.6362-1440,japan-internal-affairs-894.6362-mines-mining-concessions-1,"894.6362 Mines. Mining. Concessions., Carbon. Graphite., Japan, Coal., February 15, 1940 - August 11, 1944 (File 1440)",894.6362,1440,10,Mistral OCR,yes,https://archive.org/details/japan-internal-affairs-894.6362-mines-mining-concessions-1,894.6362-1440.txt
894.6362-1789,japan-internal-affairs-894.6362-mines-mining-concessions-3,"894.6362 Mines. Mining. Concessions., Carbon. Graphite., Japan, Coal., November 7, 1945 - November 21, 1949 (File 1789)",894.6362,1789,89,PaddleOCR,yes,https://archive.org/details/japan-internal-affairs-894.6362-mines-mining-concessions-3,894.6362-1789.txt
894.6363-15,japan-internal-affairs-894.6363-mines-mining-concessions-1,"894.6363 Mines. Mining. Concessions., Carbon. Graphite., Japan, Petroleum. (File 15)",894.6363,15,10,Mistral OCR,yes,https://archive.org/details/japan-internal-affairs-894.6363-mines-mining-concessions-1,894.6363-15.txt
894.6363-367,japan-internal-affairs-894.6363-mines-mining-concessions-2,"894.6363 Mines. Mining. Concessions., Carbon. Graphite., Japan, Petroleum. (File 367)",894.6363,367,30,Mistral OCR,yes,https://archive.org/details/japan-internal-affairs-894.6363-mines-mining-concessions-2,894.6363-367.txt
894.6363-619,japan-internal-affairs-894.6363-mines-mining-concessions-3,"894.6363 Mines. Mining. Concessions., Carbon. Graphite., Japan, Petroleum. (File 619)",894.6363,619,30,Mistral OCR,yes,https://archive.org/details/japan-internal-affairs-894.6363-mines-mining-concessions-3,894.6363-619.txt
894.6363-842-1,japan-internal-affairs-894.6363-mines-mining-concessions-4-part-1,"894.6363 Mines. Mining. Concessions., Carbon. Graphite., Japan, Petroleum., September 22, 1932 - January 3rd, 1935 (File 842), part 1 of 2",894.6363,842,462,PaddleOCR,no,https://archive.org/details/japan-internal-affairs-894.6363-mines-mining-concessions-4/894.6363%20Mines.%20Mining.%20Concessions.%2C%20Carbon.%20Graphite.%2C%20Japan%2C%20Petroleum.%2C%20September%2022%2C%201932%20-%20January%203rd%2C%201935%20842-part-1,894.6363-842-1.txt
894.6363-842-2,japan-internal-affairs-894.6363-mines-mining-concessions-4-part-2,"894.6363 Mines. Mining. Concessions., Carbon. Graphite., Japan, Petroleum., September 22, 1932 - January 3rd, 1935 (File 842), part 2 of 2",894.6363,842,495,PaddleOCR,no,https://archive.org/details/japan-internal-affairs-894.6363-mines-mining-concessions-4/894.6363%20Mines.%20Mining.%20Concessions.%2C%20Carbon.%20Graphite.%2C%20Japan%2C%20Petroleum.%2C%20September%2022%2C%201932%20-%20January%203rd%2C%201935%20842-part-2,894.6363-842-2.txt
894.6363-1141-1,japan-internal-affairs-894.6363-mines-mining-concessions-5-part-1,"894.6363 Mines. Mining. Concessions., Carbon. Graphite., Japan, Petroleum., January 7, 1935 - October 25, 1939 (File 1141), part 1 of 2",894.6363,1141,531,PaddleOCR,no,https://archive.org/details/japan-internal-affairs-894.6363-mines-mining-concessions-5/894.6363%20Mines.%20Mining.%20Concessions.%2C%20Carbon.%20Graphite.%2C%20Japan%2C%20Petroleum.%2C%20January%207%2C%201935%20-%20October%2025%2C%201939%201141-part-1,894.6363-1141-1.txt
894.6363-1141-2,japan-internal-affairs-894.6363-mines-mining-concessions-5-part-2,"894.6363 Mines. Mining. Concessions., Carbon. Graphite., Japan, Petroleum., January 7, 1935 - October 25, 1939 (File 1141), part 2 of 2",894.6363,1141,517,PaddleOCR,no,https://archive.org/details/japan-internal-affairs-894.6363-mines-mining-concessions-5/894.6363%20Mines.%20Mining.%20Concessions.%2C%20Carbon.%20Graphite.%2C%20Japan%2C%20Petroleum.%2C%20January%207%2C%201935%20-%20October%2025%2C%201939%201141-part-2,894.6363-1141-2.txt
894.6363-1287,japan-internal-affairs-894.6363-mines-mining-concessions-6,"894.6363 Mines. Mining. Concessions., Carbon. Graphite., Japan, Petroleum., October 19, 1940 - July 19, 1941 (File 1287)",894.6363,1287,315,PaddleOCR,no,https://archive.org/details/japan-internal-affairs-894.6363-mines-mining-concessions-6,894.6363-1287.txt
894.6363-1814,japan-internal-affairs-894.6363-mines-mining-concessions-7,"894.6363 Mines. Mining. Concessions., Carbon. Graphite., Japan, Petroleum., April 4, 1946 - December 16, 1949 (File 1814)",894.6363,1814,145,PaddleOCR,no,https://archive.org/details/japan-internal-affairs-894.6363-mines-mining-concessions-7,894.6363-1814.txt
894.637-1585,japan-internal-affairs-894.637-mines-mining-concessions,"894.637 Mines. Mining. Concessions., Japan, Other Mining Products., January 24, 1946 - July 10, 1947 (File 1585)",894.637,1585,13,Mistral OCR,yes,https://archive.org/details/japan-internal-affairs-894.637-mines-mining-concessions,894.637-1585.txt
894.6372-1581,japan-internal-affairs-894.6372-mines-mining-concessions,"894.6372 Mines. Mining. Concessions., Other Mining Products., Japan, Sulphur., July 8, 1947 (File 1581)",894.6372,1581,5,Mistral OCR,yes,https://archive.org/details/japan-internal-affairs-894.6372-mines-mining-concessions,894.6372-1581.txt
894.6373-1679,japan-internal-affairs-894.6373-mines-mining-concessions,"894.6373 Mines. Mining. Concessions., Other Mining Products., Japan, Potash., November 29, 1948 (File 1679)",894.6373,1679,4,Mistral OCR,yes,https://archive.org/details/japan-internal-affairs-894.6373-mines-mining-concessions,894.6373-1679.txt
894.6376-618,japan-internal-affairs-894.6376-mines-mining-concessions-2,"894.6376 Mines. Mining. Concessions., Other Mining Products., Japan, Lime And Cement. (File 618)",894.6376,618,1,Mistral OCR,yes,https://archive.org/details/japan-internal-affairs-894.6376-mines-mining-concessions-2,894.6376-618.txt
894.6376-748,japan-internal-affairs-894.6376-mines-mining-concessions-1,"894.6376 Mines. Mining. Concessions., Other Mining Products., Japan, Lime And Cement., August 1, 1930 - April 7, 1932 (File 748)",894.6376,748,3,Mistral OCR,yes,https://archive.org/details/japan-internal-affairs-894.6376-mines-mining-concessions-1,894.6376-748.txt
894.6377-1771,japan-internal-affairs-894.6377-mines-mining-concessions,"894.6377 Mines. Mining. Concessions., Other Mining Products., Japan, Phosphates., January 24, 1946 - October 10, 1949 (File 1771)",894.6377,1771,17,Mistral OCR,yes,https://archive.org/details/japan-internal-affairs-894.6377-mines-mining-concessions,894.6377-1771.txt
894.638-1553,japan-internal-affairs-894.638-mines-mining-concessions,"894.638 Mines. Mining. Concessions., Japan, Quarries. Quarrying., December 18, 1946 (File 1553)",894.638,1553,1,Mistral OCR,yes,https://archive.org/details/japan-internal-affairs-894.638-mines-mining-concessions,894.638-1553.txt
894.64-1648,japan-internal-affairs-894.64-japan-engineering-october,"894.64 Japan, Engineering., October 22, 1946 - July 29, 1948 (File 1648)",894.64,1648,6,Mistral OCR,yes,https://archive.org/details/japan-internal-affairs-894.64-japan-engineering-october,894.64-1648.txt
894.642-8,japan-internal-affairs-894.642-engineering-japan-marine-3,"894.642 Engineering., Japan, Marine. Shipbuilding. (File 8)",894.642,8,2,Mistral OCR,yes,https://archive.org/details/japan-internal-affairs-894.642-engineering-japan-marine-3,894.642-8.txt
894.642-620,japan-internal-affairs-894.642-engineering-japan-marine-4,"894.642 Engineering., Japan, Marine. Shipbuilding. (File 620)",894.642,620,2,Mistral OCR,yes,https://archive.org/details/japan-internal-affairs-894.642-engineering-japan-marine-4,894.642-620.txt
894.642-1122,japan-internal-affairs-894.642-engineering-japan-marine-1,"894.642 Engineering., Japan, Marine. Shipbuilding., August 1, 1930 - August 18, 1939 (File 1122)",894.642,1122,38,Mistral OCR,yes,https://archive.org/details/japan-internal-affairs-894.642-engineering-japan-marine-1,894.642-1122.txt
894.642-1414,japan-internal-affairs-894.642-engineering-japan-marine-2,"894.642 Engineering., Japan, Marine. Shipbuilding., March 20, 1941 - February 7, 1944 (File 1414)",894.642,1414,36,Mistral OCR,yes,https://archive.org/details/japan-internal-affairs-894.642-engineering-japan-marine-2,894.642-1414.txt
894.642-1801,japan-internal-affairs-894.642-engineering-japan-marine-5,"894.642 Engineering., Japan, Marine. Shipbuilding., September 6, 1946 - December 8, 1949 (File 1801)",894.642,1801,45,PaddleOCR,yes,https://archive.org/details/japan-internal-affairs-894.642-engineering-japan-marine-5,894.642-1801.txt
894.646-1716,japan-internal-affairs-894.646-engineering-japan-power,"894.646 Engineering., Japan, Power., September 18, 1946 - April 22, 1949 (File 1716)",894.646,1716,47,PaddleOCR,yes,https://archive.org/details/japan-internal-affairs-894.646-engineering-japan-power,894.646-1716.txt
894.6461-9,japan-internal-affairs-894.6461-engineering-power-japan-2,"894.6461 Engineering., Power., Japan, Water. (File 9)",894.6461,9,1,Mistral OCR,yes,https://archive.org/details/japan-internal-affairs-894.6461-engineering-power-japan-2,894.6461-9.txt
894.6461-1405,japan-internal-affairs-894.6461-engineering-power-japan-1,"894.6461 Engineering., Power., Japan, Water., November 25, 1940 - November 30, 1943 (File 1405)",894.6461,1405,3,Mistral OCR,yes,https://archive.org/details/japan-internal-affairs-894.6461-engineering-power-japan-1,894.6461-1405.txt
894.6461-1491,japan-internal-affairs-894.6461-engineering-power-japan-3,"894.6461 Engineering., Power., Japan, Water., May 2nd, 1934 - September 4, 1945 (File 1491)",894.6461,1491,129,PaddleOCR,no,https://archive.org/details/japan-internal-affairs-894.6461-engineering-power-japan-3,894.6461-1491.txt
894.6463-10,japan-internal-affairs-894.6463-engineering-power-japan-3,"894.6463 Engineering., Power., Japan, Electric. (File 10)",894.6463,10,2,Mistral OCR,yes,https://archive.org/details/japan-internal-affairs-894.6463-engineering-power-japan-3,894.6463-10.txt
894.6463-621,japan-internal-affairs-894.6463-engineering-power-japan-4,"894.6463 Engineering., Power., Japan, Electric. (File 621)",894.6463,621,2,Mistral OCR,yes,https://archive.org/details/japan-internal-affairs-894.6463-engineering-power-japan-4,894.6463-621.txt
894.6463-1042,japan-internal-affairs-894.6463-engineering-power-japan-5,"894.6463 Engineering., Power., Japan, Electric., April 7, 1932 - August 24, 1938 (File 1042)",894.6463,1042,132,PaddleOCR,no,https://archive.org/details/japan-internal-affairs-894.6463-engineering-power-japan-5,894.6463-1042.txt
894.6463-1400,japan-internal-affairs-894.6463-engineering-power-japan-1,"894.6463 Engineering., Power., Japan, Electric., March 15, 1941 - November 3, 1943 (File 1400)",894.6463,1400,10,Mistral OCR,yes,https://archive.org/details/japan-internal-affairs-894.6463-engineering-power-japan-1,894.6463-1400.txt
894.6463-1807,japan-internal-affairs-894.6463-engineering-power-japan-2,"894.6463 Engineering., Power., Japan, Electric., December 10, 1945 - December 12, 1949 (File 1807)",894.6463,1807,21,Mistral OCR,yes,https://archive.org/details/japan-internal-affairs-894.6463-engineering-power-japan-2,894.6463-1807.txt
894.64A-1537,japan-internal-affairs-894.64a-engineering-japan-engineering-1,"894.64A Engineering., Japan, Engineering Adviser., January 14, 1946 - October 18, 1946 (File 1537)",894.64A,1537,3,Mistral OCR,yes,https://archive.org/details/japan-internal-affairs-894.64a-engineering-japan-engineering-1,894.64A-1537.txt
894.64A-1655,japan-internal-affairs-894.64a-engineering-japan-engineering-2,"894.64A Engineering., Japan, Engineering Adviser., August 19, 1948 - August 24, 1948 (File 1655)",894.64A,1655,2,Mistral OCR,yes,https://archive.org/details/japan-internal-affairs-894.64a-engineering-japan-engineering-2,894.64A-1655.txt
894.65-11,japan-internal-affairs-894.65-japan-manufactures-manufacturing-4,"894.65 Japan, Manufactures. Manufacturing. (File 11)",894.65,11,1,Mistral OCR,yes,https://archive.org/details/japan-internal-affairs-894.65-japan-manufactures-manufacturing-4,894.65-11.txt
894.65-622,japan-internal-affairs-894.65-japan-manufactures-manufacturing-5,"894.65 Japan, Manufactures. Manufacturing. (File 622)",894.65,622,1,Mistral OCR,yes,https://archive.org/details/japan-internal-affairs-894.65-japan-manufactures-manufacturing-5,894.65-622.txt
894.65-838,japan-internal-affairs-894.65-japan-manufactures-manufacturing-1,"894.65 Japan, Manufactures. Manufacturing., November 19, 1934 (File 838)",894.65,838,1,Mistral OCR,yes,https://archive.org/details/japan-internal-affairs-894.65-japan-manufactures-manufacturing-1,894.65-838.txt
894.65-901,japan-internal-affairs-894.65-japan-manufactures-manufacturing-2,"894.65 Japan, Manufactures. Manufacturing., March 23, 1936 (File 901)",894.65,901,1,Mistral OCR,yes,https://archive.org/details/japan-internal-affairs-894.65-japan-manufactures-manufacturing-2,894.65-901.txt
894.65-1435,japan-internal-affairs-894.65-japan-manufactures-manufacturing-3,"894.65 Japan, Manufactures. Manufacturing., June 20, 1944 - July 14, 1944 (File 1435)",894.65,1435,16,Mistral OCR,yes,https://archive.org/details/japan-internal-affairs-894.65-japan-manufactures-manufacturing-3,894.65-1435.txt
894.65-1612,japan-internal-affairs-894.65-japan-manufactures-manufacturing-6,"894.65 Japan, Manufactures. Manufacturing., October 19, 1945 - January 23, 1948 (File 1612)",894.65,1612,607,PaddleOCR,no,https://archive.org/details/japan-internal-affairs-894.65-japan-manufactures-manufacturing-6,894.65-1612.txt
894.651-12,japan-internal-affairs-894.651-manufactures-manufacturing-japan-3,"894.651 Manufactures. Manufacturing., Japan, Metals. (File 12)",894.651,12,1,Mistral OCR,yes,https://archive.org/details/japan-internal-affairs-894.651-manufactures-manufacturing-japan-3,894.651-12.txt
894.651-623,japan-internal-affairs-894.651-manufactures-manufacturing-japan-4,"894.651 Manufactures. Manufacturing., Japan, Metals. (File 623)",894.651,623,2,Mistral OCR,yes,https://archive.org/details/japan-internal-affairs-894.651-manufactures-manufacturing-japan-4,894.651-623.txt
894.651-1406,japan-internal-affairs-894.651-manufactures-manufacturing-japan-1,"894.651 Manufactures. Manufacturing., Japan, Metals., December 2, 1943 (File 1406)",894.651,1406,2,Mistral OCR,yes,https://archive.org/details/japan-internal-affairs-894.651-manufactures-manufacturing-japan-1,894.651-1406.txt
894.651-1753,japan-internal-affairs-894.651-manufactures-manufacturing-japan-2,"894.651 Manufactures. Manufacturing., Japan, Metals., October 9, 1946 - August 5, 1949 (File 1753)",894.651,1753,11,Mistral OCR,yes,https://archive.org/details/japan-internal-affairs-894.651-manufactures-manufacturing-japan-2,894.651-1753.txt
894.6511-13,japan-internal-affairs-894.6511-manufactures-manufacturing-metals-4,"894.6511 Manufactures. Manufacturing., Metals., Japan, Iron. Steel. (File 13)",894.6511,13,1,Mistral OCR,yes,https://archive.org/details/japan-internal-affairs-894.6511-manufactures-manufacturing-metals-4,894.6511-13.txt
894.6511-294,japan-internal-affairs-894.6511-manufactures-manufacturing-metals-5,"894.6511 Manufactures. Manufacturing., Metals., Japan, Iron. Steel. (File 294)",894.6511,294,3,Mistral OCR,yes,https://archive.org/details/japan-internal-affairs-894.6511-manufactures-manufacturing-metals-5,894.6511-294.txt
894.6511-705,japan-internal-affairs-894.6511-manufactures-manufacturing-metals-1,"894.6511 Manufactures. Manufacturing., Metals., Japan, Iron. Steel., July 1, 1930 (File 705)",894.6511,705,2,Mistral OCR,yes,https://archive.org/details/japan-internal-affairs-894.6511-manufactures-manufacturing-metals-1,894.6511-705.txt
894.6511-1132,japan-internal-affairs-894.6511-manufactures-manufacturing-metals-6,"894.6511 Manufactures. Manufacturing., Metals., Japan, Iron. Steel., April 6, 1932 - October 13, 1939 (File 1132)",894.6511,1132,115,PaddleOCR,no,https://archive.org/details/japan-internal-affairs-894.6511-manufactures-manufacturing-metals-6,894.6511-1132.txt
894.6511-1342,japan-internal-affairs-894.6511-manufactures-manufacturing-metals-2,"894.6511 Manufactures. Manufacturing., Metals., Japan, Iron. Steel., June 19, 1940 - April 18, 1942 (File 1342)",894.6511,1342,18,Mistral OCR,yes,https://archive.org/details/japan-internal-affairs-894.6511-manufactures-manufacturing-metals-2,894.6511-1342.txt
894.6511-1561,japan-internal-affairs-894.6511-manufactures-manufacturing-metals-3,"894.6511 Manufactures. Manufacturing., Metals., Japan, Iron. Steel., October 7, 1946 - January 30, 1947 (File 1561)",894.6511,1561,23,Mistral OCR,yes,https://archive.org/details/japan-internal-affairs-894.6511-manufactures-manufacturing-metals-3,894.6511-1561.txt
894.6511-1815,japan-internal-affairs-894.6511-manufactures-manufacturing-metals-7,"894.6511 Manufactures. Manufacturing., Metals., Japan, Iron. Steel., June 16, 1947 - December 16, 1949 (File 1815)",894.6511,1815,50,PaddleOCR,yes,https://archive.org/details/japan-internal-affairs-894.6511-manufactures-manufacturing-metals-7,894.6511-1815.txt
894.654-26,japan-internal-affairs-894.654-manufactures-manufacturing-japan-3,"894.654 Manufactures. Manufacturing., Japan, Rubber. (File 26)",894.654,26,1,Mistral OCR,yes,https://archive.org/details/japan-internal-affairs-894.654-manufactures-manufacturing-japan-3,894.654-26.txt
894.654-293,japan-internal-affairs-894.654-manufactures-manufacturing-japan-4,"894.654 Manufactures. Manufacturing., Japan, Rubber. (File 293)",894.654,293,1,Mistral OCR,yes,https://archive.org/details/japan-internal-affairs-894.654-manufactures-manufacturing-japan-4,894.654-293.txt
894.654-1396,japan-internal-affairs-894.654-manufactures-manufacturing-japan-1,"894.654 Manufactures. Manufacturing., Japan, Rubber., June 7, 1938 - July 28, 1943 (File 1396)",894.654,1396,11,Mistral OCR,yes,https://archive.org/details/japan-internal-affairs-894.654-manufactures-manufacturing-japan-1,894.654-1396.txt
894.654-1659,japan-internal-affairs-894.654-manufactures-manufacturing-japan-2,"894.654 Manufactures. Manufacturing., Japan, Rubber., May 24, 1945 - September 11, 1948 (File 1659)",894.654,1659,7,Mistral OCR,yes,https://archive.org/details/japan-internal-affairs-894.654-manufactures-manufacturing-japan-2,894.654-1659.txt
894.655-25,japan-internal-affairs-894.655-manufactures-manufacturing-japan-2,"894.655 Manufactures. Manufacturing., Japan, Textiles. (File 25)",894.655,25,1,Mistral OCR,yes,https://archive.org/details/japan-internal-affairs-894.655-manufactures-manufacturing-japan-2,894.655-25.txt
894.655-295,japan-internal-affairs-894.655-manufactures-manufacturing-japan-3,"894.655 Manufactures. Manufacturing., Japan, Textiles. (File 295)",894.655,295,3,Mistral OCR,yes,https://archive.org/details/japan-internal-affairs-894.655-manufactures-manufacturing-japan-3,894.655-295.txt
894.655-902,japan-internal-affairs-894.655-manufactures-manufacturing-japan-4,"894.655 Manufactures. Manufacturing., Japan, Textiles., February 18, 1936 - March 30, 1936 (File 902)",894.655,902,58,PaddleOCR,yes,https://archive.org/details/japan-internal-affairs-894.655-manufactures-manufacturing-japan-4,894.655-902.txt
894.655-1402,japan-internal-affairs-894.655-manufactures-manufacturing-japan-1,"894.655 Manufactures. Manufacturing., Japan, Textiles., November 20, 1943 (File 1402)",894.655,1402,1,Mistral OCR,yes,https://archive.org/details/japan-internal-affairs-894.655-manufactures-manufacturing-japan-1,894.655-1402.txt
894.655-1554,japan-internal-affairs-894.655-manufactures-manufacturing-japan-5,"894.655 Manufactures. Manufacturing., Japan, Textiles., May 23, 1945 - December 30, 1946 (File 1554)",894.655,1554,576,PaddleOCR,no,https://archive.org/details/japan-internal-affairs-894.655-manufactures-manufacturing-japan-5,894.655-1554.txt
894.655-1837,japan-internal-affairs-894.655-manufactures-manufacturing-japan-6,"894.655 Manufactures. Manufacturing., Japan, Textiles., January 7, 1947 - December 30, 1949 (File 1837)",894.655,1837,209,PaddleOCR,no,https://archive.org/details/japan-internal-affairs-894.655-manufactures-manufacturing-japan-6,894.655-1837.txt
894.6551-24,japan-internal-affairs-894.6551-manufactures-manufacturing-textiles-1,"894.6551 Manufactures. Manufacturing., Textiles., Japan, Cotton. (File 24)",894.6551,24,1,Mistral OCR,yes,https://archive.org/details/japan-internal-affairs-894.6551-manufactures-manufacturing-textiles-1,894.6551-24.txt
894.6551-296,japan-internal-affairs-894.6551-manufactures-manufacturing-textiles-2,"894.6551 Manufactures. Manufacturing., Textiles., Japan, Cotton. (File 296)",894.6551,296,3,Mistral OCR,yes,https://archive.org/details/japan-internal-affairs-894.6551-manufactures-manufacturing-textiles-2,894.6551-296.txt
894.6551-1134,japan-internal-affairs-894.6551-manufactures-manufacturing-textiles-3,"894.6551 Manufactures. Manufacturing., Textiles., Japan, Cotton., March 23, 1932 - October 13, 1939 (File 1134)",894.6551,1134,120,PaddleOCR,no,https://archive.org/details/japan-internal-affairs-894.6551-manufactures-manufacturing-textiles-3,894.6551-1134.txt
894.6551-1377,japan-internal-affairs-894.6551-manufactures-manufacturing-textiles-4,"894.6551 Manufactures. Manufacturing., Textiles., Japan, Cotton., August 17, 1940 - January 28, 1943 (File 1377)",894.6551,1377,65,PaddleOCR,yes,https://archive.org/details/japan-internal-affairs-894.6551-manufactures-manufacturing-textiles-4,894.6551-1377.txt
894.6551-1691,japan-internal-affairs-894.6551-manufactures-manufacturing-textiles-5,"894.6551 Manufactures. Manufacturing., Textiles., Japan, Cotton., April 18, 1946 - February 3, 1949 (File 1691)",894.6551,1691,170,PaddleOCR,no,https://archive.org/details/japan-internal-affairs-894.6551-manufactures-manufacturing-textiles-5,894.6551-1691.txt
894.6552-23,japan-internal-affairs-894.6552-manufactures-manufacturing-textiles-2,"894.6552 Manufactures. Manufacturing., Textiles., Japan, Silk. (File 23)",894.6552,23,3,Mistral OCR,yes,https://archive.org/details/japan-internal-affairs-894.6552-manufactures-manufacturing-textiles-2,894.6552-23.txt
894.6552-297,japan-internal-affairs-894.6552-manufactures-manufacturing-textiles-3,"894.6552 Manufactures. Manufacturing., Textiles., Japan, Silk. (File 297)",894.6552,297,2,Mistral OCR,yes,https://archive.org/details/japan-internal-affairs-894.6552-manufactures-manufacturing-textiles-3,894.6552-297.txt
894.6552-753,japan-internal-affairs-894.6552-manufactures-manufacturing-textiles-1,"894.6552 Manufactures. Manufacturing., Textiles., Japan, Silk., April 7, 1930 - June 1, 1932 (File 753)",894.6552,753,16,Mistral OCR,yes,https://archive.org/details/japan-internal-affairs-894.6552-manufactures-manufacturing-textiles-1,894.6552-753.txt
894.6552-1459,japan-internal-affairs-894.6552-manufactures-manufacturing-textiles-4,"894.6552 Manufactures. Manufacturing., Textiles., Japan, Silk., February 16, 1940 - October 24, 1944 (File 1459)",894.6552,1459,90,PaddleOCR,yes,https://archive.org/details/japan-internal-affairs-894.6552-manufactures-manufacturing-textiles-4,894.6552-1459.txt
894.6552-1689,japan-internal-affairs-894.6552-manufactures-manufacturing-textiles-5,"894.6552 Manufactures. Manufacturing., Textiles., Japan, Silk., June 23, 1945 - February 2, 1949 (File 1689)",894.6552,1689,198,PaddleOCR,no,https://archive.org/details/japan-internal-affairs-894.6552-manufactures-manufacturing-textiles-5,894.6552-1689.txt
894.6553-1535,japan-internal-affairs-894.6553-manufactures-manufacturing-textiles,"894.6553 Manufactures. Manufacturing., Textiles., Japan, Cordage., September 13, 1946 - October 8, 1946 (File 1535)",894.6553,1535,3,Mistral OCR,yes,https://archive.org/details/japan-internal-affairs-894.6553-manufactures-manufacturing-textiles,894.6553-1535.txt
894.656-1717,japan-internal-affairs-894.656-manufactures-manufacturing-japan,"894.656 Manufactures. Manufacturing., Japan, Paper., March 18, 1947 - April 26, 1949 (File 1717)",894.656,1717,17,Mistral OCR,yes,https://archive.org/details/japan-internal-affairs-894.656-manufactures-manufacturing-japan,894.656-1717.txt
894.6561-1652,japan-internal-affairs-894.6561-manufactures-manufacturing-paper,"894.6561 Manufactures. Manufacturing., Paper., Japan, Pulp. Pulp Wood., November 20, 1946 - August 3, 1948 (File 1652)",894.6561,1652,51,PaddleOCR,yes,https://archive.org/details/japan-internal-affairs-894.6561-manufactures-manufacturing-paper,894.6561-1652.txt
894.657-1694,japan-internal-affairs-894.657-manufactures-manufacturing-japan,"894.657 Manufactures. Manufacturing., Japan, Drugs. Pharmaceutical Preparations. Toilet Articles. Perfumes., August 20, 1947 - February 9, 1949 (File 1694)",894.657,1694,14,Mistral OCR,yes,https://archive.org/details/japan-internal-affairs-894.657-manufactures-manufacturing-japan,894.657-1694.txt
894.658-1764,japan-internal-affairs-894.658-manufactures-manufacturing-japan,"894.658 Manufactures. Manufacturing., Japan, Foods; Packing., December 4, 1948 - September 20, 1949 (File 1764)",894.658,1764,19,Mistral OCR,yes,https://archive.org/details/japan-internal-affairs-894.658-manufactures-manufacturing-japan,894.658-1764.txt
894.6582-1808,japan-internal-affairs-894.6582-manufactures-manufacturing-foods,"894.6582 Manufactures. Manufacturing., Foods; Packing., Japan, Meat Products. Slaughtering. Abattoirs., December 12, 1949 (File 1808)",894.6582,1808,3,Mistral OCR,yes,https://archive.org/details/japan-internal-affairs-894.6582-manufactures-manufacturing-foods,894.6582-1808.txt
894.6583-1803,japan-internal-affairs-894.6583-manufactures-manufacturing-foods,"894.6583 Manufactures. Manufacturing., Foods; Packing., Japan, Edible Fats, Not Dairy Products., December 9, 1949 (File 1803)",894.6583,1803,2,Mistral OCR,yes,https://archive.org/details/japan-internal-affairs-894.6583-manufactures-manufacturing-foods,894.6583-1803.txt
894.6584-1599,japan-internal-affairs-894.6584-manufactures-manufacturing-foods,"894.6584 Manufactures. Manufacturing., Foods; Packing., Japan, Cereal Products. Flour. Meal., September 4, 1947 - October 8, 1947 (File 1599)",894.6584,1599,5,Mistral OCR,yes,https://archive.org/details/japan-internal-affairs-894.6584-manufactures-manufacturing-foods,894.6584-1599.txt
894.6586-298,japan-internal-affairs-894.6586-manufactures-manufacturing-foods-2,"894.6586 Manufactures. Manufacturing., Foods; Packing., Japan, Beverages. Wines. Liquors. (File 298)",894.6586,298,1,Mistral OCR,yes,https://archive.org/details/japan-internal-affairs-894.6586-manufactures-manufacturing-foods-2,894.6586-298.txt
894.6586-849,japan-internal-affairs-894.6586-manufactures-manufacturing-foods-1,"894.6586 Manufactures. Manufacturing., Foods; Packing., Japan, Beverages. Wines. Liquors., February 21, 1935 (File 849)",894.6586,849,1,Mistral OCR,yes,https://archive.org/details/japan-internal-affairs-894.6586-manufactures-manufacturing-foods-1,894.6586-849.txt
894.659-22,japan-internal-affairs-894.659-manufactures-manufacturing-japan-1,"894.659 Manufactures. Manufacturing., Japan, Other Manufactures. Chemicals. Dyes. Dyestuffs. Coloring Matters. Paints. Stains. Varnishes. Fertilizers. Gases. Fuel Oil. Wood Oil. Automobiles. (File 22)",894.659,22,3,Mistral OCR,yes,https://archive.org/details/japan-internal-affairs-894.659-manufactures-manufacturing-japan-1,894.659-22.txt
894.659-299,japan-internal-affairs-894.659-manufactures-manufacturing-japan-2,"894.659 Manufactures. Manufacturing., Japan, Other Manufactures. Chemicals. Dyes. Dyestuffs. Coloring Matters. Paints. Stains. Varnishes. Fertilizers. Gases. Fuel Oil. Wood Oil. Automobiles. (File 299)",894.659,299,5,Mistral OCR,yes,https://archive.org/details/japan-internal-affairs-894.659-manufactures-manufacturing-japan-2,894.659-299.txt
894.659-863,japan-internal-affairs-894.659-manufactures-manufacturing-japan-3,"894.659 Manufactures. Manufacturing., Japan, Other Manufactures. Chemicals. Dyes. Dyestuffs. Coloring Matters. Paints. Stains. Varnishes. Fertilizers. Gases. Fuel Oil. Wood Oil. Automobiles., May 26, 1931 - May 9th, 1935 (File 863)",894.659,863,43,PaddleOCR,yes,https://archive.org/details/japan-internal-affairs-894.659-manufactures-manufacturing-japan-3,894.659-863.txt
894.659-1212,japan-internal-affairs-894.659-manufactures-manufacturing-japan-4,"894.659 Manufactures. Manufacturing., Japan, Other Manufactures. Chemicals. Dyes. Dyestuffs. Coloring Matters. Paints. Stains. Varnishes. Fertilizers. Gases. Fuel Oil. Wood Oil. Automobiles., January 11, 1940-September 16, 1940 (File 1212)",894.659,1212,68,PaddleOCR,yes,https://archive.org/details/japan-internal-affairs-894.659-manufactures-manufacturing-japan-4,894.659-1212.txt
894.659-1823,japan-internal-affairs-894.659-manufactures-manufacturing-japan-5,"894.659 Manufactures. Manufacturing., Japan, Other Manufactures. Chemicals. Dyes. Dyestuffs. Coloring Matters. Paints. Stains. Varnishes. Fertilizers. Gases. Fuel Oil. Wood Oil. Automobiles., January 29, 1946 - December 23, 1949 (File 1823)",894.659,1823,164,PaddleOCR,no,https://archive.org/details/japan-internal-affairs-894.659-manufactures-manufacturing-japan-5,894.659-1823.txt
894.65A-1525,japan-internal-affairs-894.65a-manufactures-manufacturing-japan,"894.65A Manufactures. Manufacturing., Japan, Adviser., May 7, 1945 - June 4, 1946 (File 1525)",894.65A,1525,48,PaddleOCR,yes,https://archive.org/details/japan-internal-affairs-894.65a-manufactures-manufacturing-japan,894.65A-1525.txt
894.70-21,japan-internal-affairs-894.70-japan-communication-and-3,"894.70 Japan, Communication And Transportation. (File 21)",894.70,21,1,Mistral OCR,yes,https://archive.org/details/japan-internal-affairs-894.70-japan-communication-and-3,894.70-21.txt
894.70-306,japan-internal-affairs-894.70-japan-communication-and-4,"894.70 Japan, Communication And Transportation. (File 306)",894.70,306,1,Mistral OCR,yes,https://archive.org/details/japan-internal-affairs-894.70-japan-communication-and-4,894.70-306.txt
894.70-1019,japan-internal-affairs-894.70-japan-communication-and-5,"894.70 Japan, Communication And Transportation., February 3, 1937 - May 5, 1938 (File 1019)",894.70,1019,130,PaddleOCR,no,https://archive.org/details/japan-internal-affairs-894.70-japan-communication-and-5,894.70-1019.txt
894.70-1409,japan-internal-affairs-894.70-japan-communication-and-1,"894.70 Japan, Communication And Transportation., January 4, 1944 (File 1409)",894.70,1409,1,Mistral OCR,yes,https://archive.org/details/japan-internal-affairs-894.70-japan-communication-and-1,894.70-1409.txt
894.70-1703,japan-internal-affairs-894.70-japan-communication-and-2,"894.70 Japan, Communication And Transportation., December 19, 1947 - March 24, 1949 (File 1703)",894.70,1703,32,Mistral OCR,yes,https://archive.org/details/japan-internal-affairs-894.70-japan-communication-and-2,894.70-1703.txt
894.71-305,japan-internal-affairs-894.71-japan-post-1,"894.71 Japan, Post. (File 305)",894.71,305,1,Mistral OCR,yes,https://archive.org/details/japan-internal-affairs-894.71-japan-post-1,894.71-305.txt
894.71-624,japan-internal-affairs-894.71-japan-post-2,"894.71 Japan, Post. (File 624)",894.71,624,2,Mistral OCR,yes,https://archive.org/details/japan-internal-affairs-894.71-japan-post-2,894.71-624.txt
894.71-1783,japan-internal-affairs-894.71-japan-post-may,"894.71 Japan, Post., May 24, 1949 - November 16, 1949 (File 1783)",894.71,1783,2,Mistral OCR,yes,https://archive.org/details/japan-internal-affairs-894.71-japan-post-may,894.71-1783.txt
894.7100-1632,japan-internal-affairs-894.7100-post-communication-between,"894.7100 Post., Communication Between Japan And The World. Use Smaller Number Of Country For **., May 7, 1948 (File 1632)",894.7100,1632,3,Mistral OCR,yes,https://archive.org/details/japan-internal-affairs-894.7100-post-communication-between,894.7100-1632.txt
894.711-20,japan-internal-affairs-894.711-post-japan-laws-3,"894.711 Post., Japan, Laws And Regulations. Censorship. (File 20)",894.711,20,4,Mistral OCR,yes,https://archive.org/details/japan-internal-affairs-894.711-post-japan-laws-3,894.711-20.txt
894.711-304,japan-internal-affairs-894.711-post-japan-laws-4,"894.711 Post., Japan, Laws And Regulations. Censorship. (File 304)",894.711,304,2,Mistral OCR,yes,https://archive.org/details/japan-internal-affairs-894.711-post-japan-laws-4,894.711-304.txt
894.711-1147,japan-internal-affairs-894.711-post-japan-laws-1,"894.711 Post., Japan, Laws And Regulations. Censorship., January 25, 1935 - November 10, 1939 (File 1147)",894.711,1147,19,Mistral OCR,yes,https://archive.org/details/japan-internal-affairs-894.711-post-japan-laws-1,894.711-1147.txt
894.711-1311,japan-internal-affairs-894.711-post-japan-laws-5,"894.711 Post., Japan, Laws And Regulations. Censorship., March 16, 1940 - November 8, 1941 (File 1311)",894.711,1311,57,PaddleOCR,yes,https://archive.org/details/japan-internal-affairs-894.711-post-japan-laws-5,894.711-1311.txt
894.711-1633,japan-internal-affairs-894.711-post-japan-laws-2,"894.711 Post., Japan, Laws And Regulations. Censorship., January 9, 1945 - May 11, 1948 (File 1633)",894.711,1633,36,Mistral OCR,yes,https://archive.org/details/japan-internal-affairs-894.711-post-japan-laws-2,894.711-1633.txt
894.712-303,japan-internal-affairs-894.712-post-japan-concessions-2,"894.712 Post., Japan, Concessions. Contracts. Subsidies. (File 303)",894.712,303,1,Mistral OCR,yes,https://archive.org/details/japan-internal-affairs-894.712-post-japan-concessions-2,894.712-303.txt
894.712-956,japan-internal-affairs-894.712-post-japan-concessions-1,"894.712 Post., Japan, Concessions. Contracts. Subsidies., June 7, 1937 - June 12, 1937 (File 956)",894.712,956,3,Mistral OCR,yes,https://archive.org/details/japan-internal-affairs-894.712-post-japan-concessions-1,894.712-956.txt
894.71294A-302,japan-internal-affairs-894.71294a-post-transportation-of-2,"894.71294A Post., Transportation Of Foreign Mails. Use Smaller Number Of Country For **. (File 302)",894.71294A,302,1,Mistral OCR,yes,https://archive.org/details/japan-internal-affairs-894.71294a-post-transportation-of-2,894.71294A-302.txt
894.71294A-880,japan-internal-affairs-894.71294a-post-transportation-of-1,"894.71294A Post., Transportation Of Foreign Mails. Use Smaller Number Of Country For **., October 12, 1935 (File 880)",894.71294A,880,1,Mistral OCR,yes,https://archive.org/details/japan-internal-affairs-894.71294a-post-transportation-of-1,894.71294A-880.txt
894.713-301,japan-internal-affairs-894.713-post-japan-rates-3,"894.713 Post., Japan, Rates. Postage. (File 301)",894.713,301,1,Mistral OCR,yes,https://archive.org/details/japan-internal-affairs-894.713-post-japan-rates-3,894.713-301.txt
894.713-788,japan-internal-affairs-894.713-post-japan-rates-1,"894.713 Post., Japan, Rates. Postage., July 20, 1933 (File 788)",894.713,788,1,Mistral OCR,yes,https://archive.org/details/japan-internal-affairs-894.713-post-japan-rates-1,894.713-788.txt
894.713-1572,japan-internal-affairs-894.713-post-japan-rates-2,"894.713 Post., Japan, Rates. Postage., February 5, 1945 - April 28, 1947 (File 1572)",894.713,1572,3,Mistral OCR,yes,https://archive.org/details/japan-internal-affairs-894.713-post-japan-rates-2,894.713-1572.txt
894.71500-1597,japan-internal-affairs-894.71500-post-international-parcel,"894.71500 Post., International Parcel-Post Arrangements. Use Smaller Number Of Country For **., September 22, 1947 (File 1597)",894.71500,1597,2,Mistral OCR,yes,https://archive.org/details/japan-internal-affairs-894.71500-post-international-parcel,894.71500-1597.txt
894.71595-1729,japan-internal-affairs-894.71595-post-international-parcel,"894.71595 Post., International Parcel-Post Arrangements. Use Smaller Number Of Country For **., June 18, 1949 (File 1729)",894.71595,1729,1,Mistral OCR,yes,https://archive.org/details/japan-internal-affairs-894.71595-post-international-parcel,894.71595-1729.txt
894.718-906,japan-internal-affairs-894.718-post-japan-complaints,"894.718 Post., Japan, Complaints Against Service., June 17, 1933 - April 28, 1936 (File 906)",894.718,906,7,Mistral OCR,yes,https://archive.org/details/japan-internal-affairs-894.718-post-japan-complaints,894.718-906.txt
894.7186-960,japan-internal-affairs-894.7186-post-complaints-against,"894.7186 Post., Complaints Against Service., Damage., Japan, Tampering With Mail., May 7, 1937 - July 23, 1937 (File 960)",894.7186,960,9,Mistral OCR,yes,https://archive.org/details/japan-internal-affairs-894.7186-post-complaints-against,894.7186-960.txt
894.72-1333,japan-internal-affairs-894.72-japan-telegraph-concessions,"894.72 Japan, Telegraph. Concessions. Construction. Equipment., February 16, 1942 (File 1333)",894.72,1333,3,Mistral OCR,yes,https://archive.org/details/japan-internal-affairs-894.72-japan-telegraph-concessions,894.72-1333.txt
894.7200-1536,japan-internal-affairs-894.7200-telegraph-concessions-construction-1,"894.7200 Telegraph. Concessions. Construction. Equipment., Communication Between Japan And The World. Use Smaller Number Of Country For **., August 15, 1946 - October 14, 1946 (File 1536)",894.7200,1536,13,Mistral OCR,yes,https://archive.org/details/japan-internal-affairs-894.7200-telegraph-concessions-construction-1,894.7200-1536.txt
894.7200-1579,japan-internal-affairs-894.7200-telegraph-concessions-construction-2,"894.7200 Telegraph. Concessions. Construction. Equipment., Communication Between Japan And The World. Use Smaller Number Of Country For **., February 17, 1947 - June 27, 1947 (File 1579)",894.7200,1579,10,Mistral OCR,yes,https://archive.org/details/japan-internal-affairs-894.7200-telegraph-concessions-construction-2,894.7200-1579.txt
894.721-19,japan-internal-affairs-894.721-telegraph-concessions-construction-2,"894.721 Telegraph. Concessions. Construction. Equipment., Japan, Laws And Regulations. Censorship. (File 19)",894.721,19,1,Mistral OCR,yes,https://archive.org/details/japan-internal-affairs-894.721-telegraph-concessions-construction-2,894.721-19.txt
894.721-307,japan-internal-affairs-894.721-telegraph-concessions-construction-3,"894.721 Telegraph. Concessions. Construction. Equipment., Japan, Laws And Regulations. Censorship. (File 307)",894.721,307,1,Mistral OCR,yes,https://archive.org/details/japan-internal-affairs-894.721-telegraph-concessions-construction-3,894.721-307.txt
894.721-625,japan-internal-affairs-894.721-telegraph-concessions-construction-4,"894.721 Telegraph. Concessions. Construction. Equipment., Japan, Laws And Regulations. Censorship. (File 625)",894.721,625,3,Mistral OCR,yes,https://archive.org/details/japan-internal-affairs-894.721-telegraph-concessions-construction-4,894.721-625.txt
894.721-1288,japan-internal-affairs-894.721-telegraph-concessions-construction-1,"894.721 Telegraph. Concessions. Construction. Equipment., Japan, Laws And Regulations. Censorship., December 28, 1940 - July 22, 1941 (File 1288)",894.721,1288,4,Mistral OCR,yes,https://archive.org/details/japan-internal-affairs-894.721-telegraph-concessions-construction-1,894.721-1288.txt
894.723-1594,japan-internal-affairs-894.723-telegraph-concessions-construction,"894.723 Telegraph. Concessions. Construction. Equipment., Japan, Rates., February 21, 1947 - August 19, 1947 (File 1594)",894.723,1594,3,Mistral OCR,yes,https://archive.org/details/japan-internal-affairs-894.723-telegraph-concessions-construction,894.723-1594.txt
894.727-18,japan-internal-affairs-894.727-telegraph-concessions-construction-1,"894.727 Telegraph. Concessions. Construction. Equipment., Japan, Telegraph Codes. (File 18)",894.727,18,3,Mistral OCR,yes,https://archive.org/details/japan-internal-affairs-894.727-telegraph-concessions-construction-1,894.727-18.txt
894.727-308,japan-internal-affairs-894.727-telegraph-concessions-construction-2,"894.727 Telegraph. Concessions. Construction. Equipment., Japan, Telegraph Codes. (File 308)",894.727,308,5,Mistral OCR,yes,https://archive.org/details/japan-internal-affairs-894.727-telegraph-concessions-construction-2,894.727-308.txt
894.727-1080,japan-internal-affairs-894.727-telegraph-concessions-construction-3,"894.727 Telegraph. Concessions. Construction. Equipment., Japan, Telegraph Codes., June 3, 1930 - February 24, 1939 (File 1080)",894.727,1080,194,PaddleOCR,no,https://archive.org/details/japan-internal-affairs-894.727-telegraph-concessions-construction-3,894.727-1080.txt
894.727-1391,japan-internal-affairs-894.727-telegraph-concessions-construction-4,"894.727 Telegraph. Concessions. Construction. Equipment., Japan, Telegraph Codes., May 27, 1940 - June 30, 1943 (File 1391)",894.727,1391,54,PaddleOCR,yes,https://archive.org/details/japan-internal-affairs-894.727-telegraph-concessions-construction-4,894.727-1391.txt
894.73-1828,japan-internal-affairs-894.73-japan-cable-september,"894.73 Japan, Cable., September 13, 1945 - December 27, 1949 (File 1828)",894.73,1828,52,PaddleOCR,yes,https://archive.org/details/japan-internal-affairs-894.73-japan-cable-september,894.73-1828.txt
894.7300-1432,japan-internal-affairs-894.7300-communication-between-japan,"894.7300 Communication Between Japan And The World. Use Smaller Number Of Country For **., June 21, 1944 (File 1432)",894.7300,1432,1,Mistral OCR,yes,https://archive.org/details/japan-internal-affairs-894.7300-communication-between-japan,894.7300-1432.txt
894.731-213,japan-internal-affairs-894.731-cable-japan-laws-2,"894.731 Cable., Japan, Laws And Regulations. Censorship. (File 213)",894.731,213,1,Mistral OCR,yes,https://archive.org/details/japan-internal-affairs-894.731-cable-japan-laws-2,894.731-213.txt
894.731-1027,japan-internal-affairs-894.731-cable-japan-laws-1,"894.731 Cable., Japan, Laws And Regulations. Censorship., January 4, 1938 - June 18, 1938 (File 1027)",894.731,1027,6,Mistral OCR,yes,https://archive.org/details/japan-internal-affairs-894.731-cable-japan-laws-1,894.731-1027.txt
894.733-693,japan-internal-affairs-894.733-cable-japan-rates,"894.733 Cable., Japan, Rates., January 13, 1930 - January 14, 1930 (File 693)",894.733,693,5,Mistral OCR,yes,https://archive.org/details/japan-internal-affairs-894.733-cable-japan-rates,894.733-693.txt
894.74-17,japan-internal-affairs-894.74-wireless-telegraph-divided-2,894.74 Wireless Telegraph. Divided As 8**.73. (File 17),894.74,17,12,Mistral OCR,yes,https://archive.org/details/japan-internal-affairs-894.74-wireless-telegraph-divided-2,894.74-17.txt
894.74-300,japan-internal-affairs-894.74-wireless-telegraph-divided-3,894.74 Wireless Telegraph. Divided As 8**.73. (File 300),894.74,300,2,Mistral OCR,yes,https://archive.org/details/japan-internal-affairs-894.74-wireless-telegraph-divided-3,894.74-300.txt
894.74-309,japan-internal-affairs-894.74-wireless-telegraph-divided-4,894.74 Wireless Telegraph. Divided As 8**.73. (File 309),894.74,309,2,Mistral OCR,yes,https://archive.org/details/japan-internal-affairs-894.74-wireless-telegraph-divided-4,894.74-309.txt
894.74-329,japan-internal-affairs-894.74-wireless-telegraph-divided-5,894.74 Wireless Telegraph. Divided As 8**.73. (File 329),894.74,329,7,Mistral OCR,yes,https://archive.org/details/japan-internal-affairs-894.74-wireless-telegraph-divided-5,894.74-329.txt
894.74-1133,japan-internal-affairs-894.74-wireless-telegraph-divided-7,"894.74 Wireless Telegraph. Divided As 8**.73., February 24, 1932 - October 13, 1939 (File 1133)",894.74,1133,108,PaddleOCR,yes,https://archive.org/details/japan-internal-affairs-894.74-wireless-telegraph-divided-7,894.74-1133.txt
894.74-1135,japan-internal-affairs-894.74-wireless-telegraph-divided-6,"894.74 Wireless Telegraph. Divided As 8**.73., January 2, 1930 - October 14, 1939 (File 1135)",894.74,1135,458,PaddleOCR,yes,https://archive.org/details/japan-internal-affairs-894.74-wireless-telegraph-divided-6,894.74-1135.txt
894.74-1336,japan-internal-affairs-894.74-wireless-telegraph-divided-8,"894.74 Wireless Telegraph. Divided As 8**.73., January 8, 1940 - March 16, 1942 (File 1336)",894.74,1336,306,PaddleOCR,yes,https://archive.org/details/japan-internal-affairs-894.74-wireless-telegraph-divided-8,894.74-1336.txt
894.74-1504,japan-internal-affairs-894.74-wireless-telegraph-divided-1,"894.74 Wireless Telegraph. Divided As 8**.73., November 3, 1945-January 16, 1946 (File 1504)",894.74,1504,36,Mistral OCR,yes,https://archive.org/details/japan-internal-affairs-894.74-wireless-telegraph-divided-1,894.74-1504.txt
894.7400-1622,japan-internal-affairs-894.7400-wireless-telegraph-communication,"894.7400 Wireless Telegraph. Communication Between ** And ., November 26, 1947 - March 29, 1948 (File 1622)",894.7400,1622,14,Mistral OCR,yes,https://archive.org/details/japan-internal-affairs-894.7400-wireless-telegraph-communication,894.7400-1622.txt
894.741-28,japan-internal-affairs-894.741-wireless-telegraph-divided-4,"894.741 Wireless Telegraph. Divided As 8**.73., Japan, Laws And Regulations. (File 28)",894.741,28,1,Mistral OCR,yes,https://archive.org/details/japan-internal-affairs-894.741-wireless-telegraph-divided-4,894.741-28.txt
894.741-328,japan-internal-affairs-894.741-wireless-telegraph-divided-5,"894.741 Wireless Telegraph. Divided As 8**.73., Japan, Laws And Regulations. (File 328)",894.741,328,2,Mistral OCR,yes,https://archive.org/details/japan-internal-affairs-894.741-wireless-telegraph-divided-5,894.741-328.txt
894.741-1036,japan-internal-affairs-894.741-wireless-telegraph-divided-1,"894.741 Wireless Telegraph. Divided As 8**.73., Japan, Laws And Regulations., October 20, 1931 - July 23, 1938 (File 1036)",894.741,1036,19,Mistral OCR,yes,https://archive.org/details/japan-internal-affairs-894.741-wireless-telegraph-divided-1,894.741-1036.txt
894.741-1200,japan-internal-affairs-894.741-wireless-telegraph-divided-2,"894.741 Wireless Telegraph. Divided As 8**.73., Japan, Laws And Regulations., July 23, 1940 (File 1200)",894.741,1200,1,Mistral OCR,yes,https://archive.org/details/japan-internal-affairs-894.741-wireless-telegraph-divided-2,894.741-1200.txt
894.741-1619,japan-internal-affairs-894.741-wireless-telegraph-divided-3,"894.741 Wireless Telegraph. Divided As 8**.73., Japan, Laws And Regulations., December 15, 1947 - February 20, 1948 (File 1619)",894.741,1619,24,Mistral OCR,yes,https://archive.org/details/japan-internal-affairs-894.741-wireless-telegraph-divided-3,894.741-1619.txt
894.743-1616,japan-internal-affairs-894.743-wireless-telegraph-japan,"894.743 Wireless Telegraph., Japan, Rates., March 19, 1947 - February 16, 1948 (File 1616)",894.743,1616,3,Mistral OCR,yes,https://archive.org/details/japan-internal-affairs-894.743-wireless-telegraph-japan,894.743-1616.txt
894.7496-1573,japan-internal-affairs-894.7496-wireless-telegraph-communication,"894.7496 Wireless Telegraph. Communication Between ** And ., June 3, 1947 (File 1573)",894.7496,1573,14,Mistral OCR,yes,https://archive.org/details/japan-internal-affairs-894.7496-wireless-telegraph-communication,894.7496-1573.txt
894.75-27,japan-internal-affairs-894.75-telephone-divided-as-4,894.75 Telephone. Divided As 8**.73. (File 27),894.75,27,1,Mistral OCR,yes,https://archive.org/details/japan-internal-affairs-894.75-telephone-divided-as-4,894.75-27.txt
894.75-333,japan-internal-affairs-894.75-telephone-divided-as-5,894.75 Telephone. Divided As 8**.73. (File 333),894.75,333,1,Mistral OCR,yes,https://archive.org/details/japan-internal-affairs-894.75-telephone-divided-as-5,894.75-333.txt
894.75-1061,japan-internal-affairs-894.75-telephone-divided-as-1,"894.75 Telephone. Divided As 8**.73., July 10, 1930 - December 5, 1938 (File 1061)",894.75,1061,16,Mistral OCR,yes,https://archive.org/details/japan-internal-affairs-894.75-telephone-divided-as-1,894.75-1061.txt
894.75-1227,japan-internal-affairs-894.75-telephone-divided-as-2,"894.75 Telephone. Divided As 8**.73., November 29, 1940 (File 1227)",894.75,1227,2,Mistral OCR,yes,https://archive.org/details/japan-internal-affairs-894.75-telephone-divided-as-2,894.75-1227.txt
894.75-1704,japan-internal-affairs-894.75-telephone-divided-as-3,"894.75 Telephone. Divided As 8**.73., August 19, 1948 - March 24, 1949 (File 1704)",894.75,1704,20,Mistral OCR,yes,https://archive.org/details/japan-internal-affairs-894.75-telephone-divided-as-3,894.75-1704.txt
894.751-29,japan-internal-affairs-894.751-telephone-japan-laws-3,"894.751 Telephone., Japan, Laws And Regulations. (File 29)",894.751,29,2,Mistral OCR,yes,https://archive.org/details/japan-internal-affairs-894.751-telephone-japan-laws-3,894.751-29.txt
894.751-1291,japan-internal-affairs-894.751-telephone-japan-laws-1,"894.751 Telephone., Japan, Laws And Regulations., July 14, 1941 - August 19, 1941 (File 1291)",894.751,1291,18,Mistral OCR,yes,https://archive.org/details/japan-internal-affairs-894.751-telephone-japan-laws-1,894.751-1291.txt
894.751-1687,japan-internal-affairs-894.751-telephone-japan-laws-2,"894.751 Telephone., Japan, Laws And Regulations., September 3, 1948 - January 27, 1949 (File 1687)",894.751,1687,11,Mistral OCR,yes,https://archive.org/details/japan-internal-affairs-894.751-telephone-japan-laws-2,894.751-1687.txt
894.7595-1739,japan-internal-affairs-894.7595-telephone-communication-between,"894.7595 Telephone. Communication Between ** And ., July 5, 1949 (File 1739)",894.7595,1739,5,Mistral OCR,yes,https://archive.org/details/japan-internal-affairs-894.7595-telephone-communication-between,894.7595-1739.txt
894.76-30,japan-internal-affairs-894.76-wireless-telephone-broadcasting-1,894.76 Wireless Telephone. Broadcasting. Divided As 8**.73. (File 30),894.76,30,2,Mistral OCR,yes,https://archive.org/details/japan-internal-affairs-894.76-wireless-telephone-broadcasting-1,894.76-30.txt
894.76-62,japan-internal-affairs-894.76-wireless-telephone-broadcasting-2,894.76 Wireless Telephone. Broadcasting. Divided As 8**.73. (File 62),894.76,62,3,Mistral OCR,yes,https://archive.org/details/japan-internal-affairs-894.76-wireless-telephone-broadcasting-2,894.76-62.txt
894.76-335,japan-internal-affairs-894.76-wireless-telephone-broadcasting-3,894.76 Wireless Telephone. Broadcasting. Divided As 8**.73. (File 335),894.76,335,1,Mistral OCR,yes,https://archive.org/details/japan-internal-affairs-894.76-wireless-telephone-broadcasting-3,894.76-335.txt
894.76-1044,japan-internal-affairs-894.76-wireless-telephone-broadcasting-4,"894.76 Wireless Telephone. Broadcasting. Divided As 8**.73., May 9, 1931 - September 6, 1938 (File 1044)",894.76,1044,53,PaddleOCR,yes,https://archive.org/details/japan-internal-affairs-894.76-wireless-telephone-broadcasting-4,894.76-1044.txt
894.76-1214,japan-internal-affairs-894.76-wireless-telephone-broadcasting-5,"894.76 Wireless Telephone. Broadcasting. Divided As 8**.73., March 28, 1940 - October 3, 1940 (File 1214)",894.76,1214,131,PaddleOCR,no,https://archive.org/details/japan-internal-affairs-894.76-wireless-telephone-broadcasting-5,894.76-1214.txt
894.76-1392-1,japan-internal-affairs-894.76-wireless-telephone-broadcasting-6-part-1,"894.76 Wireless Telephone. Broadcasting. Divided As 8**.73., October 24, 1940 - July 12, 1943 (File 1392), part 1 of 3",894.76,1392,323,PaddleOCR,no,https://archive.org/details/japan-internal-affairs-894.76-wireless-telephone-broadcasting-6/894.76%20Wireless%20Telephone.%20Broadcasting.%20Divided%20As%208%2A%2A.73.%2C%20October%2024%2C%201940%20-%20July%2012%2C%201943%201392-part-1,894.76-1392-1.txt
894.76-1392-2,japan-internal-affairs-894.76-wireless-telephone-broadcasting-6-part-2,"894.76 Wireless Telephone. Broadcasting. Divided As 8**.73., October 24, 1940 - July 12, 1943 (File 1392), part 2 of 3",894.76,1392,429,PaddleOCR,no,https://archive.org/details/japan-internal-affairs-894.76-wireless-telephone-broadcasting-6/894.76%20Wireless%20Telephone.%20Broadcasting.%20Divided%20As%208%2A%2A.73.%2C%20October%2024%2C%201940%20-%20July%2012%2C%201943%201392-part-2,894.76-1392-2.txt
894.76-1392-3,japan-internal-affairs-894.76-wireless-telephone-broadcasting-6-part-3,"894.76 Wireless Telephone. Broadcasting. Divided As 8**.73., October 24, 1940 - July 12, 1943 (File 1392), part 3 of 3",894.76,1392,490,PaddleOCR,no,https://archive.org/details/japan-internal-affairs-894.76-wireless-telephone-broadcasting-6/894.76%20Wireless%20Telephone.%20Broadcasting.%20Divided%20As%208%2A%2A.73.%2C%20October%2024%2C%201940%20-%20July%2012%2C%201943%201392-part-3,894.76-1392-3.txt
894.76-1456,japan-internal-affairs-894.76-wireless-telephone-broadcasting-7,"894.76 Wireless Telephone. Broadcasting. Divided As 8**.73., August 16, 1943 - October 17, 1944 (File 1456)",894.76,1456,574,PaddleOCR,yes,https://archive.org/details/japan-internal-affairs-894.76-wireless-telephone-broadcasting-7,894.76-1456.txt
894.76-1520,japan-internal-affairs-894.76-wireless-telephone-broadcasting-8,"894.76 Wireless Telephone. Broadcasting. Divided As 8**.73., January 3, 1945 - April 16, 1946 (File 1520)",894.76,1520,41,PaddleOCR,yes,https://archive.org/details/japan-internal-affairs-894.76-wireless-telephone-broadcasting-8,894.76-1520.txt
894.76-1827,japan-internal-affairs-894.76-wireless-telephone-broadcasting-9,"894.76 Wireless Telephone. Broadcasting. Divided As 8**.73., October 3, 1946 - December 24, 1949 (File 1827)",894.76,1827,1045,PaddleOCR,yes,https://archive.org/details/japan-internal-affairs-894.76-wireless-telephone-broadcasting-9,894.76-1827.txt
894.7694A-1830,japan-internal-affairs-894.7694a-wireless-telephone-communication,"894.7694A Wireless Telephone. Communication Between ** And ., December 27, 1949 (File 1830)",894.7694A,1830,1,Mistral OCR,yes,https://archive.org/details/japan-internal-affairs-894.7694a-wireless-telephone-communication,894.7694A-1830.txt
894.77-64,japan-internal-affairs-894.77-japan-railway-concessions-4,"894.77 Japan, Railway. Concessions. Construction. Equipment. (File 64)",894.77,64,1,Mistral OCR,yes,https://archive.org/details/japan-internal-affairs-894.77-japan-railway-concessions-4,894.77-64.txt
894.77-336,japan-internal-affairs-894.77-japan-railway-concessions-5,"894.77 Japan, Railway. Concessions. Construction. Equipment. (File 336)",894.77,336,2,Mistral OCR,yes,https://archive.org/details/japan-internal-affairs-894.77-japan-railway-concessions-5,894.77-336.txt
894.77-1076,japan-internal-affairs-894.77-japan-railway-concessions-1,"894.77 Japan, Railway. Concessions. Construction. Equipment., August 26, 1930 - February 21, 1939 (File 1076)",894.77,1076,26,Mistral OCR,yes,https://archive.org/details/japan-internal-affairs-894.77-japan-railway-concessions-1,894.77-1076.txt
894.77-1421,japan-internal-affairs-894.77-japan-railway-concessions-2,"894.77 Japan, Railway. Concessions. Construction. Equipment., August 7, 1941 - March 23, 1944 (File 1421)",894.77,1421,21,Mistral OCR,yes,https://archive.org/details/japan-internal-affairs-894.77-japan-railway-concessions-2,894.77-1421.txt
894.77-1640,japan-internal-affairs-894.77-japan-railway-concessions-3,"894.77 Japan, Railway. Concessions. Construction. Equipment., August 1, 1947 - June 10, 1948 (File 1640)",894.77,1640,13,Mistral OCR,yes,https://archive.org/details/japan-internal-affairs-894.77-japan-railway-concessions-3,894.77-1640.txt
894.773-334,japan-internal-affairs-894.773-railway-concessions-construction-3,"894.773 Railway. Concessions. Construction. Equipment., Japan, Rates. Freight. Passenger. (File 334)",894.773,334,1,Mistral OCR,yes,https://archive.org/details/japan-internal-affairs-894.773-railway-concessions-construction-3,894.773-334.txt
894.773-707,japan-internal-affairs-894.773-railway-concessions-construction-1,"894.773 Railway. Concessions. Construction. Equipment., Japan, Rates. Freight. Passenger., August 1, 1930 (File 707)",894.773,707,2,Mistral OCR,yes,https://archive.org/details/japan-internal-affairs-894.773-railway-concessions-construction-1,894.773-707.txt
894.773-1487,japan-internal-affairs-894.773-railway-concessions-construction-2,"894.773 Railway. Concessions. Construction. Equipment., Japan, Rates. Freight. Passenger., February 5, 1945 (File 1487)",894.773,1487,1,Mistral OCR,yes,https://archive.org/details/japan-internal-affairs-894.773-railway-concessions-construction-2,894.773-1487.txt
894.775-331,japan-internal-affairs-894.775-railway-concessions-construction-2,"894.775 Railway. Concessions. Construction. Equipment., Japan, Accidents. (File 331)",894.775,331,1,Mistral OCR,yes,https://archive.org/details/japan-internal-affairs-894.775-railway-concessions-construction-2,894.775-331.txt
894.775-719,japan-internal-affairs-894.775-railway-concessions-construction-1,"894.775 Railway. Concessions. Construction. Equipment., Japan, Accidents., February 7, 1931 (File 719)",894.775,719,3,Mistral OCR,yes,https://archive.org/details/japan-internal-affairs-894.775-railway-concessions-construction-1,894.775-719.txt
894.78-332,japan-internal-affairs-894.78-street-railway-divided,894.78 Street Railway. Divided As 8**.77. (File 332),894.78,332,1,Mistral OCR,yes,https://archive.org/details/japan-internal-affairs-894.78-street-railway-divided,894.78-332.txt
894.796-330,japan-internal-affairs-894.796-other-means-of-3,"894.796 Other Means Of Communication And Transportation. Carrier Pigeons., Japan, Aerial Navigation. Immunities Of Government-Controlled. Subsidies. (File 330)",894.796,330,6,Mistral OCR,yes,https://archive.org/details/japan-internal-affairs-894.796-other-means-of-3,894.796-330.txt
894.796-714,japan-internal-affairs-894.796-other-means-of-4,"894.796 Other Means Of Communication And Transportation. Carrier Pigeons., Japan, Aerial Navigation. Immunities Of Government-Controlled. Subsidies., January 23, 1930 - January 12, 1931 (File 714)",894.796,714,173,PaddleOCR,no,https://archive.org/details/japan-internal-affairs-894.796-other-means-of-4,894.796-714.txt
894.796-1357,japan-internal-affairs-894.796-other-means-of-1,"894.796 Other Means Of Communication And Transportation. Carrier Pigeons., Japan, Aerial Navigation. Immunities Of Government-Controlled. Subsidies., March 14, 1940 - July 2, 1942 (File 1357)",894.796,1357,19,Mistral OCR,yes,https://archive.org/details/japan-internal-affairs-894.796-other-means-of-1,894.796-1357.txt
894.796-1730,japan-internal-affairs-894.796-other-means-of-5,"894.796 Other Means Of Communication And Transportation. Carrier Pigeons., Japan, Aerial Navigation. Immunities Of Government-Controlled. Subsidies., June 27, 1945 - June 19, 1949 (File 1730)",894.796,1730,150,PaddleOCR,no,https://archive.org/details/japan-internal-affairs-894.796-other-means-of-5,894.796-1730.txt
894.796-1796,japan-internal-affairs-894.796-other-means-of-2,"894.796 Other Means Of Communication And Transportation. Carrier Pigeons., Japan, Aerial Navigation. Immunities Of Government-Controlled. Subsidies., September 6, 1949 - December 2, 1949 (File 1796)",894.796,1796,9,Mistral OCR,yes,https://archive.org/details/japan-internal-affairs-894.796-other-means-of-2,894.796-1796.txt
894.79600-1566,japan-internal-affairs-894.79600-other-means-of,"894.79600 Other Means Of Communication And Transportation. Carrier Pigeons., Communication Between Japan And The World. Use Smaller Number Of Country For **., March 20, 1947 (File 1566)",894.79600,1566,1,Mistral OCR,yes,https://archive.org/details/japan-internal-affairs-894.79600-other-means-of,894.79600-1566.txt
894.7961-338,japan-internal-affairs-894.7961-other-means-of-3,"894.7961 Other Means Of Communication And Transportation. Carrier Pigeons., Aerial Navigation. Immunities Of Government-Controlled. Subsidies., Japan, Laws And Regulation. (File 338)",894.7961,338,6,Mistral OCR,yes,https://archive.org/details/japan-internal-affairs-894.7961-other-means-of-3,894.7961-338.txt
894.7961-771,japan-internal-affairs-894.7961-other-means-of-4,"894.7961 Other Means Of Communication And Transportation. Carrier Pigeons., Aerial Navigation. Immunities Of Government-Controlled. Subsidies., Japan, Laws And Regulation., September 25, 1930 - February 2, 1933 (File 771)",894.7961,771,139,PaddleOCR,no,https://archive.org/details/japan-internal-affairs-894.7961-other-means-of-4,894.7961-771.txt
894.7961-1544,japan-internal-affairs-894.7961-other-means-of-1,"894.7961 Other Means Of Communication And Transportation. Carrier Pigeons., Aerial Navigation. Immunities Of Government-Controlled. Subsidies., Japan, Laws And Regulation., November 19, 1946 (File 1544)",894.7961,1544,12,Mistral OCR,yes,https://archive.org/details/japan-internal-affairs-894.7961-other-means-of-1,894.7961-1544.txt
894.7961-1706,japan-internal-affairs-894.7961-other-means-of-2,"894.7961 Other Means Of Communication And Transportation. Carrier Pigeons., Aerial Navigation. Immunities Of Government-Controlled. Subsidies., Japan, Laws And Regulation., August 4, 1947 - March 30, 1949 (File 1706)",894.7961,1706,33,Mistral OCR,yes,https://archive.org/details/japan-internal-affairs-894.7961-other-means-of-2,894.7961-1706.txt
894.7962-337,japan-internal-affairs-894.7962-other-means-of-1,"894.7962 Other Means Of Communication And Transportation. Carrier Pigeons., Aerial Navigation. Immunities Of Government-Controlled. Subsidies., Stations. Landing Fields. Mooring Towns. Seadromes. Fueling. Fuel Stations. ** Country Of Regula (File 337)",894.7962,337,1,Mistral OCR,yes,https://archive.org/details/japan-internal-affairs-894.7962-other-means-of-1,894.7962-337.txt
894.7962-1057,japan-internal-affairs-894.7962-other-means-of-2,"894.7962 Other Means Of Communication And Transportation. Carrier Pigeons., Aerial Navigation. Immunities Of Government-Controlled. Subsidies., Stations. Landing Fields. Mooring Towns. Seadromes. Fueling. Fuel Stations. ** Country Of Regula (File 1057)",894.7962,1057,33,Mistral OCR,yes,https://archive.org/details/japan-internal-affairs-894.7962-other-means-of-2,894.7962-1057.txt
894.7962-1309,japan-internal-affairs-894.7962-other-means-of-3,"894.7962 Other Means Of Communication And Transportation. Carrier Pigeons., Aerial Navigation. Immunities Of Government-Controlled. Subsidies., Stations. Landing Fields. Mooring Towns. Seadromes. Fueling. Fuel Stations. ** Country Of Regula (File 1309)",894.7962,1309,6,Mistral OCR,yes,https://archive.org/details/japan-internal-affairs-894.7962-other-means-of-3,894.7962-1309.txt
894.7962-1641,japan-internal-affairs-894.7962-other-means-of-4,"894.7962 Other Means Of Communication And Transportation. Carrier Pigeons., Aerial Navigation. Immunities Of Government-Controlled. Subsidies., Stations. Landing Fields. Mooring Towns. Seadromes. Fueling. Fuel Stations. ** Country Of Regula (File 1641)",894.7962,1641,9,Mistral OCR,yes,https://archive.org/details/japan-internal-affairs-894.7962-other-means-of-4,894.7962-1641.txt
894.7965-342,japan-internal-affairs-894.7965-other-means-of-2,"894.7965 Other Means Of Communication And Transportation. Carrier Pigeons., Aerial Navigation. Immunities Of Government-Controlled. Subsidies., Japan, Offenses Committed On Aircraft. (File 342)",894.7965,342,1,Mistral OCR,yes,https://archive.org/details/japan-internal-affairs-894.7965-other-means-of-2,894.7965-342.txt
894.7965-1009,japan-internal-affairs-894.7965-other-means-of-1,"894.7965 Other Means Of Communication And Transportation. Carrier Pigeons., Aerial Navigation. Immunities Of Government-Controlled. Subsidies., Japan, Offenses Committed On Aircraft., June 30, 1931 - March 19, 1938 (File 1009)",894.7965,1009,6,Mistral OCR,yes,https://archive.org/details/japan-internal-affairs-894.7965-other-means-of-1,894.7965-1009.txt
894.79694A-343,japan-internal-affairs-894.79694a-other-means-of-1,"894.79694A Other Means Of Communication And Transportation. Carrier Pigeons., Communication Between Japan And Formosa. Taiwan. Use Smaller Number Of Country For **. (File 343)",894.79694A,343,1,Mistral OCR,yes,https://archive.org/details/japan-internal-affairs-894.79694a-other-means-of-1,894.79694A-343.txt
894.79694A-376,japan-internal-affairs-894.79694a-other-means-of-2,"894.79694A Other Means Of Communication And Transportation. Carrier Pigeons., Communication Between Japan And Formosa. Taiwan. Use Smaller Number Of Country For **. (File 376)",894.79694A,376,6,Mistral OCR,yes,https://archive.org/details/japan-internal-affairs-894.79694a-other-means-of-2,894.79694A-376.txt
894.79695-1772,japan-internal-affairs-894.79695-other-means-of,"894.79695 Other Means Of Communication And Transportation. Carrier Pigeons., Communication Between Japan And Chosen. Use Smaller Number Of Country For **., June 15, 1946 - October 13, 1949 (File 1772)",894.79695,1772,25,Mistral OCR,yes,https://archive.org/details/japan-internal-affairs-894.79695-other-means-of,894.79695-1772.txt
894.797-63,japan-internal-affairs-894.797-other-means-of-2,"894.797 Other Means Of Communication And Transportation. Carrier Pigeons., Japan, Automobile. Bus Line. (File 63)",894.797,63,1,Mistral OCR,yes,https://archive.org/details/japan-internal-affairs-894.797-other-means-of-2,894.797-63.txt
894.797-344,japan-internal-affairs-894.797-other-means-of-3,"894.797 Other Means Of Communication And Transportation. Carrier Pigeons., Japan, Automobile. Bus Line. (File 344)",894.797,344,5,Mistral OCR,yes,https://archive.org/details/japan-internal-affairs-894.797-other-means-of-3,894.797-344.txt
894.797-1102,japan-internal-affairs-894.797-other-means-of-4,"894.797 Other Means Of Communication And Transportation. Carrier Pigeons., Japan, Automobile. Bus Line., February 6, 1934 - May 24, 1939 (File 1102)",894.797,1102,361,PaddleOCR,no,https://archive.org/details/japan-internal-affairs-894.797-other-means-of-4,894.797-1102.txt
894.797-1180,japan-internal-affairs-894.797-other-means-of-1,"894.797 Other Means Of Communication And Transportation. Carrier Pigeons., Japan, Automobile. Bus Line., February 23, 1940 - March 6, 1940 (File 1180)",894.797,1180,8,Mistral OCR,yes,https://archive.org/details/japan-internal-affairs-894.797-other-means-of-1,894.797-1180.txt
894.7971-67,japan-internal-affairs-894.7971-other-means-of-3,"894.7971 Other Means Of Communication And Transportation. Carrier Pigeons., Automobile. Bus Line., Japan, Laws And Regulations. (File 67)",894.7971,67,1,Mistral OCR,yes,https://archive.org/details/japan-internal-affairs-894.7971-other-means-of-3,894.7971-67.txt
894.7971-1241,japan-internal-affairs-894.7971-other-means-of-1,"894.7971 Other Means Of Communication And Transportation. Carrier Pigeons., Automobile. Bus Line., Japan, Laws And Regulations., October 12, 1940 - January 14, 1941 (File 1241)",894.7971,1241,10,Mistral OCR,yes,https://archive.org/details/japan-internal-affairs-894.7971-other-means-of-1,894.7971-1241.txt
894.7971-1693,japan-internal-affairs-894.7971-other-means-of-2,"894.7971 Other Means Of Communication And Transportation. Carrier Pigeons., Automobile. Bus Line., Japan, Laws And Regulations., November 10, 1948 - February 8, 1949 (File 1693)",894.7971,1693,11,Mistral OCR,yes,https://archive.org/details/japan-internal-affairs-894.7971-other-means-of-2,894.7971-1693.txt
894.7975-341,japan-internal-affairs-894.7975-other-means-of-2,"894.7975 Other Means Of Communication And Transportation. Carrier Pigeons., Automobile. Bus Line., Japan, Accidents. (File 341)",894.7975,341,1,Mistral OCR,yes,https://archive.org/details/japan-internal-affairs-894.7975-other-means-of-2,894.7975-341.txt
894.7975-943,japan-internal-affairs-894.7975-other-means-of-1,"894.7975 Other Means Of Communication And Transportation. Carrier Pigeons., Automobile. Bus Line., Japan, Accidents., February 27, 1937 (File 943)",894.7975,943,1,Mistral OCR,yes,https://archive.org/details/japan-internal-affairs-894.7975-other-means-of-1,894.7975-943.txt
894.801-340,japan-internal-affairs-894.801-navigation-statistics-japan-4,"894.801 Navigation. Statistics., Japan, Laws And Regulations. Navigation Of Home Waters. Coastwise Trade. (File 340)",894.801,340,1,Mistral OCR,yes,https://archive.org/details/japan-internal-affairs-894.801-navigation-statistics-japan-4,894.801-340.txt
894.801-895,japan-internal-affairs-894.801-navigation-statistics-japan-1,"894.801 Navigation. Statistics., Japan, Laws And Regulations. Navigation Of Home Waters. Coastwise Trade., July 19, 1933 - February 14, 1936 (File 895)",894.801,895,26,Mistral OCR,yes,https://archive.org/details/japan-internal-affairs-894.801-navigation-statistics-japan-1,894.801-895.txt
894.801-1296,japan-internal-affairs-894.801-navigation-statistics-japan-2,"894.801 Navigation. Statistics., Japan, Laws And Regulations. Navigation Of Home Waters. Coastwise Trade., June 11, 1941 - September 4, 1941 (File 1296)",894.801,1296,4,Mistral OCR,yes,https://archive.org/details/japan-internal-affairs-894.801-navigation-statistics-japan-2,894.801-1296.txt
894.801-1690,japan-internal-affairs-894.801-navigation-statistics-japan-3,"894.801 Navigation. Statistics., Japan, Laws And Regulations. Navigation Of Home Waters. Coastwise Trade., August 9, 1948 - February 3, 1949 (File 1690)",894.801,1690,11,Mistral OCR,yes,https://archive.org/details/japan-internal-affairs-894.801-navigation-statistics-japan-3,894.801-1690.txt
894.802-339,japan-internal-affairs-894.802-navigation-statistics-japan,"894.802 Navigation. Statistics., Japan, Concessions. Contracts. Subsidies. Ship Subsidies, United States, 811.802. (File 339)",894.802,339,2,Mistral OCR,yes,https://archive.org/details/japan-internal-affairs-894.802-navigation-statistics-japan,894.802-339.txt
894.802-958,japan-internal-affairs-894.802-navigation-statistics-japan-2,"894.802 Navigation. Statistics., Japan, Concessions. Contracts. Subsidies. Ship Subsidies, United States, 811.802., June 12, 1937 - June 19, 1937 (File 958)",894.802,958,59,PaddleOCR,yes,https://archive.org/details/japan-internal-affairs-894.802-navigation-statistics-japan-2,894.802-958.txt
894.807-1635,japan-internal-affairs-894.807-navigation-statistics-japan,"894.807 Navigation. Statistics., Japan, Security Of Life At Sea. Life-Saving Services; Appliances., April 14, 1948 - May 18, 1948 (File 1635)",894.807,1635,42,PaddleOCR,yes,https://archive.org/details/japan-internal-affairs-894.807-navigation-statistics-japan,894.807-1635.txt
894.83-1663,japan-internal-affairs-894.83-japan-menaces-to,"894.83 Japan, Menaces To Navigation. Iceberg Patrol., October 1, 1948 (File 1663)",894.83,1663,2,Mistral OCR,yes,https://archive.org/details/japan-internal-affairs-894.83-japan-menaces-to,894.83-1663.txt
894.841-346,japan-internal-affairs-894.841-taxes-on-navigation-2,"894.841 Taxes On Navigation., Japan, Tonnage Dues. (File 346)",894.841,346,2,Mistral OCR,yes,https://archive.org/details/japan-internal-affairs-894.841-taxes-on-navigation-2,894.841-346.txt
894.841-988,japan-internal-affairs-894.841-taxes-on-navigation-1,"894.841 Taxes On Navigation., Japan, Tonnage Dues., November 7, 1935 - December 15, 1937 (File 988)",894.841,988,27,Mistral OCR,yes,https://archive.org/details/japan-internal-affairs-894.841-taxes-on-navigation-1,894.841-988.txt
894.843-1674,japan-internal-affairs-894.843-taxes-on-navigation,"894.843 Taxes On Navigation., Japan, Harbor Or Port Dues., January 8, 1948 - November 17, 1948 (File 1674)",894.843,1674,65,PaddleOCR,yes,https://archive.org/details/japan-internal-affairs-894.843-taxes-on-navigation,894.843-1674.txt
894.85-68,japan-internal-affairs-894.85-japan-merchant-vessels-3,"894.85 Japan, Merchant Vessels. Yachts. Immunities Of Government -Controlled. (File 68)",894.85,68,9,Mistral OCR,yes,https://archive.org/details/japan-internal-affairs-894.85-japan-merchant-vessels-3,894.85-68.txt
894.85-345,japan-internal-affairs-894.85-japan-merchant-vessels-4,"894.85 Japan, Merchant Vessels. Yachts. Immunities Of Government -Controlled. (File 345)",894.85,345,5,Mistral OCR,yes,https://archive.org/details/japan-internal-affairs-894.85-japan-merchant-vessels-4,894.85-345.txt
894.85-430,japan-internal-affairs-894.85-japan-merchant-vessels-5,"894.85 Japan, Merchant Vessels. Yachts. Immunities Of Government -Controlled. (File 430)",894.85,430,2,Mistral OCR,yes,https://archive.org/details/japan-internal-affairs-894.85-japan-merchant-vessels-5,894.85-430.txt
894.85-1068,japan-internal-affairs-894.85-japan-merchant-vessels-6,"894.85 Japan, Merchant Vessels. Yachts. Immunities Of Government -Controlled., November 6, 1931 - December 29, 1938 (File 1068)",894.85,1068,192,PaddleOCR,no,https://archive.org/details/japan-internal-affairs-894.85-japan-merchant-vessels-6,894.85-1068.txt
894.85-1161,japan-internal-affairs-894.85-japan-merchant-vessels-7,"894.85 Japan, Merchant Vessels. Yachts. Immunities Of Government -Controlled., January 5, 1939 - December 19, 1939 (File 1161)",894.85,1161,116,PaddleOCR,no,https://archive.org/details/japan-internal-affairs-894.85-japan-merchant-vessels-7,894.85-1161.txt
894.85-1230,japan-internal-affairs-894.85-japan-merchant-vessels-8,"894.85 Japan, Merchant Vessels. Yachts. Immunities Of Government -Controlled., February 29, 1940 - December 7, 1940 (File 1230)",894.85,1230,483,PaddleOCR,no,https://archive.org/details/japan-internal-affairs-894.85-japan-merchant-vessels-8,894.85-1230.txt
894.85-1246,japan-internal-affairs-894.85-japan-merchant-vessels-1,"894.85 Japan, Merchant Vessels. Yachts. Immunities Of Government -Controlled., February 14th, 1941 (File 1246)",894.85,1246,1,Mistral OCR,yes,https://archive.org/details/japan-internal-affairs-894.85-japan-merchant-vessels-1,894.85-1246.txt
894.85-1286,japan-internal-affairs-894.85-japan-merchant-vessels-2,"894.85 Japan, Merchant Vessels. Yachts. Immunities Of Government -Controlled., June 4, 1941 - July 17, 1941 (File 1286)",894.85,1286,3,Mistral OCR,yes,https://archive.org/details/japan-internal-affairs-894.85-japan-merchant-vessels-2,894.85-1286.txt
894.85-1835,japan-internal-affairs-894.85-japan-merchant-vessels-9,"894.85 Japan, Merchant Vessels. Yachts. Immunities Of Government -Controlled., October 11, 1945 - December 30, 1949 (File 1835)",894.85,1835,447,PaddleOCR,no,https://archive.org/details/japan-internal-affairs-894.85-japan-merchant-vessels-9,894.85-1835.txt
894.8503-429,japan-internal-affairs-894.8503-merchant-vessels-yachts-2,"894.8503 Merchant Vessels. Yachts. Immunities Of Government -Controlled., Japan, Rates. (File 429)",894.8503,429,1,Mistral OCR,yes,https://archive.org/details/japan-internal-affairs-894.8503-merchant-vessels-yachts-2,894.8503-429.txt
894.8503-887,japan-internal-affairs-894.8503-merchant-vessels-yachts-1,"894.8503 Merchant Vessels. Yachts. Immunities Of Government -Controlled., Japan, Rates., January 4, 1936 (File 887)",894.8503,887,1,Mistral OCR,yes,https://archive.org/details/japan-internal-affairs-894.8503-merchant-vessels-yachts-1,894.8503-887.txt
894.851-1299,japan-internal-affairs-894.851-merchant-vessels-yachts,"894.851 Merchant Vessels. Yachts. Immunities Of Government -Controlled., Japan, Registration. Enrollment. License., October 5, 1940 - September 9, 1941 (File 1299)",894.851,1299,4,Mistral OCR,yes,https://archive.org/details/japan-internal-affairs-894.851-merchant-vessels-yachts,894.851-1299.txt
894.852-427,japan-internal-affairs-894.852-merchant-vessels-yachts-4,"894.852 Merchant Vessels. Yachts. Immunities Of Government -Controlled., Japan, Sale. Purchase. Charter. Hypothecation. Status Of National-Owned Vessels, Not Documented. (File 427)",894.852,427,3,Mistral OCR,yes,https://archive.org/details/japan-internal-affairs-894.852-merchant-vessels-yachts-4,894.852-427.txt
894.852-1087,japan-internal-affairs-894.852-merchant-vessels-yachts-5,"894.852 Merchant Vessels. Yachts. Immunities Of Government -Controlled., Japan, Sale. Purchase. Charter. Hypothecation. Status Of National-Owned Vessels, Not Documented., March 4, 1932 - March 22, 1939 (File 1087)",894.852,1087,53,PaddleOCR,yes,https://archive.org/details/japan-internal-affairs-894.852-merchant-vessels-yachts-5,894.852-1087.txt
894.852-1213,japan-internal-affairs-894.852-merchant-vessels-yachts-1,"894.852 Merchant Vessels. Yachts. Immunities Of Government -Controlled., Japan, Sale. Purchase. Charter. Hypothecation. Status Of National-Owned Vessels, Not Documented., January 11, 1940 - September 26, 1940 (File 1213)",894.852,1213,22,Mistral OCR,yes,https://archive.org/details/japan-internal-affairs-894.852-merchant-vessels-yachts-1,894.852-1213.txt
894.852-1313,japan-internal-affairs-894.852-merchant-vessels-yachts-2,"894.852 Merchant Vessels. Yachts. Immunities Of Government -Controlled., Japan, Sale. Purchase. Charter. Hypothecation. Status Of National-Owned Vessels, Not Documented., October 4, 1940 - November 18, 1941 (File 1313)",894.852,1313,5,Mistral OCR,yes,https://archive.org/details/japan-internal-affairs-894.852-merchant-vessels-yachts-2,894.852-1313.txt
894.852-1724,japan-internal-affairs-894.852-merchant-vessels-yachts-3,"894.852 Merchant Vessels. Yachts. Immunities Of Government -Controlled., Japan, Sale. Purchase. Charter. Hypothecation. Status Of National-Owned Vessels, Not Documented., November 16, 1948 - May 17, 1949 (File 1724)",894.852,1724,11,Mistral OCR,yes,https://archive.org/details/japan-internal-affairs-894.852-merchant-vessels-yachts-3,894.852-1724.txt
894.853-1661,japan-internal-affairs-894.853-merchant-vessels-yachts,"894.853 Merchant Vessels. Yachts. Immunities Of Government -Controlled., Japan, Ships Papers. Register. Crew List. Shipping Articles., November 13, 1947 - September 22, 1948 (File 1661)",894.853,1661,30,Mistral OCR,yes,https://archive.org/details/japan-internal-affairs-894.853-merchant-vessels-yachts,894.853-1661.txt
894.854-428,japan-internal-affairs-894.854-merchant-vessels-yachts-2,"894.854 Merchant Vessels. Yachts. Immunities Of Government -Controlled., Japan, Inspection. Seaworthy Certificated. Wireless. (File 428)",894.854,428,2,Mistral OCR,yes,https://archive.org/details/japan-internal-affairs-894.854-merchant-vessels-yachts-2,894.854-428.txt
894.854-1013,japan-internal-affairs-894.854-merchant-vessels-yachts-1,"894.854 Merchant Vessels. Yachts. Immunities Of Government -Controlled., Japan, Inspection. Seaworthy Certificated. Wireless., November 12, 1934 - April 9, 1938 (File 1013)",894.854,1013,39,Mistral OCR,yes,https://archive.org/details/japan-internal-affairs-894.854-merchant-vessels-yachts-1,894.854-1013.txt
894.855-425,japan-internal-affairs-894.855-merchant-vessels-yachts-2,"894.855 Merchant Vessels. Yachts. Immunities Of Government -Controlled., Japan, Admeasurements. (File 425)",894.855,425,2,Mistral OCR,yes,https://archive.org/details/japan-internal-affairs-894.855-merchant-vessels-yachts-2,894.855-425.txt
894.855-945,japan-internal-affairs-894.855-merchant-vessels-yachts-1,"894.855 Merchant Vessels. Yachts. Immunities Of Government -Controlled., Japan, Admeasurements., February 27, 1937 - March 27, 1937 (File 945)",894.855,945,39,Mistral OCR,yes,https://archive.org/details/japan-internal-affairs-894.855-merchant-vessels-yachts-1,894.855-945.txt
894.856-212,japan-internal-affairs-894.856-merchant-vessels-yachts-2,"894.856 Merchant Vessels. Yachts. Immunities Of Government -Controlled., Japan, Passenger Regulations. (File 212)",894.856,212,1,Mistral OCR,yes,https://archive.org/details/japan-internal-affairs-894.856-merchant-vessels-yachts-2,894.856-212.txt
894.856-1244,japan-internal-affairs-894.856-merchant-vessels-yachts-1,"894.856 Merchant Vessels. Yachts. Immunities Of Government -Controlled., Japan, Passenger Regulations., February 3, 1941 (File 1244)",894.856,1244,4,Mistral OCR,yes,https://archive.org/details/japan-internal-affairs-894.856-merchant-vessels-yachts-1,894.856-1244.txt
894.8561-426,japan-internal-affairs-894.8561-merchant-vessels-yachts-2,"894.8561 Merchant Vessels. Yachts. Immunities Of Government -Controlled., Passenger Regulations., Japan, Load Line. (File 426)",894.8561,426,3,Mistral OCR,yes,https://archive.org/details/japan-internal-affairs-894.8561-merchant-vessels-yachts-2,894.8561-426.txt
894.8561-848,japan-internal-affairs-894.8561-merchant-vessels-yachts-1,"894.8561 Merchant Vessels. Yachts. Immunities Of Government -Controlled., Passenger Regulations., Japan, Load Line., March 30, 1931 - February 8, 1935 (File 848)",894.8561,848,17,Mistral OCR,yes,https://archive.org/details/japan-internal-affairs-894.8561-merchant-vessels-yachts-1,894.8561-848.txt
894.857-65,japan-internal-affairs-894.857-merchant-vessels-yachts-1,"894.857 Merchant Vessels. Yachts. Immunities Of Government -Controlled., Japan, Disabled, Wrecked, And Stranded Vessels. Collisions And Salvage. Repairs. Damage To Cargo. Jettisoning. (File 65)",894.857,65,1,Mistral OCR,yes,https://archive.org/details/japan-internal-affairs-894.857-merchant-vessels-yachts-1,894.857-65.txt
894.857-440,japan-internal-affairs-894.857-merchant-vessels-yachts-2,"894.857 Merchant Vessels. Yachts. Immunities Of Government -Controlled., Japan, Disabled, Wrecked, And Stranded Vessels. Collisions And Salvage. Repairs. Damage To Cargo. Jettisoning. (File 440)",894.857,440,5,Mistral OCR,yes,https://archive.org/details/japan-internal-affairs-894.857-merchant-vessels-yachts-2,894.857-440.txt
894.857-857,japan-internal-affairs-894.857-merchant-vessels-yachts-3,"894.857 Merchant Vessels. Yachts. Immunities Of Government -Controlled., Japan, Disabled, Wrecked, And Stranded Vessels. Collisions And Salvage. Repairs. Damage To Cargo. Jettisoning., June 27, 1930 - April 17, 1935 (File 857)",894.857,857,100,PaddleOCR,no,https://archive.org/details/japan-internal-affairs-894.857-merchant-vessels-yachts-3,894.857-857.txt
894.857-1374,japan-internal-affairs-894.857-merchant-vessels-yachts-4,"894.857 Merchant Vessels. Yachts. Immunities Of Government -Controlled., Japan, Disabled, Wrecked, And Stranded Vessels. Collisions And Salvage. Repairs. Damage To Cargo. Jettisoning., January 12, 1940 - December 8, 1942 (File 1374)",894.857,1374,111,PaddleOCR,no,https://archive.org/details/japan-internal-affairs-894.857-merchant-vessels-yachts-4,894.857-1374.txt
894.858-439,japan-internal-affairs-894.858-merchant-vessels-yachts-2,"894.858 Merchant Vessels. Yachts. Immunities Of Government -Controlled., Japan, Offense Committed On Merchant Vessels. (File 439)",894.858,439,1,Mistral OCR,yes,https://archive.org/details/japan-internal-affairs-894.858-merchant-vessels-yachts-2,894.858-439.txt
894.858-856,japan-internal-affairs-894.858-merchant-vessels-yachts-1,"894.858 Merchant Vessels. Yachts. Immunities Of Government -Controlled., Japan, Offense Committed On Merchant Vessels., April 13, 1935 (File 856)",894.858,856,2,Mistral OCR,yes,https://archive.org/details/japan-internal-affairs-894.858-merchant-vessels-yachts-1,894.858-856.txt
894.85893-1795,japan-internal-affairs-894.85893-merchant-vessels-yachts,"894.85893 Merchant Vessels. Yachts. Immunities Of Government -Controlled., Offense Committed On Merchant Vessels Of Country Y In Japan. Nationality Of Vessel., November 29, 1949 (File 1795)",894.85893,1795,5,Mistral OCR,yes,https://archive.org/details/japan-internal-affairs-894.85893-merchant-vessels-yachts,894.85893-1795.txt
894.8591-66,japan-internal-affairs-894.8591-merchant-vessels-yachts-5,"894.8591 Merchant Vessels. Yachts. Immunities Of Government -Controlled., Other Matters Respecting Merchant Vessels., Japan, Movement Of Merchant Vessels And Yachts. (File 66)",894.8591,66,2,Mistral OCR,yes,https://archive.org/details/japan-internal-affairs-894.8591-merchant-vessels-yachts-5,894.8591-66.txt
894.8591-172,japan-internal-affairs-894.8591-merchant-vessels-yachts-6,"894.8591 Merchant Vessels. Yachts. Immunities Of Government -Controlled., Other Matters Respecting Merchant Vessels., Japan, Movement Of Merchant Vessels And Yachts. (File 172)",894.8591,172,12,Mistral OCR,yes,https://archive.org/details/japan-internal-affairs-894.8591-merchant-vessels-yachts-6,894.8591-172.txt
894.8591-438,japan-internal-affairs-894.8591-merchant-vessels-yachts-7,"894.8591 Merchant Vessels. Yachts. Immunities Of Government -Controlled., Other Matters Respecting Merchant Vessels., Japan, Movement Of Merchant Vessels And Yachts. (File 438)",894.8591,438,3,Mistral OCR,yes,https://archive.org/details/japan-internal-affairs-894.8591-merchant-vessels-yachts-7,894.8591-438.txt
894.8591-1150,japan-internal-affairs-894.8591-merchant-vessels-yachts-8,"894.8591 Merchant Vessels. Yachts. Immunities Of Government -Controlled., Other Matters Respecting Merchant Vessels., Japan, Movement Of Merchant Vessels And Yachts., June 29, 1934 - November 25, 1939 (File 1150)",894.8591,1150,68,PaddleOCR,yes,https://archive.org/details/japan-internal-affairs-894.8591-merchant-vessels-yachts-8,894.8591-1150.txt
894.8591-1234,japan-internal-affairs-894.8591-merchant-vessels-yachts-1,"894.8591 Merchant Vessels. Yachts. Immunities Of Government -Controlled., Other Matters Respecting Merchant Vessels., Japan, Movement Of Merchant Vessels And Yachts., April 29, 1940 - December 21, 1940 (File 1234)",894.8591,1234,35,Mistral OCR,yes,https://archive.org/details/japan-internal-affairs-894.8591-merchant-vessels-yachts-1,894.8591-1234.txt
894.8591-1256,japan-internal-affairs-894.8591-merchant-vessels-yachts-9,"894.8591 Merchant Vessels. Yachts. Immunities Of Government -Controlled., Other Matters Respecting Merchant Vessels., Japan, Movement Of Merchant Vessels And Yachts., December 20, 1940 - April 4, 1941 (File 1256)",894.8591,1256,640,PaddleOCR,no,https://archive.org/details/japan-internal-affairs-894.8591-merchant-vessels-yachts-9,894.8591-1256.txt
894.8591-1271,japan-internal-affairs-894.8591-merchant-vessels-yachts-11,"894.8591 Merchant Vessels. Yachts. Immunities Of Government -Controlled., Other Matters Respecting Merchant Vessels., Japan, Movement Of Merchant Vessels And Yachts., June 2, 1941 - June 16, 1941 (File 1271)",894.8591,1271,77,PaddleOCR,yes,https://archive.org/details/japan-internal-affairs-894.8591-merchant-vessels-yachts-11,894.8591-1271.txt
894.8591-1278,japan-internal-affairs-894.8591-merchant-vessels-yachts-10,"894.8591 Merchant Vessels. Yachts. Immunities Of Government -Controlled., Other Matters Respecting Merchant Vessels., Japan, Movement Of Merchant Vessels And Yachts., April 2, 1941 - July 1, 1941 (File 1278)",894.8591,1278,546,PaddleOCR,no,https://archive.org/details/japan-internal-affairs-894.8591-merchant-vessels-yachts-10,894.8591-1278.txt
894.8591-1280,japan-internal-affairs-894.8591-merchant-vessels-yachts-2,"894.8591 Merchant Vessels. Yachts. Immunities Of Government -Controlled., Other Matters Respecting Merchant Vessels., Japan, Movement Of Merchant Vessels And Yachts., July 7, 1941 - July 8, 1941 (File 1280)",894.8591,1280,17,Mistral OCR,yes,https://archive.org/details/japan-internal-affairs-894.8591-merchant-vessels-yachts-2,894.8591-1280.txt
894.8591-1306,japan-internal-affairs-894.8591-merchant-vessels-yachts-3,"894.8591 Merchant Vessels. Yachts. Immunities Of Government -Controlled., Other Matters Respecting Merchant Vessels., Japan, Movement Of Merchant Vessels And Yachts., September 23, 1941 - October 22, 1941 (File 1306)",894.8591,1306,3,Mistral OCR,yes,https://archive.org/details/japan-internal-affairs-894.8591-merchant-vessels-yachts-3,894.8591-1306.txt
894.8591-1307,japan-internal-affairs-894.8591-merchant-vessels-yachts-12,"894.8591 Merchant Vessels. Yachts. Immunities Of Government -Controlled., Other Matters Respecting Merchant Vessels., Japan, Movement Of Merchant Vessels And Yachts., July 17, 1941 - October 23, 1941 (File 1307)",894.8591,1307,272,PaddleOCR,no,https://archive.org/details/japan-internal-affairs-894.8591-merchant-vessels-yachts-12,894.8591-1307.txt
894.8591-1353,japan-internal-affairs-894.8591-merchant-vessels-yachts-13,"894.8591 Merchant Vessels. Yachts. Immunities Of Government -Controlled., Other Matters Respecting Merchant Vessels., Japan, Movement Of Merchant Vessels And Yachts., October 25, 1941 - June 9, 1942 (File 1353)",894.8591,1353,116,PaddleOCR,no,https://archive.org/details/japan-internal-affairs-894.8591-merchant-vessels-yachts-13,894.8591-1353.txt
894.8591-1647,japan-internal-affairs-894.8591-merchant-vessels-yachts-4,"894.8591 Merchant Vessels. Yachts. Immunities Of Government -Controlled., Other Matters Respecting Merchant Vessels., Japan, Movement Of Merchant Vessels And Yachts., July 27, 1948 (File 1647)",894.8591,1647,1,Mistral OCR,yes,https://archive.org/details/japan-internal-affairs-894.8591-merchant-vessels-yachts-4,894.8591-1647.txt
894.8592-1314,japan-internal-affairs-894.8592-merchant-vessels-yachts,"894.8592 Merchant Vessels. Yachts. Immunities Of Government -Controlled., Other Matters Respecting Merchant Vessels., Japan, Foreign Agencies., December 3, 1941 (File 1314)",894.8592,1314,1,Mistral OCR,yes,https://archive.org/details/japan-internal-affairs-894.8592-merchant-vessels-yachts,894.8592-1314.txt
894.8593-173,japan-internal-affairs-894.8593-merchant-vessels-yachts-4,"894.8593 Merchant Vessels. Yachts. Immunities Of Government -Controlled., Other Matters Respecting Merchant Vessels., Fueling. Fuel Stations. ** Country Of Regulation, Not Nationality Of Vessel. (File 173)",894.8593,173,1,Mistral OCR,yes,https://archive.org/details/japan-internal-affairs-894.8593-merchant-vessels-yachts-4,894.8593-173.txt
894.8593-1344,japan-internal-affairs-894.8593-merchant-vessels-yachts-1,"894.8593 Merchant Vessels. Yachts. Immunities Of Government -Controlled., Other Matters Respecting Merchant Vessels., Fueling. Fuel Stations. ** Country Of Regulation, Not Nationality Of Vessel., August 1, 1941 - April 20, 1942 (File 1344)",894.8593,1344,3,Mistral OCR,yes,https://archive.org/details/japan-internal-affairs-894.8593-merchant-vessels-yachts-1,894.8593-1344.txt
894.8593-1569,japan-internal-affairs-894.8593-merchant-vessels-yachts-2,"894.8593 Merchant Vessels. Yachts. Immunities Of Government -Controlled., Other Matters Respecting Merchant Vessels., Fueling. Fuel Stations. ** Country Of Regulation, Not Nationality Of Vessel., April 17, 1947 (File 1569)",894.8593,1569,1,Mistral OCR,yes,https://archive.org/details/japan-internal-affairs-894.8593-merchant-vessels-yachts-2,894.8593-1569.txt
894.8593-1570,japan-internal-affairs-894.8593-merchant-vessels-yachts-3,"894.8593 Merchant Vessels. Yachts. Immunities Of Government -Controlled., Other Matters Respecting Merchant Vessels., Fueling. Fuel Stations. ** Country Of Regulation, Not Nationality Of Vessel., April 17, 1947 (File 1570)",894.8593,1570,1,Mistral OCR,yes,https://archive.org/details/japan-internal-affairs-894.8593-merchant-vessels-yachts-3,894.8593-1570.txt
894.8595-174,japan-internal-affairs-894.8595-merchant-vessels-yachts-1,"894.8595 Merchant Vessels. Yachts. Immunities Of Government -Controlled., Other Matters Respecting Merchant Vessels., Japan, Arming. Armed Guards. Convoying. April 6, 1917. (File 174)",894.8595,174,1,Mistral OCR,yes,https://archive.org/details/japan-internal-affairs-894.8595-merchant-vessels-yachts-1,894.8595-174.txt
894.8595-1340,japan-internal-affairs-894.8595-merchant-vessels-yachts-2,"894.8595 Merchant Vessels. Yachts. Immunities Of Government -Controlled., Other Matters Respecting Merchant Vessels., Japan, Arming. Armed Guards. Convoying. April 6, 1917., March 27, 1942 (File 1340)",894.8595,1340,2,Mistral OCR,yes,https://archive.org/details/japan-internal-affairs-894.8595-merchant-vessels-yachts-2,894.8595-1340.txt
894.86-431,japan-internal-affairs-894.86-japan-seamen,"894.86 Japan, Seamen. (File 431)",894.86,431,1,Mistral OCR,yes,https://archive.org/details/japan-internal-affairs-894.86-japan-seamen,894.86-431.txt
894.86-1053,japan-internal-affairs-894.86-japan-seamen-october,"894.86 Japan, Seamen., October 27, 1938 - November 4, 1938 (File 1053)",894.86,1053,46,PaddleOCR,yes,https://archive.org/details/japan-internal-affairs-894.86-japan-seamen-october,894.86-1053.txt
894.86-1419,japan-internal-affairs-894.86-japan-seamen-september,"894.86 Japan, Seamen., September 11, 1940 - March 20, 1944 (File 1419)",894.86,1419,2,Mistral OCR,yes,https://archive.org/details/japan-internal-affairs-894.86-japan-seamen-september,894.86-1419.txt
894.861-432,japan-internal-affairs-894.861-seamen-japan-officers-2,"894.861 Seamen., Japan, Officers. (File 432)",894.861,432,1,Mistral OCR,yes,https://archive.org/details/japan-internal-affairs-894.861-seamen-japan-officers-2,894.861-432.txt
894.861-750,japan-internal-affairs-894.861-seamen-japan-officers-1,"894.861 Seamen., Japan, Officers., May 2, 1932 (File 750)",894.861,750,18,Mistral OCR,yes,https://archive.org/details/japan-internal-affairs-894.861-seamen-japan-officers-1,894.861-750.txt
894.862-433,japan-internal-affairs-894.862-seamen-japan-shipment-2,"894.862 Seamen., Japan, Shipment Of Seamen. (File 433)",894.862,433,1,Mistral OCR,yes,https://archive.org/details/japan-internal-affairs-894.862-seamen-japan-shipment-2,894.862-433.txt
894.862-966,japan-internal-affairs-894.862-seamen-japan-shipment-1,"894.862 Seamen., Japan, Shipment Of Seamen., August 25, 1937 (File 966)",894.862,966,1,Mistral OCR,yes,https://archive.org/details/japan-internal-affairs-894.862-seamen-japan-shipment-1,894.862-966.txt
894.866-434,japan-internal-affairs-894.866-seamen-japan-wages-2,"894.866 Seamen., Japan, Wages. Hours Of Labor. Bonuses. (File 434)",894.866,434,1,Mistral OCR,yes,https://archive.org/details/japan-internal-affairs-894.866-seamen-japan-wages-2,894.866-434.txt
894.866-1040,japan-internal-affairs-894.866-seamen-japan-wages-1,"894.866 Seamen., Japan, Wages. Hours Of Labor. Bonuses., December 5, 1934 - August 12, 1938 (File 1040)",894.866,1040,4,Mistral OCR,yes,https://archive.org/details/japan-internal-affairs-894.866-seamen-japan-wages-1,894.866-1040.txt
894.867-435,japan-internal-affairs-894.867-seamen-japan-relief-2,"894.867 Seamen., Japan, Relief. Medical Relief. (File 435)",894.867,435,1,Mistral OCR,yes,https://archive.org/details/japan-internal-affairs-894.867-seamen-japan-relief-2,894.867-435.txt
894.867-1049,japan-internal-affairs-894.867-seamen-japan-relief-1,"894.867 Seamen., Japan, Relief. Medical Relief., March 31, 1930 - October 15, 1938 (File 1049)",894.867,1049,3,Mistral OCR,yes,https://archive.org/details/japan-internal-affairs-894.867-seamen-japan-relief-1,894.867-1049.txt
894.91-176,japan-internal-affairs-894.91-japan-public-press-2,"894.91 Japan, Public Press. (File 176)",894.91,176,2,Mistral OCR,yes,https://archive.org/details/japan-internal-affairs-894.91-japan-public-press-2,894.91-176.txt
894.91-436,japan-internal-affairs-894.91-japan-public-press-3,"894.91 Japan, Public Press. (File 436)",894.91,436,1,Mistral OCR,yes,https://archive.org/details/japan-internal-affairs-894.91-japan-public-press-3,894.91-436.txt
894.91-832,japan-internal-affairs-894.91-japan-public-press-4,"894.91 Japan, Public Press., March 7, 1930 - October 11, 1934 (File 832)",894.91,832,51,PaddleOCR,yes,https://archive.org/details/japan-internal-affairs-894.91-japan-public-press-4,894.91-832.txt
894.91-1204,japan-internal-affairs-894.91-japan-public-press-1,"894.91 Japan, Public Press., April 16, 1940 - August 5, 1940 (File 1204)",894.91,1204,11,Mistral OCR,yes,https://archive.org/details/japan-internal-affairs-894.91-japan-public-press-1,894.91-1204.txt
894.91-1499,japan-internal-affairs-894.91-japan-public-press-5,"894.91 Japan, Public Press., June 29, 1945 - December 15, 1945 (File 1499)",894.91,1499,203,PaddleOCR,yes,https://archive.org/details/japan-internal-affairs-894.91-japan-public-press-5,894.91-1499.txt
894.911-175,japan-internal-affairs-894.911-public-press-japan-3,"894.911 Public Press., Japan, Newspapers. (File 175)",894.911,175,5,Mistral OCR,yes,https://archive.org/details/japan-internal-affairs-894.911-public-press-japan-3,894.911-175.txt
894.911-437,japan-internal-affairs-894.911-public-press-japan-4,"894.911 Public Press., Japan, Newspapers. (File 437)",894.911,437,6,Mistral OCR,yes,https://archive.org/details/japan-internal-affairs-894.911-public-press-japan-4,894.911-437.txt
894.911-831,japan-internal-affairs-894.911-public-press-japan-1,"894.911 Public Press., Japan, Newspapers., February 25, 1931 - September 25, 1934 (File 831)",894.911,831,6,Mistral OCR,yes,https://archive.org/details/japan-internal-affairs-894.911-public-press-japan-1,894.911-831.txt
894.911-1079,japan-internal-affairs-894.911-public-press-japan-5,"894.911 Public Press., Japan, Newspapers., November 6, 1930 - February 24, 1939 (File 1079)",894.911,1079,110,PaddleOCR,yes,https://archive.org/details/japan-internal-affairs-894.911-public-press-japan-5,894.911-1079.txt
894.911-1239,japan-internal-affairs-894.911-public-press-japan-6,"894.911 Public Press., Japan, Newspapers., March 13, 1940 - January 10, 1941 (File 1239)",894.911,1239,213,PaddleOCR,yes,https://archive.org/details/japan-internal-affairs-894.911-public-press-japan-6,894.911-1239.txt
894.911-1685,japan-internal-affairs-894.911-public-press-japan-7,"894.911 Public Press., Japan, Newspapers., September 5, 1945 - January 18, 1949 (File 1685)",894.911,1685,97,PaddleOCR,yes,https://archive.org/details/japan-internal-affairs-894.911-public-press-japan-7,894.911-1685.txt
894.911-1719,japan-internal-affairs-894.911-public-press-japan-2,"894.911 Public Press., Japan, Newspapers., March 25, 1949 - April 29, 1949 (File 1719)",894.911,1719,13,Mistral OCR,yes,https://archive.org/details/japan-internal-affairs-894.911-public-press-japan-2,894.911-1719.txt
894.9111-163,japan-internal-affairs-894.9111-public-press-newspapers-3,"894.9111 Public Press., Newspapers., Japan, Clippings And Items. (File 163)",894.9111,163,2,Mistral OCR,yes,https://archive.org/details/japan-internal-affairs-894.9111-public-press-newspapers-3,894.9111-163.txt
894.9111-452,japan-internal-affairs-894.9111-public-press-newspapers-4,"894.9111 Public Press., Newspapers., Japan, Clippings And Items. (File 452)",894.9111,452,1,Mistral OCR,yes,https://archive.org/details/japan-internal-affairs-894.9111-public-press-newspapers-4,894.9111-452.txt
894.9111-1078,japan-internal-affairs-894.9111-public-press-newspapers-1,"894.9111 Public Press., Newspapers., Japan, Clippings And Items., December 8, 1938 - February 24, 1939 (File 1078)",894.9111,1078,12,Mistral OCR,yes,https://archive.org/details/japan-internal-affairs-894.9111-public-press-newspapers-1,894.9111-1078.txt
894.9111-1444,japan-internal-affairs-894.9111-public-press-newspapers-5,"894.9111 Public Press., Newspapers., Japan, Clippings And Items., December 11, 1940 - August 21, 1944 (File 1444)",894.9111,1444,195,PaddleOCR,yes,https://archive.org/details/japan-internal-affairs-894.9111-public-press-newspapers-5,894.9111-1444.txt
894.9111-1692,japan-internal-affairs-894.9111-public-press-newspapers-6,"894.9111 Public Press., Newspapers., Japan, Clippings And Items., January 19, 1946 - February 8, 1949 (File 1692)",894.9111,1692,254,PaddleOCR,yes,https://archive.org/details/japan-internal-affairs-894.9111-public-press-newspapers-6,894.9111-1692.txt
894.9111-1838,japan-internal-affairs-894.9111-public-press-newspapers-2,"894.9111 Public Press., Newspapers., Japan, Clippings And Items., November 14, 1945 - December 30, 1949 (File 1838)",894.9111,1838,35,Mistral OCR,yes,https://archive.org/details/japan-internal-affairs-894.9111-public-press-newspapers-2,894.9111-1838.txt
894.912-451,japan-internal-affairs-894.912-public-press-japan-2,"894.912 Public Press., Japan, News-Gathering Agencies. (File 451)",894.912,451,2,Mistral OCR,yes,https://archive.org/details/japan-internal-affairs-894.912-public-press-japan-2,894.912-451.txt
894.912-1143,japan-internal-affairs-894.912-public-press-japan-1,"894.912 Public Press., Japan, News-Gathering Agencies., September 5, 1934 - October 28, 1939 (File 1143)",894.912,1143,14,Mistral OCR,yes,https://archive.org/details/japan-internal-affairs-894.912-public-press-japan-1,894.912-1143.txt
894.91200-1498,japan-internal-affairs-894.91200-public-press-news,"894.91200 Public Press., News-Gathering Agencies. Dissemination Of News.** Nationality. Field Of Operation., December 14, 1945 (File 1498)",894.91200,1498,1,Mistral OCR,yes,https://archive.org/details/japan-internal-affairs-894.91200-public-press-news,894.91200-1498.txt
894.91210-1330,japan-internal-affairs-894.91210-public-press-news,"894.91210 Public Press., News-Gathering Agencies. Dissemination Of News.** Nationality. Field Of Operation., February 9, 1942 (File 1330)",894.91210,1330,1,Mistral OCR,yes,https://archive.org/details/japan-internal-affairs-894.91210-public-press-news,894.91210-1330.txt
894.91211-162,japan-internal-affairs-894.91211-public-press-news-2,"894.91211 Public Press., News-Gathering Agencies. Dissemination Of News.** Nationality. Field Of Operation. (File 162)",894.91211,162,4,Mistral OCR,yes,https://archive.org/details/japan-internal-affairs-894.91211-public-press-news-2,894.91211-162.txt
894.91211-1365,japan-internal-affairs-894.91211-public-press-news-3,"894.91211 Public Press., News-Gathering Agencies. Dissemination Of News.** Nationality. Field Of Operation., October 15, 1940 - October 5, 1942 (File 1365)",894.91211,1365,56,PaddleOCR,yes,https://archive.org/details/japan-internal-affairs-894.91211-public-press-news-3,894.91211-1365.txt
894.91211-1780,japan-internal-affairs-894.91211-public-press-news-1,"894.91211 Public Press., News-Gathering Agencies. Dissemination Of News.** Nationality. Field Of Operation., March 25, 1949 - November 12, 1949 (File 1780)",894.91211,1780,17,Mistral OCR,yes,https://archive.org/details/japan-internal-affairs-894.91211-public-press-news-1,894.91211-1780.txt
894.91212-450,japan-internal-affairs-894.91212-public-press-news-2,"894.91212 Public Press., News-Gathering Agencies. Dissemination Of News.** Nationality. Field Of Operation. (File 450)",894.91212,450,1,Mistral OCR,yes,https://archive.org/details/japan-internal-affairs-894.91212-public-press-news-2,894.91212-450.txt
894.91212-1023,japan-internal-affairs-894.91212-public-press-news-1,"894.91212 Public Press., News-Gathering Agencies. Dissemination Of News.** Nationality. Field Of Operation., April 26, 1938 - June 13, 1938 (File 1023)",894.91212,1023,2,Mistral OCR,yes,https://archive.org/details/japan-internal-affairs-894.91212-public-press-news-1,894.91212-1023.txt
894.91233-168,japan-internal-affairs-894.91233-public-press-news,"894.91233 Public Press., News-Gathering Agencies. Dissemination Of News.** Nationality. Field Of Operation. (File 168)",894.91233,168,1,Mistral OCR,yes,https://archive.org/details/japan-internal-affairs-894.91233-public-press-news,894.91233-168.txt
894.91235-165,japan-internal-affairs-894.91235-public-press-news-2,"894.91235 Public Press., News-Gathering Agencies. Dissemination Of News.** Nationality. Field Of Operation. (File 165)",894.91235,165,1,Mistral OCR,yes,https://archive.org/details/japan-internal-affairs-894.91235-public-press-news-2,894.91235-165.txt
894.91235-1427,japan-internal-affairs-894.91235-public-press-news-1,"894.91235 Public Press., News-Gathering Agencies. Dissemination Of News.** Nationality. Field Of Operation., December 23, 1940 - May 1, 1944 (File 1427)",894.91235,1427,19,Mistral OCR,yes,https://archive.org/details/japan-internal-affairs-894.91235-public-press-news-1,894.91235-1427.txt
894.91240-1497,japan-internal-affairs-894.91240-public-press-news,"894.91240 Public Press., News-Gathering Agencies. Dissemination Of News.** Nationality. Field Of Operation., October 27, 1945 - November 9, 1945 (File 1497)",894.91240,1497,5,Mistral OCR,yes,https://archive.org/details/japan-internal-affairs-894.91240-public-press-news,894.91240-1497.txt
894.91246G-449,japan-internal-affairs-894.91246g-public-press-news-2,"894.91246G Public Press., News-Gathering Agencies. Dissemination Of News.** Nationality. Field Of Operation. (File 449)",894.91246G,449,1,Mistral OCR,yes,https://archive.org/details/japan-internal-affairs-894.91246g-public-press-news-2,894.91246G-449.txt
894.91246G-1020,japan-internal-affairs-894.91246g-public-press-news-1,"894.91246G Public Press., News-Gathering Agencies. Dissemination Of News.** Nationality. Field Of Operation., May 10th, 1938 (File 1020)",894.91246G,1020,3,Mistral OCR,yes,https://archive.org/details/japan-internal-affairs-894.91246g-public-press-news-1,894.91246G-1020.txt
894.91253-164,japan-internal-affairs-894.91253-public-press-news,"894.91253 Public Press., News-Gathering Agencies. Dissemination Of News.** Nationality. Field Of Operation. (File 164)",894.91253,164,1,Mistral OCR,yes,https://archive.org/details/japan-internal-affairs-894.91253-public-press-news,894.91253-164.txt
894.91254-1503,japan-internal-affairs-894.91254-public-press-news,"894.91254 Public Press., News-Gathering Agencies. Dissemination Of News.** Nationality. Field Of Operation., December 27, 1945 (File 1503)",894.91254,1503,2,Mistral OCR,yes,https://archive.org/details/japan-internal-affairs-894.91254-public-press-news,894.91254-1503.txt
894.91258-1480,japan-internal-affairs-894.91258-public-press-news-1,"894.91258 Public Press., News-Gathering Agencies. Dissemination Of News.** Nationality. Field Of Operation., December 29, 1944 (File 1480)",894.91258,1480,1,Mistral OCR,yes,https://archive.org/details/japan-internal-affairs-894.91258-public-press-news-1,894.91258-1480.txt
894.91258-1522,japan-internal-affairs-894.91258-public-press-news-2,"894.91258 Public Press., News-Gathering Agencies. Dissemination Of News.** Nationality. Field Of Operation., May 9, 1946 (File 1522)",894.91258,1522,3,Mistral OCR,yes,https://archive.org/details/japan-internal-affairs-894.91258-public-press-news-2,894.91258-1522.txt
894.91260C-448,japan-internal-affairs-894.91260c-public-press-news-2,"894.91260C Public Press., News-Gathering Agencies. Dissemination Of News.** Nationality. Field Of Operation. (File 448)",894.91260C,448,1,Mistral OCR,yes,https://archive.org/details/japan-internal-affairs-894.91260c-public-press-news-2,894.91260C-448.txt
894.91260C-820,japan-internal-affairs-894.91260c-public-press-news-1,"894.91260C Public Press., News-Gathering Agencies. Dissemination Of News.** Nationality. Field Of Operation., June 26, 1934 (File 820)",894.91260C,820,3,Mistral OCR,yes,https://archive.org/details/japan-internal-affairs-894.91260c-public-press-news-1,894.91260C-820.txt
894.91261-167,japan-internal-affairs-894.91261-public-press-news-2,"894.91261 Public Press., News-Gathering Agencies. Dissemination Of News.** Nationality. Field Of Operation. (File 167)",894.91261,167,1,Mistral OCR,yes,https://archive.org/details/japan-internal-affairs-894.91261-public-press-news-2,894.91261-167.txt
894.91261-1369,japan-internal-affairs-894.91261-public-press-news-1,"894.91261 Public Press., News-Gathering Agencies. Dissemination Of News.** Nationality. Field Of Operation., November, 1942 (File 1369)",894.91261,1369,1,Mistral OCR,yes,https://archive.org/details/japan-internal-affairs-894.91261-public-press-news-1,894.91261-1369.txt
894.91267-166,japan-internal-affairs-894.91267-public-press-news-2,"894.91267 Public Press., News-Gathering Agencies. Dissemination Of News.** Nationality. Field Of Operation. (File 166)",894.91267,166,1,Mistral OCR,yes,https://archive.org/details/japan-internal-affairs-894.91267-public-press-news-2,894.91267-166.txt
894.91267-1413,japan-internal-affairs-894.91267-public-press-news-1,"894.91267 Public Press., News-Gathering Agencies. Dissemination Of News.** Nationality. Field Of Operation., November 17, 1942 - January 29, 1944 (File 1413)",894.91267,1413,6,Mistral OCR,yes,https://archive.org/details/japan-internal-affairs-894.91267-public-press-news-1,894.91267-1413.txt
894.91293-170,japan-internal-affairs-894.91293-public-press-news-3,"894.91293 Public Press., News-Gathering Agencies. Dissemination Of News.** Nationality. Field Of Operation. (File 170)",894.91293,170,1,Mistral OCR,yes,https://archive.org/details/japan-internal-affairs-894.91293-public-press-news-3,894.91293-170.txt
894.91293-446,japan-internal-affairs-894.91293-public-press-news-4,"894.91293 Public Press., News-Gathering Agencies. Dissemination Of News.** Nationality. Field Of Operation. (File 446)",894.91293,446,1,Mistral OCR,yes,https://archive.org/details/japan-internal-affairs-894.91293-public-press-news-4,894.91293-446.txt
894.91293-766,japan-internal-affairs-894.91293-public-press-news-1,"894.91293 Public Press., News-Gathering Agencies. Dissemination Of News.** Nationality. Field Of Operation., May 8, 1931 - December 27, 1932 (File 766)",894.91293,766,13,Mistral OCR,yes,https://archive.org/details/japan-internal-affairs-894.91293-public-press-news-1,894.91293-766.txt
894.91293-1242,japan-internal-affairs-894.91293-public-press-news-2,"894.91293 Public Press., News-Gathering Agencies. Dissemination Of News.** Nationality. Field Of Operation., April 11, 1940 - January 28, 1941 (File 1242)",894.91293,1242,4,Mistral OCR,yes,https://archive.org/details/japan-internal-affairs-894.91293-public-press-news-2,894.91293-1242.txt
894.916-1551,japan-internal-affairs-894.916-public-press-japan,"894.916 Public Press., Japan, Books, Printing, Publications., July 23, 1946 - December 12, 1946 (File 1551)",894.916,1551,16,Mistral OCR,yes,https://archive.org/details/japan-internal-affairs-894.916-public-press-japan,894.916-1551.txt
894.917-169,japan-internal-affairs-894.917-public-press-japan,"894.917 Public Press., Japan, Periodicals. (File 169)",894.917,169,2,Mistral OCR,yes,https://archive.org/details/japan-internal-affairs-894.917-public-press-japan,894.917-169.txt
894.917-1407,japan-internal-affairs-894.917-public-press-japan-2,"894.917 Public Press., Japan, Periodicals., March 15, 1940 - December 3, 1943 (File 1407)",894.917,1407,81,PaddleOCR,yes,https://archive.org/details/japan-internal-affairs-894.917-public-press-japan-2,894.917-1407.txt
894.917-1628,japan-internal-affairs-894.917-public-press-japan-3,"894.917 Public Press., Japan, Periodicals., October 23, 1945 - April 20, 1948 (File 1628)",894.917,1628,145,PaddleOCR,yes,https://archive.org/details/japan-internal-affairs-894.917-public-press-japan-3,894.917-1628.txt
894.918-171,japan-internal-affairs-894.918-public-press-japan-2,"894.918 Public Press., Japan, Restriction Of The Press. Censorship. (File 171)",894.918,171,3,Mistral OCR,yes,https://archive.org/details/japan-internal-affairs-894.918-public-press-japan-2,894.918-171.txt
894.918-447,japan-internal-affairs-894.918-public-press-japan-3,"894.918 Public Press., Japan, Restriction Of The Press. Censorship. (File 447)",894.918,447,4,Mistral OCR,yes,https://archive.org/details/japan-internal-affairs-894.918-public-press-japan-3,894.918-447.txt
894.918-1108,japan-internal-affairs-894.918-public-press-japan-4,"894.918 Public Press., Japan, Restriction Of The Press. Censorship., December 30, 1930 - July 6, 1939 (File 1108)",894.918,1108,104,PaddleOCR,yes,https://archive.org/details/japan-internal-affairs-894.918-public-press-japan-4,894.918-1108.txt
894.918-1305,japan-internal-affairs-894.918-public-press-japan-1,"894.918 Public Press., Japan, Restriction Of The Press. Censorship., January 15, 1940 - October 9, 1941 (File 1305)",894.918,1305,28,Mistral OCR,yes,https://archive.org/details/japan-internal-affairs-894.918-public-press-japan-1,894.918-1305.txt
894.918-1565,japan-internal-affairs-894.918-public-press-japan-5,"894.918 Public Press., Japan, Restriction Of The Press. Censorship., March 10, 1947 - March 15, 1947 (File 1565)",894.918,1565,54,PaddleOCR,yes,https://archive.org/details/japan-internal-affairs-894.918-public-press-japan-5,894.918-1565.txt
894.92-1760,japan-internal-affairs-894.92-japan-science-philosophy,"894.92 Japan, Science. Philosophy., October 6, 1945 - August 29, 1949 (File 1760)",894.92,1760,247,PaddleOCR,yes,https://archive.org/details/japan-internal-affairs-894.92-japan-science-philosophy,894.92-1760.txt
894.924-31,japan-internal-affairs-894.924-science-philosophy-japan-2,"894.924 Science. Philosophy., Japan, Geology. (File 31)",894.924,31,1,Mistral OCR,yes,https://archive.org/details/japan-internal-affairs-894.924-science-philosophy-japan-2,894.924-31.txt
894.924-144,japan-internal-affairs-894.924-science-philosophy-japan-3,"894.924 Science. Philosophy., Japan, Geology. (File 144)",894.924,144,1,Mistral OCR,yes,https://archive.org/details/japan-internal-affairs-894.924-science-philosophy-japan-3,894.924-144.txt
894.924-1805,japan-internal-affairs-894.924-science-philosophy-japan-1,"894.924 Science. Philosophy., Japan, Geology., December 9, 1949 (File 1805)",894.924,1805,1,Mistral OCR,yes,https://archive.org/details/japan-internal-affairs-894.924-science-philosophy-japan-1,894.924-1805.txt
894.9243-1761,japan-internal-affairs-894.9243-science-philosophy-geology,"894.9243 Science. Philosophy., Geology., Japan, Meteorology., April 16, 1947 - September 3, 1949 (File 1761)",894.9243,1761,30,Mistral OCR,yes,https://archive.org/details/japan-internal-affairs-894.9243-science-philosophy-geology,894.9243-1761.txt
894.9251-445,japan-internal-affairs-894.9251-science-philosophy-physics,"894.9251 Science. Philosophy., Physics., Japan, Weights And Measures. (File 445)",894.9251,445,1,Mistral OCR,yes,https://archive.org/details/japan-internal-affairs-894.9251-science-philosophy-physics,894.9251-445.txt
894.9251-1571,japan-internal-affairs-894.9251-science-philosophy-physics-2,"894.9251 Science. Philosophy., Physics., Japan, Weights And Measures., April 19, 1947 (File 1571)",894.9251,1571,58,PaddleOCR,yes,https://archive.org/details/japan-internal-affairs-894.9251-science-philosophy-physics-2,894.9251-1571.txt
894.92511-147,japan-internal-affairs-894.92511-science-philosophy-physics-2,"894.92511 Science. Philosophy., Physics., Weights And Measures., Japan, Time. Calendar. (File 147)",894.92511,147,1,Mistral OCR,yes,https://archive.org/details/japan-internal-affairs-894.92511-science-philosophy-physics-2,894.92511-147.txt
894.92511-1411,japan-internal-affairs-894.92511-science-philosophy-physics-1,"894.92511 Science. Philosophy., Physics., Weights And Measures., Japan, Time. Calendar., January 12, 1944 (File 1411)",894.92511,1411,2,Mistral OCR,yes,https://archive.org/details/japan-internal-affairs-894.92511-science-philosophy-physics-1,894.92511-1411.txt
894.927-444,japan-internal-affairs-894.927-science-philosophy-japan-2,"894.927 Science. Philosophy., Japan, Anthropology. Ethnology. Ethnography. Archaeology. (File 444)",894.927,444,1,Mistral OCR,yes,https://archive.org/details/japan-internal-affairs-894.927-science-philosophy-japan-2,894.927-444.txt
894.927-917,japan-internal-affairs-894.927-science-philosophy-japan-1,"894.927 Science. Philosophy., Japan, Anthropology. Ethnology. Ethnography. Archaeology., July 3, 1936 (File 917)",894.927,917,13,Mistral OCR,yes,https://archive.org/details/japan-internal-affairs-894.927-science-philosophy-japan-1,894.927-917.txt
894A.00-146,japan-internal-affairs-894a.00-formosa-taiwan-political-2,"894A.00 Formosa. Taiwan, Political Affairs. (File 146)",894A.00,146,2,Mistral OCR,yes,https://archive.org/details/japan-internal-affairs-894a.00-formosa-taiwan-political-2,894A.00-146.txt
894A.00-442,japan-internal-affairs-894a.00-formosa-taiwan-political-3,"894A.00 Formosa. Taiwan, Political Affairs. (File 442)",894A.00,442,2,Mistral OCR,yes,https://archive.org/details/japan-internal-affairs-894a.00-formosa-taiwan-political-3,894A.00-442.txt
894A.00-1181,japan-internal-affairs-894a.00-formosa-taiwan-political-4,"894A.00 Formosa. Taiwan, Political Affairs., February 7, 1931 - March 8, 1940 (File 1181)",894A.00,1181,156,PaddleOCR,yes,https://archive.org/details/japan-internal-affairs-894a.00-formosa-taiwan-political-4,894A.00-1181.txt
894A.00-1454,japan-internal-affairs-894a.00-formosa-taiwan-political-1,"894A.00 Formosa. Taiwan, Political Affairs., September 16, 1940 - October 9, 1944 (File 1454)",894A.00,1454,15,Mistral OCR,yes,https://archive.org/details/japan-internal-affairs-894a.00-formosa-taiwan-political-1,894A.00-1454.txt
894A.001-145,japan-internal-affairs-894a.001-political-affairs-formosa-3,"894A.001 Political Affairs., Formosa. Taiwan, Chief Executive. Sovereign. Visits. (File 145)",894A.001,145,1,Mistral OCR,yes,https://archive.org/details/japan-internal-affairs-894a.001-political-affairs-formosa-3,894A.001-145.txt
894A.001-443,japan-internal-affairs-894a.001-political-affairs-formosa-4,"894A.001 Political Affairs., Formosa. Taiwan, Chief Executive. Sovereign. Visits. (File 443)",894A.001,443,2,Mistral OCR,yes,https://archive.org/details/japan-internal-affairs-894a.001-political-affairs-formosa-4,894A.001-443.txt
894A.001-947,japan-internal-affairs-894a.001-political-affairs-formosa-1,"894A.001 Political Affairs., Formosa. Taiwan, Chief Executive. Sovereign. Visits., January 15, 1931 - April 8, 1937 (File 947)",894A.001,947,13,Mistral OCR,yes,https://archive.org/details/japan-internal-affairs-894a.001-political-affairs-formosa-1,894A.001-947.txt
894A.001-1228,japan-internal-affairs-894a.001-political-affairs-formosa-2,"894A.001 Political Affairs., Formosa. Taiwan, Chief Executive. Sovereign. Visits., November 29, 1940 - December 1, 1940 (File 1228)",894A.001,1228,4,Mistral OCR,yes,https://archive.org/details/japan-internal-affairs-894a.001-political-affairs-formosa-2,894A.001-1228.txt
894A.01-151,japan-internal-affairs-894a.01-formosa-taiwan-government-3,"894A.01 Formosa. Taiwan, Government. Mandates, Recognition. (File 151)",894A.01,151,1,Mistral OCR,yes,https://archive.org/details/japan-internal-affairs-894a.01-formosa-taiwan-government-3,894A.01-151.txt
894A.01-441,japan-internal-affairs-894a.01-formosa-taiwan-government-4,"894A.01 Formosa. Taiwan, Government. Mandates, Recognition. (File 441)",894A.01,441,1,Mistral OCR,yes,https://archive.org/details/japan-internal-affairs-894a.01-formosa-taiwan-government-4,894A.01-441.txt
894A.01-740,japan-internal-affairs-894a.01-formosa-taiwan-government-1,"894A.01 Formosa. Taiwan, Government. Mandates, Recognition., March 9, 1932 (File 740)",894A.01,740,3,Mistral OCR,yes,https://archive.org/details/japan-internal-affairs-894a.01-formosa-taiwan-government-1,894A.01-740.txt
894A.01-1346,japan-internal-affairs-894a.01-formosa-taiwan-government-2,"894A.01 Formosa. Taiwan, Government. Mandates, Recognition., February 24, 1942 - April 29, 1942 (File 1346)",894A.01,1346,30,Mistral OCR,yes,https://archive.org/details/japan-internal-affairs-894a.01-formosa-taiwan-government-2,894A.01-1346.txt
894A.014-150,japan-internal-affairs-894a.014-government-mandates-recognition-1,"894A.014 Government. Mandates, Recognition., Formosa. Taiwan, Territory. Maps (File 150)",894A.014,150,1,Mistral OCR,yes,https://archive.org/details/japan-internal-affairs-894a.014-government-mandates-recognition-1,894A.014-150.txt
894A.014-417,japan-internal-affairs-894a.014-government-mandates-recognition-2,"894A.014 Government. Mandates, Recognition., Formosa. Taiwan, Territory. Maps (File 417)",894A.014,417,1,Mistral OCR,yes,https://archive.org/details/japan-internal-affairs-894a.014-government-mandates-recognition-2,894A.014-417.txt
894A.014-1430,japan-internal-affairs-894a.014-government-mandates-recognition-3,"894A.014 Government. Mandates, Recognition., Formosa. Taiwan, Territory. Maps, February 17, 1942 - June 15, 1944 (File 1430)",894A.014,1430,64,PaddleOCR,yes,https://archive.org/details/japan-internal-affairs-894a.014-government-mandates-recognition-3,894A.014-1430.txt
894A.111-149,japan-internal-affairs-894a.111-regulations-governing-formosa-3,"894A.111 Regulations Governing, Formosa. Taiwan, Residence, Trade, Travel, And Foreign Courier Travel. (File 149)",894A.111,149,1,Mistral OCR,yes,https://archive.org/details/japan-internal-affairs-894a.111-regulations-governing-formosa-3,894A.111-149.txt
894A.111-419,japan-internal-affairs-894a.111-regulations-governing-formosa-4,"894A.111 Regulations Governing, Formosa. Taiwan, Residence, Trade, Travel, And Foreign Courier Travel. (File 419)",894A.111,419,1,Mistral OCR,yes,https://archive.org/details/japan-internal-affairs-894a.111-regulations-governing-formosa-4,894A.111-419.txt
894A.111-1014,japan-internal-affairs-894a.111-regulations-governing-formosa-1,"894A.111 Regulations Governing, Formosa. Taiwan, Residence, Trade, Travel, And Foreign Courier Travel., November 17, 1934 - April 9, 1938 (File 1014)",894A.111,1014,16,Mistral OCR,yes,https://archive.org/details/japan-internal-affairs-894a.111-regulations-governing-formosa-1,894A.111-1014.txt
894A.111-1292,japan-internal-affairs-894a.111-regulations-governing-formosa-2,"894A.111 Regulations Governing, Formosa. Taiwan, Residence, Trade, Travel, And Foreign Courier Travel., August 27, 1941 (File 1292)",894A.111,1292,3,Mistral OCR,yes,https://archive.org/details/japan-internal-affairs-894a.111-regulations-governing-formosa-2,894A.111-1292.txt
894A.114-418,japan-internal-affairs-894a.114-regulations-governing-formosa-4,"894A.114 Regulations Governing, Formosa. Taiwan, Traffic In Liquors And Habit-Forming Drugs. Each Subdivision Will Be Made A Separate Case. (File 418)",894A.114,418,5,Mistral OCR,yes,https://archive.org/details/japan-internal-affairs-894a.114-regulations-governing-formosa-4,894A.114-418.txt
894A.114-698,japan-internal-affairs-894a.114-regulations-governing-formosa-1,"894A.114 Regulations Governing, Formosa. Taiwan, Traffic In Liquors And Habit-Forming Drugs. Each Subdivision Will Be Made A Separate Case., February 24, 1930 - April 7, 1930 (File 698)",894A.114,698,33,Mistral OCR,yes,https://archive.org/details/japan-internal-affairs-894a.114-regulations-governing-formosa-1,894A.114-698.txt
894A.114-700,japan-internal-affairs-894a.114-regulations-governing-formosa-2,"894A.114 Regulations Governing, Formosa. Taiwan, Traffic In Liquors And Habit-Forming Drugs. Each Subdivision Will Be Made A Separate Case., May 9, 1930 (File 700)",894A.114,700,1,Mistral OCR,yes,https://archive.org/details/japan-internal-affairs-894a.114-regulations-governing-formosa-2,894A.114-700.txt
894A.114-1086,japan-internal-affairs-894a.114-regulations-governing-formosa-5,"894A.114 Regulations Governing, Formosa. Taiwan, Traffic In Liquors And Habit-Forming Drugs. Each Subdivision Will Be Made A Separate Case., February 16, 1931 - March 17, 1939 (File 1086)",894A.114,1086,200,PaddleOCR,yes,https://archive.org/details/japan-internal-affairs-894a.114-regulations-governing-formosa-5,894A.114-1086.txt
894A.114-1471,japan-internal-affairs-894a.114-regulations-governing-formosa-3,"894A.114 Regulations Governing, Formosa. Taiwan, Traffic In Liquors And Habit-Forming Drugs. Each Subdivision Will Be Made A Separate Case., November 25, 1944 - December 6, 1944 (File 1471)",894A.114,1471,32,Mistral OCR,yes,https://archive.org/details/japan-internal-affairs-894a.114-regulations-governing-formosa-3,894A.114-1471.txt
894A.156-416,japan-internal-affairs-894a.156-public-works-formosa-2,"894A.156 Public Works., Formosa. Taiwan, Harbors. (File 416)",894A.156,416,1,Mistral OCR,yes,https://archive.org/details/japan-internal-affairs-894a.156-public-works-formosa-2,894A.156-416.txt
894A.156-1128,japan-internal-affairs-894a.156-public-works-formosa-1,"894A.156 Public Works., Formosa. Taiwan, Harbors., June 22, 1938 - October 2, 1939 (File 1128)",894A.156,1128,2,Mistral OCR,yes,https://archive.org/details/japan-internal-affairs-894a.156-public-works-formosa-1,894A.156-1128.txt
894A.20-148,japan-internal-affairs-894a.20-military-affairs-army-2,894A.20 Military Affairs. Army. Army Posts. Fortifications. Defenses. Military Instructors Advisers. ** Country In Which Serving. (File 148),894A.20,148,1,Mistral OCR,yes,https://archive.org/details/japan-internal-affairs-894a.20-military-affairs-army-2,894A.20-148.txt
894A.20-674,japan-internal-affairs-894a.20-military-affairs-army-3,894A.20 Military Affairs. Army. Army Posts. Fortifications. Defenses. Military Instructors Advisers. ** Country In Which Serving. (File 674),894A.20,674,2,Mistral OCR,yes,https://archive.org/details/japan-internal-affairs-894a.20-military-affairs-army-3,894A.20-674.txt
894A.20-967,japan-internal-affairs-894a.20-military-affairs-army-4,"894A.20 Military Affairs. Army. Army Posts. Fortifications. Defenses. Military Instructors Advisers. ** Country In Which Serving., August 25, 1935 - August 27, 1937 (File 967)",894A.20,967,51,PaddleOCR,yes,https://archive.org/details/japan-internal-affairs-894a.20-military-affairs-army-4,894A.20-967.txt
894A.20-1393,japan-internal-affairs-894a.20-military-affairs-army-1,"894A.20 Military Affairs. Army. Army Posts. Fortifications. Defenses. Military Instructors Advisers. ** Country In Which Serving., November 10, 1941 - July 21, 1943 (File 1393)",894A.20,1393,14,Mistral OCR,yes,https://archive.org/details/japan-internal-affairs-894a.20-military-affairs-army-1,894A.20-1393.txt
894A.202-673,japan-internal-affairs-894a.202-military-affairs-army-2,"894A.202 Military Affairs. Army. Army Posts. Fortifications. Defenses. Military Instructors Advisers. ** Country In Which Serving., Formosa. Taiwan, Military Activities. (File 673)",894A.202,673,1,Mistral OCR,yes,https://archive.org/details/japan-internal-affairs-894a.202-military-affairs-army-2,894A.202-673.txt
894A.202-1011,japan-internal-affairs-894a.202-military-affairs-army-1,"894A.202 Military Affairs. Army. Army Posts. Fortifications. Defenses. Military Instructors Advisers. ** Country In Which Serving., Formosa. Taiwan, Military Activities., March 28, 1938 (File 1011)",894A.202,1011,10,Mistral OCR,yes,https://archive.org/details/japan-internal-affairs-894a.202-military-affairs-army-1,894A.202-1011.txt
894A.248-668,japan-internal-affairs-894a.248-equipment-and-supplies-2,"894A.248 Equipment And Supplies., Formosa. Taiwan, Aircraft. Accidents.Landing Fields. Stations. (File 668)",894A.248,668,1,Mistral OCR,yes,https://archive.org/details/japan-internal-affairs-894a.248-equipment-and-supplies-2,894A.248-668.txt
894A.248-869,japan-internal-affairs-894a.248-equipment-and-supplies-1,"894A.248 Equipment And Supplies., Formosa. Taiwan, Aircraft. Accidents.Landing Fields. Stations., June 27, 1935 (File 869)",894A.248,869,3,Mistral OCR,yes,https://archive.org/details/japan-internal-affairs-894a.248-equipment-and-supplies-1,894A.248-869.txt
894A.4016-667,japan-internal-affairs-894a.4016-social-matters-people-2,"894A.4016 Social Matters., People., Formosa. Taiwan, Race Problems. Racial Disturbances, Their Suppression. Massacres. Pogroms. (File 667)",894A.4016,667,1,Mistral OCR,yes,https://archive.org/details/japan-internal-affairs-894a.4016-social-matters-people-2,894A.4016-667.txt
894A.4016-874,japan-internal-affairs-894a.4016-social-matters-people-1,"894A.4016 Social Matters., People., Formosa. Taiwan, Race Problems. Racial Disturbances, Their Suppression. Massacres. Pogroms., October 31, 1930 - August 12, 1935 (File 874)",894A.4016,874,13,Mistral OCR,yes,https://archive.org/details/japan-internal-affairs-894a.4016-social-matters-people-1,894A.4016-874.txt
894A.43-152,japan-internal-affairs-894a.43-formosa-taiwan-societies-2,"894A.43 Formosa. Taiwan, Societies. Arranged Alphabetically. (File 152)",894A.43,152,1,Mistral OCR,yes,https://archive.org/details/japan-internal-affairs-894a.43-formosa-taiwan-societies-2,894A.43-152.txt
894A.43-1294,japan-internal-affairs-894a.43-formosa-taiwan-societies-1,"894A.43 Formosa. Taiwan, Societies. Arranged Alphabetically., August 29, 1941 (File 1294)",894A.43,1294,4,Mistral OCR,yes,https://archive.org/details/japan-internal-affairs-894a.43-formosa-taiwan-societies-1,894A.43-1294.txt
894A.463-670,japan-internal-affairs-894a.463-entertainment-in-formosa-2,"894A.463 Entertainment In Formosa. Taiwan., Formosa. Taiwan, By Resident Officers Of The United States. (File 670)",894A.463,670,1,Mistral OCR,yes,https://archive.org/details/japan-internal-affairs-894a.463-entertainment-in-formosa-2,894A.463-670.txt
894A.463-918,japan-internal-affairs-894a.463-entertainment-in-formosa-1,"894A.463 Entertainment In Formosa. Taiwan., Formosa. Taiwan, By Resident Officers Of The United States., July 8, 1935 - July 7, 1936 (File 918)",894A.463,918,11,Mistral OCR,yes,https://archive.org/details/japan-internal-affairs-894a.463-entertainment-in-formosa-1,894A.463-918.txt
894A.48-669,japan-internal-affairs-894a.48-formosa-taiwan-calamities-3,"894A.48 Formosa. Taiwan, Calamities. Disasters. Earthquake. Hurricane. Fire. Flood. Famine. Disease. Relief Measures. (File 669)",894A.48,669,2,Mistral OCR,yes,https://archive.org/details/japan-internal-affairs-894a.48-formosa-taiwan-calamities-3,894A.48-669.txt
894A.48-872,japan-internal-affairs-894a.48-formosa-taiwan-calamities-1,"894A.48 Formosa. Taiwan, Calamities. Disasters. Earthquake. Hurricane. Fire. Flood. Famine. Disease. Relief Measures., April 21, 1935 - July 17, 1935 (File 872)",894A.48,872,27,Mistral OCR,yes,https://archive.org/details/japan-internal-affairs-894a.48-formosa-taiwan-calamities-1,894A.48-872.txt
894A.48-1233,japan-internal-affairs-894a.48-formosa-taiwan-calamities-2,"894A.48 Formosa. Taiwan, Calamities. Disasters. Earthquake. Hurricane. Fire. Flood. Famine. Disease. Relief Measures., September 3, 1940 - December 21, 1940 (File 1233)",894A.48,1233,6,Mistral OCR,yes,https://archive.org/details/japan-internal-affairs-894a.48-formosa-taiwan-calamities-2,894A.48-1233.txt
894A.50-154,japan-internal-affairs-894a.50-formosa-taiwan-economic-3,"894A.50 Formosa. Taiwan, Economic Matters. (File 154)",894A.50,154,1,Mistral OCR,yes,https://archive.org/details/japan-internal-affairs-894a.50-formosa-taiwan-economic-3,894A.50-154.txt
894A.50-664,japan-internal-affairs-894a.50-formosa-taiwan-economic-4,"894A.50 Formosa. Taiwan, Economic Matters. (File 664)",894A.50,664,1,Mistral OCR,yes,https://archive.org/details/japan-internal-affairs-894a.50-formosa-taiwan-economic-4,894A.50-664.txt
894A.50-721,japan-internal-affairs-894a.50-formosa-taiwan-economic-5,"894A.50 Formosa. Taiwan, Economic Matters., January 20, 1931 - February 14, 1931 (File 721)",894A.50,721,44,PaddleOCR,yes,https://archive.org/details/japan-internal-affairs-894a.50-formosa-taiwan-economic-5,894A.50-721.txt
894A.50-1433,japan-internal-affairs-894a.50-formosa-taiwan-economic-2,"894A.50 Formosa. Taiwan, Economic Matters., April 24, 1944 - June 22, 1944 (File 1433)",894A.50,1433,2,Mistral OCR,yes,https://archive.org/details/japan-internal-affairs-894a.50-formosa-taiwan-economic-2,894A.50-1433.txt
894A.50-1470,japan-internal-affairs-894a.50-formosa-taiwan-economic-1,"894A.50 Formosa. Taiwan, Economic Matters., March 28, 1941 - November 30, 1944 (File 1470)",894A.50,1470,12,Mistral OCR,yes,https://archive.org/details/japan-internal-affairs-894a.50-formosa-taiwan-economic-1,894A.50-1470.txt
894A.503146E-666,japan-internal-affairs-894a.503146e-economic-matters-capital-2,"894A.503146E Economic Matters., Capital., Investment Of, Or Field For Investment Of, Capital Of Formosa. Taiwan In Federated And Unfederated Malay States. (File 666)",894A.503146E,666,1,Mistral OCR,yes,https://archive.org/details/japan-internal-affairs-894a.503146e-economic-matters-capital-2,894A.503146E-666.txt
894A.503146E-934,japan-internal-affairs-894a.503146e-economic-matters-capital-1,"894A.503146E Economic Matters., Capital., Investment Of, Or Field For Investment Of, Capital Of Formosa. Taiwan In Federated And Unfederated Malay States., October 19, 1936 (File 934)",894A.503146E,934,1,Mistral OCR,yes,https://archive.org/details/japan-internal-affairs-894a.503146e-economic-matters-capital-1,894A.503146E-934.txt
894A.503156D-665,japan-internal-affairs-894a.503156d-economic-matters-capital-2,"894A.503156D Economic Matters., Capital., Investment Of, Or Field For Investment Of, Capital Of Japan In Netherlands Indies. (File 665)",894A.503156D,665,1,Mistral OCR,yes,https://archive.org/details/japan-internal-affairs-894a.503156d-economic-matters-capital-2,894A.503156D-665.txt
894A.503156D-935,japan-internal-affairs-894a.503156d-economic-matters-capital-1,"894A.503156D Economic Matters., Capital., Investment Of, Or Field For Investment Of, Capital Of Japan In Netherlands Indies., October 19, 1936 (File 935)",894A.503156D,935,1,Mistral OCR,yes,https://archive.org/details/japan-internal-affairs-894a.503156d-economic-matters-capital-1,894A.503156D-935.txt
894A.5034-672,japan-internal-affairs-894a.5034-economic-matters-capital-2,"894A.5034 Economic Matters., Capital., Formosa. Taiwan, Corporations, Other Businesses. Formulation. Regulation. Bond Issues. Stock Certificates. (File 672)",894A.5034,672,1,Mistral OCR,yes,https://archive.org/details/japan-internal-affairs-894a.5034-economic-matters-capital-2,894A.5034-672.txt
894A.5034-1067,japan-internal-affairs-894a.5034-economic-matters-capital-1,"894A.5034 Economic Matters., Capital., Formosa. Taiwan, Corporations, Other Businesses. Formulation. Regulation. Bond Issues. Stock Certificates., December 23, 1938 (File 1067)",894A.5034,1067,16,Mistral OCR,yes,https://archive.org/details/japan-internal-affairs-894a.5034-economic-matters-capital-1,894A.5034-1067.txt
894A.504-671,japan-internal-affairs-894a.504-economic-matters-formosa-2,"894A.504 Economic Matters., Formosa. Taiwan, Labor. (File 671)",894A.504,671,1,Mistral OCR,yes,https://archive.org/details/japan-internal-affairs-894a.504-economic-matters-formosa-2,894A.504-671.txt
894A.504-836,japan-internal-affairs-894a.504-economic-matters-formosa-1,"894A.504 Economic Matters., Formosa. Taiwan, Labor., November 15, 1932 - November 17, 1934 (File 836)",894A.504,836,5,Mistral OCR,yes,https://archive.org/details/japan-internal-affairs-894a.504-economic-matters-formosa-1,894A.504-836.txt
894A.5041-691,japan-internal-affairs-894a.5041-economic-matters-labor-2,"894A.5041 Economic Matters., Labor., Formosa. Taiwan, Hours. Wages. (File 691)",894A.5041,691,1,Mistral OCR,yes,https://archive.org/details/japan-internal-affairs-894a.5041-economic-matters-labor-2,894A.5041-691.txt
894A.5041-1034,japan-internal-affairs-894a.5041-economic-matters-labor-1,"894A.5041 Economic Matters., Labor., Formosa. Taiwan, Hours. Wages., October 14, 1931 - July 13, 1938 (File 1034)",894A.5041,1034,21,Mistral OCR,yes,https://archive.org/details/japan-internal-affairs-894a.5041-economic-matters-labor-1,894A.5041-1034.txt
894A.51-685,japan-internal-affairs-894a.51-formosa-taiwan-financial-2,"894A.51 Formosa. Taiwan, Financial Conditions. Budget. Dept. Bond Issues. Loans. Public Securities. Credits. (File 685)",894A.51,685,2,Mistral OCR,yes,https://archive.org/details/japan-internal-affairs-894a.51-formosa-taiwan-financial-2,894A.51-685.txt
894A.51-1153,japan-internal-affairs-894a.51-formosa-taiwan-financial-3,"894A.51 Formosa. Taiwan, Financial Conditions. Budget. Dept. Bond Issues. Loans. Public Securities. Credits., November 4, 1930 - December 4, 1939 (File 1153)",894A.51,1153,117,PaddleOCR,yes,https://archive.org/details/japan-internal-affairs-894a.51-formosa-taiwan-financial-3,894A.51-1153.txt
894A.51-1749,japan-internal-affairs-894a.51-formosa-taiwan-financial-1,"894A.51 Formosa. Taiwan, Financial Conditions. Budget. Dept. Bond Issues. Loans. Public Securities. Credits., July 28, 1949 (File 1749)",894A.51,1749,3,Mistral OCR,yes,https://archive.org/details/japan-internal-affairs-894a.51-formosa-taiwan-financial-1,894A.51-1749.txt
894A.512-684,japan-internal-affairs-894a.512-financial-conditions-budget-1,"894A.512 Financial Conditions. Budget. Dept. Bond Issues. Loans. Public Securities. Credits., Taxation. Processing Tax. For Treaties, Conventions, Arrangements, Ect., Add Country Number, Using Smaller Number Of Country For **. (File 684)",894A.512,684,1,Mistral OCR,yes,https://archive.org/details/japan-internal-affairs-894a.512-financial-conditions-budget-1,894A.512-684.txt
894A.512-980,japan-internal-affairs-894a.512-financial-conditions-budget-2,"894A.512 Financial Conditions. Budget. Dept. Bond Issues. Loans. Public Securities. Credits., Taxation. Processing Tax. For Treaties, Conventions, Arrangements, Ect., Add Country Number, Using Smaller Number Of Country For **., November (File 980)",894A.512,980,4,Mistral OCR,yes,https://archive.org/details/japan-internal-affairs-894a.512-financial-conditions-budget-2,894A.512-980.txt
894A.5151-683,japan-internal-affairs-894a.5151-financial-conditions-budget-2,"894A.5151 Financial Conditions. Budget. Dept. Bond Issues. Loans. Public Securities. Credits., Monetary System. Coinage. Currency. Mint. Bullion., Formosa. Taiwan, Exchange. (File 683)",894A.5151,683,1,Mistral OCR,yes,https://archive.org/details/japan-internal-affairs-894a.5151-financial-conditions-budget-2,894A.5151-683.txt
894A.5151-941,japan-internal-affairs-894a.5151-financial-conditions-budget-1,"894A.5151 Financial Conditions. Budget. Dept. Bond Issues. Loans. Public Securities. Credits., Monetary System. Coinage. Currency. Mint. Bullion., Formosa. Taiwan, Exchange., January 19, 1937 (File 941)",894A.5151,941,36,Mistral OCR,yes,https://archive.org/details/japan-internal-affairs-894a.5151-financial-conditions-budget-1,894A.5151-941.txt
894A.516-689,japan-internal-affairs-894a.516-financial-conditions-budget-2,"894A.516 Financial Conditions. Budget. Dept. Bond Issues. Loans. Public Securities. Credits., Formosa. Taiwan, Banks. Banking. (File 689)",894A.516,689,1,Mistral OCR,yes,https://archive.org/details/japan-internal-affairs-894a.516-financial-conditions-budget-2,894A.516-689.txt
894A.516-948,japan-internal-affairs-894a.516-financial-conditions-budget-1,"894A.516 Financial Conditions. Budget. Dept. Bond Issues. Loans. Public Securities. Credits., Formosa. Taiwan, Banks. Banking., April 12, 1937 (File 948)",894A.516,948,1,Mistral OCR,yes,https://archive.org/details/japan-internal-affairs-894a.516-financial-conditions-budget-1,894A.516-948.txt
894A.52-688,japan-internal-affairs-894a.52-formosa-taiwan-lands-2,"894A.52 Formosa. Taiwan, Lands. (File 688)",894A.52,688,1,Mistral OCR,yes,https://archive.org/details/japan-internal-affairs-894a.52-formosa-taiwan-lands-2,894A.52-688.txt
894A.52-922,japan-internal-affairs-894a.52-formosa-taiwan-lands-1,"894A.52 Formosa. Taiwan, Lands., September 3, 1935 - August 12, 1936 (File 922)",894A.52,922,27,Mistral OCR,yes,https://archive.org/details/japan-internal-affairs-894a.52-formosa-taiwan-lands-1,894A.52-922.txt
894A.55-687,japan-internal-affairs-894a.55-formosa-taiwan-immigration-3,"894A.55 Formosa. Taiwan, Immigration. Head Tax. (File 687)",894A.55,687,1,Mistral OCR,yes,https://archive.org/details/japan-internal-affairs-894a.55-formosa-taiwan-immigration-3,894A.55-687.txt
894A.55-835,japan-internal-affairs-894a.55-formosa-taiwan-immigration-1,"894A.55 Formosa. Taiwan, Immigration. Head Tax., November 15, 1932 - November 17, 1934 (File 835)",894A.55,835,9,Mistral OCR,yes,https://archive.org/details/japan-internal-affairs-894a.55-formosa-taiwan-immigration-1,894A.55-835.txt
894A.55-837,japan-internal-affairs-894a.55-formosa-taiwan-immigration-2,"894A.55 Formosa. Taiwan, Immigration. Head Tax., November 17, 1934 (File 837)",894A.55,837,14,Mistral OCR,yes,https://archive.org/details/japan-internal-affairs-894a.55-formosa-taiwan-immigration-2,894A.55-837.txt
894A.607-153,japan-internal-affairs-894a.607-industrial-matters-formosa-2,"894A.607 Industrial Matters., Formosa. Taiwan, Expositions. Exhibitions. Included All Expositions Of Whatever Character. (File 153)",894A.607,153,1,Mistral OCR,yes,https://archive.org/details/japan-internal-affairs-894a.607-industrial-matters-formosa-2,894A.607-153.txt
894A.607-1192,japan-internal-affairs-894a.607-industrial-matters-formosa-1,"894A.607 Industrial Matters., Formosa. Taiwan, Expositions. Exhibitions. Included All Expositions Of Whatever Character., May 24, 1940 - June 7, 1940 (File 1192)",894A.607,1192,3,Mistral OCR,yes,https://archive.org/details/japan-internal-affairs-894a.607-industrial-matters-formosa-1,894A.607-1192.txt
894A.61-156,japan-internal-affairs-894a.61-formosa-taiwan-agriculture-2,"894A.61 Formosa. Taiwan, Agriculture. (File 156)",894A.61,156,1,Mistral OCR,yes,https://archive.org/details/japan-internal-affairs-894a.61-formosa-taiwan-agriculture-2,894A.61-156.txt
894A.61-1195,japan-internal-affairs-894a.61-formosa-taiwan-agriculture-1,"894A.61 Formosa. Taiwan, Agriculture., May 9, 1940 - June 14, 1940 (File 1195)",894A.61,1195,10,Mistral OCR,yes,https://archive.org/details/japan-internal-affairs-894a.61-formosa-taiwan-agriculture-1,894A.61-1195.txt
894A.6113-280,japan-internal-affairs-894a.6113-agriculture-soil-properties-1,"894A.6113 Agriculture., Soil. Properties. Tillage., Formosa. Taiwan, Irrigation. (File 280)",894A.6113,280,4,Mistral OCR,yes,https://archive.org/details/japan-internal-affairs-894a.6113-agriculture-soil-properties-1,894A.6113-280.txt
894A.6113-686,japan-internal-affairs-894a.6113-agriculture-soil-properties-2,"894A.6113 Agriculture., Soil. Properties. Tillage., Formosa. Taiwan, Irrigation. (File 686)",894A.6113,686,1,Mistral OCR,yes,https://archive.org/details/japan-internal-affairs-894a.6113-agriculture-soil-properties-2,894A.6113-686.txt
894A.612-690,japan-internal-affairs-894a.612-agriculture-formosa-taiwan-2,"894A.612 Agriculture., Formosa. Taiwan, Pests Affecting Plant Life. Diseases. Blights. Insects. Means And Methods Of Combating. (File 690)",894A.612,690,1,Mistral OCR,yes,https://archive.org/details/japan-internal-affairs-894a.612-agriculture-formosa-taiwan-2,894A.612-690.txt
894A.612-1159,japan-internal-affairs-894a.612-agriculture-formosa-taiwan-1,"894A.612 Agriculture., Formosa. Taiwan, Pests Affecting Plant Life. Diseases. Blights. Insects. Means And Methods Of Combating., December 15, 1939 (File 1159)",894A.612,1159,6,Mistral OCR,yes,https://archive.org/details/japan-internal-affairs-894a.612-agriculture-formosa-taiwan-1,894A.612-1159.txt
894A.61332-155,japan-internal-affairs-894a.61332-agriculture-field-crops-2,"894A.61332 Agriculture., Field Crops. Seeds., Alkaloidal Plants., Formosa. Taiwan, Tea. (File 155)",894A.61332,155,1,Mistral OCR,yes,https://archive.org/details/japan-internal-affairs-894a.61332-agriculture-field-crops-2,894A.61332-155.txt
894A.61332-1187,japan-internal-affairs-894a.61332-agriculture-field-crops-1,"894A.61332 Agriculture., Field Crops. Seeds., Alkaloidal Plants., Formosa. Taiwan, Tea., May 3, 1940 (File 1187)",894A.61332,1187,8,Mistral OCR,yes,https://archive.org/details/japan-internal-affairs-894a.61332-agriculture-field-crops-1,894A.61332-1187.txt
894A.6135-681,japan-internal-affairs-894a.6135-agriculture-field-crops-2,"894A.6135 Agriculture., Field Crops. Seeds., Formosa. Taiwan, Sugar-Yielding Plants. (File 681)",894A.6135,681,1,Mistral OCR,yes,https://archive.org/details/japan-internal-affairs-894a.6135-agriculture-field-crops-2,894A.6135-681.txt
894A.6135-1130,japan-internal-affairs-894a.6135-agriculture-field-crops-1,"894A.6135 Agriculture., Field Crops. Seeds., Formosa. Taiwan, Sugar-Yielding Plants., September 20, 1932 - October 5, 1939 (File 1130)",894A.6135,1130,6,Mistral OCR,yes,https://archive.org/details/japan-internal-affairs-894a.6135-agriculture-field-crops-1,894A.6135-1130.txt
894A.61351-158,japan-internal-affairs-894a.61351-agriculture-field-crops-2,"894A.61351 Agriculture., Field Crops. Seeds., Sugar-Yielding Plants., Formosa. Taiwan, Cane. (File 158)",894A.61351,158,1,Mistral OCR,yes,https://archive.org/details/japan-internal-affairs-894a.61351-agriculture-field-crops-2,894A.61351-158.txt
894A.61351-1215,japan-internal-affairs-894a.61351-agriculture-field-crops-1,"894A.61351 Agriculture., Field Crops. Seeds., Sugar-Yielding Plants., Formosa. Taiwan, Cane., October 4, 1940 (File 1215)",894A.61351,1215,1,Mistral OCR,yes,https://archive.org/details/japan-internal-affairs-894a.61351-agriculture-field-crops-1,894A.61351-1215.txt
894A.628-682,japan-internal-affairs-894a.628-animal-husbandry-formosa-2,"894A.628 Animal Husbandry., Formosa. Taiwan, Fisheries. Sponges. Sponge Fisheries. (File 682)",894A.628,682,2,Mistral OCR,yes,https://archive.org/details/japan-internal-affairs-894a.628-animal-husbandry-formosa-2,894A.628-682.txt
894A.628-777,japan-internal-affairs-894a.628-animal-husbandry-formosa-1,"894A.628 Animal Husbandry., Formosa. Taiwan, Fisheries. Sponges. Sponge Fisheries., August 19, 1932 - April 6, 1933 (File 777)",894A.628,777,32,Mistral OCR,yes,https://archive.org/details/japan-internal-affairs-894a.628-animal-husbandry-formosa-1,894A.628-777.txt
894A.63-675,japan-internal-affairs-894a.63-formosa-taiwan-mines-2,"894A.63 Formosa. Taiwan, Mines. Mining. Concessions. (File 675)",894A.63,675,1,Mistral OCR,yes,https://archive.org/details/japan-internal-affairs-894a.63-formosa-taiwan-mines-2,894A.63-675.txt
894A.63-781,japan-internal-affairs-894a.63-formosa-taiwan-mines-1,"894A.63 Formosa. Taiwan, Mines. Mining. Concessions., April 21, 1933 (File 781)",894A.63,781,1,Mistral OCR,yes,https://archive.org/details/japan-internal-affairs-894a.63-formosa-taiwan-mines-1,894A.63-781.txt
894A.6363-157,japan-internal-affairs-894a.6363-mines-mining-concessions-3,"894A.6363 Mines. Mining. Concessions., Carbon. Graphite., Formosa. Taiwan, Petroleum. (File 157)",894A.6363,157,1,Mistral OCR,yes,https://archive.org/details/japan-internal-affairs-894a.6363-mines-mining-concessions-3,894A.6363-157.txt
894A.6363-677,japan-internal-affairs-894a.6363-mines-mining-concessions-4,"894A.6363 Mines. Mining. Concessions., Carbon. Graphite., Formosa. Taiwan, Petroleum. (File 677)",894A.6363,677,1,Mistral OCR,yes,https://archive.org/details/japan-internal-affairs-894a.6363-mines-mining-concessions-4,894A.6363-677.txt
894A.6363-758,japan-internal-affairs-894a.6363-mines-mining-concessions-1,"894A.6363 Mines. Mining. Concessions., Carbon. Graphite., Formosa. Taiwan, Petroleum., June 8, 1932 - September 13, 1932 (File 758)",894A.6363,758,24,Mistral OCR,yes,https://archive.org/details/japan-internal-affairs-894a.6363-mines-mining-concessions-1,894A.6363-758.txt
894A.6363-1236,japan-internal-affairs-894a.6363-mines-mining-concessions-2,"894A.6363 Mines. Mining. Concessions., Carbon. Graphite., Formosa. Taiwan, Petroleum., December 26, 1940 - December 30, 1940 (File 1236)",894A.6363,1236,11,Mistral OCR,yes,https://archive.org/details/japan-internal-affairs-894a.6363-mines-mining-concessions-2,894A.6363-1236.txt
894A.6463-676,japan-internal-affairs-894a.6463-engineering-power-formosa-2,"894A.6463 Engineering., Power., Formosa. Taiwan, Electric. (File 676)",894A.6463,676,2,Mistral OCR,yes,https://archive.org/details/japan-internal-affairs-894a.6463-engineering-power-formosa-2,894A.6463-676.txt
894A.6463-764,japan-internal-affairs-894a.6463-engineering-power-formosa-1,"894A.6463 Engineering., Power., Formosa. Taiwan, Electric., September 10, 1930 - December 9, 1932 (File 764)",894A.6463,764,38,Mistral OCR,yes,https://archive.org/details/japan-internal-affairs-894a.6463-engineering-power-formosa-1,894A.6463-764.txt
894A.657-678,japan-internal-affairs-894a.657-manufactures-manufacturing-formosa-3,"894A.657 Manufactures. Manufacturing., Formosa. Taiwan, Drugs. Pharmaceutical Preparations. Toilet Articles. Perfumes. (File 678)",894A.657,678,1,Mistral OCR,yes,https://archive.org/details/japan-internal-affairs-894a.657-manufactures-manufacturing-formosa-3,894A.657-678.txt
894A.657-851,japan-internal-affairs-894a.657-manufactures-manufacturing-formosa-1,"894A.657 Manufactures. Manufacturing., Formosa. Taiwan, Drugs. Pharmaceutical Preparations. Toilet Articles. Perfumes., February 25, 1935 - February 27, 1935 (File 851)",894A.657,851,3,Mistral OCR,yes,https://archive.org/details/japan-internal-affairs-894a.657-manufactures-manufacturing-formosa-1,894A.657-851.txt
894A.657-852,japan-internal-affairs-894a.657-manufactures-manufacturing-formosa-2,"894A.657 Manufactures. Manufacturing., Formosa. Taiwan, Drugs. Pharmaceutical Preparations. Toilet Articles. Perfumes., March 2, 1935 (File 852)",894A.657,852,5,Mistral OCR,yes,https://archive.org/details/japan-internal-affairs-894a.657-manufactures-manufacturing-formosa-2,894A.657-852.txt
894A.70-680,japan-internal-affairs-894a.70-formosa-taiwan-communication-2,"894A.70 Formosa. Taiwan, Communication And Transportation. (File 680)",894A.70,680,1,Mistral OCR,yes,https://archive.org/details/japan-internal-affairs-894a.70-formosa-taiwan-communication-2,894A.70-680.txt
894A.70-955,japan-internal-affairs-894a.70-formosa-taiwan-communication-1,"894A.70 Formosa. Taiwan, Communication And Transportation., June 7, 1937 (File 955)",894A.70,955,4,Mistral OCR,yes,https://archive.org/details/japan-internal-affairs-894a.70-formosa-taiwan-communication-1,894A.70-955.txt
894A.77-310,japan-internal-affairs-894a.77-formosa-taiwan-railway-1,"894A.77 Formosa. Taiwan, Railway. Concessions. Construction. Equipment. (File 310)",894A.77,310,4,Mistral OCR,yes,https://archive.org/details/japan-internal-affairs-894a.77-formosa-taiwan-railway-1,894A.77-310.txt
894A.77-679,japan-internal-affairs-894a.77-formosa-taiwan-railway-2,"894A.77 Formosa. Taiwan, Railway. Concessions. Construction. Equipment. (File 679)",894A.77,679,1,Mistral OCR,yes,https://archive.org/details/japan-internal-affairs-894a.77-formosa-taiwan-railway-2,894A.77-679.txt
894A.7961-751,japan-internal-affairs-894a.7961-other-means-of,"894A.7961 Other Means Of Communication And Transportation. Carrier Pigeons., Aerial Navigation. Immunities Of Government-Controlled. Subsidies., Formosa. Taiwan, Laws And Regulation., December 29, 1931 - May 17, 1932 (File 751)",894A.7961,751,5,Mistral OCR,yes,https://archive.org/details/japan-internal-affairs-894a.7961-other-means-of,894A.7961-751.txt
894A.7962-650,japan-internal-affairs-894a.7962-other-means-of-1,"894A.7962 Other Means Of Communication And Transportation. Carrier Pigeons., Aerial Navigation. Immunities Of Government-Controlled. Subsidies., Stations. Landing Fields. Mooring Towns. Seadromes. Fueling. Fuel Stations. ** Country Of Regul (File 650)",894A.7962,650,1,Mistral OCR,yes,https://archive.org/details/japan-internal-affairs-894a.7962-other-means-of-1,894A.7962-650.txt
894A.7962-1841,japan-internal-affairs-894a.7962-other-means-of-2,"894A.7962 Other Means Of Communication And Transportation. Carrier Pigeons., Aerial Navigation. Immunities Of Government-Controlled. Subsidies., Stations. Landing Fields. Mooring Towns. Seadromes. Fueling. Fuel Stations. ** Country Of Regul (File 1841)",894A.7962,1841,8,Mistral OCR,yes,https://archive.org/details/japan-internal-affairs-894a.7962-other-means-of-2,894A.7962-1841.txt
894A.7965-160,japan-internal-affairs-894a.7965-other-means-of-3,"894A.7965 Other Means Of Communication And Transportation. Carrier Pigeons., Aerial Navigation. Immunities Of Government-Controlled. Subsidies., Formosa. Taiwan, Offenses Committed On Aircraft. (File 160)",894A.7965,160,1,Mistral OCR,yes,https://archive.org/details/japan-internal-affairs-894a.7965-other-means-of-3,894A.7965-160.txt
894A.7965-649,japan-internal-affairs-894a.7965-other-means-of-4,"894A.7965 Other Means Of Communication And Transportation. Carrier Pigeons., Aerial Navigation. Immunities Of Government-Controlled. Subsidies., Formosa. Taiwan, Offenses Committed On Aircraft. (File 649)",894A.7965,649,1,Mistral OCR,yes,https://archive.org/details/japan-internal-affairs-894a.7965-other-means-of-4,894A.7965-649.txt
894A.7965-1030,japan-internal-affairs-894a.7965-other-means-of-1,"894A.7965 Other Means Of Communication And Transportation. Carrier Pigeons., Aerial Navigation. Immunities Of Government-Controlled. Subsidies., Formosa. Taiwan, Offenses Committed On Aircraft., June 25, 1938 (File 1030)",894A.7965,1030,2,Mistral OCR,yes,https://archive.org/details/japan-internal-affairs-894a.7965-other-means-of-1,894A.7965-1030.txt
894A.7965-1182,japan-internal-affairs-894a.7965-other-means-of-2,"894A.7965 Other Means Of Communication And Transportation. Carrier Pigeons., Aerial Navigation. Immunities Of Government-Controlled. Subsidies., Formosa. Taiwan, Offenses Committed On Aircraft., March 9, 1940 - March 13, 1940 (File 1182)",894A.7965,1182,7,Mistral OCR,yes,https://archive.org/details/japan-internal-affairs-894a.7965-other-means-of-2,894A.7965-1182.txt
894A.801-652,japan-internal-affairs-894a.801-navigation-statistics-formosa,"894A.801 Navigation. Statistics., Formosa. Taiwan, Laws And Regulations. Navigation Of Home Waters. Coastwise Trade. (File 652)",894A.801,652,1,Mistral OCR,yes,https://archive.org/details/japan-internal-affairs-894a.801-navigation-statistics-formosa,894A.801-652.txt
894A.801-925,japan-internal-affairs-894a.801-navigation-statistics-formosa-2,"894A.801 Navigation. Statistics., Formosa. Taiwan, Laws And Regulations. Navigation Of Home Waters. Coastwise Trade., February 5, 1936 - September 10, 1936 (File 925)",894A.801,925,41,PaddleOCR,yes,https://archive.org/details/japan-internal-affairs-894a.801-navigation-statistics-formosa-2,894A.801-925.txt
894A.911-651,japan-internal-affairs-894a.911-public-press-formosa-2,"894A.911 Public Press., Formosa. Taiwan, Newspapers. (File 651)",894A.911,651,1,Mistral OCR,yes,https://archive.org/details/japan-internal-affairs-894a.911-public-press-formosa-2,894A.911-651.txt
894A.911-1001,japan-internal-affairs-894a.911-public-press-formosa-1,"894A.911 Public Press., Formosa. Taiwan, Newspapers., September 14, 1936 - February 24, 1938 (File 1001)",894A.911,1001,7,Mistral OCR,yes,https://archive.org/details/japan-internal-affairs-894a.911-public-press-formosa-1,894A.911-1001.txt
894A.927-646,japan-internal-affairs-894a.927-science-philosophy-formosa-2,"894A.927 Science. Philosophy., Formosa. Taiwan, Anthropology. Ethnology. Ethnography. Archaeology. (File 646)",894A.927,646,1,Mistral OCR,yes,https://archive.org/details/japan-internal-affairs-894a.927-science-philosophy-formosa-2,894A.927-646.txt
894A.927-998,japan-internal-affairs-894a.927-science-philosophy-formosa-1,"894A.927 Science. Philosophy., Formosa. Taiwan, Anthropology. Ethnology. Ethnography. Archaeology., January 21, 1938 (File 998)",894A.927,998,17,Mistral OCR,yes,https://archive.org/details/japan-internal-affairs-894a.927-science-philosophy-formosa-1,894A.927-998.txt
894B.6362-645,japan-internal-affairs-894b.6362-mines-mining-concessions-2,"894B.6362 Mines. Mining. Concessions., Carbon. Graphite., Sakhalin Island, Coal. (File 645)",894B.6362,645,1,Mistral OCR,yes,https://archive.org/details/japan-internal-affairs-894b.6362-mines-mining-concessions-2,894B.6362-645.txt
894B.6362-720,japan-internal-affairs-894b.6362-mines-mining-concessions-1,"894B.6362 Mines. Mining. Concessions., Carbon. Graphite., Sakhalin Island, Coal., February 10, 1931 (File 720)",894B.6362,720,3,Mistral OCR,yes,https://archive.org/details/japan-internal-affairs-894b.6362-mines-mining-concessions-1,894B.6362-720.txt
894C.00-648,japan-internal-affairs-894c.00-kwantung-leased-territory-2,"894C.00 Kwantung Leased Territory, Political Affairs. (File 648)",894C.00,648,1,Mistral OCR,yes,https://archive.org/details/japan-internal-affairs-894c.00-kwantung-leased-territory-2,894C.00-648.txt
894C.00-929,japan-internal-affairs-894c.00-kwantung-leased-territory-1,"894C.00 Kwantung Leased Territory, Political Affairs., September 12, 1935 - October 6, 1936 (File 929)",894C.00,929,4,Mistral OCR,yes,https://archive.org/details/japan-internal-affairs-894c.00-kwantung-leased-territory-1,894C.00-929.txt
894C.001-647,japan-internal-affairs-894c.001-political-affairs-kwantung-2,"894C.001 Political Affairs., Kwantung Leased Territory, Chief Executive. Sovereign. Visits. (File 647)",894C.001,647,1,Mistral OCR,yes,https://archive.org/details/japan-internal-affairs-894c.001-political-affairs-kwantung-2,894C.001-647.txt
894C.001-755,japan-internal-affairs-894c.001-political-affairs-kwantung-1,"894C.001 Political Affairs., Kwantung Leased Territory, Chief Executive. Sovereign. Visits., July 27, 1932 - August 9, 1932 (File 755)",894C.001,755,8,Mistral OCR,yes,https://archive.org/details/japan-internal-affairs-894c.001-political-affairs-kwantung-1,894C.001-755.txt
894C.01-644,japan-internal-affairs-894c.01-kwantung-leased-territory,"894C.01 Kwantung Leased Territory, Government. Mandates, Recognition. (File 644)",894C.01,644,2,Mistral OCR,yes,https://archive.org/details/japan-internal-affairs-894c.01-kwantung-leased-territory,894C.01-644.txt
894C.01-986,japan-internal-affairs-894c.01-kwantung-leased-territory-2,"894C.01 Kwantung Leased Territory, Government. Mandates, Recognition., April 14, 1932 - December 11, 1937 (File 986)",894C.01,986,59,PaddleOCR,yes,https://archive.org/details/japan-internal-affairs-894c.01-kwantung-leased-territory-2,894C.01-986.txt
894C.014-159,japan-internal-affairs-894c.014-government-mandates-recognition-3,"894C.014 Government. Mandates, Recognition., Kwantung Leased Territory, Territory. Maps (File 159)",894C.014,159,1,Mistral OCR,yes,https://archive.org/details/japan-internal-affairs-894c.014-government-mandates-recognition-3,894C.014-159.txt
894C.014-643,japan-internal-affairs-894c.014-government-mandates-recognition-4,"894C.014 Government. Mandates, Recognition., Kwantung Leased Territory, Territory. Maps (File 643)",894C.014,643,1,Mistral OCR,yes,https://archive.org/details/japan-internal-affairs-894c.014-government-mandates-recognition-4,894C.014-643.txt
894C.014-976,japan-internal-affairs-894c.014-government-mandates-recognition-1,"894C.014 Government. Mandates, Recognition., Kwantung Leased Territory, Territory. Maps, April 8, 1930 - November 8, 1937 (File 976)",894C.014,976,10,Mistral OCR,yes,https://archive.org/details/japan-internal-affairs-894c.014-government-mandates-recognition-1,894C.014-976.txt
894C.014-1378,japan-internal-affairs-894c.014-government-mandates-recognition-2,"894C.014 Government. Mandates, Recognition., Kwantung Leased Territory, Territory. Maps, January 5, 1942 - February 9, 1943 (File 1378)",894C.014,1378,3,Mistral OCR,yes,https://archive.org/details/japan-internal-affairs-894c.014-government-mandates-recognition-2,894C.014-1378.txt
894C.0144-161,japan-internal-affairs-894c.0144-government-mandates-recognition-3,"894C.0144 Government. Mandates, Recognition., Territory. Maps, Kwantung Leased Territory, Territorial Sovereignty. Violation. (File 161)",894C.0144,161,1,Mistral OCR,yes,https://archive.org/details/japan-internal-affairs-894c.0144-government-mandates-recognition-3,894C.0144-161.txt
894C.0144-642,japan-internal-affairs-894c.0144-government-mandates-recognition-4,"894C.0144 Government. Mandates, Recognition., Territory. Maps, Kwantung Leased Territory, Territorial Sovereignty. Violation. (File 642)",894C.0144,642,1,Mistral OCR,yes,https://archive.org/details/japan-internal-affairs-894c.0144-government-mandates-recognition-4,894C.0144-642.txt
894C.0144-723,japan-internal-affairs-894c.0144-government-mandates-recognition-1,"894C.0144 Government. Mandates, Recognition., Territory. Maps, Kwantung Leased Territory, Territorial Sovereignty. Violation., February 26, 1931 (File 723)",894C.0144,723,1,Mistral OCR,yes,https://archive.org/details/japan-internal-affairs-894c.0144-government-mandates-recognition-1,894C.0144-723.txt
894C.0144-1255,japan-internal-affairs-894c.0144-government-mandates-recognition-2,"894C.0144 Government. Mandates, Recognition., Territory. Maps, Kwantung Leased Territory, Territorial Sovereignty. Violation., April 4, 1941 (File 1255)",894C.0144,1255,1,Mistral OCR,yes,https://archive.org/details/japan-internal-affairs-894c.0144-government-mandates-recognition-2,894C.0144-1255.txt
894C.111-641,japan-internal-affairs-894c.111-regulations-governing-kwantung-2,"894C.111 Regulations Governing, Kwantung Leased Territory, Residence, Trade, Travel, And Foreign Courier Travel. (File 641)",894C.111,641,1,Mistral OCR,yes,https://archive.org/details/japan-internal-affairs-894c.111-regulations-governing-kwantung-2,894C.111-641.txt
894C.111-847,japan-internal-affairs-894c.111-regulations-governing-kwantung-1,"894C.111 Regulations Governing, Kwantung Leased Territory, Residence, Trade, Travel, And Foreign Courier Travel., March 31, 1931 - February 7, 1935 (File 847)",894C.111,847,14,Mistral OCR,yes,https://archive.org/details/japan-internal-affairs-894c.111-regulations-governing-kwantung-1,894C.111-847.txt
894C.113-640,japan-internal-affairs-894c.113-regulations-governing-kwantung-2,"894C.113 Regulations Governing, Kwantung Leased Territory, Firearms. Sporting Arms. Ammunition. Explosives. Manufacture. Transportation. Importation. Possession. Use. Sale. (File 640)",894C.113,640,2,Mistral OCR,yes,https://archive.org/details/japan-internal-affairs-894c.113-regulations-governing-kwantung-2,894C.113-640.txt
894C.113-871,japan-internal-affairs-894c.113-regulations-governing-kwantung-1,"894C.113 Regulations Governing, Kwantung Leased Territory, Firearms. Sporting Arms. Ammunition. Explosives. Manufacture. Transportation. Importation. Possession. Use. Sale., September 16, 1930 - July 11, 1935 (File 871)",894C.113,871,15,Mistral OCR,yes,https://archive.org/details/japan-internal-affairs-894c.113-regulations-governing-kwantung-1,894C.113-871.txt
894C.114-639,japan-internal-affairs-894c.114-regulations-governing-kwantung,"894C.114 Regulations Governing, Kwantung Leased Territory, Traffic In Liquors And Habit-Forming Drugs. Each Subdivision Will Be Made A Separate Case. (File 639)",894C.114,639,11,Mistral OCR,yes,https://archive.org/details/japan-internal-affairs-894c.114-regulations-governing-kwantung,894C.114-639.txt
894C.114-696,japan-internal-affairs-894c.114-regulations-governing-kwantung-2,"894C.114 Regulations Governing, Kwantung Leased Territory, Traffic In Liquors And Habit-Forming Drugs. Each Subdivision Will Be Made A Separate Case., August 11, 1922 - March 17, 1930 (File 696)",894C.114,696,372,PaddleOCR,yes,https://archive.org/details/japan-internal-affairs-894c.114-regulations-governing-kwantung-2,894C.114-696.txt
894C.1246-636,japan-internal-affairs-894c.1246-public-health-hospitals-2,"894C.1246 Public Health. Hospitals. Hospital Service., Hygiene And Sanitation., Kwantung Leased Territory, Hygiene Of Vessels And Aircraft. Bills Of Health. (File 636)",894C.1246,636,1,Mistral OCR,yes,https://archive.org/details/japan-internal-affairs-894c.1246-public-health-hospitals-2,894C.1246-636.txt
894C.1246-729,japan-internal-affairs-894c.1246-public-health-hospitals-1,"894C.1246 Public Health. Hospitals. Hospital Service., Hygiene And Sanitation., Kwantung Leased Territory, Hygiene Of Vessels And Aircraft. Bills Of Health., July 23, 1931 (File 729)",894C.1246,729,3,Mistral OCR,yes,https://archive.org/details/japan-internal-affairs-894c.1246-public-health-hospitals-1,894C.1246-729.txt
894C.131-635,japan-internal-affairs-894c.131-correction-and-punishment-2,"894C.131 Correction And Punishment. Statistics., Kwantung Leased Territory, Prisons And Reformatories. (File 635)",894C.131,635,1,Mistral OCR,yes,https://archive.org/details/japan-internal-affairs-894c.131-correction-and-punishment-2,894C.131-635.txt
894C.131-858,japan-internal-affairs-894c.131-correction-and-punishment-1,"894C.131 Correction And Punishment. Statistics., Kwantung Leased Territory, Prisons And Reformatories., April 23, 1935 (File 858)",894C.131,858,6,Mistral OCR,yes,https://archive.org/details/japan-internal-affairs-894c.131-correction-and-punishment-1,894C.131-858.txt
894C.15-638,japan-internal-affairs-894c.15-kwantung-leased-territory-2,"894C.15 Kwantung Leased Territory, Public Works. (File 638)",894C.15,638,1,Mistral OCR,yes,https://archive.org/details/japan-internal-affairs-894c.15-kwantung-leased-territory-2,894C.15-638.txt
894C.15-961,japan-internal-affairs-894c.15-kwantung-leased-territory-1,"894C.15 Kwantung Leased Territory, Public Works., September 10, 1935 - July 26, 1937 (File 961)",894C.15,961,14,Mistral OCR,yes,https://archive.org/details/japan-internal-affairs-894c.15-kwantung-leased-territory-1,894C.15-961.txt
894C.156-637,japan-internal-affairs-894c.156-public-works-kwantung-2,"894C.156 Public Works., Kwantung Leased Territory, Harbors. (File 637)",894C.156,637,1,Mistral OCR,yes,https://archive.org/details/japan-internal-affairs-894c.156-public-works-kwantung-2,894C.156-637.txt
894C.156-826,japan-internal-affairs-894c.156-public-works-kwantung-1,"894C.156 Public Works., Kwantung Leased Territory, Harbors., May 13, 1933 - July 24, 1934 (File 826)",894C.156,826,5,Mistral OCR,yes,https://archive.org/details/japan-internal-affairs-894c.156-public-works-kwantung-1,894C.156-826.txt
894C.20-634,japan-internal-affairs-894c.20-military-affairs-army,894C.20 Military Affairs. Army. Army Posts. Fortifications. Defenses. Military Instructors Advisers. ** Country In Which Serving. (File 634),894C.20,634,2,Mistral OCR,yes,https://archive.org/details/japan-internal-affairs-894c.20-military-affairs-army,894C.20-634.txt
894C.20-1035,japan-internal-affairs-894c.20-military-affairs-army-2,"894C.20 Military Affairs. Army. Army Posts. Fortifications. Defenses. Military Instructors Advisers. ** Country In Which Serving., June 29, 1934 - July 19, 1938 (File 1035)",894C.20,1035,43,PaddleOCR,yes,https://archive.org/details/japan-internal-affairs-894c.20-military-affairs-army-2,894C.20-1035.txt
894C.4054-142,japan-internal-affairs-894c.4054-social-matters-manners-3,"894C.4054 Social Matters., Manners And Customs., Kwantung Leased Territory, Marriage. Divorce. (File 142)",894C.4054,142,1,Mistral OCR,yes,https://archive.org/details/japan-internal-affairs-894c.4054-social-matters-manners-3,894C.4054-142.txt
894C.4054-633,japan-internal-affairs-894c.4054-social-matters-manners-4,"894C.4054 Social Matters., Manners And Customs., Kwantung Leased Territory, Marriage. Divorce. (File 633)",894C.4054,633,1,Mistral OCR,yes,https://archive.org/details/japan-internal-affairs-894c.4054-social-matters-manners-4,894C.4054-633.txt
894C.4054-1125,japan-internal-affairs-894c.4054-social-matters-manners-1,"894C.4054 Social Matters., Manners And Customs., Kwantung Leased Territory, Marriage. Divorce., September 2, 1939 (File 1125)",894C.4054,1125,1,Mistral OCR,yes,https://archive.org/details/japan-internal-affairs-894c.4054-social-matters-manners-1,894C.4054-1125.txt
894C.4054-1229,japan-internal-affairs-894c.4054-social-matters-manners-2,"894C.4054 Social Matters., Manners And Customs., Kwantung Leased Territory, Marriage. Divorce., October 14, 1940 - December 2, 1940 (File 1229)",894C.4054,1229,2,Mistral OCR,yes,https://archive.org/details/japan-internal-affairs-894c.4054-social-matters-manners-2,894C.4054-1229.txt
894C.4061-629,japan-internal-affairs-894c.4061-social-matters-amusements-1,"894C.4061 Social Matters., Amusements. Sports. Recreation. Where A Group Of Amusements Occur In A Subdivision The Name Of The Particular Subject Will Be Placed After The Case Number., Kwantung Leased Territory, Public Entertainment. Concert (File 629)",894C.4061,629,1,Mistral OCR,yes,https://archive.org/details/japan-internal-affairs-894c.4061-social-matters-amusements-1,894C.4061-629.txt
894C.4061-937,japan-internal-affairs-894c.4061-social-matters-amusements-2,"894C.4061 Social Matters., Amusements. Sports. Recreation. Where A Group Of Amusements Occur In A Subdivision The Name Of The Particular Subject Will Be Placed After The Case Number., Kwantung Leased Territory, Public Entertainment. Concert (File 937)",894C.4061,937,18,Mistral OCR,yes,https://archive.org/details/japan-internal-affairs-894c.4061-social-matters-amusements-2,894C.4061-937.txt
894C.50-628,japan-internal-affairs-894c.50-kwantung-leased-territory-2,"894C.50 Kwantung Leased Territory, Economic Matters. (File 628)",894C.50,628,1,Mistral OCR,yes,https://archive.org/details/japan-internal-affairs-894c.50-kwantung-leased-territory-2,894C.50-628.txt
894C.50-789,japan-internal-affairs-894c.50-kwantung-leased-territory-1,"894C.50 Kwantung Leased Territory, Economic Matters., August 23, 1933 (File 789)",894C.50,789,6,Mistral OCR,yes,https://archive.org/details/japan-internal-affairs-894c.50-kwantung-leased-territory-1,894C.50-789.txt
894C.5011-627,japan-internal-affairs-894c.5011-economic-matters-statistics-2,"894C.5011 Economic Matters., Statistics, General., Kwantung Leased Territory, Census. (File 627)",894C.5011,627,1,Mistral OCR,yes,https://archive.org/details/japan-internal-affairs-894c.5011-economic-matters-statistics-2,894C.5011-627.txt
894C.5011-1018,japan-internal-affairs-894c.5011-economic-matters-statistics-1,"894C.5011 Economic Matters., Statistics, General., Kwantung Leased Territory, Census., January 21, 1931 - May 2, 1938 (File 1018)",894C.5011,1018,16,Mistral OCR,yes,https://archive.org/details/japan-internal-affairs-894c.5011-economic-matters-statistics-1,894C.5011-1018.txt
894C.5034-626,japan-internal-affairs-894c.5034-economic-matters-capital-2,"894C.5034 Economic Matters., Capital., Kwantung Leased Territory, Corporations, Other Businesses. Formulation. Regulation. Bond Issues. Stock Certificates. (File 626)",894C.5034,626,1,Mistral OCR,yes,https://archive.org/details/japan-internal-affairs-894c.5034-economic-matters-capital-2,894C.5034-626.txt
894C.5034-903,japan-internal-affairs-894c.5034-economic-matters-capital-1,"894C.5034 Economic Matters., Capital., Kwantung Leased Territory, Corporations, Other Businesses. Formulation. Regulation. Bond Issues. Stock Certificates., May 15, 1934 - April 16, 1936 (File 903)",894C.5034,903,15,Mistral OCR,yes,https://archive.org/details/japan-internal-affairs-894c.5034-economic-matters-capital-1,894C.5034-903.txt
894C.504-632,japan-internal-affairs-894c.504-economic-matters-kwantung-2,"894C.504 Economic Matters., Kwantung Leased Territory, Labor. (File 632)",894C.504,632,1,Mistral OCR,yes,https://archive.org/details/japan-internal-affairs-894c.504-economic-matters-kwantung-2,894C.504-632.txt
894C.504-841,japan-internal-affairs-894c.504-economic-matters-kwantung-1,"894C.504 Economic Matters., Kwantung Leased Territory, Labor., November 10, 1932 - November 28, 1934 (File 841)",894C.504,841,7,Mistral OCR,yes,https://archive.org/details/japan-internal-affairs-894c.504-economic-matters-kwantung-1,894C.504-841.txt
894C.5041-631,japan-internal-affairs-894c.5041-economic-matters-labor-2,"894C.5041 Economic Matters., Labor., Kwantung Leased Territory, Hours. Wages. (File 631)",894C.5041,631,1,Mistral OCR,yes,https://archive.org/details/japan-internal-affairs-894c.5041-economic-matters-labor-2,894C.5041-631.txt
894C.5041-805,japan-internal-affairs-894c.5041-economic-matters-labor-1,"894C.5041 Economic Matters., Labor., Kwantung Leased Territory, Hours. Wages., October 16, 1931 - February 13, 1934 (File 805)",894C.5041,805,5,Mistral OCR,yes,https://archive.org/details/japan-internal-affairs-894c.5041-economic-matters-labor-1,894C.5041-805.txt
894C.5064-630,japan-internal-affairs-894c.5064-economic-matters-insurance-2,"894C.5064 Economic Matters., Insurance., Kwantung Leased Territory, Life. (File 630)",894C.5064,630,1,Mistral OCR,yes,https://archive.org/details/japan-internal-affairs-894c.5064-economic-matters-insurance-2,894C.5064-630.txt
894C.5064-774,japan-internal-affairs-894c.5064-economic-matters-insurance-1,"894C.5064 Economic Matters., Insurance., Kwantung Leased Territory, Life., December 18, 1930 - February 17, 1933 (File 774)",894C.5064,774,4,Mistral OCR,yes,https://archive.org/details/japan-internal-affairs-894c.5064-economic-matters-insurance-1,894C.5064-774.txt
894C.51-653,japan-internal-affairs-894c.51-kwantung-leased-territory-2,"894C.51 Kwantung Leased Territory, Financial Conditions. Budget. Dept. Bond Issues. Loans. Public Securities. Credits. (File 653)",894C.51,653,1,Mistral OCR,yes,https://archive.org/details/japan-internal-affairs-894c.51-kwantung-leased-territory-2,894C.51-653.txt
894C.51-1054,japan-internal-affairs-894c.51-kwantung-leased-territory-1,"894C.51 Kwantung Leased Territory, Financial Conditions. Budget. Dept. Bond Issues. Loans. Public Securities. Credits., January 16, 1933 - November 9, 1938 (File 1054)",894C.51,1054,34,Mistral OCR,yes,https://archive.org/details/japan-internal-affairs-894c.51-kwantung-leased-territory-1,894C.51-1054.txt
894C.515-654,japan-internal-affairs-894c.515-financial-conditions-budget-2,"894C.515 Financial Conditions. Budget. Dept. Bond Issues. Loans. Public Securities. Credits., Kwantung Leased Territory, Monetary System. Coinage. Currency. Mint. Bullion. (File 654)",894C.515,654,1,Mistral OCR,yes,https://archive.org/details/japan-internal-affairs-894c.515-financial-conditions-budget-2,894C.515-654.txt
894C.515-888,japan-internal-affairs-894c.515-financial-conditions-budget-1,"894C.515 Financial Conditions. Budget. Dept. Bond Issues. Loans. Public Securities. Credits., Kwantung Leased Territory, Monetary System. Coinage. Currency. Mint. Bullion., December 16, 1935 - January 18, 1936 (File 888)",894C.515,888,9,Mistral OCR,yes,https://archive.org/details/japan-internal-affairs-894c.515-financial-conditions-budget-1,894C.515-888.txt
894C.5151-143,japan-internal-affairs-894c.5151-financial-conditions-budget-2,"894C.5151 Financial Conditions. Budget. Dept. Bond Issues. Loans. Public Securities. Credits., Monetary System. Coinage. Currency. Mint. Bullion., Kwantung Leased Territory, Exchange. (File 143)",894C.5151,143,1,Mistral OCR,yes,https://archive.org/details/japan-internal-affairs-894c.5151-financial-conditions-budget-2,894C.5151-143.txt
894C.5151-655,japan-internal-affairs-894c.5151-financial-conditions-budget-3,"894C.5151 Financial Conditions. Budget. Dept. Bond Issues. Loans. Public Securities. Credits., Monetary System. Coinage. Currency. Mint. Bullion., Kwantung Leased Territory, Exchange. (File 655)",894C.5151,655,1,Mistral OCR,yes,https://archive.org/details/japan-internal-affairs-894c.5151-financial-conditions-budget-3,894C.5151-655.txt
894C.5151-1021,japan-internal-affairs-894c.5151-financial-conditions-budget-1,"894C.5151 Financial Conditions. Budget. Dept. Bond Issues. Loans. Public Securities. Credits., Monetary System. Coinage. Currency. Mint. Bullion., Kwantung Leased Territory, Exchange., December 10, 1935 - May 17, 1938 (File 1021)",894C.5151,1021,35,Mistral OCR,yes,https://archive.org/details/japan-internal-affairs-894c.5151-financial-conditions-budget-1,894C.5151-1021.txt
894C.5151-1297,japan-internal-affairs-894c.5151-financial-conditions-budget-4,"894C.5151 Financial Conditions. Budget. Dept. Bond Issues. Loans. Public Securities. Credits., Monetary System. Coinage. Currency. Mint. Bullion., Kwantung Leased Territory, Exchange., August 5, 1940 - September 6, 1941 (File 1297)",894C.5151,1297,43,PaddleOCR,yes,https://archive.org/details/japan-internal-affairs-894c.5151-financial-conditions-budget-4,894C.5151-1297.txt
894C.54-694,japan-internal-affairs-894c.54-kwantung-leased-territory,"894C.54 Kwantung Leased Territory, Intellectual And Industrial Property. Applications For Patents And Copyrights, Registration Of Particular Trade Marks, And Contests Arising Therefrom Are Arranged Alphabetically Under The Respective Number (File 694)",894C.54,694,1,Mistral OCR,yes,https://archive.org/details/japan-internal-affairs-894c.54-kwantung-leased-territory,894C.54-694.txt
894C.55-656,japan-internal-affairs-894c.55-kwantung-leased-territory,"894C.55 Kwantung Leased Territory, Immigration. Head Tax. (File 656)",894C.55,656,2,Mistral OCR,yes,https://archive.org/details/japan-internal-affairs-894c.55-kwantung-leased-territory,894C.55-656.txt
894C.55-790,japan-internal-affairs-894c.55-kwantung-leased-territory-2,"894C.55 Kwantung Leased Territory, Immigration. Head Tax., August 15, 1933 - September 18, 1933 (File 790)",894C.55,790,91,PaddleOCR,yes,https://archive.org/details/japan-internal-affairs-894c.55-kwantung-leased-territory-2,894C.55-790.txt
894C.607-657,japan-internal-affairs-894c.607-industrial-matters-kwantung-2,"894C.607 Industrial Matters., Kwantung Leased Territory, Expositions. Exhibitions. Included All Expositions Of Whatever Character. (File 657)",894C.607,657,1,Mistral OCR,yes,https://archive.org/details/japan-internal-affairs-894c.607-industrial-matters-kwantung-2,894C.607-657.txt
894C.607-875,japan-internal-affairs-894c.607-industrial-matters-kwantung-1,"894C.607 Industrial Matters., Kwantung Leased Territory, Expositions. Exhibitions. Included All Expositions Of Whatever Character., August 22, 1935 (File 875)",894C.607,875,6,Mistral OCR,yes,https://archive.org/details/japan-internal-affairs-894c.607-industrial-matters-kwantung-1,894C.607-875.txt
894C.62222-658,japan-internal-affairs-894c.62222-animal-husbandry-domestic-2,"894C.62222 Animal Husbandry., Domestic Animals. Ill-Treatment., Stock Raising., Kwantung Leased Territory, Sheep. Goats. Wool. (File 658)",894C.62222,658,1,Mistral OCR,yes,https://archive.org/details/japan-internal-affairs-894c.62222-animal-husbandry-domestic-2,894C.62222-658.txt
894C.62222-866,japan-internal-affairs-894c.62222-animal-husbandry-domestic-1,"894C.62222 Animal Husbandry., Domestic Animals. Ill-Treatment., Stock Raising., Kwantung Leased Territory, Sheep. Goats. Wool., November 6, 1934 - June 14, 1935 (File 866)",894C.62222,866,4,Mistral OCR,yes,https://archive.org/details/japan-internal-affairs-894c.62222-animal-husbandry-domestic-1,894C.62222-866.txt
894C.6363-576,japan-internal-affairs-894c.6363-mines-mining-concessions-2,"894C.6363 Mines. Mining. Concessions., Carbon. Graphite., Kwantung Leased Territory, Petroleum. (File 576)",894C.6363,576,2,Mistral OCR,yes,https://archive.org/details/japan-internal-affairs-894c.6363-mines-mining-concessions-2,894C.6363-576.txt
894C.6363-791,japan-internal-affairs-894c.6363-mines-mining-concessions-1,"894C.6363 Mines. Mining. Concessions., Carbon. Graphite., Kwantung Leased Territory, Petroleum., September 18, 1933 (File 791)",894C.6363,791,3,Mistral OCR,yes,https://archive.org/details/japan-internal-affairs-894c.6363-mines-mining-concessions-1,894C.6363-791.txt
894C.6363-862,japan-internal-affairs-894c.6363-mines-mining-concessions-3,"894C.6363 Mines. Mining. Concessions., Carbon. Graphite., Kwantung Leased Territory, Petroleum., October 18, 1934 - May 9, 1935 (File 862)",894C.6363,862,55,PaddleOCR,yes,https://archive.org/details/japan-internal-affairs-894c.6363-mines-mining-concessions-3,894C.6363-862.txt
894C.6363-1145,japan-internal-affairs-894c.6363-mines-mining-concessions-4,"894C.6363 Mines. Mining. Concessions., Carbon. Graphite., Kwantung Leased Territory, Petroleum., May 24, 1935 - October 31, 1939 (File 1145)",894C.6363,1145,61,PaddleOCR,yes,https://archive.org/details/japan-internal-affairs-894c.6363-mines-mining-concessions-4,894C.6363-1145.txt
894C.6511-709,japan-internal-affairs-894c.6511-manufactures-manufacturing-metals,"894C.6511 Manufactures. Manufacturing., Metals., Kwantung Leased Territory, Iron. Steel., July 11, 1930 - August 1, 1930 (File 709)",894C.6511,709,8,Mistral OCR,yes,https://archive.org/details/japan-internal-affairs-894c.6511-manufactures-manufacturing-metals,894C.6511-709.txt
894C.6583-601,japan-internal-affairs-894c.6583-manufactures-manufacturing-foods,"894C.6583 Manufactures. Manufacturing., Foods; Packing., Kwantung Leased Territory, Edible Fats, Not Dairy Products. (File 601)",894C.6583,601,1,Mistral OCR,yes,https://archive.org/details/japan-internal-affairs-894c.6583-manufactures-manufacturing-foods,894C.6583-601.txt
894C.6583-765,japan-internal-affairs-894c.6583-manufactures-manufacturing-foods-2,"894C.6583 Manufactures. Manufacturing., Foods; Packing., Kwantung Leased Territory, Edible Fats, Not Dairy Products., December 22, 1932 (File 765)",894C.6583,765,43,PaddleOCR,yes,https://archive.org/details/japan-internal-affairs-894c.6583-manufactures-manufacturing-foods-2,894C.6583-765.txt
894C.659-596,japan-internal-affairs-894c.659-manufactures-manufacturing-kwantung-2,"894C.659 Manufactures. Manufacturing., Kwantung Leased Territory, Other Manufactures. Chemicals. Dyes. Dyestuffs. Coloring Matters. Paints. Stains. Varnishes. Fertilizers. Gases. Fuel Oil. Wood Oil. Automobiles. (File 596)",894C.659,596,1,Mistral OCR,yes,https://archive.org/details/japan-internal-affairs-894c.659-manufactures-manufacturing-kwantung-2,894C.659-596.txt
894C.659-900,japan-internal-affairs-894c.659-manufactures-manufacturing-kwantung-1,"894C.659 Manufactures. Manufacturing., Kwantung Leased Territory, Other Manufactures. Chemicals. Dyes. Dyestuffs. Coloring Matters. Paints. Stains. Varnishes. Fertilizers. Gases. Fuel Oil. Wood Oil. Automobiles., November 26, 1932 - March 1 (File 900)",894C.659,900,21,Mistral OCR,yes,https://archive.org/details/japan-internal-affairs-894c.659-manufactures-manufacturing-kwantung-1,894C.659-900.txt
894C.71-597,japan-internal-affairs-894c.71-kwantung-leased-territory-2,"894C.71 Kwantung Leased Territory, Post. (File 597)",894C.71,597,1,Mistral OCR,yes,https://archive.org/details/japan-internal-affairs-894c.71-kwantung-leased-territory-2,894C.71-597.txt
894C.71-973,japan-internal-affairs-894c.71-kwantung-leased-territory-1,"894C.71 Kwantung Leased Territory, Post., November 1, 1937 (File 973)",894C.71,973,3,Mistral OCR,yes,https://archive.org/details/japan-internal-affairs-894c.71-kwantung-leased-territory-1,894C.71-973.txt
894C.74-594,japan-internal-affairs-894c.74-wireless-telegraph-divided-2,894C.74 Wireless Telegraph. Divided As 8**.73. (File 594),894C.74,594,1,Mistral OCR,yes,https://archive.org/details/japan-internal-affairs-894c.74-wireless-telegraph-divided-2,894C.74-594.txt
894C.74-905,japan-internal-affairs-894c.74-wireless-telegraph-divided-1,"894C.74 Wireless Telegraph. Divided As 8**.73., April 27, 1936 (File 905)",894C.74,905,3,Mistral OCR,yes,https://archive.org/details/japan-internal-affairs-894c.74-wireless-telegraph-divided-1,894C.74-905.txt
894C.75-595,japan-internal-affairs-894c.75-telephone-divided-as-2,894C.75 Telephone. Divided As 8**.73. (File 595),894C.75,595,2,Mistral OCR,yes,https://archive.org/details/japan-internal-affairs-894c.75-telephone-divided-as-2,894C.75-595.txt
894C.75-813,japan-internal-affairs-894c.75-telephone-divided-as-1,"894C.75 Telephone. Divided As 8**.73., May 26, 1930 - April 11, 1934 (File 813)",894C.75,813,12,Mistral OCR,yes,https://archive.org/details/japan-internal-affairs-894c.75-telephone-divided-as-1,894C.75-813.txt
894C.76-599,japan-internal-affairs-894c.76-wireless-telephone-broadcasting-2,894C.76 Wireless Telephone. Broadcasting. Divided As 8**.73. (File 599),894C.76,599,1,Mistral OCR,yes,https://archive.org/details/japan-internal-affairs-894c.76-wireless-telephone-broadcasting-2,894C.76-599.txt
894C.76-936,japan-internal-affairs-894c.76-wireless-telephone-broadcasting-1,"894C.76 Wireless Telephone. Broadcasting. Divided As 8**.73., October 1st, 1936 - October 22, 1936 (File 936)",894C.76,936,3,Mistral OCR,yes,https://archive.org/details/japan-internal-affairs-894c.76-wireless-telephone-broadcasting-1,894C.76-936.txt
894C.77-598,japan-internal-affairs-894c.77-kwantung-leased-territory,"894C.77 Kwantung Leased Territory, Railway. Concessions. Construction. Equipment. (File 598)",894C.77,598,4,Mistral OCR,yes,https://archive.org/details/japan-internal-affairs-894c.77-kwantung-leased-territory,894C.77-598.txt
894C.77-1138,japan-internal-affairs-894c.77-kwantung-leased-territory-2,"894C.77 Kwantung Leased Territory, Railway. Concessions. Construction. Equipment., June 24, 1931 - October 20, 1939 (File 1138)",894C.77,1138,379,PaddleOCR,yes,https://archive.org/details/japan-internal-affairs-894c.77-kwantung-leased-territory-2,894C.77-1138.txt
894C.796-591,japan-internal-affairs-894c.796-other-means-of-2,"894C.796 Other Means Of Communication And Transportation. Carrier Pigeons., Kwantung Leased Territory, Aerial Navigation. Immunities Of Government-Controlled. Subsidies. (File 591)",894C.796,591,1,Mistral OCR,yes,https://archive.org/details/japan-internal-affairs-894c.796-other-means-of-2,894C.796-591.txt
894C.796-716,japan-internal-affairs-894c.796-other-means-of-1,"894C.796 Other Means Of Communication And Transportation. Carrier Pigeons., Kwantung Leased Territory, Aerial Navigation. Immunities Of Government-Controlled. Subsidies., January 17, 1931 (File 716)",894C.796,716,7,Mistral OCR,yes,https://archive.org/details/japan-internal-affairs-894c.796-other-means-of-1,894C.796-716.txt
894C.7961-586,japan-internal-affairs-894c.7961-other-means-of-2,"894C.7961 Other Means Of Communication And Transportation. Carrier Pigeons., Aerial Navigation. Immunities Of Government-Controlled. Subsidies., Kwantung Leased Territory, Laws And Regulation. (File 586)",894C.7961,586,1,Mistral OCR,yes,https://archive.org/details/japan-internal-affairs-894c.7961-other-means-of-2,894C.7961-586.txt
894C.7961-730,japan-internal-affairs-894c.7961-other-means-of-1,"894C.7961 Other Means Of Communication And Transportation. Carrier Pigeons., Aerial Navigation. Immunities Of Government-Controlled. Subsidies., Kwantung Leased Territory, Laws And Regulation., January 12, 1931 - July 29, 1931 (File 730)",894C.7961,730,7,Mistral OCR,yes,https://archive.org/details/japan-internal-affairs-894c.7961-other-means-of-1,894C.7961-730.txt
894C.7962-587,japan-internal-affairs-894c.7962-other-means-of-1,"894C.7962 Other Means Of Communication And Transportation. Carrier Pigeons., Aerial Navigation. Immunities Of Government-Controlled. Subsidies., Stations. Landing Fields. Mooring Towns. Seadromes. Fueling. Fuel Stations. ** Country Of Regul (File 587)",894C.7962,587,1,Mistral OCR,yes,https://archive.org/details/japan-internal-affairs-894c.7962-other-means-of-1,894C.7962-587.txt
894C.7962-860,japan-internal-affairs-894c.7962-other-means-of-2,"894C.7962 Other Means Of Communication And Transportation. Carrier Pigeons., Aerial Navigation. Immunities Of Government-Controlled. Subsidies., Stations. Landing Fields. Mooring Towns. Seadromes. Fueling. Fuel Stations. ** Country Of Regul (File 860)",894C.7962,860,1,Mistral OCR,yes,https://archive.org/details/japan-internal-affairs-894c.7962-other-means-of-2,894C.7962-860.txt
894C.801-588,japan-internal-affairs-894c.801-navigation-statistics-kwantung-2,"894C.801 Navigation. Statistics., Kwantung Leased Territory, Laws And Regulations. Navigation Of Home Waters. Coastwise Trade. (File 588)",894C.801,588,1,Mistral OCR,yes,https://archive.org/details/japan-internal-affairs-894c.801-navigation-statistics-kwantung-2,894C.801-588.txt
894C.801-909,japan-internal-affairs-894c.801-navigation-statistics-kwantung-1,"894C.801 Navigation. Statistics., Kwantung Leased Territory, Laws And Regulations. Navigation Of Home Waters. Coastwise Trade., December 11, 1935 - May 13, 1936 (File 909)",894C.801,909,14,Mistral OCR,yes,https://archive.org/details/japan-internal-affairs-894c.801-navigation-statistics-kwantung-1,894C.801-909.txt
894C.821-589,japan-internal-affairs-894c.821-aids-to-navigation-2,"894C.821 Aids To Navigation., Kwantung Leased Territory, Signaling Devices. Signal Codes. Radio Beacons. (File 589)",894C.821,589,1,Mistral OCR,yes,https://archive.org/details/japan-internal-affairs-894c.821-aids-to-navigation-2,894C.821-589.txt
894C.821-859,japan-internal-affairs-894c.821-aids-to-navigation-1,"894C.821 Aids To Navigation., Kwantung Leased Territory, Signaling Devices. Signal Codes. Radio Beacons., April 23, 1935 (File 859)",894C.821,859,2,Mistral OCR,yes,https://archive.org/details/japan-internal-affairs-894c.821-aids-to-navigation-1,894C.821-859.txt
895.5017-1709,japan-internal-affairs-895.5017-economic-matters-statistics,"895.5017 Economic Matters., Statistics, General., Chosen, Cost Of Living., April 1, 1949 (File 1709)",895.5017,1709,3,Mistral OCR,yes,https://archive.org/details/japan-internal-affairs-895.5017-economic-matters-statistics,895.5017-1709.txt
896.911-1700,japan-internal-affairs-896.911-public-press-philippines,"896.911 Public Press., Philippines, Newspapers., February 23, 1949 (File 1700)",896.911,1700,1,Mistral OCR,yes,https://archive.org/details/japan-internal-affairs-896.911-public-press-philippines,896.911-1700.txt
